created_at,flight_number,aircraft_type,departure_airport,arrival_airport,flight_date,departure_time,arrival_time,classes,price
2025-07-12T15:30:04.297Z,VN270,Airbus A321,SGN,HAN,2025-07-12T00:00:00.000Z,23:45,01:50,Economy Lite (Q),2638000
2025-07-12T15:30:11.130Z,VN270,Airbus A321,SGN,HAN,2025-07-12T00:00:00.000Z,23:45,01:50,Economy Classic (L),2638000
2025-07-12T15:30:18.361Z,VN270,Airbus A321,SGN,HAN,2025-07-12T00:00:00.000Z,23:45,01:50,Economy Classic (K),2638000
2025-07-12T15:30:25.476Z,VN270,Airbus A321,SGN,HAN,2025-07-12T00:00:00.000Z,23:45,01:50,Economy Classic (H),2638000
2025-07-12T15:30:32.951Z,VN270,Airbus A321,SGN,HAN,2025-07-12T00:00:00.000Z,23:45,01:50,Economy Classic (S),2638000
2025-07-12T15:30:39.907Z,VN270,Airbus A321,SGN,HAN,2025-07-12T00:00:00.000Z,23:45,01:50,Economy Flex (M),2638000
2025-07-12T15:30:45.787Z,VN270,Airbus A321,SGN,HAN,2025-07-12T00:00:00.000Z,23:45,01:50,Economy Flex (B),2638000
2025-07-12T15:30:52.406Z,VN270,Airbus A321,SGN,HAN,2025-07-12T00:00:00.000Z,23:45,01:50,Premium Economy Classic (U),2638000
2025-07-12T15:30:59.287Z,VN270,Airbus A321,SGN,HAN,2025-07-12T00:00:00.000Z,23:45,01:50,Premium Economy Classic (Z),2638000
2025-07-12T15:31:05.998Z,VN270,Airbus A321,SGN,HAN,2025-07-12T00:00:00.000Z,23:45,01:50,Premium Economy Flex (W),2638000
2025-07-12T15:31:13.400Z,VN270,Airbus A321,SGN,HAN,2025-07-12T00:00:00.000Z,23:45,01:50,Business Classic (I),2638000
2025-07-12T15:31:19.368Z,VN270,Airbus A321,SGN,HAN,2025-07-12T00:00:00.000Z,23:45,01:50,Business Classic (D),2638000
2025-07-12T15:31:26.444Z,VN270,Airbus A321,SGN,HAN,2025-07-12T00:00:00.000Z,23:45,01:50,Business Flex (C),2638000
2025-07-12T15:31:33.296Z,VN270,Airbus A321,SGN,HAN,2025-07-12T00:00:00.000Z,23:45,01:50,Business Flex (J),2638000
2025-07-12T15:36:56.760Z,QH202,Airbus A321,SGN,HAN,2025-07-13T00:00:00.000Z,05:25,07:35,EconomySmart (M),2178000
2025-07-12T15:37:03.767Z,QH204,Boeing 737 All Series Passenger,SGN,HAN,2025-07-13T00:00:00.000Z,07:10,09:20,EconomySmart (M),2178000
2025-07-12T15:37:09.754Z,QH284,Airbus A321,SGN,HAN,2025-07-13T00:00:00.000Z,21:30,23:40,EconomySmart (M),2178000
2025-07-12T15:37:16.606Z,VU750,AIRBUS A321,SGN,HAN,2025-07-13T00:00:00.000Z,05:45,07:55,ECONOMY (O),2178000
2025-07-12T15:37:22.634Z,VJ120,Airbus A321,SGN,HAN,2025-07-13T00:00:00.000Z,07:30,09:40,Eco (B1_ECO),2178000
2025-07-12T15:37:29.702Z,VJ1130,Airbus A321,SGN,HAN,2025-07-13T00:00:00.000Z,12:45,14:55,Eco (B1_ECO),2178000
2025-07-12T15:37:36.264Z,QH224,Airbus A320-100/200,SGN,HAN,2025-07-13T00:00:00.000Z,10:40,12:50,EconomySmart (L),2178000
2025-07-12T15:37:43.499Z,QH228,Airbus A321,SGN,HAN,2025-07-13T00:00:00.000Z,11:00,13:10,EconomySmart (L),2178000
2025-07-12T15:37:50.357Z,QH272,Airbus A321,SGN,HAN,2025-07-13T00:00:00.000Z,20:05,22:15,EconomySmart (L),2178000
2025-07-12T15:37:57.122Z,VJ1126,Airbus A321,SGN,HAN,2025-07-13T00:00:00.000Z,08:25,10:35,Eco (H1_ECO),2178000
2025-07-12T15:38:03.989Z,VJ1140,Airbus A330,SGN,HAN,2025-07-13T00:00:00.000Z,11:25,13:35,Eco (H1_ECO),2178000
2025-07-12T15:38:11.893Z,VJ178,Airbus A330,SGN,HAN,2025-07-13T00:00:00.000Z,11:50,14:00,Eco (H1_ECO),2178000
2025-07-12T15:38:18.533Z,VJ198,Airbus A330,SGN,HAN,2025-07-13T00:00:00.000Z,12:10,14:20,Eco (H1_ECO),2178000
2025-07-12T15:38:25.460Z,VJ1138,Airbus A321,SGN,HAN,2025-07-13T00:00:00.000Z,12:25,14:35,Eco (H1_ECO),2178000
2025-07-12T15:38:32.406Z,QH268,Boeing 737 All Series Passenger,SGN,HAN,2025-07-13T00:00:00.000Z,19:15,21:25,EconomySmart (K),2178000
2025-07-12T15:38:38.710Z,VJ1148,Airbus A320-100/200,SGN,HAN,2025-07-13T00:00:00.000Z,14:05,16:10,Eco (K1_ECO),2178000
2025-07-12T15:38:46.019Z,VJ146,Airbus A321,SGN,HAN,2025-07-13T00:00:00.000Z,15:40,17:45,Eco (K1_ECO),2178000
2025-07-12T15:38:52.958Z,VJ1152,Airbus A321,SGN,HAN,2025-07-13T00:00:00.000Z,17:20,19:30,Eco (K1_ECO),2178000
2025-07-12T15:39:00.238Z,VJ1162,Airbus A321,SGN,HAN,2025-07-13T00:00:00.000Z,17:35,19:45,Eco (K1_ECO),2178000
2025-07-12T15:39:06.981Z,VJ176,Airbus A330,SGN,HAN,2025-07-13T00:00:00.000Z,20:00,22:10,Eco (K1_ECO),2178000
2025-07-12T15:39:14.334Z,QH242,Boeing 737 All Series Passenger,SGN,HAN,2025-07-13T00:00:00.000Z,13:10,15:20,EconomySmart (H),2178000
2025-07-12T15:39:21.371Z,VN6002,Airbus A321,SGN,HAN,2025-07-13T00:00:00.000Z,04:55,07:05,Economy Classic (L),2178000
2025-07-12T15:39:28.847Z,VJ120,Airbus A321,SGN,HAN,2025-07-13T00:00:00.000Z,07:30,09:40,Deluxe (B1_DLX),2178000
2025-07-12T15:39:36.193Z,VJ1130,Airbus A321,SGN,HAN,2025-07-13T00:00:00.000Z,12:45,14:55,Deluxe (B1_DLX),2178000
2025-07-12T15:39:43.003Z,VN6002,Airbus A321,SGN,HAN,2025-07-13T00:00:00.000Z,04:55,07:05,Economy Classic (K),2178000
2025-07-12T15:39:50.344Z,VN206,Airbus 350,SGN,HAN,2025-07-13T00:00:00.000Z,06:00,08:05,Economy Classic (K),2178000
2025-07-12T15:39:57.968Z,VN7242,Boeing 787,SGN,HAN,2025-07-13T00:00:00.000Z,06:05,08:10,Economy Classic (K),2178000
2025-07-12T15:40:04.433Z,VN6014,Airbus A321,SGN,HAN,2025-07-13T00:00:00.000Z,07:00,09:10,Economy Classic (K),2178000
2025-07-12T15:40:11.452Z,QH202,Airbus A321,SGN,HAN,2025-07-13T00:00:00.000Z,05:25,07:35,EconomyFlex (B),2178000
2025-07-12T15:40:17.794Z,QH204,Boeing 737 All Series Passenger,SGN,HAN,2025-07-13T00:00:00.000Z,07:10,09:20,EconomyFlex (B),2178000
2025-07-12T15:40:24.485Z,QH224,Airbus A320-100/200,SGN,HAN,2025-07-13T00:00:00.000Z,10:40,12:50,EconomyFlex (B),2178000
2025-07-12T15:40:31.090Z,QH228,Airbus A321,SGN,HAN,2025-07-13T00:00:00.000Z,11:00,13:10,EconomyFlex (B),2178000
2025-07-12T15:40:38.280Z,QH242,Boeing 737 All Series Passenger,SGN,HAN,2025-07-13T00:00:00.000Z,13:10,15:20,EconomyFlex (B),2178000
2025-07-12T15:40:46.392Z,QH268,Boeing 737 All Series Passenger,SGN,HAN,2025-07-13T00:00:00.000Z,19:15,21:25,EconomyFlex (B),2178000
2025-07-12T15:40:53.852Z,QH272,Airbus A321,SGN,HAN,2025-07-13T00:00:00.000Z,20:05,22:15,EconomyFlex (B),2178000
2025-07-12T15:41:00.597Z,QH284,Airbus A321,SGN,HAN,2025-07-13T00:00:00.000Z,21:30,23:40,EconomyFlex (B),2178000
2025-07-12T15:41:07.497Z,VJ1126,Airbus A321,SGN,HAN,2025-07-13T00:00:00.000Z,08:25,10:35,Deluxe (H1_DLX),2178000
2025-07-12T15:41:14.496Z,VJ1140,Airbus A330,SGN,HAN,2025-07-13T00:00:00.000Z,11:25,13:35,Deluxe (H1_DLX),2178000
2025-07-12T15:41:21.802Z,VJ178,Airbus A330,SGN,HAN,2025-07-13T00:00:00.000Z,11:50,14:00,Deluxe (H1_DLX),2178000
2025-07-12T15:41:28.950Z,VJ198,Airbus A330,SGN,HAN,2025-07-13T00:00:00.000Z,12:10,14:20,Deluxe (H1_DLX),2178000
2025-07-12T15:41:36.344Z,VJ1138,Airbus A321,SGN,HAN,2025-07-13T00:00:00.000Z,12:25,14:35,Deluxe (H1_DLX),2178000
2025-07-12T15:41:42.679Z,VN6002,Airbus A321,SGN,HAN,2025-07-13T00:00:00.000Z,04:55,07:05,Economy Classic (H),2178000
2025-07-12T15:41:49.368Z,VN206,Airbus 350,SGN,HAN,2025-07-13T00:00:00.000Z,06:00,08:05,Economy Classic (H),2178000
2025-07-12T15:41:56.018Z,VN7242,Boeing 787,SGN,HAN,2025-07-13T00:00:00.000Z,06:05,08:10,Economy Classic (H),2178000
2025-07-12T15:42:02.356Z,VN240,Boeing 787,SGN,HAN,2025-07-13T00:00:00.000Z,07:00,09:05,Economy Classic (H),2178000
2025-07-12T15:42:09.184Z,VN6014,Airbus A321,SGN,HAN,2025-07-13T00:00:00.000Z,07:00,09:10,Economy Classic (H),2178000
2025-07-12T15:42:16.037Z,VN262,Boeing 787,SGN,HAN,2025-07-13T00:00:00.000Z,19:35,21:40,Economy Classic (H),2178000
2025-07-12T15:42:23.541Z,VN220,Boeing 787,SGN,HAN,2025-07-13T00:00:00.000Z,20:00,22:05,Economy Classic (H),2178000
2025-07-12T15:42:30.321Z,VN256,Boeing 787,SGN,HAN,2025-07-13T00:00:00.000Z,20:30,22:35,Economy Classic (H),2178000
2025-07-12T15:42:36.699Z,VN7234,Boeing 787,SGN,HAN,2025-07-13T00:00:00.000Z,21:30,23:35,Economy Classic (H),2178000
2025-07-12T15:42:43.553Z,VJ1128,Airbus A321,SGN,HAN,2025-07-13T00:00:00.000Z,06:00,08:10,Deluxe (K1_DLX),2178000
2025-07-12T15:42:53.292Z,VJ1148,Airbus A320-100/200,SGN,HAN,2025-07-13T00:00:00.000Z,14:05,16:10,Deluxe (K1_DLX),2178000
2025-07-12T15:43:00.135Z,VJ146,Airbus A321,SGN,HAN,2025-07-13T00:00:00.000Z,15:40,17:45,Deluxe (K1_DLX),2178000
2025-07-12T15:43:07.155Z,VJ1152,Airbus A321,SGN,HAN,2025-07-13T00:00:00.000Z,17:20,19:30,Deluxe (K1_DLX),2178000
2025-07-12T15:43:13.070Z,VJ1162,Airbus A321,SGN,HAN,2025-07-13T00:00:00.000Z,17:35,19:45,Deluxe (K1_DLX),2178000
2025-07-12T15:43:20.645Z,VJ176,Airbus A330,SGN,HAN,2025-07-13T00:00:00.000Z,20:00,22:10,Deluxe (K1_DLX),2178000
2025-07-12T15:43:27.652Z,VN6002,Airbus A321,SGN,HAN,2025-07-13T00:00:00.000Z,04:55,07:05,Economy Flex (S),2178000
2025-07-12T15:43:34.134Z,VN206,Airbus 350,SGN,HAN,2025-07-13T00:00:00.000Z,06:00,08:05,Economy Classic (S),2178000
2025-07-12T15:43:42.054Z,VN7242,Boeing 787,SGN,HAN,2025-07-13T00:00:00.000Z,06:05,08:10,Economy Classic (S),2178000
2025-07-12T15:43:48.967Z,VN240,Boeing 787,SGN,HAN,2025-07-13T00:00:00.000Z,07:00,09:05,Economy Classic (S),2178000
2025-07-12T15:43:56.598Z,VN6014,Airbus A321,SGN,HAN,2025-07-13T00:00:00.000Z,07:00,09:10,Economy Flex (S),2178000
2025-07-12T15:44:03.397Z,VN7232,Boeing 787,SGN,HAN,2025-07-13T00:00:00.000Z,17:20,19:25,Economy Classic (S),2178000
2025-07-12T15:44:10.224Z,VN258,Boeing 787,SGN,HAN,2025-07-13T00:00:00.000Z,19:00,21:05,Economy Classic (S),2178000
2025-07-12T15:44:17.043Z,VN262,Boeing 787,SGN,HAN,2025-07-13T00:00:00.000Z,19:35,21:40,Economy Classic (S),2178000
2025-07-12T15:44:24.236Z,VN220,Boeing 787,SGN,HAN,2025-07-13T00:00:00.000Z,20:00,22:05,Economy Classic (S),2178000
2025-07-12T15:44:30.803Z,VN256,Boeing 787,SGN,HAN,2025-07-13T00:00:00.000Z,20:30,22:35,Economy Classic (S),2178000
2025-07-12T15:44:39.053Z,VN260,Boeing 787,SGN,HAN,2025-07-13T00:00:00.000Z,21:00,23:05,Economy Classic (S),2178000
2025-07-12T15:44:46.456Z,VN7234,Boeing 787,SGN,HAN,2025-07-13T00:00:00.000Z,21:30,23:35,Economy Classic (S),2178000
2025-07-12T15:44:52.616Z,VN7220,Airbus A321,SGN,HAN,2025-07-13T00:00:00.000Z,22:10,00:20,Economy Classic (S),2178000
2025-07-12T15:45:00.111Z,VN270,Airbus A321,SGN,HAN,2025-07-13T00:00:00.000Z,23:55,02:00,Economy Classic (S),2178000
2025-07-12T15:45:06.906Z,VN6002,Airbus A321,SGN,HAN,2025-07-13T00:00:00.000Z,04:55,07:05,Economy Flex (M),2178000
2025-07-12T15:45:13.904Z,VN206,Airbus 350,SGN,HAN,2025-07-13T00:00:00.000Z,06:00,08:05,Economy Flex (M),2178000
2025-07-12T15:45:20.798Z,VN7242,Boeing 787,SGN,HAN,2025-07-13T00:00:00.000Z,06:05,08:10,Economy Flex (M),2178000
2025-07-12T15:45:28.254Z,VN240,Boeing 787,SGN,HAN,2025-07-13T00:00:00.000Z,07:00,09:05,Economy Flex (M),2178000
2025-07-12T15:45:34.955Z,VN6014,Airbus A321,SGN,HAN,2025-07-13T00:00:00.000Z,07:00,09:10,Economy Flex (M),2178000
2025-07-12T15:45:41.625Z,VN210,Boeing 787,SGN,HAN,2025-07-13T00:00:00.000Z,11:10,13:15,Economy Flex (M),2178000
2025-07-12T15:45:48.937Z,VN230,Airbus A321,SGN,HAN,2025-07-13T00:00:00.000Z,12:05,14:10,Economy Flex (M),2178000
2025-07-12T15:45:55.678Z,VN254,Boeing 787,SGN,HAN,2025-07-13T00:00:00.000Z,17:00,19:10,Economy Flex (M),2178000
2025-07-12T15:46:03.021Z,VN252,Airbus A350-900,SGN,HAN,2025-07-13T00:00:00.000Z,17:05,19:10,Economy Flex (M),2178000
2025-07-12T15:46:10.283Z,VN7232,Boeing 787,SGN,HAN,2025-07-13T00:00:00.000Z,17:20,19:25,Economy Flex (M),2178000
2025-07-12T15:46:17.363Z,VN218,Airbus A350-900,SGN,HAN,2025-07-13T00:00:00.000Z,18:00,20:05,Economy Flex (M),2178000
2025-07-12T15:46:24.576Z,VN258,Boeing 787,SGN,HAN,2025-07-13T00:00:00.000Z,19:00,21:05,Economy Flex (M),2178000
2025-07-12T15:46:32.085Z,VN262,Boeing 787,SGN,HAN,2025-07-13T00:00:00.000Z,19:35,21:40,Economy Flex (M),2178000
2025-07-12T15:46:38.384Z,VN220,Boeing 787,SGN,HAN,2025-07-13T00:00:00.000Z,20:00,22:05,Economy Flex (M),2178000
2025-07-12T15:46:45.645Z,VN256,Boeing 787,SGN,HAN,2025-07-13T00:00:00.000Z,20:30,22:35,Economy Flex (M),2178000
2025-07-12T15:46:53.247Z,VN260,Boeing 787,SGN,HAN,2025-07-13T00:00:00.000Z,21:00,23:05,Economy Flex (M),2178000
2025-07-12T15:46:59.326Z,VN7234,Boeing 787,SGN,HAN,2025-07-13T00:00:00.000Z,21:30,23:35,Economy Flex (M),2178000
2025-07-12T15:47:06.398Z,VN7220,Airbus A321,SGN,HAN,2025-07-13T00:00:00.000Z,22:10,00:20,Economy Flex (M),2178000
2025-07-12T15:47:13.591Z,VN270,Airbus A321,SGN,HAN,2025-07-13T00:00:00.000Z,23:55,02:00,Economy Flex (M),2178000
2025-07-12T15:47:20.795Z,VJ1198,Airbus A320-100/200,SGN,HAN,2025-07-13T00:00:00.000Z,05:00,07:10,Eco (T1_ECO),2178000
2025-07-12T15:47:27.006Z,VJ124,321H,SGN,HAN,2025-07-13T00:00:00.000Z,09:20,11:30,Eco (T1_ECO),2178000
2025-07-12T15:47:34.095Z,VJ140,Airbus A321,SGN,HAN,2025-07-13T00:00:00.000Z,13:10,15:20,Eco (T1_ECO),2178000
2025-07-12T15:47:40.737Z,VJ1156,321H,SGN,HAN,2025-07-13T00:00:00.000Z,18:45,20:55,Eco (T1_ECO),2178000
2025-07-12T15:47:46.701Z,VJ1174,Airbus A321,SGN,HAN,2025-07-13T00:00:00.000Z,20:30,22:40,Eco (T1_ECO),2178000
2025-07-12T15:47:53.877Z,VJ1158,Airbus A321,SGN,HAN,2025-07-13T00:00:00.000Z,20:50,23:00,Eco (T1_ECO),2178000
2025-07-12T15:48:01.146Z,VJ174,Airbus A321,SGN,HAN,2025-07-13T00:00:00.000Z,21:00,23:10,Eco (T1_ECO),2178000
2025-07-12T15:48:08.750Z,VJ172,Airbus A320-100/200,SGN,HAN,2025-07-13T00:00:00.000Z,22:10,00:20,Eco (T1_ECO),2178000
2025-07-12T15:48:17.084Z,VJ1170,Airbus A321,SGN,HAN,2025-07-13T00:00:00.000Z,23:50,02:00,Eco (T1_ECO),2178000
2025-07-12T15:48:23.876Z,VN6002,Airbus A321,SGN,HAN,2025-07-13T00:00:00.000Z,04:55,07:05,Economy Flex (B),2178000
2025-07-12T15:48:30.445Z,VN206,Airbus 350,SGN,HAN,2025-07-13T00:00:00.000Z,06:00,08:05,Economy Flex (B),2178000
2025-07-12T15:48:37.177Z,VN7242,Boeing 787,SGN,HAN,2025-07-13T00:00:00.000Z,06:05,08:10,Economy Flex (B),2178000
2025-07-12T15:48:44.476Z,VN240,Boeing 787,SGN,HAN,2025-07-13T00:00:00.000Z,07:00,09:05,Economy Flex (B),2178000
2025-07-12T15:48:51.945Z,VN6014,Airbus A321,SGN,HAN,2025-07-13T00:00:00.000Z,07:00,09:10,Economy Flex (B),2178000
2025-07-12T15:48:58.835Z,VN208,Boeing 787,SGN,HAN,2025-07-13T00:00:00.000Z,08:00,10:05,Economy Flex (B),2178000
2025-07-12T15:49:05.626Z,VN210,Boeing 787,SGN,HAN,2025-07-13T00:00:00.000Z,11:10,13:15,Economy Flex (B),2178000
2025-07-12T15:49:12.300Z,VN212,Boeing 787,SGN,HAN,2025-07-13T00:00:00.000Z,12:00,14:05,Economy Flex (B),2178000
2025-07-12T15:49:19.561Z,VN230,Airbus A321,SGN,HAN,2025-07-13T00:00:00.000Z,12:05,14:10,Economy Flex (B),2178000
2025-07-12T15:49:26.493Z,VN214,Boeing 787,SGN,HAN,2025-07-13T00:00:00.000Z,14:00,16:05,Economy Flex (B),2178000
2025-07-12T15:49:33.868Z,VN248,Boeing 787,SGN,HAN,2025-07-13T00:00:00.000Z,14:00,16:05,Economy Flex (B),2178000
2025-07-12T15:49:41.329Z,VN7244,Airbus A321,SGN,HAN,2025-07-13T00:00:00.000Z,14:15,16:25,Economy Flex (B),2178000
2025-07-12T15:49:47.873Z,VN254,Boeing 787,SGN,HAN,2025-07-13T00:00:00.000Z,17:00,19:10,Economy Flex (B),2178000
2025-07-12T15:49:54.415Z,VN252,Airbus A350-900,SGN,HAN,2025-07-13T00:00:00.000Z,17:05,19:10,Economy Flex (B),2178000
2025-07-12T15:50:01.409Z,VN7232,Boeing 787,SGN,HAN,2025-07-13T00:00:00.000Z,17:20,19:25,Economy Flex (B),2178000
2025-07-12T15:50:08.959Z,VN7232,Boeing 787,SGN,HAN,2025-07-13T00:00:00.000Z,17:20,19:25,Economy Flex (B),2178000
2025-07-12T15:50:15.499Z,VN7232,Boeing 787,SGN,HAN,2025-07-13T00:00:00.000Z,17:20,19:25,Economy Flex (B),2178000
2025-07-12T15:50:23.542Z,VN262,Boeing 787,SGN,HAN,2025-07-13T00:00:00.000Z,19:35,21:40,Economy Flex (B),2178000
2025-07-12T15:50:30.325Z,VN220,Boeing 787,SGN,HAN,2025-07-13T00:00:00.000Z,20:00,22:05,Economy Flex (B),2178000
2025-07-12T15:50:37.940Z,VN256,Boeing 787,SGN,HAN,2025-07-13T00:00:00.000Z,20:30,22:35,Economy Flex (B),2178000
2025-07-12T15:50:44.875Z,VN260,Boeing 787,SGN,HAN,2025-07-13T00:00:00.000Z,21:00,23:05,Economy Flex (B),2178000
2025-07-12T15:50:51.652Z,VN260,Boeing 787,SGN,HAN,2025-07-13T00:00:00.000Z,21:00,23:05,Economy Flex (B),2178000
2025-07-12T15:50:58.818Z,VN7220,Airbus A321,SGN,HAN,2025-07-13T00:00:00.000Z,22:10,00:20,Economy Flex (B),2178000
2025-07-12T15:51:05.727Z,VN270,Airbus A321,SGN,HAN,2025-07-13T00:00:00.000Z,23:55,02:00,Economy Flex (B),2178000
2025-07-12T15:51:12.111Z,VN6002,Airbus A321,SGN,HAN,2025-07-13T00:00:00.000Z,04:55,07:05,(I),2178000
2025-07-12T15:51:18.834Z,VN206,Airbus 350,SGN,HAN,2025-07-13T00:00:00.000Z,06:00,08:05,Premium Economy Classic (U),2178000
2025-07-12T15:51:25.698Z,VN7242,Boeing 787,SGN,HAN,2025-07-13T00:00:00.000Z,06:05,08:10,Premium Economy Classic (U),2178000
2025-07-12T15:51:32.983Z,VN240,Boeing 787,SGN,HAN,2025-07-13T00:00:00.000Z,07:00,09:05,Premium Economy Classic (U),2178000
2025-07-12T15:51:40.695Z,VN208,Boeing 787,SGN,HAN,2025-07-13T00:00:00.000Z,08:00,10:05,Premium Economy Classic (U),2178000
2025-07-12T15:51:48.564Z,VN244,Boeing 787,SGN,HAN,2025-07-13T00:00:00.000Z,09:00,11:05,Premium Economy Classic (U),2178000
2025-07-12T15:51:55.963Z,VN246,Boeing 787,SGN,HAN,2025-07-13T00:00:00.000Z,10:00,12:05,Premium Economy Classic (U),2178000
2025-07-12T15:52:02.919Z,VN210,Boeing 787,SGN,HAN,2025-07-13T00:00:00.000Z,11:10,13:15,Premium Economy Classic (U),2178000
2025-07-12T15:52:09.133Z,VN212,Boeing 787,SGN,HAN,2025-07-13T00:00:00.000Z,12:00,14:05,Premium Economy Classic (U),2178000
2025-07-12T15:52:16.166Z,VN230,Airbus A321,SGN,HAN,2025-07-13T00:00:00.000Z,12:05,14:10,Premium Economy Classic (U),2178000
2025-07-12T15:52:22.795Z,VN214,Boeing 787,SGN,HAN,2025-07-13T00:00:00.000Z,14:00,16:05,Premium Economy Classic (U),2178000
2025-07-12T15:52:30.195Z,VN248,Boeing 787,SGN,HAN,2025-07-13T00:00:00.000Z,14:00,16:05,Premium Economy Classic (U),2178000
2025-07-12T15:52:37.678Z,VN7244,Airbus A321,SGN,HAN,2025-07-13T00:00:00.000Z,14:15,16:25,Premium Economy Classic (U),2178000
2025-07-12T15:52:44.378Z,VN7252,Airbus 350,SGN,HAN,2025-07-13T00:00:00.000Z,14:30,16:35,Premium Economy Classic (U),2178000
2025-07-12T15:52:51.623Z,VN216,Boeing 787,SGN,HAN,2025-07-13T00:00:00.000Z,16:00,18:05,Premium Economy Classic (U),2178000
2025-07-12T15:52:58.795Z,VN254,Boeing 787,SGN,HAN,2025-07-13T00:00:00.000Z,17:00,19:10,Premium Economy Classic (U),2178000
2025-07-12T15:56:20.856Z,VN7232,Boeing 787,SGN,HAN,2025-07-13T00:00:00.000Z,17:20,19:25,Premium Economy Classic (U),2178000
2025-07-12T15:57:18.767Z,VN218,Airbus A350-900,SGN,HAN,2025-07-13T00:00:00.000Z,18:00,20:05,Premium Economy Classic (U),2178000
2025-07-12T15:57:25.647Z,VN258,Boeing 787,SGN,HAN,2025-07-13T00:00:00.000Z,19:00,21:05,Premium Economy Classic (U),2178000
2025-07-12T15:57:32.265Z,VN262,Boeing 787,SGN,HAN,2025-07-13T00:00:00.000Z,19:35,21:40,Premium Economy Classic (U),2178000
2025-07-12T15:57:38.828Z,VN220,Boeing 787,SGN,HAN,2025-07-13T00:00:00.000Z,20:00,22:05,Premium Economy Classic (U),2178000
2025-07-12T15:57:46.036Z,VN256,Boeing 787,SGN,HAN,2025-07-13T00:00:00.000Z,20:30,22:35,Premium Economy Classic (U),2178000
2025-07-12T15:57:52.985Z,VN260,Boeing 787,SGN,HAN,2025-07-13T00:00:00.000Z,21:00,23:05,Premium Economy Classic (U),2178000
2025-07-12T15:57:59.185Z,VN7234,Boeing 787,SGN,HAN,2025-07-13T00:00:00.000Z,21:30,23:35,Premium Economy Classic (U),2178000
2025-07-12T15:58:05.185Z,VN7220,Airbus A321,SGN,HAN,2025-07-13T00:00:00.000Z,22:10,00:20,Premium Economy Classic (U),2178000
2025-07-12T15:58:11.799Z,VN270,Airbus A321,SGN,HAN,2025-07-13T00:00:00.000Z,23:55,02:00,Premium Economy Classic (U),2178000
2025-07-12T15:58:19.029Z,VU750,AIRBUS A321,SGN,HAN,2025-07-13T00:00:00.000Z,05:45,07:55,ECONOMY (J),2178000
2025-07-12T15:58:25.555Z,VJ1198,Airbus A320-100/200,SGN,HAN,2025-07-13T00:00:00.000Z,05:00,07:10,Deluxe (T1_DLX),2178000
2025-07-12T15:58:32.343Z,VJ124,321H,SGN,HAN,2025-07-13T00:00:00.000Z,09:20,11:30,Deluxe (T1_DLX),2178000
2025-07-12T15:58:38.794Z,VJ140,Airbus A321,SGN,HAN,2025-07-13T00:00:00.000Z,13:10,15:20,Deluxe (T1_DLX),2178000
2025-07-12T15:58:46.256Z,VJ1156,321H,SGN,HAN,2025-07-13T00:00:00.000Z,18:45,20:55,Deluxe (T1_DLX),2178000
2025-07-12T15:58:52.129Z,VJ1174,Airbus A321,SGN,HAN,2025-07-13T00:00:00.000Z,20:30,22:40,Deluxe (T1_DLX),2178000
2025-07-12T15:58:58.795Z,VJ1158,Airbus A321,SGN,HAN,2025-07-13T00:00:00.000Z,20:50,23:00,Deluxe (T1_DLX),2178000
2025-07-12T15:59:05.322Z,VJ174,Airbus A321,SGN,HAN,2025-07-13T00:00:00.000Z,21:00,23:10,Deluxe (T1_DLX),2178000
2025-07-12T15:59:12.354Z,VJ172,Airbus A320-100/200,SGN,HAN,2025-07-13T00:00:00.000Z,22:10,00:20,Deluxe (T1_DLX),2178000
2025-07-12T15:59:20.186Z,VJ1170,Airbus A321,SGN,HAN,2025-07-13T00:00:00.000Z,23:50,02:00,Deluxe (T1_DLX),2178000
2025-07-12T15:59:27.603Z,VN6002,Airbus A321,SGN,HAN,2025-07-13T00:00:00.000Z,04:55,07:05,(Z),2178000
2025-07-12T15:59:35.024Z,VN206,Airbus 350,SGN,HAN,2025-07-13T00:00:00.000Z,06:00,08:05,Premium Economy Classic (Z),2178000
2025-07-12T15:59:41.834Z,VN7242,Boeing 787,SGN,HAN,2025-07-13T00:00:00.000Z,06:05,08:10,Premium Economy Classic (Z),2178000
2025-07-12T15:59:49.859Z,VN240,Boeing 787,SGN,HAN,2025-07-13T00:00:00.000Z,07:00,09:05,Premium Economy Classic (Z),2178000
2025-07-12T15:59:57.197Z,VN6014,Airbus A321,SGN,HAN,2025-07-13T00:00:00.000Z,07:00,09:10,(Z),2178000
2025-07-12T16:00:03.924Z,VN208,Boeing 787,SGN,HAN,2025-07-13T00:00:00.000Z,08:00,10:05,Premium Economy Classic (Z),2178000
2025-07-12T16:00:11.447Z,VN244,Boeing 787,SGN,HAN,2025-07-13T00:00:00.000Z,09:00,11:05,Premium Economy Classic (Z),2178000
2025-07-12T16:00:18.842Z,VN246,Boeing 787,SGN,HAN,2025-07-13T00:00:00.000Z,10:00,12:05,Premium Economy Classic (Z),2178000
2025-07-12T16:00:24.987Z,VN210,Boeing 787,SGN,HAN,2025-07-13T00:00:00.000Z,11:10,13:15,Premium Economy Classic (Z),2178000
2025-07-12T16:00:32.066Z,VN212,Boeing 787,SGN,HAN,2025-07-13T00:00:00.000Z,12:00,14:05,Premium Economy Classic (Z),2178000
2025-07-12T16:00:38.654Z,VN230,Airbus A321,SGN,HAN,2025-07-13T00:00:00.000Z,12:05,14:10,Premium Economy Classic (Z),2178000
2025-07-12T16:00:45.393Z,VN214,Boeing 787,SGN,HAN,2025-07-13T00:00:00.000Z,14:00,16:05,Premium Economy Classic (Z),2178000
2025-07-12T16:00:52.826Z,VN248,Boeing 787,SGN,HAN,2025-07-13T00:00:00.000Z,14:00,16:05,Premium Economy Classic (Z),2178000
2025-07-12T16:00:59.636Z,VN7244,Airbus A321,SGN,HAN,2025-07-13T00:00:00.000Z,14:15,16:25,Premium Economy Classic (Z),2178000
2025-07-12T16:01:05.380Z,VN7252,Airbus 350,SGN,HAN,2025-07-13T00:00:00.000Z,14:30,16:35,Premium Economy Classic (Z),2178000
2025-07-12T16:01:12.580Z,VN216,Boeing 787,SGN,HAN,2025-07-13T00:00:00.000Z,16:00,18:05,Premium Economy Classic (Z),2178000
2025-07-12T16:01:18.508Z,VN254,Boeing 787,SGN,HAN,2025-07-13T00:00:00.000Z,17:00,19:10,Premium Economy Classic (Z),2178000
2025-07-12T16:01:25.158Z,VN252,Airbus A350-900,SGN,HAN,2025-07-13T00:00:00.000Z,17:05,19:10,Premium Economy Classic (Z),2178000
2025-07-12T16:01:33.234Z,VN7232,Boeing 787,SGN,HAN,2025-07-13T00:00:00.000Z,17:20,19:25,Premium Economy Classic (Z),2178000
2025-07-12T16:01:39.955Z,VN218,Airbus A350-900,SGN,HAN,2025-07-13T00:00:00.000Z,18:00,20:05,Premium Economy Classic (Z),2178000
2025-07-12T16:01:47.374Z,VN258,Boeing 787,SGN,HAN,2025-07-13T00:00:00.000Z,19:00,21:05,Premium Economy Classic (Z),2178000
2025-07-12T16:01:55.649Z,VN262,Boeing 787,SGN,HAN,2025-07-13T00:00:00.000Z,19:35,21:40,Premium Economy Classic (Z),2178000
2025-07-12T16:02:02.322Z,VN220,Boeing 787,SGN,HAN,2025-07-13T00:00:00.000Z,20:00,22:05,Premium Economy Classic (Z),2178000
2025-07-12T16:02:08.973Z,VN256,Boeing 787,SGN,HAN,2025-07-13T00:00:00.000Z,20:30,22:35,Premium Economy Classic (Z),2178000
2025-07-12T16:02:15.538Z,VN260,Boeing 787,SGN,HAN,2025-07-13T00:00:00.000Z,21:00,23:05,Premium Economy Classic (Z),2178000
2025-07-12T16:02:22.355Z,VN7234,Boeing 787,SGN,HAN,2025-07-13T00:00:00.000Z,21:30,23:35,Premium Economy Classic (Z),2178000
2025-07-12T16:02:28.746Z,VN7220,Airbus A321,SGN,HAN,2025-07-13T00:00:00.000Z,22:10,00:20,Premium Economy Classic (Z),2178000
2025-07-12T16:02:34.955Z,VN270,Airbus A321,SGN,HAN,2025-07-13T00:00:00.000Z,23:55,02:00,Premium Economy Classic (Z),2178000
2025-07-12T16:02:42.655Z,VN6002,Airbus A321,SGN,HAN,2025-07-13T00:00:00.000Z,04:55,07:05,(D),2178000
2025-07-12T16:02:49.356Z,VJ1198,Airbus A320-100/200,SGN,HAN,2025-07-13T00:00:00.000Z,05:00,07:10,SkyBoss (Y_SBoss),2178000
2025-07-12T16:02:56.137Z,VJ1128,Airbus A321,SGN,HAN,2025-07-13T00:00:00.000Z,06:00,08:10,SkyBoss (Y_SBoss),2178000
2025-07-12T16:03:02.523Z,VJ120,Airbus A321,SGN,HAN,2025-07-13T00:00:00.000Z,07:30,09:40,SkyBoss (Y_SBoss),2178000
2025-07-12T16:03:09.237Z,VJ1126,Airbus A321,SGN,HAN,2025-07-13T00:00:00.000Z,08:25,10:35,SkyBoss (Y_SBoss),2178000
2025-07-12T16:03:16.437Z,VJ124,321H,SGN,HAN,2025-07-13T00:00:00.000Z,09:20,11:30,SkyBoss (Y_SBoss),2178000
2025-07-12T16:03:23.965Z,VJ1140,Airbus A330,SGN,HAN,2025-07-13T00:00:00.000Z,11:25,13:35,SkyBoss (Y_SBoss),2178000
2025-07-12T16:03:29.950Z,VJ178,Airbus A330,SGN,HAN,2025-07-13T00:00:00.000Z,11:50,14:00,SkyBoss (Y_SBoss),2178000
2025-07-12T16:03:37.431Z,VJ198,Airbus A330,SGN,HAN,2025-07-13T00:00:00.000Z,12:10,14:20,SkyBoss (Y_SBoss),2178000
2025-07-12T16:03:44.316Z,VJ1138,Airbus A321,SGN,HAN,2025-07-13T00:00:00.000Z,12:25,14:35,SkyBoss (Y_SBoss),2178000
2025-07-12T16:03:51.814Z,VJ1130,Airbus A321,SGN,HAN,2025-07-13T00:00:00.000Z,12:45,14:55,SkyBoss (Y_SBoss),2178000
2025-07-12T16:31:38.480Z,QH202,Airbus A321,SGN,HAN,2025-07-13T00:00:00.000Z,05:25,07:35,EconomySmart (M),2178000
2025-07-12T16:31:44.864Z,QH204,Boeing 737 All Series Passenger,SGN,HAN,2025-07-13T00:00:00.000Z,07:10,09:20,EconomySmart (M),2178000
2025-07-12T16:31:50.400Z,VU750,AIRBUS A321,SGN,HAN,2025-07-13T00:00:00.000Z,05:45,07:55,ECONOMY (O),2178000
2025-07-12T16:31:55.286Z,VJ1130,Airbus A321,SGN,HAN,2025-07-13T00:00:00.000Z,12:45,14:55,Eco (B1_ECO),2178000
2025-07-12T16:32:00.237Z,QH224,Airbus A320-100/200,SGN,HAN,2025-07-13T00:00:00.000Z,10:40,12:50,EconomySmart (L),2178000
2025-07-12T16:32:05.562Z,QH228,Airbus A321,SGN,HAN,2025-07-13T00:00:00.000Z,11:00,13:10,EconomySmart (L),2178000
2025-07-12T16:32:10.851Z,QH272,Airbus A321,SGN,HAN,2025-07-13T00:00:00.000Z,20:05,22:15,EconomySmart (L),2178000
2025-07-12T16:32:16.928Z,QH284,Airbus A321,SGN,HAN,2025-07-13T00:00:00.000Z,21:30,23:40,EconomySmart (L),2178000
2025-07-12T16:32:22.688Z,VJ1140,Airbus A330,SGN,HAN,2025-07-13T00:00:00.000Z,11:25,13:35,Eco (H1_ECO),2178000
2025-07-12T16:32:27.887Z,VJ178,Airbus A330,SGN,HAN,2025-07-13T00:00:00.000Z,11:50,14:00,Eco (H1_ECO),2178000
2025-07-12T16:32:33.708Z,VJ198,Airbus A330,SGN,HAN,2025-07-13T00:00:00.000Z,12:10,14:20,Eco (H1_ECO),2178000
2025-07-12T16:32:39.685Z,VJ1138,Airbus A321,SGN,HAN,2025-07-13T00:00:00.000Z,12:25,14:35,Eco (H1_ECO),2178000
2025-07-12T16:32:45.029Z,QH268,Boeing 737 All Series Passenger,SGN,HAN,2025-07-13T00:00:00.000Z,19:15,21:25,EconomySmart (K),2178000
2025-07-12T16:32:49.818Z,VJ1128,Airbus A321,SGN,HAN,2025-07-13T00:00:00.000Z,06:00,08:10,Eco (K1_ECO),2178000
2025-07-12T16:32:56.642Z,VJ1148,Airbus A320-100/200,SGN,HAN,2025-07-13T00:00:00.000Z,14:05,16:10,Eco (K1_ECO),2178000
2025-07-12T16:33:02.760Z,VJ146,Airbus A321,SGN,HAN,2025-07-13T00:00:00.000Z,15:40,17:45,Eco (K1_ECO),2178000
2025-07-12T16:33:08.804Z,VJ1152,Airbus A321,SGN,HAN,2025-07-13T00:00:00.000Z,17:20,19:30,Eco (K1_ECO),2178000
2025-07-12T16:33:15.474Z,VJ1162,Airbus A321,SGN,HAN,2025-07-13T00:00:00.000Z,17:35,19:45,Eco (K1_ECO),2178000
2025-07-12T16:33:21.555Z,QH242,Boeing 737 All Series Passenger,SGN,HAN,2025-07-13T00:00:00.000Z,13:10,15:20,EconomySmart (H),2178000
2025-07-12T16:33:27.407Z,VN6002,Airbus A321,SGN,HAN,2025-07-13T00:00:00.000Z,04:55,07:05,Economy Classic (L),2178000
2025-07-12T16:33:32.325Z,VJ1130,Airbus A321,SGN,HAN,2025-07-13T00:00:00.000Z,12:45,14:55,Deluxe (B1_DLX),2178000
2025-07-12T16:33:37.396Z,VN6002,Airbus A321,SGN,HAN,2025-07-13T00:00:00.000Z,04:55,07:05,Economy Classic (K),2178000
2025-07-12T16:33:45.598Z,VN206,Airbus 350,SGN,HAN,2025-07-13T00:00:00.000Z,06:00,08:05,Economy Classic (K),2178000
2025-07-12T16:33:50.838Z,VN7242,Boeing 787,SGN,HAN,2025-07-13T00:00:00.000Z,06:05,08:10,Economy Classic (K),2178000
2025-07-12T16:33:56.876Z,VN6014,Airbus A321,SGN,HAN,2025-07-13T00:00:00.000Z,07:00,09:10,Economy Classic (K),2178000
2025-07-12T16:34:03.125Z,QH202,Airbus A321,SGN,HAN,2025-07-13T00:00:00.000Z,05:25,07:35,EconomyFlex (B),2178000
2025-07-12T16:34:09.461Z,QH204,Boeing 737 All Series Passenger,SGN,HAN,2025-07-13T00:00:00.000Z,07:10,09:20,EconomyFlex (B),2178000
2025-07-12T16:39:34.803Z,,,,,,,,,2178000
2025-07-12T16:39:39.439Z,QH204,Boeing 737 All Series Passenger,SGN,HAN,2025-07-13T00:00:00.000Z,07:10,09:20,EconomySmart (M),2178000
2025-07-12T16:39:44.596Z,VU750,AIRBUS A321,SGN,HAN,2025-07-13T00:00:00.000Z,05:45,07:55,ECONOMY (O),2178000
2025-07-12T16:39:50.869Z,QH224,Airbus A320-100/200,SGN,HAN,2025-07-13T00:00:00.000Z,10:40,12:50,EconomySmart (L),2178000
2025-07-12T16:39:56.987Z,QH228,Airbus A321,SGN,HAN,2025-07-13T00:00:00.000Z,11:00,13:10,EconomySmart (L),2178000
2025-07-12T16:40:02.118Z,QH272,Airbus A321,SGN,HAN,2025-07-13T00:00:00.000Z,20:05,22:15,EconomySmart (L),2178000
2025-07-12T16:40:07.088Z,QH284,Airbus A321,SGN,HAN,2025-07-13T00:00:00.000Z,21:30,23:40,EconomySmart (L),2178000
2025-07-12T16:40:12.718Z,QH268,Boeing 737 All Series Passenger,SGN,HAN,2025-07-13T00:00:00.000Z,19:15,21:25,EconomySmart (K),2178000
2025-07-12T16:40:19.019Z,QH242,Boeing 737 All Series Passenger,SGN,HAN,2025-07-13T00:00:00.000Z,13:10,15:20,EconomySmart (H),2178000
2025-07-12T16:40:25.601Z,VN6002,Airbus A321,SGN,HAN,2025-07-13T00:00:00.000Z,04:55,07:05,Economy Classic (L),2178000
2025-07-12T16:40:30.197Z,VN6002,Airbus A321,SGN,HAN,2025-07-13T00:00:00.000Z,04:55,07:05,Economy Classic (K),2178000
2025-07-12T16:40:35.049Z,VN206,Airbus 350,SGN,HAN,2025-07-13T00:00:00.000Z,06:00,08:05,Economy Classic (K),2178000
2025-07-12T16:40:40.605Z,VN7242,Boeing 787,SGN,HAN,2025-07-13T00:00:00.000Z,06:05,08:10,Economy Classic (K),2178000
2025-07-12T16:40:45.866Z,VN6014,Airbus A321,SGN,HAN,2025-07-13T00:00:00.000Z,07:00,09:10,Economy Classic (K),2178000
2025-07-12T16:40:51.523Z,QH202,Airbus A321,SGN,HAN,2025-07-13T00:00:00.000Z,05:25,07:35,EconomyFlex (B),2178000
2025-07-12T16:40:57.748Z,QH204,Boeing 737 All Series Passenger,SGN,HAN,2025-07-13T00:00:00.000Z,07:10,09:20,EconomyFlex (B),2178000
2025-07-12T16:41:04.959Z,QH224,Airbus A320-100/200,SGN,HAN,2025-07-13T00:00:00.000Z,10:40,12:50,EconomyFlex (B),2178000
2025-07-12T16:41:13.239Z,QH228,Airbus A321,SGN,HAN,2025-07-13T00:00:00.000Z,11:00,13:10,EconomyFlex (B),2178000
2025-07-12T16:41:27.586Z,QH242,Boeing 737 All Series Passenger,SGN,HAN,2025-07-13T00:00:00.000Z,13:10,15:20,EconomyFlex (B),2178000
2025-07-12T16:41:34.358Z,QH268,Boeing 737 All Series Passenger,SGN,HAN,2025-07-13T00:00:00.000Z,19:15,21:25,EconomyFlex (B),2178000
2025-07-12T16:41:39.837Z,QH272,Airbus A321,SGN,HAN,2025-07-13T00:00:00.000Z,20:05,22:15,EconomyFlex (B),2178000
2025-07-12T16:41:45.107Z,QH284,Airbus A321,SGN,HAN,2025-07-13T00:00:00.000Z,21:30,23:40,EconomyFlex (B),2178000
2025-07-12T16:41:49.884Z,VN6002,Airbus A321,SGN,HAN,2025-07-13T00:00:00.000Z,04:55,07:05,Economy Classic (H),2178000
2025-07-12T16:41:55.323Z,VN206,Airbus 350,SGN,HAN,2025-07-13T00:00:00.000Z,06:00,08:05,Economy Classic (H),2178000
2025-07-12T16:42:01.486Z,VN7242,Boeing 787,SGN,HAN,2025-07-13T00:00:00.000Z,06:05,08:10,Economy Classic (H),2178000
2025-07-12T16:42:06.965Z,VN240,Boeing 787,SGN,HAN,2025-07-13T00:00:00.000Z,07:00,09:05,Economy Classic (H),2178000
2025-07-12T16:42:12.195Z,VN6014,Airbus A321,SGN,HAN,2025-07-13T00:00:00.000Z,07:00,09:10,Economy Classic (H),2178000
2025-07-12T16:42:16.839Z,VN262,Boeing 787,SGN,HAN,2025-07-13T00:00:00.000Z,19:35,21:40,Economy Classic (H),2178000
2025-07-12T16:42:22.158Z,VN220,Boeing 787,SGN,HAN,2025-07-13T00:00:00.000Z,20:00,22:05,Economy Classic (H),2178000
2025-07-12T16:42:28.748Z,VN256,Boeing 787,SGN,HAN,2025-07-13T00:00:00.000Z,20:30,22:35,Economy Classic (H),2178000
2025-07-12T16:42:33.815Z,VN7234,Boeing 787,SGN,HAN,2025-07-13T00:00:00.000Z,21:30,23:35,Economy Classic (H),2178000
2025-07-12T16:42:38.879Z,VN6002,Airbus A321,SGN,HAN,2025-07-13T00:00:00.000Z,04:55,07:05,Economy Flex (S),2178000
2025-07-12T16:42:44.846Z,VN206,Airbus 350,SGN,HAN,2025-07-13T00:00:00.000Z,06:00,08:05,Economy Classic (S),2178000
2025-07-12T16:42:50.241Z,VN7242,Boeing 787,SGN,HAN,2025-07-13T00:00:00.000Z,06:05,08:10,Economy Classic (S),2178000
2025-07-12T16:42:55.585Z,VN240,Boeing 787,SGN,HAN,2025-07-13T00:00:00.000Z,07:00,09:05,Economy Classic (S),2178000
2025-07-12T16:43:00.798Z,VN6014,Airbus A321,SGN,HAN,2025-07-13T00:00:00.000Z,07:00,09:10,Economy Flex (S),2178000
2025-07-12T16:43:06.226Z,VN7232,Boeing 787,SGN,HAN,2025-07-13T00:00:00.000Z,17:20,19:25,Economy Classic (S),2178000
2025-07-12T16:43:12.278Z,VN258,Boeing 787,SGN,HAN,2025-07-13T00:00:00.000Z,19:00,21:05,Economy Classic (S),2178000
2025-07-12T16:43:17.950Z,VN262,Boeing 787,SGN,HAN,2025-07-13T00:00:00.000Z,19:35,21:40,Economy Classic (S),2178000
2025-07-12T16:43:23.865Z,VN220,Boeing 787,SGN,HAN,2025-07-13T00:00:00.000Z,20:00,22:05,Economy Classic (S),2178000
2025-07-12T16:43:29.830Z,VN256,Boeing 787,SGN,HAN,2025-07-13T00:00:00.000Z,20:30,22:35,Economy Classic (S),2178000
2025-07-12T16:43:35.608Z,VN260,Boeing 787,SGN,HAN,2025-07-13T00:00:00.000Z,21:00,23:05,Economy Classic (S),2178000
2025-07-12T16:43:41.963Z,VN7234,Boeing 787,SGN,HAN,2025-07-13T00:00:00.000Z,21:30,23:35,Economy Classic (S),2178000
2025-07-12T16:43:47.457Z,VN7220,Airbus A321,SGN,HAN,2025-07-13T00:00:00.000Z,22:10,00:20,Economy Classic (S),2178000
2025-07-12T16:43:51.778Z,VN270,Airbus A321,SGN,HAN,2025-07-13T00:00:00.000Z,23:55,02:00,Economy Classic (S),2178000
2025-07-12T16:43:57.652Z,VN6002,Airbus A321,SGN,HAN,2025-07-13T00:00:00.000Z,04:55,07:05,Economy Flex (M),2178000
2025-07-12T16:44:03.514Z,VN206,Airbus 350,SGN,HAN,2025-07-13T00:00:00.000Z,06:00,08:05,Economy Flex (M),2178000
2025-07-12T16:44:09.127Z,VN7242,Boeing 787,SGN,HAN,2025-07-13T00:00:00.000Z,06:05,08:10,Economy Flex (M),2178000
2025-07-12T16:44:14.676Z,VN240,Boeing 787,SGN,HAN,2025-07-13T00:00:00.000Z,07:00,09:05,Economy Flex (M),2178000
2025-07-12T16:44:20.304Z,VN6014,Airbus A321,SGN,HAN,2025-07-13T00:00:00.000Z,07:00,09:10,Economy Flex (M),2178000
2025-07-12T16:44:35.217Z,VN210,Boeing 787,SGN,HAN,2025-07-13T00:00:00.000Z,11:10,13:15,Economy Flex (M),2178000
2025-07-12T16:44:40.945Z,VN252,Airbus A350-900,SGN,HAN,2025-07-13T00:00:00.000Z,17:05,19:10,Economy Flex (M),2178000
2025-07-12T16:44:45.769Z,VN254,Boeing 787,SGN,HAN,2025-07-13T00:00:00.000Z,17:15,19:25,Economy Flex (M),2178000
2025-07-12T16:44:50.858Z,VN7232,Boeing 787,SGN,HAN,2025-07-13T00:00:00.000Z,17:20,19:25,Economy Flex (M),2178000
2025-07-12T16:44:55.642Z,VN218,Airbus A350-900,SGN,HAN,2025-07-13T00:00:00.000Z,18:00,20:05,Economy Flex (M),2178000
2025-07-12T16:45:01.188Z,VN258,Boeing 787,SGN,HAN,2025-07-13T00:00:00.000Z,19:00,21:05,Economy Flex (M),2178000
2025-07-12T16:45:05.462Z,VN262,Boeing 787,SGN,HAN,2025-07-13T00:00:00.000Z,19:35,21:40,Economy Flex (M),2178000
2025-07-12T16:45:11.194Z,VN220,Boeing 787,SGN,HAN,2025-07-13T00:00:00.000Z,20:00,22:05,Economy Flex (M),2178000
2025-07-12T16:45:16.117Z,VN256,Boeing 787,SGN,HAN,2025-07-13T00:00:00.000Z,20:30,22:35,Economy Flex (M),2178000
2025-07-12T16:45:21.735Z,VN260,Boeing 787,SGN,HAN,2025-07-13T00:00:00.000Z,21:00,23:05,Economy Flex (M),2178000
2025-07-12T16:45:26.263Z,VN7234,Boeing 787,SGN,HAN,2025-07-13T00:00:00.000Z,21:30,23:35,Economy Flex (M),2178000
2025-07-12T16:45:32.078Z,VN7220,Airbus A321,SGN,HAN,2025-07-13T00:00:00.000Z,22:10,00:20,Economy Flex (M),2178000
2025-07-12T16:45:37.238Z,VN270,Airbus A321,SGN,HAN,2025-07-13T00:00:00.000Z,23:55,02:00,Economy Flex (M),2178000
2025-07-12T16:45:42.589Z,VN6002,Airbus A321,SGN,HAN,2025-07-13T00:00:00.000Z,04:55,07:05,Economy Flex (B),2178000
2025-07-12T16:45:47.977Z,VN206,Airbus 350,SGN,HAN,2025-07-13T00:00:00.000Z,06:00,08:05,Economy Flex (B),2178000
2025-07-12T16:45:52.770Z,VN7242,Boeing 787,SGN,HAN,2025-07-13T00:00:00.000Z,06:05,08:10,Economy Flex (B),2178000
2025-07-12T16:45:58.540Z,VN240,Boeing 787,SGN,HAN,2025-07-13T00:00:00.000Z,07:00,09:05,Economy Flex (B),2178000
2025-07-12T16:46:04.642Z,VN6014,Airbus A321,SGN,HAN,2025-07-13T00:00:00.000Z,07:00,09:10,Economy Flex (B),2178000
2025-07-12T16:46:11.256Z,VN208,Boeing 787,SGN,HAN,2025-07-13T00:00:00.000Z,08:15,10:20,Economy Flex (B),2178000
2025-07-12T16:46:16.889Z,VN246,Boeing 787,SGN,HAN,2025-07-13T00:00:00.000Z,10:00,12:05,Economy Flex (B),2178000
2025-07-12T16:46:21.651Z,VN210,Boeing 787,SGN,HAN,2025-07-13T00:00:00.000Z,11:10,13:15,Economy Flex (B),2178000
2025-07-12T16:46:26.334Z,VN212,Boeing 787,SGN,HAN,2025-07-13T00:00:00.000Z,12:00,14:05,Economy Flex (B),2178000
2025-07-12T16:46:32.413Z,VN230,Airbus A321,SGN,HAN,2025-07-13T00:00:00.000Z,12:05,14:10,Economy Flex (B),2178000
2025-07-12T16:46:38.271Z,VN214,Boeing 787,SGN,HAN,2025-07-13T00:00:00.000Z,14:15,16:20,Economy Flex (B),2178000
2025-07-12T16:46:43.376Z,VN7244,Airbus A321,SGN,HAN,2025-07-13T00:00:00.000Z,14:15,16:25,Economy Flex (B),2178000
2025-07-12T16:46:48.696Z,VN252,Airbus A350-900,SGN,HAN,2025-07-13T00:00:00.000Z,17:05,19:10,Economy Flex (B),2178000
2025-07-12T16:46:54.628Z,VN254,Boeing 787,SGN,HAN,2025-07-13T00:00:00.000Z,17:15,19:25,Economy Flex (B),2178000
2025-07-12T16:47:00.746Z,VN7232,Boeing 787,SGN,HAN,2025-07-13T00:00:00.000Z,17:20,19:25,Economy Flex (B),2178000
2025-07-12T16:47:06.747Z,VN218,Airbus A350-900,SGN,HAN,2025-07-13T00:00:00.000Z,18:00,20:05,Economy Flex (B),2178000
2025-07-12T16:47:11.859Z,VN258,Boeing 787,SGN,HAN,2025-07-13T00:00:00.000Z,19:00,21:05,Economy Flex (B),2178000
2025-07-12T16:47:16.826Z,VN262,Boeing 787,SGN,HAN,2025-07-13T00:00:00.000Z,19:35,21:40,Economy Flex (B),2178000
2025-07-12T16:47:23.925Z,VN220,Boeing 787,SGN,HAN,2025-07-13T00:00:00.000Z,20:00,22:05,Economy Flex (B),2178000
2025-07-12T16:47:30.142Z,VN256,Boeing 787,SGN,HAN,2025-07-13T00:00:00.000Z,20:30,22:35,Economy Flex (B),2178000
2025-07-12T16:47:35.091Z,VN260,Boeing 787,SGN,HAN,2025-07-13T00:00:00.000Z,21:00,23:05,Economy Flex (B),2178000
2025-07-12T16:47:39.293Z,VN7234,Boeing 787,SGN,HAN,2025-07-13T00:00:00.000Z,21:30,23:35,Economy Flex (B),2178000
2025-07-12T16:47:45.294Z,VN7220,Airbus A321,SGN,HAN,2025-07-13T00:00:00.000Z,22:10,00:20,Economy Flex (B),2178000
2025-07-12T16:47:51.444Z,VN270,Airbus A321,SGN,HAN,2025-07-13T00:00:00.000Z,23:55,02:00,Economy Flex (B),2178000
2025-07-12T16:47:57.077Z,VN6002,Airbus A321,SGN,HAN,2025-07-13T00:00:00.000Z,04:55,07:05,(I),2178000
2025-07-12T16:48:03.278Z,VN206,Airbus 350,SGN,HAN,2025-07-13T00:00:00.000Z,06:00,08:05,Premium Economy Classic (U),2178000
2025-07-12T16:48:09.365Z,VN7242,Boeing 787,SGN,HAN,2025-07-13T00:00:00.000Z,06:05,08:10,Premium Economy Classic (U),2178000
2025-07-12T16:48:15.542Z,VN240,Boeing 787,SGN,HAN,2025-07-13T00:00:00.000Z,07:00,09:05,Premium Economy Classic (U),2178000
2025-07-12T16:48:21.623Z,VN208,Boeing 787,SGN,HAN,2025-07-13T00:00:00.000Z,08:15,10:20,Premium Economy Classic (U),2178000
2025-07-12T16:48:26.827Z,VN244,Boeing 787,SGN,HAN,2025-07-13T00:00:00.000Z,09:00,11:05,Premium Economy Classic (U),2178000
2025-07-12T16:48:33.131Z,VN246,Boeing 787,SGN,HAN,2025-07-13T00:00:00.000Z,10:00,12:05,Premium Economy Classic (U),2178000
2025-07-12T16:48:38.039Z,VN210,Boeing 787,SGN,HAN,2025-07-13T00:00:00.000Z,11:10,13:15,Premium Economy Classic (U),2178000
2025-07-12T16:48:43.024Z,VN212,Boeing 787,SGN,HAN,2025-07-13T00:00:00.000Z,12:00,14:05,Premium Economy Classic (U),2178000
2025-07-12T16:48:49.696Z,VN230,Airbus A321,SGN,HAN,2025-07-13T00:00:00.000Z,12:05,14:10,Premium Economy Classic (U),2178000
2025-07-12T16:48:55.467Z,VN248,Boeing 787,SGN,HAN,2025-07-13T00:00:00.000Z,14:00,16:05,Premium Economy Classic (U),2178000
2025-07-12T16:49:01.830Z,VN214,Boeing 787,SGN,HAN,2025-07-13T00:00:00.000Z,14:15,16:20,Premium Economy Classic (U),2178000
2025-07-12T16:49:06.974Z,VN7244,Airbus A321,SGN,HAN,2025-07-13T00:00:00.000Z,14:15,16:25,Premium Economy Classic (U),2178000
2025-07-12T16:49:23.435Z,VN7252,Airbus 350,SGN,HAN,2025-07-13T00:00:00.000Z,14:30,16:35,Premium Economy Classic (U),2178000
2025-07-12T16:49:28.937Z,VN216,Boeing 787,SGN,HAN,2025-07-13T00:00:00.000Z,16:00,18:05,Premium Economy Classic (U),2178000
2025-07-12T16:49:34.515Z,VN252,Airbus A350-900,SGN,HAN,2025-07-13T00:00:00.000Z,17:05,19:10,Premium Economy Classic (U),2178000
2025-07-12T16:49:39.839Z,VN254,Boeing 787,SGN,HAN,2025-07-13T00:00:00.000Z,17:15,19:25,Premium Economy Classic (U),2178000
2025-07-12T16:49:45.630Z,VN7232,Boeing 787,SGN,HAN,2025-07-13T00:00:00.000Z,17:20,19:25,Premium Economy Classic (U),2178000
2025-07-12T16:49:50.288Z,VN218,Airbus A350-900,SGN,HAN,2025-07-13T00:00:00.000Z,18:00,20:05,Premium Economy Classic (U),2178000
2025-07-12T16:49:55.445Z,VN258,Boeing 787,SGN,HAN,2025-07-13T00:00:00.000Z,19:00,21:05,Premium Economy Classic (U),2178000
2025-07-12T16:50:00.958Z,VN262,Boeing 787,SGN,HAN,2025-07-13T00:00:00.000Z,19:35,21:40,Premium Economy Classic (U),2178000
2025-07-12T16:50:05.786Z,VN220,Boeing 787,SGN,HAN,2025-07-13T00:00:00.000Z,20:00,22:05,Premium Economy Classic (U),2178000
2025-07-12T16:50:10.197Z,VN256,Boeing 787,SGN,HAN,2025-07-13T00:00:00.000Z,20:30,22:35,Premium Economy Classic (U),2178000
2025-07-12T16:50:15.987Z,VN260,Boeing 787,SGN,HAN,2025-07-13T00:00:00.000Z,21:00,23:05,Premium Economy Classic (U),2178000
2025-07-12T16:50:21.338Z,VN7234,Boeing 787,SGN,HAN,2025-07-13T00:00:00.000Z,21:30,23:35,Premium Economy Classic (U),2178000
2025-07-12T16:50:26.258Z,VN7220,Airbus A321,SGN,HAN,2025-07-13T00:00:00.000Z,22:10,00:20,Premium Economy Classic (U),2178000
2025-07-12T16:50:31.279Z,VN270,Airbus A321,SGN,HAN,2025-07-13T00:00:00.000Z,23:55,02:00,Premium Economy Classic (U),2178000
2025-07-12T16:50:36.666Z,VU750,AIRBUS A321,SGN,HAN,2025-07-13T00:00:00.000Z,05:45,07:55,ECONOMY (J),2178000
2025-07-12T16:50:42.174Z,VN6002,Airbus A321,SGN,HAN,2025-07-13T00:00:00.000Z,04:55,07:05,(Z),2178000
2025-07-12T16:50:48.836Z,VN206,Airbus 350,SGN,HAN,2025-07-13T00:00:00.000Z,06:00,08:05,Premium Economy Classic (Z),2178000
2025-07-12T16:50:55.062Z,VN7242,Boeing 787,SGN,HAN,2025-07-13T00:00:00.000Z,06:05,08:10,Premium Economy Classic (Z),2178000
2025-07-12T16:51:00.680Z,VN240,Boeing 787,SGN,HAN,2025-07-13T00:00:00.000Z,07:00,09:05,Premium Economy Classic (Z),2178000
2025-07-12T16:51:06.308Z,VN6014,Airbus A321,SGN,HAN,2025-07-13T00:00:00.000Z,07:00,09:10,(Z),2178000
2025-07-12T16:51:11.865Z,VN208,Boeing 787,SGN,HAN,2025-07-13T00:00:00.000Z,08:15,10:20,Premium Economy Classic (Z),2178000
2025-07-12T16:51:18.386Z,VN244,Boeing 787,SGN,HAN,2025-07-13T00:00:00.000Z,09:00,11:05,Premium Economy Classic (Z),2178000
2025-07-12T16:51:23.652Z,VN246,Boeing 787,SGN,HAN,2025-07-13T00:00:00.000Z,10:00,12:05,Premium Economy Classic (Z),2178000
2025-07-12T16:51:28.234Z,VN210,Boeing 787,SGN,HAN,2025-07-13T00:00:00.000Z,11:10,13:15,Premium Economy Classic (Z),2178000
2025-07-12T16:51:33.632Z,VN212,Boeing 787,SGN,HAN,2025-07-13T00:00:00.000Z,12:00,14:05,Premium Economy Classic (Z),2178000
2025-07-12T16:51:38.934Z,VN230,Airbus A321,SGN,HAN,2025-07-13T00:00:00.000Z,12:05,14:10,Premium Economy Classic (Z),2178000
2025-07-12T16:51:43.671Z,VN248,Boeing 787,SGN,HAN,2025-07-13T00:00:00.000Z,14:00,16:05,Premium Economy Classic (Z),2178000
2025-07-12T16:51:48.676Z,VN214,Boeing 787,SGN,HAN,2025-07-13T00:00:00.000Z,14:15,16:20,Premium Economy Classic (Z),2178000
2025-07-12T16:51:54.055Z,VN7244,Airbus A321,SGN,HAN,2025-07-13T00:00:00.000Z,14:15,16:25,Premium Economy Classic (Z),2178000
2025-07-12T16:51:59.530Z,VN7252,Airbus 350,SGN,HAN,2025-07-13T00:00:00.000Z,14:30,16:35,Premium Economy Classic (Z),2178000
2025-07-12T16:52:04.812Z,VN216,Boeing 787,SGN,HAN,2025-07-13T00:00:00.000Z,16:00,18:05,Premium Economy Classic (Z),2178000
2025-07-12T16:52:09.485Z,VN252,Airbus A350-900,SGN,HAN,2025-07-13T00:00:00.000Z,17:05,19:10,Premium Economy Classic (Z),2178000
2025-07-12T16:52:15.040Z,VN254,Boeing 787,SGN,HAN,2025-07-13T00:00:00.000Z,17:15,19:25,Premium Economy Classic (Z),2178000
2025-07-12T16:52:20.333Z,VN7232,Boeing 787,SGN,HAN,2025-07-13T00:00:00.000Z,17:20,19:25,Premium Economy Classic (Z),2178000
2025-07-12T16:52:25.936Z,VN218,Airbus A350-900,SGN,HAN,2025-07-13T00:00:00.000Z,18:00,20:05,Premium Economy Classic (Z),2178000
2025-07-12T16:52:31.284Z,VN258,Boeing 787,SGN,HAN,2025-07-13T00:00:00.000Z,19:00,21:05,Premium Economy Classic (Z),2178000
2025-07-12T16:52:37.447Z,VN262,Boeing 787,SGN,HAN,2025-07-13T00:00:00.000Z,19:35,21:40,Premium Economy Classic (Z),2178000
2025-07-12T16:52:43.318Z,VN220,Boeing 787,SGN,HAN,2025-07-13T00:00:00.000Z,20:00,22:05,Premium Economy Classic (Z),2178000
2025-07-12T16:52:49.682Z,VN256,Boeing 787,SGN,HAN,2025-07-13T00:00:00.000Z,20:30,22:35,Premium Economy Classic (Z),2178000
2025-07-12T16:52:54.746Z,VN260,Boeing 787,SGN,HAN,2025-07-13T00:00:00.000Z,21:00,23:05,Premium Economy Classic (Z),2178000
2025-07-12T16:53:00.655Z,VN7234,Boeing 787,SGN,HAN,2025-07-13T00:00:00.000Z,21:30,23:35,Premium Economy Classic (Z),2178000
2025-07-12T16:53:06.646Z,VN7220,Airbus A321,SGN,HAN,2025-07-13T00:00:00.000Z,22:10,00:20,Premium Economy Classic (Z),2178000
2025-07-12T16:53:12.745Z,VN270,Airbus A321,SGN,HAN,2025-07-13T00:00:00.000Z,23:55,02:00,Premium Economy Classic (Z),2178000
2025-07-12T16:53:17.566Z,VN6002,Airbus A321,SGN,HAN,2025-07-13T00:00:00.000Z,04:55,07:05,(D),2178000
2025-07-12T16:53:23.472Z,QH202,Airbus A321,SGN,HAN,2025-07-13T00:00:00.000Z,05:25,07:35,BusinessSmart (I),2178000
2025-07-12T16:53:29.424Z,QH228,Airbus A321,SGN,HAN,2025-07-13T00:00:00.000Z,11:00,13:10,BusinessSmart (I),2178000
2025-07-12T16:53:35.027Z,QH272,Airbus A321,SGN,HAN,2025-07-13T00:00:00.000Z,20:05,22:15,BusinessSmart (I),2178000
2025-07-12T16:53:41.258Z,QH284,Airbus A321,SGN,HAN,2025-07-13T00:00:00.000Z,21:30,23:40,BusinessSmart (I),2178000
2025-07-12T16:53:46.179Z,VN6002,Airbus A321,SGN,HAN,2025-07-13T00:00:00.000Z,04:55,07:05,(W),2178000
2025-07-12T16:53:52.078Z,VN206,Airbus 350,SGN,HAN,2025-07-13T00:00:00.000Z,06:00,08:05,Premium Economy Flex (W),2178000
2025-07-12T16:54:08.936Z,VN7242,Boeing 787,SGN,HAN,2025-07-13T00:00:00.000Z,06:05,08:10,Premium Economy Flex (W),2178000
2025-07-12T16:54:14.108Z,VN240,Boeing 787,SGN,HAN,2025-07-13T00:00:00.000Z,07:00,09:05,Premium Economy Flex (W),2178000
2025-07-12T16:54:19.770Z,VN6014,Airbus A321,SGN,HAN,2025-07-13T00:00:00.000Z,07:00,09:10,(W),2178000
2025-07-12T16:54:25.943Z,VN208,Boeing 787,SGN,HAN,2025-07-13T00:00:00.000Z,08:15,10:20,Premium Economy Flex (W),2178000
2025-07-12T16:54:31.622Z,VN244,Boeing 787,SGN,HAN,2025-07-13T00:00:00.000Z,09:00,11:05,Premium Economy Flex (W),2178000
2025-07-12T16:54:37.067Z,VN246,Boeing 787,SGN,HAN,2025-07-13T00:00:00.000Z,10:00,12:05,Premium Economy Flex (W),2178000
2025-07-12T16:54:42.076Z,VN210,Boeing 787,SGN,HAN,2025-07-13T00:00:00.000Z,11:10,13:15,Premium Economy Flex (W),2178000
2025-07-12T16:54:48.167Z,VN212,Boeing 787,SGN,HAN,2025-07-13T00:00:00.000Z,12:00,14:05,Premium Economy Flex (W),2178000
2025-07-12T16:54:53.683Z,VN230,Airbus A321,SGN,HAN,2025-07-13T00:00:00.000Z,12:05,14:10,Premium Economy Flex (W),2178000
2025-07-12T16:54:58.376Z,VN248,Boeing 787,SGN,HAN,2025-07-13T00:00:00.000Z,14:00,16:05,Premium Economy Flex (W),2178000
2025-07-12T16:55:03.447Z,VN214,Boeing 787,SGN,HAN,2025-07-13T00:00:00.000Z,14:15,16:20,Premium Economy Flex (W),2178000
2025-07-12T16:55:08.545Z,VN7244,Airbus A321,SGN,HAN,2025-07-13T00:00:00.000Z,14:15,16:25,Premium Economy Flex (W),2178000
2025-07-12T16:55:14.022Z,VN7252,Airbus 350,SGN,HAN,2025-07-13T00:00:00.000Z,14:30,16:35,Premium Economy Flex (W),2178000
2025-07-12T16:55:19.566Z,VN250,Boeing 787,SGN,HAN,2025-07-13T00:00:00.000Z,15:00,17:05,Premium Economy Flex (W),2178000
2025-07-12T16:55:26.340Z,VN216,Boeing 787,SGN,HAN,2025-07-13T00:00:00.000Z,16:00,18:05,Premium Economy Flex (W),2178000
2025-07-12T16:55:31.817Z,VN252,Airbus A350-900,SGN,HAN,2025-07-13T00:00:00.000Z,17:05,19:10,Premium Economy Flex (W),2178000
2025-07-12T16:55:36.764Z,VN254,Boeing 787,SGN,HAN,2025-07-13T00:00:00.000Z,17:15,19:25,Premium Economy Flex (W),2178000
2025-07-12T16:55:42.528Z,VN7232,Boeing 787,SGN,HAN,2025-07-13T00:00:00.000Z,17:20,19:25,Premium Economy Flex (W),2178000
2025-07-12T16:55:47.931Z,VN218,Airbus A350-900,SGN,HAN,2025-07-13T00:00:00.000Z,18:00,20:05,Premium Economy Flex (W),2178000
2025-07-12T16:55:53.535Z,VN258,Boeing 787,SGN,HAN,2025-07-13T00:00:00.000Z,19:00,21:05,Premium Economy Flex (W),2178000
2025-07-12T16:55:59.337Z,VN262,Boeing 787,SGN,HAN,2025-07-13T00:00:00.000Z,19:35,21:40,Premium Economy Flex (W),2178000
2025-07-12T16:56:05.769Z,VN220,Boeing 787,SGN,HAN,2025-07-13T00:00:00.000Z,20:00,22:05,Premium Economy Flex (W),2178000
2025-07-12T16:56:10.415Z,VN256,Boeing 787,SGN,HAN,2025-07-13T00:00:00.000Z,20:30,22:35,Premium Economy Flex (W),2178000
2025-07-12T16:56:15.478Z,VN260,Boeing 787,SGN,HAN,2025-07-13T00:00:00.000Z,21:00,23:05,Premium Economy Flex (W),2178000
2025-07-12T16:56:20.351Z,VN7234,Boeing 787,SGN,HAN,2025-07-13T00:00:00.000Z,21:30,23:35,Premium Economy Flex (W),2178000
2025-07-12T16:56:26.389Z,VN7220,Airbus A321,SGN,HAN,2025-07-13T00:00:00.000Z,22:10,00:20,Premium Economy Flex (W),2178000
2025-07-12T16:56:32.715Z,VN270,Airbus A321,SGN,HAN,2025-07-13T00:00:00.000Z,23:55,02:00,Premium Economy Flex (W),2178000
2025-07-12T16:56:39.277Z,VN7242,Boeing 787,SGN,HAN,2025-07-13T00:00:00.000Z,06:05,08:10,Business Classic (I),2178000
2025-07-12T16:56:45.343Z,VN6014,Airbus A321,SGN,HAN,2025-07-13T00:00:00.000Z,07:00,09:10,(I),2178000
2025-07-12T16:56:50.369Z,VN7220,Airbus A321,SGN,HAN,2025-07-13T00:00:00.000Z,22:10,00:20,Business Classic (I),2178000
2025-07-12T16:56:55.854Z,VN7242,Boeing 787,SGN,HAN,2025-07-13T00:00:00.000Z,06:05,08:10,Business Classic (D),2178000
2025-07-12T16:57:02.576Z,VN240,Boeing 787,SGN,HAN,2025-07-13T00:00:00.000Z,07:00,09:05,Business Classic (D),2178000
2025-07-12T16:57:07.536Z,VN6014,Airbus A321,SGN,HAN,2025-07-13T00:00:00.000Z,07:00,09:10,(D),2178000
2025-07-12T16:57:12.589Z,VN7234,Boeing 787,SGN,HAN,2025-07-13T00:00:00.000Z,21:30,23:35,Business Classic (D),2178000
2025-07-12T16:57:18.489Z,VN7220,Airbus A321,SGN,HAN,2025-07-13T00:00:00.000Z,22:10,00:20,Business Classic (D),2178000
2025-07-12T16:57:23.030Z,QH202,Airbus A321,SGN,HAN,2025-07-13T00:00:00.000Z,05:25,07:35,BusinessFlex (J),2178000
2025-07-12T16:57:28.249Z,QH228,Airbus A321,SGN,HAN,2025-07-13T00:00:00.000Z,11:00,13:10,BusinessFlex (J),2178000
2025-07-12T16:57:34.438Z,QH272,Airbus A321,SGN,HAN,2025-07-13T00:00:00.000Z,20:05,22:15,BusinessFlex (J),2178000
2025-07-12T16:57:40.523Z,QH284,Airbus A321,SGN,HAN,2025-07-13T00:00:00.000Z,21:30,23:40,BusinessFlex (J),2178000
2025-07-12T16:57:45.246Z,VN6002,Airbus A321,SGN,HAN,2025-07-13T00:00:00.000Z,04:55,07:05,(C),2178000
2025-07-12T16:57:51.131Z,VN206,Airbus 350,SGN,HAN,2025-07-13T00:00:00.000Z,06:00,08:05,Business Flex (C),2178000
2025-07-12T16:57:56.775Z,VN7242,Boeing 787,SGN,HAN,2025-07-13T00:00:00.000Z,06:05,08:10,Business Flex (C),2178000
2025-07-12T16:58:01.671Z,VN240,Boeing 787,SGN,HAN,2025-07-13T00:00:00.000Z,07:00,09:05,Business Flex (C),2178000
2025-07-12T16:58:07.265Z,VN6014,Airbus A321,SGN,HAN,2025-07-13T00:00:00.000Z,07:00,09:10,(C),2178000
2025-07-12T16:58:12.991Z,VN256,Boeing 787,SGN,HAN,2025-07-13T00:00:00.000Z,20:30,22:35,Business Flex (C),2178000
2025-07-12T16:58:19.872Z,VN260,Boeing 787,SGN,HAN,2025-07-13T00:00:00.000Z,21:00,23:05,Business Flex (C),2178000
2025-07-12T16:58:25.225Z,VN7234,Boeing 787,SGN,HAN,2025-07-13T00:00:00.000Z,21:30,23:35,Business Flex (C),2178000
2025-07-12T16:58:30.545Z,VN7220,Airbus A321,SGN,HAN,2025-07-13T00:00:00.000Z,22:10,00:20,Business Flex (C),2178000
2025-07-12T16:58:36.781Z,VN270,Airbus A321,SGN,HAN,2025-07-13T00:00:00.000Z,23:55,02:00,Business Flex (C),2178000
2025-07-12T16:58:42.208Z,VN6002,Airbus A321,SGN,HAN,2025-07-13T00:00:00.000Z,04:55,07:05,(J),2178000
2025-07-12T16:58:58.111Z,VN206,Airbus 350,SGN,HAN,2025-07-13T00:00:00.000Z,06:00,08:05,Business Flex (J),2178000
2025-07-12T16:59:03.274Z,VN7242,Boeing 787,SGN,HAN,2025-07-13T00:00:00.000Z,06:05,08:10,Business Flex (J),2178000
2025-07-12T16:59:09.396Z,VN240,Boeing 787,SGN,HAN,2025-07-13T00:00:00.000Z,07:00,09:05,Business Flex (J),2178000
2025-07-12T16:59:15.175Z,VN6014,Airbus A321,SGN,HAN,2025-07-13T00:00:00.000Z,07:00,09:10,(J),2178000
2025-07-12T16:59:19.703Z,VN208,Boeing 787,SGN,HAN,2025-07-13T00:00:00.000Z,08:15,10:20,Business Flex (J),2178000
2025-07-12T16:59:25.466Z,VN244,Boeing 787,SGN,HAN,2025-07-13T00:00:00.000Z,09:00,11:05,Business Flex (J),2178000
2025-07-12T16:59:31.276Z,VN246,Boeing 787,SGN,HAN,2025-07-13T00:00:00.000Z,10:00,12:05,Business Flex (J),2178000
2025-07-12T16:59:36.895Z,VN210,Boeing 787,SGN,HAN,2025-07-13T00:00:00.000Z,11:10,13:15,Business Flex (J),2178000
2025-07-12T16:59:41.576Z,VN230,Airbus A321,SGN,HAN,2025-07-13T00:00:00.000Z,12:05,14:10,Business Flex (J),2178000
2025-07-12T16:59:46.857Z,VN248,Boeing 787,SGN,HAN,2025-07-13T00:00:00.000Z,14:00,16:05,Business Flex (J),2178000
2025-07-12T16:59:53.350Z,VN214,Boeing 787,SGN,HAN,2025-07-13T00:00:00.000Z,14:15,16:20,Business Flex (J),2178000
2025-07-12T16:59:59.035Z,VN7244,Airbus A321,SGN,HAN,2025-07-13T00:00:00.000Z,14:15,16:25,Business Flex (J),2178000
2025-07-12T17:00:04.197Z,VN7252,Airbus 350,SGN,HAN,2025-07-13T00:00:00.000Z,14:30,16:35,Business Flex (J),2178000
2025-07-12T17:00:11.061Z,VN250,Boeing 787,SGN,HAN,2025-07-13T00:00:00.000Z,15:00,17:05,Business Flex (J),2178000
2025-07-12T17:00:16.843Z,VN252,Airbus A350-900,SGN,HAN,2025-07-13T00:00:00.000Z,17:05,19:10,Business Flex (J),2178000
2025-07-12T17:00:21.912Z,VN254,Boeing 787,SGN,HAN,2025-07-13T00:00:00.000Z,17:15,19:25,Business Flex (J),2178000
2025-07-12T17:00:27.543Z,VN7232,Boeing 787,SGN,HAN,2025-07-13T00:00:00.000Z,17:20,19:25,Business Flex (J),2178000
2025-07-12T17:00:32.547Z,VN218,Airbus A350-900,SGN,HAN,2025-07-13T00:00:00.000Z,18:00,20:05,Business Flex (J),2178000
2025-07-12T17:00:38.645Z,VN258,Boeing 787,SGN,HAN,2025-07-13T00:00:00.000Z,19:00,21:05,Business Flex (J),2178000
2025-07-12T17:00:44.919Z,VN262,Boeing 787,SGN,HAN,2025-07-13T00:00:00.000Z,19:35,21:40,Business Flex (J),2178000
2025-07-12T17:00:51.352Z,VN220,Boeing 787,SGN,HAN,2025-07-13T00:00:00.000Z,20:00,22:05,Business Flex (J),2178000
2025-07-12T17:00:59.933Z,VN256,Boeing 787,SGN,HAN,2025-07-13T00:00:00.000Z,20:30,22:35,Business Flex (J),2178000
2025-07-12T17:01:06.035Z,VN260,Boeing 787,SGN,HAN,2025-07-13T00:00:00.000Z,21:00,23:05,Business Flex (J),2178000
2025-07-12T17:01:11.641Z,VN7234,Boeing 787,SGN,HAN,2025-07-13T00:00:00.000Z,21:30,23:35,Business Flex (J),2178000
2025-07-12T17:01:17.024Z,VN7220,Airbus A321,SGN,HAN,2025-07-13T00:00:00.000Z,22:10,00:20,Business Flex (J),2178000
2025-07-12T17:01:23.518Z,VN270,Airbus A321,SGN,HAN,2025-07-13T00:00:00.000Z,23:55,02:00,Business Flex (J),2178000
aaaaaa
2025-07-13T14:46:02.701Z,,,,,,,,,2444000
2025-07-13T14:46:07.606Z,VJ196,Airbus A321,SGN,HAN,2025-07-14T00:00:00.000Z,06:15,08:25,Eco (H1_ECO),2566500
2025-07-13T14:46:14.588Z,VJ146,Airbus A321,SGN,HAN,2025-07-14T00:00:00.000Z,15:25,17:35,Eco (H1_ECO),2566500
2025-07-13T14:46:20.937Z,VJ150,Airbus A321,SGN,HAN,2025-07-14T00:00:00.000Z,16:05,18:15,Eco (H1_ECO),2566500
2025-07-13T14:46:26.567Z,VJ1152,Airbus A321,SGN,HAN,2025-07-14T00:00:00.000Z,17:20,19:30,Eco (H1_ECO),2566500
2025-07-13T14:46:31.582Z,VN270,Airbus A321,SGN,HAN,2025-07-14T00:00:00.000Z,01:25,03:30,Economy Lite (Q),2638000
2025-07-13T14:46:36.957Z,VN224,Boeing 787,SGN,HAN,2025-07-14T00:00:00.000Z,23:55,02:00,Economy Lite (Q),2638000
2025-07-13T14:46:42.356Z,VJ120,Airbus A321,SGN,HAN,2025-07-14T00:00:00.000Z,07:30,09:40,Eco (K1_ECO),2782500
2025-07-13T14:46:47.792Z,VJ1126,Airbus A321,SGN,HAN,2025-07-14T00:00:00.000Z,08:10,10:20,Eco (K1_ECO),2782500
2025-07-13T14:46:53.063Z,VJ124,Airbus A320-100/200,SGN,HAN,2025-07-14T00:00:00.000Z,09:20,11:30,Eco (K1_ECO),2782500
2025-07-13T14:46:58.371Z,VJ1130,Airbus A321,SGN,HAN,2025-07-14T00:00:00.000Z,10:35,12:40,Eco (K1_ECO),2782500
2025-07-13T14:47:03.428Z,VJ178,Airbus A330,SGN,HAN,2025-07-14T00:00:00.000Z,11:50,14:00,Eco (K1_ECO),2782500
2025-07-13T14:47:08.868Z,VJ198,Airbus A330,SGN,HAN,2025-07-14T00:00:00.000Z,12:30,14:40,Eco (K1_ECO),2782500
2025-07-13T14:47:15.243Z,VJ1172,Airbus A330,SGN,HAN,2025-07-14T00:00:00.000Z,12:50,15:00,Eco (K1_ECO),2782500
2025-07-13T14:47:20.548Z,VJ1148,Airbus A320-100/200,SGN,HAN,2025-07-14T00:00:00.000Z,14:05,16:10,Eco (K1_ECO),2782500
2025-07-13T14:47:25.489Z,VN270,Airbus A321,SGN,HAN,2025-07-14T00:00:00.000Z,01:25,03:30,Economy Classic (L),2886000
2025-07-13T14:47:30.632Z,VN224,Boeing 787,SGN,HAN,2025-07-14T00:00:00.000Z,23:55,02:00,Economy Classic (L),2886000
2025-07-13T14:47:36.081Z,VN270,Airbus A321,SGN,HAN,2025-07-14T00:00:00.000Z,01:25,03:30,Economy Classic (K),3113000
2025-07-13T14:47:41.387Z,VN250,Boeing 787,SGN,HAN,2025-07-14T00:00:00.000Z,16:05,18:10,Economy Classic (K),3113000
2025-07-13T14:47:45.962Z,VN7232,Boeing 787,SGN,HAN,2025-07-14T00:00:00.000Z,16:55,19:00,Economy Classic (K),3113000
2025-07-13T14:47:51.740Z,VN254,Boeing 787,SGN,HAN,2025-07-14T00:00:00.000Z,17:00,19:10,Economy Classic (K),3113000
2025-07-13T14:47:57.720Z,VN224,Boeing 787,SGN,HAN,2025-07-14T00:00:00.000Z,23:55,02:00,Economy Classic (K),3113000
2025-07-13T14:48:04.004Z,VJ196,Airbus A321,SGN,HAN,2025-07-14T00:00:00.000Z,06:15,08:25,Deluxe (H1_DLX),3160500
2025-07-13T14:48:09.383Z,VJ146,Airbus A321,SGN,HAN,2025-07-14T00:00:00.000Z,15:25,17:35,Deluxe (H1_DLX),3160500
2025-07-13T14:48:14.534Z,VJ150,Airbus A321,SGN,HAN,2025-07-14T00:00:00.000Z,16:05,18:15,Deluxe (H1_DLX),3160500
2025-07-13T14:48:20.002Z,VJ1152,Airbus A321,SGN,HAN,2025-07-14T00:00:00.000Z,17:20,19:30,Deluxe (H1_DLX),3160500
2025-07-13T14:48:26.061Z,VN270,Airbus A321,SGN,HAN,2025-07-14T00:00:00.000Z,01:25,03:30,Economy Classic (H),3340000
2025-07-13T14:48:31.867Z,VN250,Boeing 787,SGN,HAN,2025-07-14T00:00:00.000Z,16:05,18:10,Economy Classic (H),3340000
2025-07-13T14:48:36.337Z,VN7232,Boeing 787,SGN,HAN,2025-07-14T00:00:00.000Z,16:55,19:00,Economy Classic (H),3340000
2025-07-13T14:48:42.181Z,VN254,Boeing 787,SGN,HAN,2025-07-14T00:00:00.000Z,17:00,19:10,Economy Classic (H),3340000
2025-07-13T14:48:47.635Z,VN224,Boeing 787,SGN,HAN,2025-07-14T00:00:00.000Z,23:55,02:00,Economy Classic (H),3340000
2025-07-13T14:48:54.227Z,VJ120,Airbus A321,SGN,HAN,2025-07-14T00:00:00.000Z,07:30,09:40,Deluxe (K1_DLX),3376500
2025-07-13T14:49:00.170Z,VJ1126,Airbus A321,SGN,HAN,2025-07-14T00:00:00.000Z,08:10,10:20,Deluxe (K1_DLX),3376500
2025-07-13T14:49:05.806Z,VJ124,Airbus A320-100/200,SGN,HAN,2025-07-14T00:00:00.000Z,09:20,11:30,Deluxe (K1_DLX),3376500
2025-07-13T14:49:10.300Z,VJ1130,Airbus A321,SGN,HAN,2025-07-14T00:00:00.000Z,10:35,12:40,Deluxe (K1_DLX),3376500
2025-07-13T14:49:15.311Z,VJ178,Airbus A330,SGN,HAN,2025-07-14T00:00:00.000Z,11:50,14:00,Deluxe (K1_DLX),3376500
2025-07-13T14:49:20.166Z,VJ198,Airbus A330,SGN,HAN,2025-07-14T00:00:00.000Z,12:30,14:40,Deluxe (K1_DLX),3376500
2025-07-13T14:49:25.953Z,VJ1172,Airbus A330,SGN,HAN,2025-07-14T00:00:00.000Z,12:50,15:00,Deluxe (K1_DLX),3376500
2025-07-13T14:49:31.071Z,VJ1148,Airbus A320-100/200,SGN,HAN,2025-07-14T00:00:00.000Z,14:05,16:10,Deluxe (K1_DLX),3376500
2025-07-13T14:49:35.747Z,VN270,Airbus A321,SGN,HAN,2025-07-14T00:00:00.000Z,01:25,03:30,Economy Classic (S),3545000
2025-07-13T14:49:39.833Z,VN248,Boeing 787,SGN,HAN,2025-07-14T00:00:00.000Z,14:20,16:25,Economy Classic (S),3545000
2025-07-13T14:49:45.190Z,VN250,Boeing 787,SGN,HAN,2025-07-14T00:00:00.000Z,16:05,18:10,Economy Classic (S),3545000
2025-07-13T14:49:50.380Z,VN7232,Boeing 787,SGN,HAN,2025-07-14T00:00:00.000Z,16:55,19:00,Economy Classic (S),3545000
2025-07-13T14:49:56.289Z,VN254,Boeing 787,SGN,HAN,2025-07-14T00:00:00.000Z,17:00,19:10,Economy Classic (S),3545000
2025-07-13T14:50:01.682Z,VN7248,Boeing 787,SGN,HAN,2025-07-14T00:00:00.000Z,17:30,19:35,Economy Classic (S),3545000
2025-07-13T14:50:07.848Z,VN220,Boeing 787,SGN,HAN,2025-07-14T00:00:00.000Z,20:20,22:25,Economy Classic (S),3545000
2025-07-13T14:50:13.068Z,VN224,Boeing 787,SGN,HAN,2025-07-14T00:00:00.000Z,23:55,02:00,Economy Classic (S),3545000
2025-07-13T14:50:18.762Z,VN270,Airbus A321,SGN,HAN,2025-07-14T00:00:00.000Z,01:25,03:30,Economy Flex (M),3718000
2025-07-13T14:50:23.498Z,VN248,Boeing 787,SGN,HAN,2025-07-14T00:00:00.000Z,14:20,16:25,Economy Flex (M),3718000
2025-07-13T14:50:29.579Z,VN250,Boeing 787,SGN,HAN,2025-07-14T00:00:00.000Z,16:05,18:10,Economy Flex (M),3718000
2025-07-13T14:50:45.416Z,VN7232,Boeing 787,SGN,HAN,2025-07-14T00:00:00.000Z,16:55,19:00,Economy Flex (M),3718000
2025-07-13T14:50:50.850Z,VN254,Boeing 787,SGN,HAN,2025-07-14T00:00:00.000Z,17:00,19:10,Economy Flex (M),3718000
2025-07-13T14:50:56.878Z,VN252,Airbus 350,SGN,HAN,2025-07-14T00:00:00.000Z,17:05,19:10,Economy Flex (M),3718000
2025-07-13T14:51:02.472Z,VN7248,Boeing 787,SGN,HAN,2025-07-14T00:00:00.000Z,17:30,19:35,Economy Flex (M),3718000
2025-07-13T14:51:08.247Z,VN220,Boeing 787,SGN,HAN,2025-07-14T00:00:00.000Z,20:20,22:25,Economy Flex (M),3718000
2025-07-13T14:51:14.961Z,VN224,Boeing 787,SGN,HAN,2025-07-14T00:00:00.000Z,23:55,02:00,Economy Flex (M),3718000
2025-07-13T14:51:21.322Z,VJ1198,Airbus A320-100/200,SGN,HAN,2025-07-14T00:00:00.000Z,05:00,07:05,Eco (T1_ECO),3733000
2025-07-13T14:51:28.324Z,VJ190,Airbus A321,SGN,HAN,2025-07-14T00:00:00.000Z,07:10,09:20,Eco (T1_ECO),3733000
2025-07-13T14:51:34.268Z,VJ1162,Airbus A321,SGN,HAN,2025-07-14T00:00:00.000Z,17:10,19:15,Eco (T1_ECO),3733000
2025-07-13T14:51:41.634Z,VJ1158,Airbus A321,SGN,HAN,2025-07-14T00:00:00.000Z,19:55,22:05,Eco (T1_ECO),3733000
2025-07-13T14:51:47.491Z,VJ1176,321H,SGN,HAN,2025-07-14T00:00:00.000Z,20:00,22:10,Eco (T1_ECO),3733000
2025-07-13T14:51:53.367Z,VJ1160,Airbus A321,SGN,HAN,2025-07-14T00:00:00.000Z,20:15,22:20,Eco (T1_ECO),3733000
2025-07-13T14:52:00.404Z,VJ174,Airbus A320-100/200,SGN,HAN,2025-07-14T00:00:00.000Z,21:20,23:30,Eco (T1_ECO),3733000
2025-07-13T15:00:39.489Z,VN210,Boeing 787,SGN,HAN,2025-07-14T00:00:00.000Z,10:00,12:05,Economy Flex (B),3791000
2025-07-13T15:00:44.445Z,VN248,Boeing 787,SGN,HAN,2025-07-14T00:00:00.000Z,14:20,16:25,Economy Flex (B),3791000
2025-07-13T15:00:50.774Z,VN250,Boeing 787,SGN,HAN,2025-07-14T00:00:00.000Z,16:05,18:10,Economy Flex (B),3791000
2025-07-13T15:00:55.998Z,VN216,Boeing 787,SGN,HAN,2025-07-14T00:00:00.000Z,16:35,18:40,Economy Flex (B),3791000
2025-07-13T15:01:01.837Z,VN7232,Boeing 787,SGN,HAN,2025-07-14T00:00:00.000Z,16:55,19:00,Economy Flex (B),3791000
2025-07-13T15:01:07.540Z,VN254,Boeing 787,SGN,HAN,2025-07-14T00:00:00.000Z,17:00,19:10,Economy Flex (B),3791000
2025-07-13T15:01:13.433Z,VN252,Airbus 350,SGN,HAN,2025-07-14T00:00:00.000Z,17:05,19:10,Economy Flex (B),3791000
2025-07-13T15:01:18.968Z,VN7248,Boeing 787,SGN,HAN,2025-07-14T00:00:00.000Z,17:30,19:35,Economy Flex (B),3791000
2025-07-13T15:01:24.561Z,VN218,Boeing 787,SGN,HAN,2025-07-14T00:00:00.000Z,18:00,20:05,Economy Flex (B),3791000
2025-07-13T15:01:30.462Z,VN220,Boeing 787,SGN,HAN,2025-07-14T00:00:00.000Z,20:20,22:25,Economy Flex (B),3791000
2025-07-13T15:01:38.503Z,VN224,Boeing 787,SGN,HAN,2025-07-14T00:00:00.000Z,23:55,02:00,Economy Flex (B),3791000
2025-07-13T15:01:44.233Z,VN148,Airbus A321,SGN,DAD,2025-07-14T00:00:00.000Z,20:45,22:10,Economy Classic (L),3951000
2025-07-13T15:01:49.864Z,VN270,Airbus A321,SGN,HAN,2025-07-14T00:00:00.000Z,01:25,03:30,Premium Economy Classic (U),4007000
2025-07-13T15:01:55.567Z,VN270,Airbus A321,SGN,HAN,2025-07-14T00:00:00.000Z,01:25,03:30,Business Classic (I),4007000
2025-07-13T15:02:00.921Z,VN214,Boeing 787,SGN,HAN,2025-07-14T00:00:00.000Z,14:00,16:05,Premium Economy Classic (U),4007000
2025-07-13T15:02:06.236Z,VN248,Boeing 787,SGN,HAN,2025-07-14T00:00:00.000Z,14:20,16:25,Premium Economy Classic (U),4007000
2025-07-13T15:02:12.043Z,VN212,Airbus 350,SGN,HAN,2025-07-14T00:00:00.000Z,14:20,16:25,Premium Economy Classic (U),4007000
2025-07-13T15:02:17.028Z,VN250,Boeing 787,SGN,HAN,2025-07-14T00:00:00.000Z,16:05,18:10,Premium Economy Classic (U),4007000
2025-07-13T15:02:23.429Z,VN216,Boeing 787,SGN,HAN,2025-07-14T00:00:00.000Z,16:35,18:40,Premium Economy Classic (U),4007000
2025-07-13T15:02:29.467Z,VN7232,Boeing 787,SGN,HAN,2025-07-14T00:00:00.000Z,16:55,19:00,Premium Economy Classic (U),4007000
2025-07-13T15:02:35.904Z,VN254,Boeing 787,SGN,HAN,2025-07-14T00:00:00.000Z,17:00,19:10,Premium Economy Classic (U),4007000
2025-07-13T15:02:42.342Z,VN252,Airbus 350,SGN,HAN,2025-07-14T00:00:00.000Z,17:05,19:10,Premium Economy Classic (U),4007000
2025-07-13T15:02:48.483Z,VN7248,Boeing 787,SGN,HAN,2025-07-14T00:00:00.000Z,17:30,19:35,Premium Economy Classic (U),4007000
2025-07-13T15:02:53.840Z,VN218,Boeing 787,SGN,HAN,2025-07-14T00:00:00.000Z,18:00,20:05,Premium Economy Classic (U),4007000
2025-07-13T15:02:59.633Z,VN220,Boeing 787,SGN,HAN,2025-07-14T00:00:00.000Z,20:20,22:25,Premium Economy Classic (U),4007000
2025-07-13T15:03:04.722Z,VN256,Boeing 787,SGN,HAN,2025-07-14T00:00:00.000Z,20:30,22:35,Premium Economy Classic (U),4007000
2025-07-13T15:03:09.584Z,VN260,Boeing 787,SGN,HAN,2025-07-14T00:00:00.000Z,22:05,00:10,Premium Economy Classic (U),4007000
2025-07-13T15:03:14.960Z,VN260,Boeing 787,SGN,HAN,2025-07-14T00:00:00.000Z,22:05,00:10,Business Classic (I),4007000
2025-07-13T15:03:20.677Z,VN270,Airbus A321,SGN,HAN,2025-07-14T00:00:00.000Z,23:35,01:40,Premium Economy Classic (U),4007000
2025-07-13T15:03:25.713Z,VN270,Airbus A321,SGN,HAN,2025-07-14T00:00:00.000Z,23:35,01:40,Business Classic (I),4007000
2025-07-13T15:03:31.835Z,VN224,Boeing 787,SGN,HAN,2025-07-14T00:00:00.000Z,23:55,02:00,Business Classic (I),4007000
2025-07-13T15:03:37.658Z,VN7112,Airbus A321,SGN,DAD,2025-07-14T00:00:00.000Z,20:00,21:25,Economy Classic (K),4199000
2025-07-13T15:03:43.686Z,VN148,Airbus A321,SGN,DAD,2025-07-14T00:00:00.000Z,20:45,22:10,Economy Classic (K),4199000
2025-07-13T15:03:48.514Z,VJ1198,Airbus A320-100/200,SGN,HAN,2025-07-14T00:00:00.000Z,05:00,07:05,Deluxe (T1_DLX),4327000
2025-07-13T15:04:04.989Z,VJ190,Airbus A321,SGN,HAN,2025-07-14T00:00:00.000Z,07:10,09:20,Deluxe (T1_DLX),4327000
2025-07-13T15:04:11.032Z,VJ1162,Airbus A321,SGN,HAN,2025-07-14T00:00:00.000Z,17:10,19:15,Deluxe (T1_DLX),4327000
2025-07-13T15:04:16.822Z,VJ1158,Airbus A321,SGN,HAN,2025-07-14T00:00:00.000Z,19:55,22:05,Deluxe (T1_DLX),4327000
2025-07-13T15:04:21.861Z,VJ1176,321H,SGN,HAN,2025-07-14T00:00:00.000Z,20:00,22:10,Deluxe (T1_DLX),4327000
2025-07-13T15:04:28.007Z,VJ1160,Airbus A321,SGN,HAN,2025-07-14T00:00:00.000Z,20:15,22:20,Deluxe (T1_DLX),4327000
2025-07-13T15:04:33.851Z,VJ174,Airbus A320-100/200,SGN,HAN,2025-07-14T00:00:00.000Z,21:20,23:30,Deluxe (T1_DLX),4327000
2025-07-13T15:04:40.821Z,VJ172,Airbus A321,SGN,HAN,2025-07-14T00:00:00.000Z,22:10,00:20,Deluxe (T1_DLX),4327000
2025-07-13T15:04:46.021Z,VJ1170,Airbus A320-100/200,SGN,HAN,2025-07-14T00:00:00.000Z,23:45,01:55,Deluxe (T1_DLX),4327000
2025-07-13T15:04:51.681Z,VN7112,Airbus A321,SGN,DAD,2025-07-14T00:00:00.000Z,20:00,21:25,Economy Classic (H),4437000
2025-07-13T15:04:57.266Z,VN148,Airbus A321,SGN,DAD,2025-07-14T00:00:00.000Z,20:45,22:10,Economy Classic (H),4437000
2025-07-13T15:05:02.422Z,VN270,Airbus A321,SGN,HAN,2025-07-14T00:00:00.000Z,01:25,03:30,Premium Economy Classic (Z),4547000
2025-07-13T15:05:08.398Z,VN6002,Airbus A321,SGN,HAN,2025-07-14T00:00:00.000Z,04:55,07:05,(Z),4547000
2025-07-13T15:05:14.467Z,VN240,Boeing 787,SGN,HAN,2025-07-14T00:00:00.000Z,07:00,09:05,Premium Economy Classic (Z),4547000
2025-07-13T15:05:20.138Z,VN6014,Airbus A321,SGN,HAN,2025-07-14T00:00:00.000Z,07:00,09:10,(Z),4547000
2025-07-13T15:05:25.605Z,VN214,Boeing 787,SGN,HAN,2025-07-14T00:00:00.000Z,14:00,16:05,Premium Economy Classic (Z),4547000
2025-07-13T15:05:30.664Z,VN248,Boeing 787,SGN,HAN,2025-07-14T00:00:00.000Z,14:20,16:25,Premium Economy Classic (Z),4547000
2025-07-13T15:05:36.254Z,VN212,Airbus 350,SGN,HAN,2025-07-14T00:00:00.000Z,14:20,16:25,Premium Economy Classic (Z),4547000
2025-07-13T15:05:41.409Z,VN250,Boeing 787,SGN,HAN,2025-07-14T00:00:00.000Z,16:05,18:10,Premium Economy Classic (Z),4547000
2025-07-13T15:05:45.988Z,VN216,Boeing 787,SGN,HAN,2025-07-14T00:00:00.000Z,16:35,18:40,Premium Economy Classic (Z),4547000
2025-07-13T15:05:51.105Z,VN7232,Boeing 787,SGN,HAN,2025-07-14T00:00:00.000Z,16:55,19:00,Premium Economy Classic (Z),4547000
2025-07-13T15:05:56.231Z,VN254,Boeing 787,SGN,HAN,2025-07-14T00:00:00.000Z,17:00,19:10,Premium Economy Classic (Z),4547000
2025-07-13T15:06:02.651Z,VN252,Airbus 350,SGN,HAN,2025-07-14T00:00:00.000Z,17:05,19:10,Premium Economy Classic (Z),4547000
2025-07-13T15:06:07.958Z,VN7248,Boeing 787,SGN,HAN,2025-07-14T00:00:00.000Z,17:30,19:35,Premium Economy Classic (Z),4547000
2025-07-13T15:06:12.706Z,VN218,Boeing 787,SGN,HAN,2025-07-14T00:00:00.000Z,18:00,20:05,Premium Economy Classic (Z),4547000
2025-07-13T15:06:17.692Z,VN220,Boeing 787,SGN,HAN,2025-07-14T00:00:00.000Z,20:20,22:25,Premium Economy Classic (Z),4547000
2025-07-13T15:06:23.423Z,VN256,Boeing 787,SGN,HAN,2025-07-14T00:00:00.000Z,20:30,22:35,Premium Economy Classic (Z),4547000
2025-07-13T15:06:28.890Z,VN260,Boeing 787,SGN,HAN,2025-07-14T00:00:00.000Z,22:05,00:10,Premium Economy Classic (Z),4547000
2025-07-13T15:06:34.124Z,VN270,Airbus A321,SGN,HAN,2025-07-14T00:00:00.000Z,23:35,01:40,Premium Economy Classic (Z),4547000
2025-07-13T15:06:38.980Z,VN7112,Airbus A321,SGN,DAD,2025-07-14T00:00:00.000Z,20:00,21:25,Economy Classic (S),4664000
2025-07-13T15:06:42.839Z,VN7126,Boeing 787,SGN,DAD,2025-07-14T00:00:00.000Z,20:00,21:25,Economy Classic (S),4664000
2025-07-13T15:06:47.078Z,VN148,Airbus A321,SGN,DAD,2025-07-14T00:00:00.000Z,20:45,22:10,Economy Classic (S),4664000
2025-07-13T15:06:52.336Z,VN270,Airbus A321,SGN,HAN,2025-07-14T00:00:00.000Z,01:25,03:30,Business Classic (D),4763000
2025-07-13T15:06:58.002Z,VN6002,Airbus A321,SGN,HAN,2025-07-14T00:00:00.000Z,04:55,07:05,(D),4763000
2025-07-13T15:07:03.983Z,VN260,Boeing 787,SGN,HAN,2025-07-14T00:00:00.000Z,22:05,00:10,Business Classic (D),4763000
2025-07-13T15:07:09.052Z,VN270,Airbus A321,SGN,HAN,2025-07-14T00:00:00.000Z,23:35,01:40,Business Classic (D),4763000
2025-07-13T15:07:14.689Z,VN224,Boeing 787,SGN,HAN,2025-07-14T00:00:00.000Z,23:55,02:00,Business Classic (D),4763000
2025-07-13T15:07:19.752Z,VN142,Airbus A320-100/200,SGN,DAD,2025-07-14T00:00:00.000Z,19:00,20:25,Economy Flex (M),4826000
2025-07-13T15:07:24.983Z,VN7112,Airbus A321,SGN,DAD,2025-07-14T00:00:00.000Z,20:00,21:25,Economy Flex (M),4826000
2025-07-13T15:07:30.129Z,VN7126,Boeing 787,SGN,DAD,2025-07-14T00:00:00.000Z,20:00,21:25,Economy Flex (M),4826000
2025-07-13T15:07:34.628Z,VN7112,Airbus A321,SGN,DAD,2025-07-14T00:00:00.000Z,20:00,21:25,Economy Flex (M),4826000
2025-07-13T15:07:39.630Z,VN7126,Boeing 787,SGN,DAD,2025-07-14T00:00:00.000Z,20:00,21:25,Economy Flex (M),4826000
2025-07-13T15:07:45.724Z,VN148,Airbus A321,SGN,DAD,2025-07-14T00:00:00.000Z,20:45,22:10,Economy Flex (M),4826000
2025-07-13T15:07:51.869Z,VN142,Airbus A320-100/200,SGN,DAD,2025-07-14T00:00:00.000Z,19:00,20:25,Economy Flex (B),4929000
2025-07-13T15:07:57.418Z,VN7112,Airbus A321,SGN,DAD,2025-07-14T00:00:00.000Z,20:00,21:25,Economy Flex (B),4929000
2025-07-13T15:08:02.802Z,VN7126,Boeing 787,SGN,DAD,2025-07-14T00:00:00.000Z,20:00,21:25,Economy Flex (B),4929000
2025-07-13T15:08:07.117Z,VN7112,Airbus A321,SGN,DAD,2025-07-14T00:00:00.000Z,20:00,21:25,Economy Flex (B),4929000
2025-07-13T15:08:11.893Z,VN7126,Boeing 787,SGN,DAD,2025-07-14T00:00:00.000Z,20:00,21:25,Economy Flex (B),4929000
2025-07-13T15:08:18.220Z,VN148,Airbus A321,SGN,DAD,2025-07-14T00:00:00.000Z,20:45,22:10,Economy Flex (B),4929000
2025-07-13T15:08:24.137Z,VJ1198,Airbus A320-100/200,SGN,HAN,2025-07-14T00:00:00.000Z,05:00,07:05,SkyBoss (Y_SBoss),5050500
2025-07-13T15:08:30.134Z,VJ196,Airbus A321,SGN,HAN,2025-07-14T00:00:00.000Z,06:15,08:25,SkyBoss (Y_SBoss),5050500
2025-07-13T15:08:46.443Z,VJ190,Airbus A321,SGN,HAN,2025-07-14T00:00:00.000Z,07:10,09:20,SkyBoss (Y_SBoss),5050500
2025-07-13T15:08:51.434Z,VJ120,Airbus A321,SGN,HAN,2025-07-14T00:00:00.000Z,07:30,09:40,SkyBoss (Y_SBoss),5050500
2025-07-13T15:08:59.622Z,VJ1126,Airbus A321,SGN,HAN,2025-07-14T00:00:00.000Z,08:10,10:20,SkyBoss (Y_SBoss),5050500
2025-07-13T15:09:05.380Z,VJ124,Airbus A320-100/200,SGN,HAN,2025-07-14T00:00:00.000Z,09:20,11:30,SkyBoss (Y_SBoss),5050500
2025-07-13T15:09:10.886Z,VJ1130,Airbus A321,SGN,HAN,2025-07-14T00:00:00.000Z,10:35,12:40,SkyBoss (Y_SBoss),5050500
2025-07-13T15:09:16.258Z,VJ178,Airbus A330,SGN,HAN,2025-07-14T00:00:00.000Z,11:50,14:00,SkyBoss (Y_SBoss),5050500
2025-07-13T15:09:21.678Z,VJ198,Airbus A330,SGN,HAN,2025-07-14T00:00:00.000Z,12:30,14:40,SkyBoss (Y_SBoss),5050500
2025-07-13T15:09:29.319Z,VJ1172,Airbus A330,SGN,HAN,2025-07-14T00:00:00.000Z,12:50,15:00,SkyBoss (Y_SBoss),5050500
2025-07-13T15:09:34.532Z,VJ1148,Airbus A320-100/200,SGN,HAN,2025-07-14T00:00:00.000Z,14:05,16:10,SkyBoss (Y_SBoss),5050500
2025-07-13T15:09:41.237Z,VJ146,Airbus A321,SGN,HAN,2025-07-14T00:00:00.000Z,15:25,17:35,SkyBoss (Y_SBoss),5050500
2025-07-13T15:09:47.818Z,VJ150,Airbus A321,SGN,HAN,2025-07-14T00:00:00.000Z,16:05,18:15,SkyBoss (Y_SBoss),5050500
2025-07-13T15:09:53.306Z,VJ1162,Airbus A321,SGN,HAN,2025-07-14T00:00:00.000Z,17:10,19:15,SkyBoss (Y_SBoss),5050500
2025-07-13T15:09:58.866Z,VJ1152,Airbus A321,SGN,HAN,2025-07-14T00:00:00.000Z,17:20,19:30,SkyBoss (Y_SBoss),5050500
2025-07-13T15:10:03.928Z,VJ1158,Airbus A321,SGN,HAN,2025-07-14T00:00:00.000Z,19:55,22:05,SkyBoss (Y_SBoss),5050500
2025-07-13T15:10:09.504Z,VJ1176,321H,SGN,HAN,2025-07-14T00:00:00.000Z,20:00,22:10,SkyBoss (Y_SBoss),5050500
2025-07-13T15:10:15.669Z,VJ1160,Airbus A321,SGN,HAN,2025-07-14T00:00:00.000Z,20:15,22:20,SkyBoss (Y_SBoss),5050500
2025-07-13T15:10:22.419Z,VJ174,Airbus A320-100/200,SGN,HAN,2025-07-14T00:00:00.000Z,21:20,23:30,SkyBoss (Y_SBoss),5050500
2025-07-13T15:10:27.563Z,VJ172,Airbus A321,SGN,HAN,2025-07-14T00:00:00.000Z,22:10,00:20,SkyBoss (Y_SBoss),5050500
2025-07-13T15:10:33.823Z,VJ1170,Airbus A320-100/200,SGN,HAN,2025-07-14T00:00:00.000Z,23:45,01:55,SkyBoss (Y_SBoss),5050500
2025-07-13T15:10:39.033Z,VN142,Airbus A320-100/200,SGN,DAD,2025-07-14T00:00:00.000Z,19:00,20:25,Premium Economy Classic (U),5145000
2025-07-13T15:10:43.292Z,VN7112,Airbus A321,SGN,DAD,2025-07-14T00:00:00.000Z,20:00,21:25,Premium Economy Classic (U),5145000
2025-07-13T15:10:49.590Z,VN7126,Boeing 787,SGN,DAD,2025-07-14T00:00:00.000Z,20:00,21:25,Premium Economy Classic (U),5145000
2025-07-13T15:10:56.093Z,VN7112,Airbus A321,SGN,DAD,2025-07-14T00:00:00.000Z,20:00,21:25,Premium Economy Classic (U),5145000
2025-07-13T15:11:00.810Z,VN7126,Boeing 787,SGN,DAD,2025-07-14T00:00:00.000Z,20:00,21:25,Premium Economy Classic (U),5145000
2025-07-13T15:11:06.421Z,VN148,Airbus A321,SGN,DAD,2025-07-14T00:00:00.000Z,20:45,22:10,Premium Economy Classic (U),5145000
2025-07-13T15:11:11.797Z,VN270,Airbus A321,SGN,HAN,2025-07-14T00:00:00.000Z,01:25,03:30,Premium Economy Flex (W),5411000
2025-07-13T15:11:17.660Z,VN6002,Airbus A321,SGN,HAN,2025-07-14T00:00:00.000Z,04:55,07:05,(W),5411000
2025-07-13T15:11:24.115Z,VN206,Airbus A350-900,SGN,HAN,2025-07-14T00:00:00.000Z,06:00,08:05,Premium Economy Flex (W),5411000
2025-07-13T15:11:29.150Z,VN240,Boeing 787,SGN,HAN,2025-07-14T00:00:00.000Z,07:00,09:05,Premium Economy Flex (W),5411000
2025-07-13T15:11:34.298Z,VN6014,Airbus A321,SGN,HAN,2025-07-14T00:00:00.000Z,07:00,09:10,(W),5411000
2025-07-13T15:11:39.825Z,VN208,Boeing 787,SGN,HAN,2025-07-14T00:00:00.000Z,08:00,10:05,Premium Economy Flex (W),5411000
2025-07-13T15:11:45.644Z,VN244,Airbus 350,SGN,HAN,2025-07-14T00:00:00.000Z,09:20,11:25,Premium Economy Flex (W),5411000
2025-07-13T15:11:50.573Z,VN210,Boeing 787,SGN,HAN,2025-07-14T00:00:00.000Z,10:00,12:05,Premium Economy Flex (W),5411000
2025-07-13T15:11:56.433Z,VN214,Boeing 787,SGN,HAN,2025-07-14T00:00:00.000Z,14:00,16:05,Premium Economy Flex (W),5411000
2025-07-13T15:12:02.696Z,VN248,Boeing 787,SGN,HAN,2025-07-14T00:00:00.000Z,14:20,16:25,Premium Economy Flex (W),5411000
2025-07-13T15:12:07.960Z,VN212,Airbus 350,SGN,HAN,2025-07-14T00:00:00.000Z,14:20,16:25,Premium Economy Flex (W),5411000
2025-07-13T15:12:14.526Z,VN250,Boeing 787,SGN,HAN,2025-07-14T00:00:00.000Z,16:05,18:10,Premium Economy Flex (W),5411000
2025-07-13T15:12:19.739Z,VN216,Boeing 787,SGN,HAN,2025-07-14T00:00:00.000Z,16:35,18:40,Premium Economy Flex (W),5411000
2025-07-13T15:12:24.723Z,VN7232,Boeing 787,SGN,HAN,2025-07-14T00:00:00.000Z,16:55,19:00,Premium Economy Flex (W),5411000
2025-07-13T15:12:29.618Z,VN254,Boeing 787,SGN,HAN,2025-07-14T00:00:00.000Z,17:00,19:10,Premium Economy Flex (W),5411000
2025-07-13T15:12:35.293Z,VN252,Airbus 350,SGN,HAN,2025-07-14T00:00:00.000Z,17:05,19:10,Premium Economy Flex (W),5411000
2025-07-13T15:12:40.339Z,VN7248,Boeing 787,SGN,HAN,2025-07-14T00:00:00.000Z,17:30,19:35,Premium Economy Flex (W),5411000
2025-07-13T15:12:46.248Z,VN218,Boeing 787,SGN,HAN,2025-07-14T00:00:00.000Z,18:00,20:05,Premium Economy Flex (W),5411000
2025-07-13T15:12:50.934Z,VN258,Boeing 787,SGN,HAN,2025-07-14T00:00:00.000Z,19:00,21:05,Premium Economy Flex (W),5411000
2025-07-13T15:12:56.139Z,VN220,Boeing 787,SGN,HAN,2025-07-14T00:00:00.000Z,20:20,22:25,Premium Economy Flex (W),5411000
2025-07-13T15:13:01.617Z,VN256,Boeing 787,SGN,HAN,2025-07-14T00:00:00.000Z,20:30,22:35,Premium Economy Flex (W),5411000
2025-07-13T15:13:07.430Z,VN260,Boeing 787,SGN,HAN,2025-07-14T00:00:00.000Z,22:05,00:10,Premium Economy Flex (W),5411000
2025-07-13T15:13:12.889Z,VN270,Airbus A321,SGN,HAN,2025-07-14T00:00:00.000Z,23:35,01:40,Premium Economy Flex (W),5411000
2025-07-13T15:13:18.393Z,VN6014,Airbus A321,SGN,HAN,2025-07-14T00:00:00.000Z,07:00,09:10,(I),5910000
2025-07-13T15:13:23.488Z,VN220,Boeing 787,SGN,HAN,2025-07-14T00:00:00.000Z,20:20,22:25,Business Classic (I),5910000
2025-07-13T15:13:39.808Z,VN256,Boeing 787,SGN,HAN,2025-07-14T00:00:00.000Z,20:30,22:35,Business Classic (I),5910000
2025-07-13T15:13:45.309Z,VN142,Airbus A320-100/200,SGN,DAD,2025-07-14T00:00:00.000Z,19:00,20:25,Premium Economy Classic (Z),6225000
2025-07-13T15:13:50.710Z,VN7112,Airbus A321,SGN,DAD,2025-07-14T00:00:00.000Z,20:00,21:25,Premium Economy Classic (Z),6225000
2025-07-13T15:13:56.109Z,VN7126,Boeing 787,SGN,DAD,2025-07-14T00:00:00.000Z,20:00,21:25,Premium Economy Classic (Z),6225000
2025-07-13T15:14:00.921Z,VN7112,Airbus A321,SGN,DAD,2025-07-14T00:00:00.000Z,20:00,21:25,Premium Economy Classic (Z),6225000
2025-07-13T15:14:06.746Z,VN7126,Boeing 787,SGN,DAD,2025-07-14T00:00:00.000Z,20:00,21:25,Premium Economy Classic (Z),6225000
2025-07-13T15:14:11.233Z,VN148,Airbus A321,SGN,DAD,2025-07-14T00:00:00.000Z,20:45,22:10,Premium Economy Classic (Z),6225000
2025-07-13T15:14:15.780Z,VN6014,Airbus A321,SGN,HAN,2025-07-14T00:00:00.000Z,07:00,09:10,(D),6450000
2025-07-13T15:14:21.361Z,VN220,Boeing 787,SGN,HAN,2025-07-14T00:00:00.000Z,20:20,22:25,Business Classic (D),6450000
2025-07-13T15:14:26.089Z,VN256,Boeing 787,SGN,HAN,2025-07-14T00:00:00.000Z,20:30,22:35,Business Classic (D),6450000
2025-07-13T15:14:31.924Z,VJ1180,Airbus A330,SGN,HAN,2025-07-14T00:00:00.000Z,06:30,08:40,SkybossBusiness (C_Boss),6454500
2025-07-13T15:14:37.313Z,VJ178,Airbus A330,SGN,HAN,2025-07-14T00:00:00.000Z,11:50,14:00,SkybossBusiness (C_Boss),6454500
2025-07-13T15:14:42.761Z,VJ198,Airbus A330,SGN,HAN,2025-07-14T00:00:00.000Z,12:30,14:40,SkybossBusiness (C_Boss),6454500
2025-07-13T15:14:49.371Z,VJ1172,Airbus A330,SGN,HAN,2025-07-14T00:00:00.000Z,12:50,15:00,SkybossBusiness (C_Boss),6454500
2025-07-13T15:14:54.560Z,VN136,Airbus A321,SGN,DAD,2025-07-14T00:00:00.000Z,16:00,17:25,Premium Economy Flex (W),7089000
2025-07-13T15:15:00.571Z,VN142,Airbus A320-100/200,SGN,DAD,2025-07-14T00:00:00.000Z,19:00,20:25,Premium Economy Flex (W),7089000
2025-07-13T15:15:05.584Z,VN7112,Airbus A321,SGN,DAD,2025-07-14T00:00:00.000Z,20:00,21:25,Premium Economy Flex (W),7089000
2025-07-13T15:15:11.328Z,VN7126,Boeing 787,SGN,DAD,2025-07-14T00:00:00.000Z,20:00,21:25,Premium Economy Flex (W),7089000
2025-07-13T15:15:17.798Z,VN7112,Airbus A321,SGN,DAD,2025-07-14T00:00:00.000Z,20:00,21:25,Premium Economy Flex (W),7089000
2025-07-13T15:15:22.958Z,VN7126,Boeing 787,SGN,DAD,2025-07-14T00:00:00.000Z,20:00,21:25,Premium Economy Flex (W),7089000
2025-07-13T15:15:28.076Z,VN148,Airbus A321,SGN,DAD,2025-07-14T00:00:00.000Z,20:45,22:10,Premium Economy Flex (W),7089000
2025-07-13T15:15:33.478Z,VN7112,Airbus A321,SGN,DAD,2025-07-14T00:00:00.000Z,20:00,21:25,Business Classic (I),7115000
2025-07-13T15:15:39.327Z,VN7126,Boeing 787,SGN,DAD,2025-07-14T00:00:00.000Z,20:00,21:25,Business Classic (I),7115000
2025-07-13T15:15:45.093Z,VN7112,Airbus A321,SGN,DAD,2025-07-14T00:00:00.000Z,20:00,21:25,Business Classic (I),7115000
2025-07-13T15:15:50.651Z,VN7126,Boeing 787,SGN,DAD,2025-07-14T00:00:00.000Z,20:00,21:25,Business Classic (I),7115000
2025-07-13T15:15:57.059Z,VN148,Airbus A321,SGN,DAD,2025-07-14T00:00:00.000Z,20:45,22:10,Business Classic (I),7115000
2025-07-13T15:16:03.036Z,VN270,Airbus A321,SGN,HAN,2025-07-14T00:00:00.000Z,01:25,03:30,Business Flex (C),7638000
2025-07-13T15:16:07.762Z,VN6002,Airbus A321,SGN,HAN,2025-07-14T00:00:00.000Z,04:55,07:05,(C),7638000
2025-07-13T15:16:12.586Z,VN6014,Airbus A321,SGN,HAN,2025-07-14T00:00:00.000Z,07:00,09:10,(C),7638000
2025-07-13T15:16:18.012Z,VN220,Boeing 787,SGN,HAN,2025-07-14T00:00:00.000Z,20:20,22:25,Business Flex (C),7638000
2025-07-13T15:16:23.107Z,VN256,Boeing 787,SGN,HAN,2025-07-14T00:00:00.000Z,20:30,22:35,Business Flex (C),7638000
2025-07-13T15:16:28.012Z,VN260,Boeing 787,SGN,HAN,2025-07-14T00:00:00.000Z,22:05,00:10,Business Flex (C),7638000
2025-07-13T15:16:32.983Z,VN270,Airbus A321,SGN,HAN,2025-07-14T00:00:00.000Z,23:35,01:40,Business Flex (C),7638000
2025-07-13T15:16:38.910Z,VN224,Boeing 787,SGN,HAN,2025-07-14T00:00:00.000Z,23:55,02:00,Business Flex (C),7638000
2025-07-13T15:16:43.541Z,VN7112,Airbus A321,SGN,DAD,2025-07-14T00:00:00.000Z,20:00,21:25,Business Classic (D),7763000
2025-07-13T15:16:49.281Z,VN7126,Boeing 787,SGN,DAD,2025-07-14T00:00:00.000Z,20:00,21:25,Business Classic (D),7763000
2025-07-13T15:16:54.810Z,VN7112,Airbus A321,SGN,DAD,2025-07-14T00:00:00.000Z,20:00,21:25,Business Classic (D),7763000
2025-07-13T15:17:00.370Z,VN7126,Boeing 787,SGN,DAD,2025-07-14T00:00:00.000Z,20:00,21:25,Business Classic (D),7763000
2025-07-13T15:17:05.954Z,VN148,Airbus A321,SGN,DAD,2025-07-14T00:00:00.000Z,20:45,22:10,Business Classic (D),7763000
2025-07-13T15:17:12.350Z,VN106,Airbus A321,SGN,DAD,2025-07-14T00:00:00.000Z,05:45,07:10,Business Flex (C),8627000
2025-07-13T15:17:18.209Z,VN136,Airbus A321,SGN,DAD,2025-07-14T00:00:00.000Z,16:00,17:25,Business Flex (C),8627000
2025-07-13T15:17:23.237Z,VN7112,Airbus A321,SGN,DAD,2025-07-14T00:00:00.000Z,20:00,21:25,Business Flex (C),8627000
2025-07-13T15:17:28.582Z,VN7126,Boeing 787,SGN,DAD,2025-07-14T00:00:00.000Z,20:00,21:25,Business Flex (C),8627000
2025-07-13T15:17:35.231Z,VN7112,Airbus A321,SGN,DAD,2025-07-14T00:00:00.000Z,20:00,21:25,Business Flex (C),8627000
2025-07-13T15:17:41.151Z,VN7126,Boeing 787,SGN,DAD,2025-07-14T00:00:00.000Z,20:00,21:25,Business Flex (C),8627000
2025-07-13T15:17:46.716Z,VN148,Airbus A321,SGN,DAD,2025-07-14T00:00:00.000Z,20:45,22:10,Business Flex (C),8627000
2025-07-13T15:17:51.186Z,VN270,Airbus A321,SGN,HAN,2025-07-14T00:00:00.000Z,01:25,03:30,Business Flex (J),8826000
2025-07-13T15:17:56.712Z,VN6002,Airbus A321,SGN,HAN,2025-07-14T00:00:00.000Z,04:55,07:05,(J),8826000
2025-07-13T15:18:02.475Z,VN6014,Airbus A321,SGN,HAN,2025-07-14T00:00:00.000Z,07:00,09:10,(J),8826000
2025-07-13T15:18:07.960Z,VN208,Boeing 787,SGN,HAN,2025-07-14T00:00:00.000Z,08:00,10:05,Business Flex (J),8826000
2025-07-13T15:18:24.972Z,VN244,Airbus 350,SGN,HAN,2025-07-14T00:00:00.000Z,09:20,11:25,Business Flex (J),8826000
2025-07-13T15:18:29.916Z,VN214,Boeing 787,SGN,HAN,2025-07-14T00:00:00.000Z,14:00,16:05,Business Flex (J),8826000
2025-07-13T15:18:34.380Z,VN248,Boeing 787,SGN,HAN,2025-07-14T00:00:00.000Z,14:20,16:25,Business Flex (J),8826000
2025-07-13T15:18:39.711Z,VN212,Airbus 350,SGN,HAN,2025-07-14T00:00:00.000Z,14:20,16:25,Business Flex (J),8826000
2025-07-13T15:18:44.913Z,VN250,Boeing 787,SGN,HAN,2025-07-14T00:00:00.000Z,16:05,18:10,Business Flex (J),8826000
2025-07-13T15:18:50.807Z,VN216,Boeing 787,SGN,HAN,2025-07-14T00:00:00.000Z,16:35,18:40,Business Flex (J),8826000
2025-07-13T15:18:55.896Z,VN7232,Boeing 787,SGN,HAN,2025-07-14T00:00:00.000Z,16:55,19:00,Business Flex (J),8826000
2025-07-13T15:19:01.491Z,VN254,Boeing 787,SGN,HAN,2025-07-14T00:00:00.000Z,17:00,19:10,Business Flex (J),8826000
2025-07-13T15:19:06.802Z,VN252,Airbus 350,SGN,HAN,2025-07-14T00:00:00.000Z,17:05,19:10,Business Flex (J),8826000
2025-07-13T15:19:13.512Z,VN7248,Boeing 787,SGN,HAN,2025-07-14T00:00:00.000Z,17:30,19:35,Business Flex (J),8826000
2025-07-13T15:19:18.408Z,VN218,Boeing 787,SGN,HAN,2025-07-14T00:00:00.000Z,18:00,20:05,Business Flex (J),8826000
2025-07-13T15:19:24.201Z,VN258,Boeing 787,SGN,HAN,2025-07-14T00:00:00.000Z,19:00,21:05,Business Flex (J),8826000
2025-07-13T15:19:29.981Z,VN220,Boeing 787,SGN,HAN,2025-07-14T00:00:00.000Z,20:20,22:25,Business Flex (J),8826000
2025-07-13T15:19:34.634Z,VN256,Boeing 787,SGN,HAN,2025-07-14T00:00:00.000Z,20:30,22:35,Business Flex (J),8826000
2025-07-13T15:19:40.322Z,VN260,Boeing 787,SGN,HAN,2025-07-14T00:00:00.000Z,22:05,00:10,Business Flex (J),8826000
2025-07-13T15:19:44.475Z,VN270,Airbus A321,SGN,HAN,2025-07-14T00:00:00.000Z,23:35,01:40,Business Flex (J),8826000
2025-07-13T15:19:50.846Z,VN224,Boeing 787,SGN,HAN,2025-07-14T00:00:00.000Z,23:55,02:00,Business Flex (J),8826000

2025-07-16T14:08:14.673Z,QH284,Airbus A321,SGN,HAN,2025-07-17T00:00:00.000Z,21:35,23:45,EconomySmart (Q),1800000
2025-07-16T14:08:14.673Z,VJ1160,Airbus A320-100/200,SGN,HAN,2025-07-17T00:00:00.000Z,20:05,22:10,Eco (U1_ECO),1854000
2025-07-16T14:08:14.673Z,VJ1174,Airbus A320-100/200,SGN,HAN,2025-07-17T00:00:00.000Z,20:30,22:40,Eco (U1_ECO),1854000
2025-07-16T14:08:14.673Z,QH254,Airbus A321,SGN,HAN,2025-07-17T00:00:00.000Z,15:45,17:55,EconomySmart (N),1994000
2025-07-16T14:08:14.673Z,QH262,Airbus A320-100/200,SGN,HAN,2025-07-17T00:00:00.000Z,17:55,20:05,EconomySmart (N),1994000
2025-07-16T14:08:14.673Z,QH268,Boeing 737 All Series Passenger,SGN,HAN,2025-07-17T00:00:00.000Z,19:15,21:25,EconomySmart (N),1994000
2025-07-16T14:08:14.673Z,QH272,Airbus A321,SGN,HAN,2025-07-17T00:00:00.000Z,20:05,22:15,EconomySmart (N),1994000
2025-07-16T14:08:14.673Z,VJ1128,Airbus A330,SGN,HAN,2025-07-17T00:00:00.000Z,06:00,08:10,Eco (J1_ECO),2026500
2025-07-16T14:08:14.673Z,VJ120,Airbus A320-100/200,SGN,HAN,2025-07-17T00:00:00.000Z,07:30,09:40,Eco (J1_ECO),2026500
2025-07-16T14:08:14.673Z,VJ1126,Airbus A321,SGN,HAN,2025-07-17T00:00:00.000Z,08:10,10:20,Eco (J1_ECO),2026500
2025-07-16T14:08:14.673Z,VJ124,Airbus A321,SGN,HAN,2025-07-17T00:00:00.000Z,09:20,11:30,Eco (J1_ECO),2026500
2025-07-16T14:08:14.673Z,VJ1140,Airbus A330,SGN,HAN,2025-07-17T00:00:00.000Z,11:25,13:35,Eco (J1_ECO),2026500
2025-07-16T14:08:14.673Z,VJ198,Airbus A330,SGN,HAN,2025-07-17T00:00:00.000Z,12:10,14:20,Eco (J1_ECO),2026500
2025-07-16T14:08:14.673Z,VJ150,Airbus A321,SGN,HAN,2025-07-17T00:00:00.000Z,16:05,18:15,Eco (J1_ECO),2026500
2025-07-16T14:08:14.673Z,VJ1156,Airbus A321,SGN,HAN,2025-07-17T00:00:00.000Z,18:45,20:55,Eco (J1_ECO),2026500
2025-07-16T14:08:14.673Z,QH202,Airbus A321,SGN,HAN,2025-07-17T00:00:00.000Z,05:25,07:35,EconomySmart (M),2178000
2025-07-16T14:08:14.673Z,QH204,Boeing 737 All Series Passenger,SGN,HAN,2025-07-17T00:00:00.000Z,07:10,09:20,EconomySmart (M),2178000
2025-07-16T14:08:14.673Z,QH224,Airbus A320-100/200,SGN,HAN,2025-07-17T00:00:00.000Z,10:40,12:50,EconomySmart (M),2178000
2025-07-16T14:08:14.673Z,QH228,Airbus A321,SGN,HAN,2025-07-17T00:00:00.000Z,11:00,13:10,EconomySmart (M),2178000
2025-07-16T14:08:14.673Z,QH242,Boeing 737 All Series Passenger,SGN,HAN,2025-07-17T00:00:00.000Z,13:10,15:20,EconomySmart (M),2178000
2025-07-16T14:08:14.673Z,VJ1198,Airbus A320-100/200,SGN,HAN,2025-07-17T00:00:00.000Z,05:00,07:10,Eco (I1_ECO),2188500
2025-07-16T14:08:14.673Z,VJ148,Airbus A320-100/200,SGN,HAN,2025-07-17T00:00:00.000Z,14:05,16:10,Eco (I1_ECO),2188500
2025-07-16T14:08:14.673Z,VJ146,Airbus A321,SGN,HAN,2025-07-17T00:00:00.000Z,15:25,17:35,Eco (I1_ECO),2188500
2025-07-16T14:08:14.673Z,VJ1160,Airbus A320-100/200,SGN,HAN,2025-07-17T00:00:00.000Z,20:05,22:10,Deluxe (U1_DLX),2448000
2025-07-16T14:08:14.673Z,VJ1174,Airbus A320-100/200,SGN,HAN,2025-07-17T00:00:00.000Z,20:30,22:40,Deluxe (U1_DLX),2448000
2025-07-16T14:08:14.673Z,VJ1128,Airbus A330,SGN,HAN,2025-07-17T00:00:00.000Z,06:00,08:10,Deluxe (J1_DLX),2620500
2025-07-16T14:08:14.673Z,VJ120,Airbus A320-100/200,SGN,HAN,2025-07-17T00:00:00.000Z,07:30,09:40,Deluxe (J1_DLX),2620500
2025-07-16T14:08:14.673Z,VJ1126,Airbus A321,SGN,HAN,2025-07-17T00:00:00.000Z,08:10,10:20,Deluxe (J1_DLX),2620500
2025-07-16T14:08:14.673Z,VJ124,Airbus A321,SGN,HAN,2025-07-17T00:00:00.000Z,09:20,11:30,Deluxe (J1_DLX),2620500
2025-07-16T14:08:14.673Z,VJ1140,Airbus A330,SGN,HAN,2025-07-17T00:00:00.000Z,11:25,13:35,Deluxe (J1_DLX),2620500
2025-07-16T14:08:14.673Z,VJ198,Airbus A330,SGN,HAN,2025-07-17T00:00:00.000Z,12:10,14:20,Deluxe (J1_DLX),2620500
2025-07-16T14:08:14.673Z,VJ150,Airbus A321,SGN,HAN,2025-07-17T00:00:00.000Z,16:05,18:15,Deluxe (J1_DLX),2620500
2025-07-16T14:08:14.673Z,VJ1156,Airbus A321,SGN,HAN,2025-07-17T00:00:00.000Z,18:45,20:55,Deluxe (J1_DLX),2620500
2025-07-16T14:08:14.673Z,VJ1198,Airbus A320-100/200,SGN,HAN,2025-07-17T00:00:00.000Z,05:00,07:10,Deluxe (I1_DLX),2782500
2025-07-16T14:08:14.673Z,VJ148,Airbus A320-100/200,SGN,HAN,2025-07-17T00:00:00.000Z,14:05,16:10,Deluxe (I1_DLX),2782500
2025-07-16T14:08:14.673Z,VJ146,Airbus A321,SGN,HAN,2025-07-17T00:00:00.000Z,15:25,17:35,Deluxe (I1_DLX),2782500
2025-07-16T14:08:14.673Z,VN7232,Airbus A350-900,SGN,HAN,2025-07-17T00:00:00.000Z,17:15,19:20,Economy Classic (L),2886000
2025-07-16T14:08:14.673Z,VN7234,Boeing 787,SGN,HAN,2025-07-17T00:00:00.000Z,21:55,00:00,Economy Classic (L),2886000
2025-07-16T14:08:14.673Z,VN224,Airbus A350-900,SGN,HAN,2025-07-17T00:00:00.000Z,23:15,01:20,Economy Classic (L),2886000
2025-07-16T14:08:14.673Z,VN7232,Airbus A350-900,SGN,HAN,2025-07-17T00:00:00.000Z,17:15,19:20,Economy Classic (K),3113000
2025-07-16T14:08:14.673Z,VN7234,Boeing 787,SGN,HAN,2025-07-17T00:00:00.000Z,21:55,00:00,Economy Classic (K),3113000
2025-07-16T14:08:14.673Z,VN224,Airbus A350-900,SGN,HAN,2025-07-17T00:00:00.000Z,23:15,01:20,Economy Classic (K),3113000
2025-07-16T14:08:14.673Z,QH202,Airbus A321,SGN,HAN,2025-07-17T00:00:00.000Z,05:25,07:35,EconomyFlex (B),3118000
2025-07-16T14:08:14.673Z,QH204,Boeing 737 All Series Passenger,SGN,HAN,2025-07-17T00:00:00.000Z,07:10,09:20,EconomyFlex (B),3118000
2025-07-16T14:08:14.673Z,QH224,Airbus A320-100/200,SGN,HAN,2025-07-17T00:00:00.000Z,10:40,12:50,EconomyFlex (B),3118000
2025-07-16T14:08:14.673Z,QH228,Airbus A321,SGN,HAN,2025-07-17T00:00:00.000Z,11:00,13:10,EconomyFlex (B),3118000
2025-07-16T14:08:14.673Z,QH242,Boeing 737 All Series Passenger,SGN,HAN,2025-07-17T00:00:00.000Z,13:10,15:20,EconomyFlex (B),3118000
2025-07-16T14:08:14.673Z,QH254,Airbus A321,SGN,HAN,2025-07-17T00:00:00.000Z,15:45,17:55,EconomyFlex (B),3118000
2025-07-16T14:08:14.673Z,QH262,Airbus A320-100/200,SGN,HAN,2025-07-17T00:00:00.000Z,17:55,20:05,EconomyFlex (B),3118000
2025-07-16T14:08:14.673Z,QH268,Boeing 737 All Series Passenger,SGN,HAN,2025-07-17T00:00:00.000Z,19:15,21:25,EconomyFlex (B),3118000
2025-07-16T14:08:14.673Z,QH272,Airbus A321,SGN,HAN,2025-07-17T00:00:00.000Z,20:05,22:15,EconomyFlex (B),3118000
2025-07-16T14:08:14.673Z,QH284,Airbus A321,SGN,HAN,2025-07-17T00:00:00.000Z,21:35,23:45,EconomyFlex (B),3118000
2025-07-16T14:08:14.673Z,VN6014,Airbus A321,SGN,HAN,2025-07-17T00:00:00.000Z,07:00,09:10,Economy Classic (H),3340000
2025-07-16T14:08:14.673Z,VN7232,Airbus A350-900,SGN,HAN,2025-07-17T00:00:00.000Z,17:15,19:20,Economy Classic (H),3340000
2025-07-16T14:08:14.673Z,VN7234,Boeing 787,SGN,HAN,2025-07-17T00:00:00.000Z,21:55,00:00,Economy Classic (H),3340000
2025-07-16T14:08:14.673Z,VN270,Airbus A321,SGN,HAN,2025-07-17T00:00:00.000Z,23:00,01:05,Economy Classic (H),3340000
2025-07-16T14:08:14.673Z,VN224,Airbus A350-900,SGN,HAN,2025-07-17T00:00:00.000Z,23:15,01:20,Economy Classic (H),3340000
2025-07-16T14:08:14.673Z,VN6002,Airbus A321,SGN,HAN,2025-07-17T00:00:00.000Z,04:55,07:05,Economy Flex (S),3545000
2025-07-16T14:08:14.673Z,VN6014,Airbus A321,SGN,HAN,2025-07-17T00:00:00.000Z,07:00,09:10,Economy Flex (S),3545000
2025-07-16T14:08:14.673Z,VN216,Boeing 787,SGN,HAN,2025-07-17T00:00:00.000Z,16:00,18:05,Economy Classic (S),3545000
2025-07-16T14:08:14.673Z,VN252,Airbus 350,SGN,HAN,2025-07-17T00:00:00.000Z,16:40,18:45,Economy Classic (S),3545000
2025-07-16T14:08:14.673Z,VN7232,Airbus A350-900,SGN,HAN,2025-07-17T00:00:00.000Z,17:15,19:20,Economy Classic (S),3545000
2025-07-16T14:08:14.673Z,VN218,Boeing 787,SGN,HAN,2025-07-17T00:00:00.000Z,18:00,20:05,Economy Classic (S),3545000
2025-07-16T14:08:14.673Z,VN262,Boeing 787,SGN,HAN,2025-07-17T00:00:00.000Z,19:35,21:40,Economy Classic (S),3545000
2025-07-16T14:08:14.673Z,VN220,Boeing 787,SGN,HAN,2025-07-17T00:00:00.000Z,20:00,22:05,Economy Classic (S),3545000
2025-07-16T14:08:14.673Z,VN7234,Boeing 787,SGN,HAN,2025-07-17T00:00:00.000Z,21:55,00:00,Economy Classic (S),3545000
2025-07-16T14:08:14.673Z,VN270,Airbus A321,SGN,HAN,2025-07-17T00:00:00.000Z,23:00,01:05,Economy Classic (S),3545000
2025-07-16T14:08:14.673Z,VN224,Airbus A350-900,SGN,HAN,2025-07-17T00:00:00.000Z,23:15,01:20,Economy Classic (S),3545000
2025-07-16T14:08:14.673Z,VN6002,Airbus A321,SGN,HAN,2025-07-17T00:00:00.000Z,04:55,07:05,Economy Flex (M),3718000
2025-07-16T14:08:14.673Z,VN6014,Airbus A321,SGN,HAN,2025-07-17T00:00:00.000Z,07:00,09:10,Economy Flex (M),3718000
2025-07-16T14:08:14.673Z,VN216,Boeing 787,SGN,HAN,2025-07-17T00:00:00.000Z,16:00,18:05,Economy Flex (M),3718000
2025-07-16T14:08:14.673Z,VN252,Airbus 350,SGN,HAN,2025-07-17T00:00:00.000Z,16:40,18:45,Economy Flex (M),3718000
2025-07-16T14:08:14.673Z,VN7232,Airbus A350-900,SGN,HAN,2025-07-17T00:00:00.000Z,17:15,19:20,Economy Flex (M),3718000
2025-07-16T14:08:14.673Z,VN218,Boeing 787,SGN,HAN,2025-07-17T00:00:00.000Z,18:00,20:05,Economy Flex (M),3718000
2025-07-16T14:08:14.673Z,VN258,Boeing 787,SGN,HAN,2025-07-17T00:00:00.000Z,19:00,21:05,Economy Flex (M),3718000
2025-07-16T14:08:14.673Z,VN262,Boeing 787,SGN,HAN,2025-07-17T00:00:00.000Z,19:35,21:40,Economy Flex (M),3718000
2025-07-16T14:08:14.673Z,VN220,Boeing 787,SGN,HAN,2025-07-17T00:00:00.000Z,20:00,22:05,Economy Flex (M),3718000
2025-07-16T14:08:14.673Z,VN7234,Boeing 787,SGN,HAN,2025-07-17T00:00:00.000Z,21:55,00:00,Economy Flex (M),3718000
2025-07-16T14:08:14.673Z,VN270,Airbus A321,SGN,HAN,2025-07-17T00:00:00.000Z,23:00,01:05,Economy Flex (M),3718000
2025-07-16T14:08:14.673Z,VN224,Airbus A350-900,SGN,HAN,2025-07-17T00:00:00.000Z,23:15,01:20,Economy Flex (M),3718000
2025-07-16T14:08:14.673Z,VJ190,Airbus A321,SGN,HAN,2025-07-17T00:00:00.000Z,07:10,09:20,Eco (T1_ECO),3733000
2025-07-16T14:08:14.673Z,VJ1130,Airbus A321,SGN,HAN,2025-07-17T00:00:00.000Z,10:25,12:35,Eco (T1_ECO),3733000
2025-07-16T14:08:14.673Z,VJ1138,Airbus A321,SGN,HAN,2025-07-17T00:00:00.000Z,12:25,14:35,Eco (T1_ECO),3733000
2025-07-16T14:08:14.673Z,VJ1162,Airbus A321,SGN,HAN,2025-07-17T00:00:00.000Z,16:50,19:00,Eco (T1_ECO),3733000
2025-07-16T14:08:14.673Z,VJ1176,321H,SGN,HAN,2025-07-17T00:00:00.000Z,20:00,22:10,Eco (T1_ECO),3733000
2025-07-16T14:08:14.673Z,VJ174,Airbus A321,SGN,HAN,2025-07-17T00:00:00.000Z,21:00,23:10,Eco (T1_ECO),3733000
2025-07-16T14:08:14.673Z,VJ172,Airbus A321,SGN,HAN,2025-07-17T00:00:00.000Z,22:25,00:35,Eco (T1_ECO),3733000
2025-07-16T14:08:14.673Z,VJ1170,Airbus A321,SGN,HAN,2025-07-17T00:00:00.000Z,23:35,01:45,Eco (T1_ECO),3733000
2025-07-16T14:08:14.673Z,VN6002,Airbus A321,SGN,HAN,2025-07-17T00:00:00.000Z,04:55,07:05,Economy Flex (B),3791000
2025-07-16T14:08:14.673Z,VN6014,Airbus A321,SGN,HAN,2025-07-17T00:00:00.000Z,07:00,09:10,Economy Flex (B),3791000
2025-07-16T14:08:14.673Z,VN210,Airbus 350,SGN,HAN,2025-07-17T00:00:00.000Z,10:00,12:05,Economy Flex (B),3791000
2025-07-16T14:08:14.673Z,VN246,Boeing 787,SGN,HAN,2025-07-17T00:00:00.000Z,11:00,13:05,Economy Flex (B),3791000
2025-07-16T14:08:14.673Z,VN212,Airbus A350-900,SGN,HAN,2025-07-17T00:00:00.000Z,12:00,14:05,Economy Flex (B),3791000
2025-07-16T14:08:14.673Z,VN248,Airbus A321,SGN,HAN,2025-07-17T00:00:00.000Z,13:00,15:05,Economy Flex (B),3791000
2025-07-16T14:08:14.673Z,VN214,Boeing 787,SGN,HAN,2025-07-17T00:00:00.000Z,14:00,16:05,Economy Flex (B),3791000
2025-07-16T14:08:14.673Z,VN250,Airbus 350,SGN,HAN,2025-07-17T00:00:00.000Z,15:00,17:05,Economy Flex (B),3791000
2025-07-16T14:08:14.673Z,VN216,Boeing 787,SGN,HAN,2025-07-17T00:00:00.000Z,16:00,18:05,Economy Flex (B),3791000
2025-07-16T14:08:14.673Z,VN252,Airbus 350,SGN,HAN,2025-07-17T00:00:00.000Z,16:40,18:45,Economy Flex (B),3791000
2025-07-16T14:08:14.673Z,VN7258,Airbus A321,SGN,HAN,2025-07-17T00:00:00.000Z,16:55,19:05,Economy Flex (B),3791000
2025-07-16T14:08:14.673Z,VN254,Airbus 350,SGN,HAN,2025-07-17T00:00:00.000Z,17:00,19:10,Economy Flex (B),3791000
2025-07-16T14:08:14.673Z,VN7232,Airbus A350-900,SGN,HAN,2025-07-17T00:00:00.000Z,17:15,19:20,Economy Flex (B),3791000
2025-07-16T14:08:14.673Z,VN218,Boeing 787,SGN,HAN,2025-07-17T00:00:00.000Z,18:00,20:05,Economy Flex (B),3791000
2025-07-16T14:08:14.673Z,VN258,Boeing 787,SGN,HAN,2025-07-17T00:00:00.000Z,19:00,21:05,Economy Flex (B),3791000
2025-07-16T14:08:14.673Z,VN262,Boeing 787,SGN,HAN,2025-07-17T00:00:00.000Z,19:35,21:40,Economy Flex (B),3791000
2025-07-16T14:08:14.673Z,VN220,Boeing 787,SGN,HAN,2025-07-17T00:00:00.000Z,20:00,22:05,Economy Flex (B),3791000
2025-07-16T14:08:14.673Z,VN7234,Boeing 787,SGN,HAN,2025-07-17T00:00:00.000Z,21:55,00:00,Economy Flex (B),3791000
2025-07-16T14:08:14.673Z,VN270,Airbus A321,SGN,HAN,2025-07-17T00:00:00.000Z,23:00,01:05,Economy Flex (B),3791000
2025-07-16T14:08:14.673Z,VN224,Airbus A350-900,SGN,HAN,2025-07-17T00:00:00.000Z,23:15,01:20,Economy Flex (B),3791000
2025-07-16T14:08:14.673Z,VN6002,Airbus A321,SGN,HAN,2025-07-17T00:00:00.000Z,04:55,07:05,(I),4007000
2025-07-16T14:08:14.673Z,VN246,Boeing 787,SGN,HAN,2025-07-17T00:00:00.000Z,11:00,13:05,Premium Economy Classic (U),4007000
2025-07-16T14:08:14.673Z,VN212,Airbus A350-900,SGN,HAN,2025-07-17T00:00:00.000Z,12:00,14:05,Premium Economy Classic (U),4007000
2025-07-16T14:08:14.673Z,VN248,Airbus A321,SGN,HAN,2025-07-17T00:00:00.000Z,13:00,15:05,Premium Economy Classic (U),4007000
2025-07-16T14:08:14.673Z,VN214,Boeing 787,SGN,HAN,2025-07-17T00:00:00.000Z,14:00,16:05,Premium Economy Classic (U),4007000
2025-07-16T14:08:14.673Z,VN250,Airbus 350,SGN,HAN,2025-07-17T00:00:00.000Z,15:00,17:05,Premium Economy Classic (U),4007000
2025-07-16T14:08:14.673Z,VN216,Boeing 787,SGN,HAN,2025-07-17T00:00:00.000Z,16:00,18:05,Premium Economy Classic (U),4007000
2025-07-16T14:08:14.673Z,VN252,Airbus 350,SGN,HAN,2025-07-17T00:00:00.000Z,16:40,18:45,Premium Economy Classic (U),4007000
2025-07-16T14:08:14.673Z,VN7258,Airbus A321,SGN,HAN,2025-07-17T00:00:00.000Z,16:55,19:05,Premium Economy Classic (U),4007000
2025-07-16T14:08:14.673Z,VN254,Airbus 350,SGN,HAN,2025-07-17T00:00:00.000Z,17:00,19:10,Premium Economy Classic (U),4007000
2025-07-16T14:08:14.673Z,VN7232,Airbus A350-900,SGN,HAN,2025-07-17T00:00:00.000Z,17:15,19:20,Premium Economy Classic (U),4007000
2025-07-16T14:08:14.673Z,VN218,Boeing 787,SGN,HAN,2025-07-17T00:00:00.000Z,18:00,20:05,Premium Economy Classic (U),4007000
2025-07-16T14:08:14.673Z,VN258,Boeing 787,SGN,HAN,2025-07-17T00:00:00.000Z,19:00,21:05,Premium Economy Classic (U),4007000
2025-07-16T14:08:14.673Z,VN262,Boeing 787,SGN,HAN,2025-07-17T00:00:00.000Z,19:35,21:40,Premium Economy Classic (U),4007000
2025-07-16T14:08:14.673Z,VN220,Boeing 787,SGN,HAN,2025-07-17T00:00:00.000Z,20:00,22:05,Premium Economy Classic (U),4007000
2025-07-16T14:08:14.673Z,VN260,Boeing 787,SGN,HAN,2025-07-17T00:00:00.000Z,21:00,23:05,Premium Economy Classic (U),4007000
2025-07-16T14:08:14.673Z,VN7234,Boeing 787,SGN,HAN,2025-07-17T00:00:00.000Z,21:55,00:00,Premium Economy Classic (U),4007000
2025-07-16T14:08:14.673Z,VN270,Airbus A321,SGN,HAN,2025-07-17T00:00:00.000Z,23:00,01:05,Premium Economy Classic (U),4007000
2025-07-16T14:08:14.673Z,VN224,Airbus A350-900,SGN,HAN,2025-07-17T00:00:00.000Z,23:15,01:20,Premium Economy Classic (U),4007000
2025-07-16T14:08:14.673Z,VN7112,Airbus A321,SGN,DAD,2025-07-17T00:00:00.000Z,20:00,21:25,Economy Classic (K),4199000
2025-07-16T14:08:14.673Z,VN148,Airbus A321,SGN,DAD,2025-07-17T00:00:00.000Z,20:45,22:10,Economy Classic (K),4199000
2025-07-16T14:08:14.673Z,VJ190,Airbus A321,SGN,HAN,2025-07-17T00:00:00.000Z,07:10,09:20,Deluxe (T1_DLX),4327000
2025-07-16T14:08:14.673Z,VJ1130,Airbus A321,SGN,HAN,2025-07-17T00:00:00.000Z,10:25,12:35,Deluxe (T1_DLX),4327000
2025-07-16T14:08:14.673Z,VJ1138,Airbus A321,SGN,HAN,2025-07-17T00:00:00.000Z,12:25,14:35,Deluxe (T1_DLX),4327000
2025-07-16T14:08:14.673Z,VJ1162,Airbus A321,SGN,HAN,2025-07-17T00:00:00.000Z,16:50,19:00,Deluxe (T1_DLX),4327000
2025-07-16T14:08:14.673Z,VJ1176,321H,SGN,HAN,2025-07-17T00:00:00.000Z,20:00,22:10,Deluxe (T1_DLX),4327000
2025-07-16T14:08:14.673Z,VJ174,Airbus A321,SGN,HAN,2025-07-17T00:00:00.000Z,21:00,23:10,Deluxe (T1_DLX),4327000
2025-07-16T14:08:14.673Z,VJ172,Airbus A321,SGN,HAN,2025-07-17T00:00:00.000Z,22:25,00:35,Deluxe (T1_DLX),4327000
2025-07-16T14:08:14.673Z,VJ1170,Airbus A321,SGN,HAN,2025-07-17T00:00:00.000Z,23:35,01:45,Deluxe (T1_DLX),4327000
2025-07-16T14:08:14.673Z,VN106,Airbus A321,SGN,DAD,2025-07-17T00:00:00.000Z,05:45,07:10,Economy Classic (H),4437000
2025-07-16T14:08:14.673Z,VN7112,Airbus A321,SGN,DAD,2025-07-17T00:00:00.000Z,20:00,21:25,Economy Classic (H),4437000
2025-07-16T14:08:14.673Z,VN148,Airbus A321,SGN,DAD,2025-07-17T00:00:00.000Z,20:45,22:10,Economy Classic (H),4437000
2025-07-16T14:08:14.673Z,VN6002,Airbus A321,SGN,HAN,2025-07-17T00:00:00.000Z,04:55,07:05,(Z),4547000
2025-07-16T14:08:14.673Z,VN206,Airbus A350-900,SGN,HAN,2025-07-17T00:00:00.000Z,06:00,08:05,Premium Economy Classic (Z),4547000
2025-07-16T14:08:14.673Z,VN6014,Airbus A321,SGN,HAN,2025-07-17T00:00:00.000Z,07:00,09:10,(Z),4547000
2025-07-16T14:08:14.673Z,VN208,Boeing 787,SGN,HAN,2025-07-17T00:00:00.000Z,07:30,09:35,Premium Economy Classic (Z),4547000
2025-07-16T14:08:14.673Z,VN210,Airbus 350,SGN,HAN,2025-07-17T00:00:00.000Z,10:00,12:05,Premium Economy Classic (Z),4547000
2025-07-16T14:08:14.673Z,VN246,Boeing 787,SGN,HAN,2025-07-17T00:00:00.000Z,11:00,13:05,Premium Economy Classic (Z),4547000
2025-07-16T14:08:14.673Z,VN212,Airbus A350-900,SGN,HAN,2025-07-17T00:00:00.000Z,12:00,14:05,Premium Economy Classic (Z),4547000
2025-07-16T14:08:14.673Z,VN248,Airbus A321,SGN,HAN,2025-07-17T00:00:00.000Z,13:00,15:05,Premium Economy Classic (Z),4547000
2025-07-16T14:08:14.673Z,VN214,Boeing 787,SGN,HAN,2025-07-17T00:00:00.000Z,14:00,16:05,Premium Economy Classic (Z),4547000
2025-07-16T14:08:14.673Z,VN250,Airbus 350,SGN,HAN,2025-07-17T00:00:00.000Z,15:00,17:05,Premium Economy Classic (Z),4547000
2025-07-16T14:08:14.673Z,VN216,Boeing 787,SGN,HAN,2025-07-17T00:00:00.000Z,16:00,18:05,Premium Economy Classic (Z),4547000
2025-07-16T14:08:14.673Z,VN252,Airbus 350,SGN,HAN,2025-07-17T00:00:00.000Z,16:40,18:45,Premium Economy Classic (Z),4547000
2025-07-16T14:08:14.673Z,VN7258,Airbus A321,SGN,HAN,2025-07-17T00:00:00.000Z,16:55,19:05,Premium Economy Classic (Z),4547000
2025-07-16T14:08:14.673Z,VN254,Airbus 350,SGN,HAN,2025-07-17T00:00:00.000Z,17:00,19:10,Premium Economy Classic (Z),4547000
2025-07-16T14:08:14.673Z,VN7232,Airbus A350-900,SGN,HAN,2025-07-17T00:00:00.000Z,17:15,19:20,Premium Economy Classic (Z),4547000
2025-07-16T14:08:14.673Z,VN218,Boeing 787,SGN,HAN,2025-07-17T00:00:00.000Z,18:00,20:05,Premium Economy Classic (Z),4547000
2025-07-16T14:08:14.673Z,VN258,Boeing 787,SGN,HAN,2025-07-17T00:00:00.000Z,19:00,21:05,Premium Economy Classic (Z),4547000
2025-07-16T14:08:14.673Z,VN262,Boeing 787,SGN,HAN,2025-07-17T00:00:00.000Z,19:35,21:40,Premium Economy Classic (Z),4547000
2025-07-16T14:08:14.673Z,VN220,Boeing 787,SGN,HAN,2025-07-17T00:00:00.000Z,20:00,22:05,Premium Economy Classic (Z),4547000
2025-07-16T14:08:14.673Z,VN260,Boeing 787,SGN,HAN,2025-07-17T00:00:00.000Z,21:00,23:05,Premium Economy Classic (Z),4547000
2025-07-16T14:08:14.673Z,VN7234,Boeing 787,SGN,HAN,2025-07-17T00:00:00.000Z,21:55,00:00,Premium Economy Classic (Z),4547000
2025-07-16T14:08:14.673Z,VN270,Airbus A321,SGN,HAN,2025-07-17T00:00:00.000Z,23:00,01:05,Premium Economy Classic (Z),4547000
2025-07-16T14:08:14.673Z,VN224,Airbus A350-900,SGN,HAN,2025-07-17T00:00:00.000Z,23:15,01:20,Premium Economy Classic (Z),4547000
2025-07-16T14:08:14.673Z,VN106,Airbus A321,SGN,DAD,2025-07-17T00:00:00.000Z,05:45,07:10,Economy Classic (S),4664000
2025-07-16T14:08:14.673Z,VN146,Airbus A321,SGN,DAD,2025-07-17T00:00:00.000Z,19:25,20:50,Economy Classic (S),4664000
2025-07-16T14:08:14.673Z,VN7112,Airbus A321,SGN,DAD,2025-07-17T00:00:00.000Z,20:00,21:25,Economy Classic (S),4664000
2025-07-16T14:08:14.673Z,VN148,Airbus A321,SGN,DAD,2025-07-17T00:00:00.000Z,20:45,22:10,Economy Classic (S),4664000
2025-07-16T14:08:14.673Z,VN7144,Airbus A321,SGN,DAD,2025-07-17T00:00:00.000Z,21:25,22:40,Economy Classic (S),4664000
2025-07-16T14:08:14.673Z,VN6002,Airbus A321,SGN,HAN,2025-07-17T00:00:00.000Z,04:55,07:05,(D),4763000
2025-07-16T14:08:14.673Z,VN224,Airbus A350-900,SGN,HAN,2025-07-17T00:00:00.000Z,23:15,01:20,Business Classic (D),4763000
2025-07-16T14:08:14.673Z,VN106,Airbus A321,SGN,DAD,2025-07-17T00:00:00.000Z,05:45,07:10,Economy Flex (M),4826000
2025-07-16T14:08:14.673Z,VN7128,Airbus A320-100/200,SGN,DAD,2025-07-17T00:00:00.000Z,06:05,07:30,Economy Flex (M),4826000
2025-07-16T14:08:14.673Z,VN146,Airbus A321,SGN,DAD,2025-07-17T00:00:00.000Z,19:25,20:50,Economy Flex (M),4826000
2025-07-16T14:08:14.673Z,VN7112,Airbus A321,SGN,DAD,2025-07-17T00:00:00.000Z,20:00,21:25,Economy Flex (M),4826000
2025-07-16T14:08:14.673Z,VN148,Airbus A321,SGN,DAD,2025-07-17T00:00:00.000Z,20:45,22:10,Economy Flex (M),4826000
2025-07-16T14:08:14.673Z,VN7144,Airbus A321,SGN,DAD,2025-07-17T00:00:00.000Z,21:25,22:40,Economy Flex (M),4826000
2025-07-16T14:08:14.673Z,VN106,Airbus A321,SGN,DAD,2025-07-17T00:00:00.000Z,05:45,07:10,Economy Flex (B),4929000
2025-07-16T14:08:14.673Z,VN7128,Airbus A320-100/200,SGN,DAD,2025-07-17T00:00:00.000Z,06:05,07:30,Economy Flex (B),4929000
2025-07-16T14:08:14.673Z,VN146,Airbus A321,SGN,DAD,2025-07-17T00:00:00.000Z,19:25,20:50,Economy Flex (B),4929000
2025-07-16T14:08:14.673Z,VN7112,Airbus A321,SGN,DAD,2025-07-17T00:00:00.000Z,20:00,21:25,Economy Flex (B),4929000
2025-07-16T14:08:14.673Z,VN148,Airbus A321,SGN,DAD,2025-07-17T00:00:00.000Z,20:45,22:10,Economy Flex (B),4929000
2025-07-16T14:08:14.673Z,VN7144,Airbus A321,SGN,DAD,2025-07-17T00:00:00.000Z,21:25,22:40,Economy Flex (B),4929000
2025-07-16T14:08:14.673Z,VJ1198,Airbus A320-100/200,SGN,HAN,2025-07-17T00:00:00.000Z,05:00,07:10,SkyBoss (Y_SBoss),5050500
2025-07-16T14:08:14.673Z,VJ1128,Airbus A330,SGN,HAN,2025-07-17T00:00:00.000Z,06:00,08:10,SkyBoss (Y_SBoss),5050500
2025-07-16T14:08:14.673Z,VJ190,Airbus A321,SGN,HAN,2025-07-17T00:00:00.000Z,07:10,09:20,SkyBoss (Y_SBoss),5050500
2025-07-16T14:08:14.673Z,VJ120,Airbus A320-100/200,SGN,HAN,2025-07-17T00:00:00.000Z,07:30,09:40,SkyBoss (Y_SBoss),5050500
2025-07-16T14:08:14.673Z,VJ1126,Airbus A321,SGN,HAN,2025-07-17T00:00:00.000Z,08:10,10:20,SkyBoss (Y_SBoss),5050500
2025-07-16T14:08:14.673Z,VJ124,Airbus A321,SGN,HAN,2025-07-17T00:00:00.000Z,09:20,11:30,SkyBoss (Y_SBoss),5050500
2025-07-16T14:08:14.673Z,VJ1130,Airbus A321,SGN,HAN,2025-07-17T00:00:00.000Z,10:25,12:35,SkyBoss (Y_SBoss),5050500
2025-07-16T14:08:14.673Z,VJ1140,Airbus A330,SGN,HAN,2025-07-17T00:00:00.000Z,11:25,13:35,SkyBoss (Y_SBoss),5050500
2025-07-16T14:08:14.673Z,VJ198,Airbus A330,SGN,HAN,2025-07-17T00:00:00.000Z,12:10,14:20,SkyBoss (Y_SBoss),5050500
2025-07-16T14:08:14.673Z,VJ1138,Airbus A321,SGN,HAN,2025-07-17T00:00:00.000Z,12:25,14:35,SkyBoss (Y_SBoss),5050500
2025-07-16T14:08:14.673Z,VJ148,Airbus A320-100/200,SGN,HAN,2025-07-17T00:00:00.000Z,14:05,16:10,SkyBoss (Y_SBoss),5050500
2025-07-16T14:08:14.673Z,VJ146,Airbus A321,SGN,HAN,2025-07-17T00:00:00.000Z,15:25,17:35,SkyBoss (Y_SBoss),5050500
2025-07-16T14:08:14.673Z,VJ150,Airbus A321,SGN,HAN,2025-07-17T00:00:00.000Z,16:05,18:15,SkyBoss (Y_SBoss),5050500
2025-07-16T14:08:14.673Z,VJ1162,Airbus A321,SGN,HAN,2025-07-17T00:00:00.000Z,16:50,19:00,SkyBoss (Y_SBoss),5050500
2025-07-16T14:08:14.673Z,VJ1156,Airbus A321,SGN,HAN,2025-07-17T00:00:00.000Z,18:45,20:55,SkyBoss (Y_SBoss),5050500
2025-07-16T14:08:14.673Z,VJ1176,321H,SGN,HAN,2025-07-17T00:00:00.000Z,20:00,22:10,SkyBoss (Y_SBoss),5050500
2025-07-16T14:08:14.673Z,VJ1160,Airbus A320-100/200,SGN,HAN,2025-07-17T00:00:00.000Z,20:05,22:10,SkyBoss (Y_SBoss),5050500
2025-07-16T14:08:14.673Z,VJ1174,Airbus A320-100/200,SGN,HAN,2025-07-17T00:00:00.000Z,20:30,22:40,SkyBoss (Y_SBoss),5050500
2025-07-16T14:08:14.673Z,VJ174,Airbus A321,SGN,HAN,2025-07-17T00:00:00.000Z,21:00,23:10,SkyBoss (Y_SBoss),5050500
2025-07-16T14:08:14.673Z,VJ172,Airbus A321,SGN,HAN,2025-07-17T00:00:00.000Z,22:25,00:35,SkyBoss (Y_SBoss),5050500
2025-07-16T14:08:14.673Z,VJ1170,Airbus A321,SGN,HAN,2025-07-17T00:00:00.000Z,23:35,01:45,SkyBoss (Y_SBoss),5050500
2025-07-16T14:08:14.673Z,QH284,Airbus A321,SGN,HAN,2025-07-17T00:00:00.000Z,21:35,23:45,BusinessSmart (I),5072000
2025-07-16T14:08:14.673Z,VN106,Airbus A321,SGN,DAD,2025-07-17T00:00:00.000Z,05:45,07:10,Premium Economy Classic (U),5145000
2025-07-16T14:08:14.673Z,VN7128,Airbus A320-100/200,SGN,DAD,2025-07-17T00:00:00.000Z,06:05,07:30,Premium Economy Classic (U),5145000
2025-07-16T14:08:14.673Z,VN110,Airbus A321,SGN,DAD,2025-07-17T00:00:00.000Z,06:50,08:20,Premium Economy Classic (U),5145000
2025-07-16T14:08:14.673Z,VN146,Airbus A321,SGN,DAD,2025-07-17T00:00:00.000Z,19:25,20:50,Premium Economy Classic (U),5145000
2025-07-16T14:08:14.673Z,VN7112,Airbus A321,SGN,DAD,2025-07-17T00:00:00.000Z,20:00,21:25,Premium Economy Classic (U),5145000
2025-07-16T14:08:14.673Z,VN148,Airbus A321,SGN,DAD,2025-07-17T00:00:00.000Z,20:45,22:10,Premium Economy Classic (U),5145000
2025-07-16T14:08:14.673Z,VN7144,Airbus A321,SGN,DAD,2025-07-17T00:00:00.000Z,21:25,22:40,Premium Economy Classic (U),5145000
2025-07-16T14:08:14.673Z,QH202,Airbus A321,SGN,HAN,2025-07-17T00:00:00.000Z,05:25,07:35,BusinessSmart (I),5396000
2025-07-16T14:08:14.673Z,QH228,Airbus A321,SGN,HAN,2025-07-17T00:00:00.000Z,11:00,13:10,BusinessSmart (I),5396000
2025-07-16T14:08:14.673Z,QH254,Airbus A321,SGN,HAN,2025-07-17T00:00:00.000Z,15:45,17:55,BusinessSmart (I),5396000
2025-07-16T14:08:14.673Z,QH262,Airbus A320-100/200,SGN,HAN,2025-07-17T00:00:00.000Z,17:55,20:05,BusinessSmart (I),5396000
2025-07-16T14:08:14.673Z,QH272,Airbus A321,SGN,HAN,2025-07-17T00:00:00.000Z,20:05,22:15,BusinessSmart (I),5396000
2025-07-16T14:08:14.673Z,VN6002,Airbus A321,SGN,HAN,2025-07-17T00:00:00.000Z,04:55,07:05,(W),5411000
2025-07-16T14:08:14.673Z,VN206,Airbus A350-900,SGN,HAN,2025-07-17T00:00:00.000Z,06:00,08:05,Premium Economy Flex (W),5411000
2025-07-16T14:08:14.673Z,VN240,Boeing 787,SGN,HAN,2025-07-17T00:00:00.000Z,07:00,09:05,Premium Economy Flex (W),5411000
2025-07-16T14:08:14.673Z,VN6014,Airbus A321,SGN,HAN,2025-07-17T00:00:00.000Z,07:00,09:10,(W),5411000
2025-07-16T14:08:14.673Z,VN208,Boeing 787,SGN,HAN,2025-07-17T00:00:00.000Z,07:30,09:35,Premium Economy Flex (W),5411000
2025-07-16T14:08:14.673Z,VN244,Airbus 350,SGN,HAN,2025-07-17T00:00:00.000Z,09:00,11:05,Premium Economy Flex (W),5411000
2025-07-16T14:08:14.673Z,VN210,Airbus 350,SGN,HAN,2025-07-17T00:00:00.000Z,10:00,12:05,Premium Economy Flex (W),5411000
2025-07-16T14:08:14.673Z,VN246,Boeing 787,SGN,HAN,2025-07-17T00:00:00.000Z,11:00,13:05,Premium Economy Flex (W),5411000
2025-07-16T14:08:14.673Z,VN212,Airbus A350-900,SGN,HAN,2025-07-17T00:00:00.000Z,12:00,14:05,Premium Economy Flex (W),5411000
2025-07-16T14:08:14.673Z,VN248,Airbus A321,SGN,HAN,2025-07-17T00:00:00.000Z,13:00,15:05,Premium Economy Flex (W),5411000
2025-07-16T14:08:14.673Z,VN214,Boeing 787,SGN,HAN,2025-07-17T00:00:00.000Z,14:00,16:05,Premium Economy Flex (W),5411000
2025-07-16T14:08:14.673Z,VN250,Airbus 350,SGN,HAN,2025-07-17T00:00:00.000Z,15:00,17:05,Premium Economy Flex (W),5411000
2025-07-16T14:08:14.673Z,VN216,Boeing 787,SGN,HAN,2025-07-17T00:00:00.000Z,16:00,18:05,Premium Economy Flex (W),5411000
2025-07-16T14:08:14.673Z,VN252,Airbus 350,SGN,HAN,2025-07-17T00:00:00.000Z,16:40,18:45,Premium Economy Flex (W),5411000
2025-07-16T14:08:14.673Z,VN7258,Airbus A321,SGN,HAN,2025-07-17T00:00:00.000Z,16:55,19:05,Premium Economy Flex (W),5411000
2025-07-16T14:08:14.673Z,VN254,Airbus 350,SGN,HAN,2025-07-17T00:00:00.000Z,17:00,19:10,Premium Economy Flex (W),5411000
2025-07-16T14:08:14.673Z,VN7232,Airbus A350-900,SGN,HAN,2025-07-17T00:00:00.000Z,17:15,19:20,Premium Economy Flex (W),5411000
2025-07-16T14:08:14.673Z,VN218,Boeing 787,SGN,HAN,2025-07-17T00:00:00.000Z,18:00,20:05,Premium Economy Flex (W),5411000
2025-07-16T14:08:14.673Z,VN258,Boeing 787,SGN,HAN,2025-07-17T00:00:00.000Z,19:00,21:05,Premium Economy Flex (W),5411000
2025-07-16T14:08:14.673Z,VN262,Boeing 787,SGN,HAN,2025-07-17T00:00:00.000Z,19:35,21:40,Premium Economy Flex (W),5411000
2025-07-16T14:08:14.673Z,VN220,Boeing 787,SGN,HAN,2025-07-17T00:00:00.000Z,20:00,22:05,Premium Economy Flex (W),5411000
2025-07-16T14:08:14.673Z,VN260,Boeing 787,SGN,HAN,2025-07-17T00:00:00.000Z,21:00,23:05,Premium Economy Flex (W),5411000
2025-07-16T14:08:14.673Z,VN7234,Boeing 787,SGN,HAN,2025-07-17T00:00:00.000Z,21:55,00:00,Premium Economy Flex (W),5411000
2025-07-16T14:08:14.673Z,VN270,Airbus A321,SGN,HAN,2025-07-17T00:00:00.000Z,23:00,01:05,Premium Economy Flex (W),5411000
2025-07-16T14:08:14.673Z,VN224,Airbus A350-900,SGN,HAN,2025-07-17T00:00:00.000Z,23:15,01:20,Premium Economy Flex (W),5411000
2025-07-16T14:08:14.673Z,VN6014,Airbus A321,SGN,HAN,2025-07-17T00:00:00.000Z,07:00,09:10,(I),5910000
2025-07-16T14:08:14.673Z,VN106,Airbus A321,SGN,DAD,2025-07-17T00:00:00.000Z,05:45,07:10,Premium Economy Classic (Z),6225000
2025-07-16T14:08:14.673Z,VN7128,Airbus A320-100/200,SGN,DAD,2025-07-17T00:00:00.000Z,06:05,07:30,Premium Economy Classic (Z),6225000
2025-07-16T14:08:14.673Z,VN110,Airbus A321,SGN,DAD,2025-07-17T00:00:00.000Z,06:50,08:20,Premium Economy Classic (Z),6225000
2025-07-16T14:08:14.673Z,VN136,Airbus A321,SGN,DAD,2025-07-17T00:00:00.000Z,16:00,17:25,Premium Economy Classic (Z),6225000
2025-07-16T14:08:14.673Z,VN146,Airbus A321,SGN,DAD,2025-07-17T00:00:00.000Z,19:25,20:50,Premium Economy Classic (Z),6225000
2025-07-16T14:08:14.673Z,VN7112,Airbus A321,SGN,DAD,2025-07-17T00:00:00.000Z,20:00,21:25,Premium Economy Classic (Z),6225000
2025-07-16T14:08:14.673Z,VN148,Airbus A321,SGN,DAD,2025-07-17T00:00:00.000Z,20:45,22:10,Premium Economy Classic (Z),6225000
2025-07-16T14:08:14.673Z,VN7144,Airbus A321,SGN,DAD,2025-07-17T00:00:00.000Z,21:25,22:40,Premium Economy Classic (Z),6225000
2025-07-16T14:08:14.673Z,VN240,Boeing 787,SGN,HAN,2025-07-17T00:00:00.000Z,07:00,09:05,Business Classic (D),6450000
2025-07-16T14:08:14.673Z,VN6014,Airbus A321,SGN,HAN,2025-07-17T00:00:00.000Z,07:00,09:10,(D),6450000
2025-07-16T14:08:14.673Z,VJ1128,Airbus A330,SGN,HAN,2025-07-17T00:00:00.000Z,06:00,08:10,SkybossBusiness (C_Boss),6454500
2025-07-16T14:08:14.673Z,VJ1140,Airbus A330,SGN,HAN,2025-07-17T00:00:00.000Z,11:25,13:35,SkybossBusiness (C_Boss),6454500
2025-07-16T14:08:14.673Z,VJ198,Airbus A330,SGN,HAN,2025-07-17T00:00:00.000Z,12:10,14:20,SkybossBusiness (C_Boss),6454500
2025-07-16T14:08:14.673Z,VN106,Airbus A321,SGN,DAD,2025-07-17T00:00:00.000Z,05:45,07:10,Premium Economy Flex (W),7089000
2025-07-16T14:08:14.673Z,VN7128,Airbus A320-100/200,SGN,DAD,2025-07-17T00:00:00.000Z,06:05,07:30,Premium Economy Flex (W),7089000
2025-07-16T14:08:14.673Z,VN110,Airbus A321,SGN,DAD,2025-07-17T00:00:00.000Z,06:50,08:20,Premium Economy Flex (W),7089000
2025-07-16T14:08:14.673Z,VN7102,Airbus A321,SGN,DAD,2025-07-17T00:00:00.000Z,14:30,15:55,Premium Economy Flex (W),7089000
2025-07-16T14:08:14.673Z,VN136,Airbus A321,SGN,DAD,2025-07-17T00:00:00.000Z,16:00,17:25,Premium Economy Flex (W),7089000
2025-07-16T14:08:14.673Z,VN146,Airbus A321,SGN,DAD,2025-07-17T00:00:00.000Z,19:25,20:50,Premium Economy Flex (W),7089000
2025-07-16T14:08:14.673Z,VN7112,Airbus A321,SGN,DAD,2025-07-17T00:00:00.000Z,20:00,21:25,Premium Economy Flex (W),7089000
2025-07-16T14:08:14.673Z,VN148,Airbus A321,SGN,DAD,2025-07-17T00:00:00.000Z,20:45,22:10,Premium Economy Flex (W),7089000
2025-07-16T14:08:14.673Z,VN7144,Airbus A321,SGN,DAD,2025-07-17T00:00:00.000Z,21:25,22:40,Premium Economy Flex (W),7089000
2025-07-16T14:08:14.673Z,VN7112,Airbus A321,SGN,DAD,2025-07-17T00:00:00.000Z,20:00,21:25,Business Classic (I),7115000
2025-07-16T14:08:14.673Z,VN148,Airbus A321,SGN,DAD,2025-07-17T00:00:00.000Z,20:45,22:10,Business Classic (I),7115000
2025-07-16T14:08:14.673Z,VN7144,Airbus A321,SGN,DAD,2025-07-17T00:00:00.000Z,21:25,22:40,Business Classic (I),7115000
2025-07-16T14:08:14.673Z,QH284,Airbus A321,SGN,HAN,2025-07-17T00:00:00.000Z,21:35,23:45,BusinessFlex (J),7124000
2025-07-16T14:08:14.673Z,QH202,Airbus A321,SGN,HAN,2025-07-17T00:00:00.000Z,05:25,07:35,BusinessFlex (J),7448000
2025-07-16T14:08:14.673Z,QH228,Airbus A321,SGN,HAN,2025-07-17T00:00:00.000Z,11:00,13:10,BusinessFlex (J),7448000
2025-07-16T14:08:14.673Z,QH254,Airbus A321,SGN,HAN,2025-07-17T00:00:00.000Z,15:45,17:55,BusinessFlex (J),7448000
2025-07-16T14:08:14.673Z,QH262,Airbus A320-100/200,SGN,HAN,2025-07-17T00:00:00.000Z,17:55,20:05,BusinessFlex (J),7448000
2025-07-16T14:08:14.673Z,QH272,Airbus A321,SGN,HAN,2025-07-17T00:00:00.000Z,20:05,22:15,BusinessFlex (J),7448000
2025-07-16T14:08:14.673Z,VN6002,Airbus A321,SGN,HAN,2025-07-17T00:00:00.000Z,04:55,07:05,(C),7638000
2025-07-16T14:08:14.673Z,VN240,Boeing 787,SGN,HAN,2025-07-17T00:00:00.000Z,07:00,09:05,Business Flex (C),7638000
2025-07-16T14:08:14.673Z,VN6014,Airbus A321,SGN,HAN,2025-07-17T00:00:00.000Z,07:00,09:10,(C),7638000
2025-07-16T14:08:14.673Z,VN208,Boeing 787,SGN,HAN,2025-07-17T00:00:00.000Z,07:30,09:35,Business Flex (C),7638000
2025-07-16T14:08:14.673Z,VN260,Boeing 787,SGN,HAN,2025-07-17T00:00:00.000Z,21:00,23:05,Business Flex (C),7638000
2025-07-16T14:08:14.673Z,VN270,Airbus A321,SGN,HAN,2025-07-17T00:00:00.000Z,23:00,01:05,Business Flex (C),7638000
2025-07-16T14:08:14.673Z,VN224,Airbus A350-900,SGN,HAN,2025-07-17T00:00:00.000Z,23:15,01:20,Business Flex (C),7638000
2025-07-16T14:08:14.673Z,VN106,Airbus A321,SGN,DAD,2025-07-17T00:00:00.000Z,05:45,07:10,Business Classic (D),7763000
2025-07-16T14:08:14.673Z,VN7128,Airbus A320-100/200,SGN,DAD,2025-07-17T00:00:00.000Z,06:05,07:30,Business Classic (D),7763000
2025-07-16T14:08:14.673Z,VN110,Airbus A321,SGN,DAD,2025-07-17T00:00:00.000Z,06:50,08:20,Business Classic (D),7763000
2025-07-16T14:08:14.673Z,VN136,Airbus A321,SGN,DAD,2025-07-17T00:00:00.000Z,16:00,17:25,Business Classic (D),7763000
2025-07-16T14:08:14.673Z,VN7112,Airbus A321,SGN,DAD,2025-07-17T00:00:00.000Z,20:00,21:25,Business Classic (D),7763000
2025-07-16T14:08:14.673Z,VN148,Airbus A321,SGN,DAD,2025-07-17T00:00:00.000Z,20:45,22:10,Business Classic (D),7763000
2025-07-16T14:08:14.673Z,VN7144,Airbus A321,SGN,DAD,2025-07-17T00:00:00.000Z,21:25,22:40,Business Classic (D),7763000
2025-07-16T14:08:14.673Z,VN106,Airbus A321,SGN,DAD,2025-07-17T00:00:00.000Z,05:45,07:10,Business Flex (C),8627000
2025-07-16T14:08:14.673Z,VN7128,Airbus A320-100/200,SGN,DAD,2025-07-17T00:00:00.000Z,06:05,07:30,Business Flex (C),8627000
2025-07-16T14:08:14.673Z,VN110,Airbus A321,SGN,DAD,2025-07-17T00:00:00.000Z,06:50,08:20,Business Flex (C),8627000
2025-07-16T14:08:14.673Z,VN136,Airbus A321,SGN,DAD,2025-07-17T00:00:00.000Z,16:00,17:25,Business Flex (C),8627000
2025-07-16T14:08:14.673Z,VN146,Airbus A321,SGN,DAD,2025-07-17T00:00:00.000Z,19:25,20:50,Business Flex (C),8627000
2025-07-16T14:08:14.673Z,VN7112,Airbus A321,SGN,DAD,2025-07-17T00:00:00.000Z,20:00,21:25,Business Flex (C),8627000
2025-07-16T14:08:14.673Z,VN148,Airbus A321,SGN,DAD,2025-07-17T00:00:00.000Z,20:45,22:10,Business Flex (C),8627000
2025-07-16T14:08:14.673Z,VN7144,Airbus A321,SGN,DAD,2025-07-17T00:00:00.000Z,21:25,22:40,Business Flex (C),8627000
2025-07-16T14:08:14.673Z,VN6002,Airbus A321,SGN,HAN,2025-07-17T00:00:00.000Z,04:55,07:05,(J),8826000
2025-07-16T14:08:14.673Z,VN206,Airbus A350-900,SGN,HAN,2025-07-17T00:00:00.000Z,06:00,08:05,Business Flex (J),8826000
2025-07-16T14:08:14.673Z,VN240,Boeing 787,SGN,HAN,2025-07-17T00:00:00.000Z,07:00,09:05,Business Flex (J),8826000
2025-07-16T14:08:14.673Z,VN6014,Airbus A321,SGN,HAN,2025-07-17T00:00:00.000Z,07:00,09:10,(J),8826000
2025-07-16T14:08:14.673Z,VN208,Boeing 787,SGN,HAN,2025-07-17T00:00:00.000Z,07:30,09:35,Business Flex (J),8826000
2025-07-16T14:08:14.673Z,VN244,Airbus 350,SGN,HAN,2025-07-17T00:00:00.000Z,09:00,11:05,Business Flex (J),8826000
2025-07-16T14:08:14.673Z,VN210,Airbus 350,SGN,HAN,2025-07-17T00:00:00.000Z,10:00,12:05,Business Flex (J),8826000
2025-07-16T14:08:14.673Z,VN246,Boeing 787,SGN,HAN,2025-07-17T00:00:00.000Z,11:00,13:05,Business Flex (J),8826000
2025-07-16T14:08:14.673Z,VN212,Airbus A350-900,SGN,HAN,2025-07-17T00:00:00.000Z,12:00,14:05,Business Flex (J),8826000
2025-07-16T14:08:14.673Z,VN248,Airbus A321,SGN,HAN,2025-07-17T00:00:00.000Z,13:00,15:05,Business Flex (J),8826000
2025-07-16T14:08:14.673Z,VN214,Boeing 787,SGN,HAN,2025-07-17T00:00:00.000Z,14:00,16:05,Business Flex (J),8826000
2025-07-16T14:08:14.673Z,VN250,Airbus 350,SGN,HAN,2025-07-17T00:00:00.000Z,15:00,17:05,Business Flex (J),8826000
2025-07-16T14:08:14.673Z,VN216,Boeing 787,SGN,HAN,2025-07-17T00:00:00.000Z,16:00,18:05,Business Flex (J),8826000
2025-07-16T14:08:14.673Z,VN252,Airbus 350,SGN,HAN,2025-07-17T00:00:00.000Z,16:40,18:45,Business Flex (J),8826000
2025-07-16T14:08:14.673Z,VN7258,Airbus A321,SGN,HAN,2025-07-17T00:00:00.000Z,16:55,19:05,Business Flex (J),8826000
2025-07-16T14:08:14.673Z,VN254,Airbus 350,SGN,HAN,2025-07-17T00:00:00.000Z,17:00,19:10,Business Flex (J),8826000
2025-07-16T14:08:14.673Z,VN7232,Airbus A350-900,SGN,HAN,2025-07-17T00:00:00.000Z,17:15,19:20,Business Flex (J),8826000
2025-07-16T14:08:14.673Z,VN218,Boeing 787,SGN,HAN,2025-07-17T00:00:00.000Z,18:00,20:05,Business Flex (J),8826000
2025-07-16T14:08:14.673Z,VN258,Boeing 787,SGN,HAN,2025-07-17T00:00:00.000Z,19:00,21:05,Business Flex (J),8826000
2025-07-16T14:08:14.673Z,VN262,Boeing 787,SGN,HAN,2025-07-17T00:00:00.000Z,19:35,21:40,Business Flex (J),8826000
2025-07-16T14:08:14.673Z,VN220,Boeing 787,SGN,HAN,2025-07-17T00:00:00.000Z,20:00,22:05,Business Flex (J),8826000
2025-07-16T14:08:14.673Z,VN260,Boeing 787,SGN,HAN,2025-07-17T00:00:00.000Z,21:00,23:05,Business Flex (J),8826000
2025-07-16T14:08:14.673Z,VN7234,Boeing 787,SGN,HAN,2025-07-17T00:00:00.000Z,21:55,00:00,Business Flex (J),8826000
2025-07-16T14:08:14.673Z,VN270,Airbus A321,SGN,HAN,2025-07-17T00:00:00.000Z,23:00,01:05,Business Flex (J),8826000
2025-07-16T14:08:14.673Z,VN224,Airbus A350-900,SGN,HAN,2025-07-17T00:00:00.000Z,23:15,01:20,Business Flex (J),8826000
2025-07-16T14:08:14.673Z,VN106,Airbus A321,SGN,DAD,2025-07-17T00:00:00.000Z,05:45,07:10,Business Flex (J),9491000
2025-07-16T14:08:14.673Z,VN7128,Airbus A320-100/200,SGN,DAD,2025-07-17T00:00:00.000Z,06:05,07:30,Business Flex (J),9491000
2025-07-16T14:08:14.673Z,VN110,Airbus A321,SGN,DAD,2025-07-17T00:00:00.000Z,06:50,08:20,Business Flex (J),9491000
2025-07-16T14:08:14.673Z,VN136,Airbus A321,SGN,DAD,2025-07-17T00:00:00.000Z,16:00,17:25,Business Flex (J),9491000
2025-07-16T14:08:14.673Z,VN146,Airbus A321,SGN,DAD,2025-07-17T00:00:00.000Z,19:25,20:50,Business Flex (J),9491000
2025-07-16T14:08:14.673Z,VN7112,Airbus A321,SGN,DAD,2025-07-17T00:00:00.000Z,20:00,21:25,Business Flex (J),9491000
2025-07-16T14:08:14.673Z,VN148,Airbus A321,SGN,DAD,2025-07-17T00:00:00.000Z,20:45,22:10,Business Flex (J),9491000
2025-07-16T14:08:14.673Z,VN7144,Airbus A321,SGN,DAD,2025-07-17T00:00:00.000Z,21:25,22:40,Business Flex (J),9491000
2025-07-16T15:10:37.148Z,VJ1170,Airbus A321,SGN,HAN,2025-07-18T00:00:00.000Z,23:35,01:45,Eco (W1_ECO),1724000
2025-07-16T15:10:37.148Z,VJ196,Airbus A321,SGN,HAN,2025-07-18T00:00:00.000Z,06:15,08:25,Eco (U1_ECO),1854000
2025-07-16T15:10:37.148Z,VJ1180,Airbus A330,SGN,HAN,2025-07-18T00:00:00.000Z,06:30,08:40,Eco (U1_ECO),1854000
2025-07-16T15:10:37.148Z,VJ1156,Airbus A321,SGN,HAN,2025-07-18T00:00:00.000Z,18:45,20:55,Eco (U1_ECO),1854000
2025-07-16T15:10:37.148Z,VJ1176,Airbus A321,SGN,HAN,2025-07-18T00:00:00.000Z,20:00,22:10,Eco (U1_ECO),1854000
2025-07-16T15:10:37.148Z,VJ1160,Airbus A321,SGN,HAN,2025-07-18T00:00:00.000Z,20:05,22:10,Eco (U1_ECO),1854000
2025-07-16T15:10:37.148Z,VJ1174,Airbus A321,SGN,HAN,2025-07-18T00:00:00.000Z,20:30,22:40,Eco (U1_ECO),1854000
2025-07-16T15:10:37.148Z,VJ174,Airbus A321,SGN,HAN,2025-07-18T00:00:00.000Z,21:00,23:10,Eco (U1_ECO),1854000
2025-07-16T15:10:37.148Z,VJ172,Airbus A321,SGN,HAN,2025-07-18T00:00:00.000Z,22:10,00:20,Eco (U1_ECO),1854000
2025-07-16T15:10:37.148Z,VJ1198,Airbus A321,SGN,HAN,2025-07-18T00:00:00.000Z,05:00,07:10,Eco (J1_ECO),2026500
2025-07-16T15:10:37.148Z,VJ1128,Airbus A321,SGN,HAN,2025-07-18T00:00:00.000Z,06:00,08:10,Eco (J1_ECO),2026500
2025-07-16T15:10:37.148Z,VJ190,Airbus A321,SGN,HAN,2025-07-18T00:00:00.000Z,07:10,09:20,Eco (J1_ECO),2026500
2025-07-16T15:10:37.148Z,VJ120,Airbus A321,SGN,HAN,2025-07-18T00:00:00.000Z,07:30,09:40,Eco (J1_ECO),2026500
2025-07-16T15:10:37.148Z,VJ1126,Airbus A321,SGN,HAN,2025-07-18T00:00:00.000Z,08:10,10:20,Eco (J1_ECO),2026500
2025-07-16T15:10:37.148Z,VJ124,Airbus A320-100/200,SGN,HAN,2025-07-18T00:00:00.000Z,09:20,11:30,Eco (J1_ECO),2026500
2025-07-16T15:10:37.148Z,VJ1130,Airbus A321,SGN,HAN,2025-07-18T00:00:00.000Z,10:25,12:35,Eco (J1_ECO),2026500
2025-07-16T15:10:37.148Z,VJ178,Airbus A330,SGN,HAN,2025-07-18T00:00:00.000Z,11:50,14:00,Eco (J1_ECO),2026500
2025-07-16T15:10:37.148Z,VJ1138,Airbus A321,SGN,HAN,2025-07-18T00:00:00.000Z,12:25,14:35,Eco (J1_ECO),2026500
2025-07-16T15:10:37.148Z,VJ1172,Airbus A330,SGN,HAN,2025-07-18T00:00:00.000Z,12:50,15:00,Eco (J1_ECO),2026500
2025-07-16T15:10:37.148Z,VJ140,Airbus A321,SGN,HAN,2025-07-18T00:00:00.000Z,13:10,15:20,Eco (J1_ECO),2026500
2025-07-16T15:10:37.148Z,VJ1162,Airbus A321,SGN,HAN,2025-07-18T00:00:00.000Z,16:50,19:00,Eco (J1_ECO),2026500
2025-07-16T15:10:37.148Z,VJ1152,Airbus A321,SGN,HAN,2025-07-18T00:00:00.000Z,17:20,19:30,Eco (J1_ECO),2026500
2025-07-16T15:10:37.148Z,VJ1158,Airbus A321,SGN,HAN,2025-07-18T00:00:00.000Z,19:40,21:50,Eco (J1_ECO),2026500
2025-07-16T15:10:37.148Z,VJ1170,Airbus A321,SGN,HAN,2025-07-18T00:00:00.000Z,23:35,01:45,Deluxe (W1_DLX),2318000
2025-07-16T15:10:37.148Z,VJ1148,Airbus A320-100/200,SGN,HAN,2025-07-18T00:00:00.000Z,14:05,16:10,Eco (B1_ECO),2372000
2025-07-16T15:10:37.148Z,VJ196,Airbus A321,SGN,HAN,2025-07-18T00:00:00.000Z,06:15,08:25,Deluxe (U1_DLX),2448000
2025-07-16T15:10:37.148Z,VJ1180,Airbus A330,SGN,HAN,2025-07-18T00:00:00.000Z,06:30,08:40,Deluxe (U1_DLX),2448000
2025-07-16T15:10:37.148Z,VJ1156,Airbus A321,SGN,HAN,2025-07-18T00:00:00.000Z,18:45,20:55,Deluxe (U1_DLX),2448000
2025-07-16T15:10:37.148Z,VJ1176,Airbus A321,SGN,HAN,2025-07-18T00:00:00.000Z,20:00,22:10,Deluxe (U1_DLX),2448000
2025-07-16T15:10:37.148Z,VJ1160,Airbus A321,SGN,HAN,2025-07-18T00:00:00.000Z,20:05,22:10,Deluxe (U1_DLX),2448000
2025-07-16T15:10:37.148Z,VJ1174,Airbus A321,SGN,HAN,2025-07-18T00:00:00.000Z,20:30,22:40,Deluxe (U1_DLX),2448000
2025-07-16T15:10:37.148Z,VJ174,Airbus A321,SGN,HAN,2025-07-18T00:00:00.000Z,21:00,23:10,Deluxe (U1_DLX),2448000
2025-07-16T15:10:37.148Z,VJ172,Airbus A321,SGN,HAN,2025-07-18T00:00:00.000Z,22:10,00:20,Deluxe (U1_DLX),2448000
2025-07-16T15:10:37.148Z,VJ1198,Airbus A321,SGN,HAN,2025-07-18T00:00:00.000Z,05:00,07:10,Deluxe (J1_DLX),2620500
2025-07-16T15:10:37.148Z,VJ1128,Airbus A321,SGN,HAN,2025-07-18T00:00:00.000Z,06:00,08:10,Deluxe (J1_DLX),2620500
2025-07-16T15:10:37.148Z,VJ190,Airbus A321,SGN,HAN,2025-07-18T00:00:00.000Z,07:10,09:20,Deluxe (J1_DLX),2620500
2025-07-16T15:10:37.148Z,VJ120,Airbus A321,SGN,HAN,2025-07-18T00:00:00.000Z,07:30,09:40,Deluxe (J1_DLX),2620500
2025-07-16T15:10:37.148Z,VJ1126,Airbus A321,SGN,HAN,2025-07-18T00:00:00.000Z,08:10,10:20,Deluxe (J1_DLX),2620500
2025-07-16T15:10:37.148Z,VJ124,Airbus A320-100/200,SGN,HAN,2025-07-18T00:00:00.000Z,09:20,11:30,Deluxe (J1_DLX),2620500
2025-07-16T15:10:37.148Z,VJ1130,Airbus A321,SGN,HAN,2025-07-18T00:00:00.000Z,10:25,12:35,Deluxe (J1_DLX),2620500
2025-07-16T15:10:37.148Z,VJ178,Airbus A330,SGN,HAN,2025-07-18T00:00:00.000Z,11:50,14:00,Deluxe (J1_DLX),2620500
2025-07-16T15:10:37.148Z,VJ1138,Airbus A321,SGN,HAN,2025-07-18T00:00:00.000Z,12:25,14:35,Deluxe (J1_DLX),2620500
2025-07-16T15:10:37.148Z,VJ1172,Airbus A330,SGN,HAN,2025-07-18T00:00:00.000Z,12:50,15:00,Deluxe (J1_DLX),2620500
2025-07-16T15:10:37.148Z,VJ140,Airbus A321,SGN,HAN,2025-07-18T00:00:00.000Z,13:10,15:20,Deluxe (J1_DLX),2620500
2025-07-16T15:10:37.148Z,VJ1162,Airbus A321,SGN,HAN,2025-07-18T00:00:00.000Z,16:50,19:00,Deluxe (J1_DLX),2620500
2025-07-16T15:10:37.148Z,VJ1152,Airbus A321,SGN,HAN,2025-07-18T00:00:00.000Z,17:20,19:30,Deluxe (J1_DLX),2620500
2025-07-16T15:10:37.148Z,VJ1158,Airbus A321,SGN,HAN,2025-07-18T00:00:00.000Z,19:40,21:50,Deluxe (J1_DLX),2620500
2025-07-16T15:10:37.148Z,VN252,Boeing 787,SGN,HAN,2025-07-18T00:00:00.000Z,16:40,18:45,Economy Lite (Q),2638000
2025-07-16T15:10:37.148Z,VN7270,Airbus A321,SGN,HAN,2025-07-18T00:00:00.000Z,01:00,03:10,Economy Classic (L),2886000
2025-07-16T15:10:37.148Z,VN7258,Boeing 787,SGN,HAN,2025-07-18T00:00:00.000Z,16:15,18:25,Economy Classic (L),2886000
2025-07-16T15:10:37.148Z,VN252,Boeing 787,SGN,HAN,2025-07-18T00:00:00.000Z,16:40,18:45,Economy Classic (L),2886000
2025-07-16T15:10:37.148Z,VN7232,Airbus 350,SGN,HAN,2025-07-18T00:00:00.000Z,16:50,18:55,Economy Classic (L),2886000
2025-07-16T15:10:37.148Z,VN254,Boeing 787,SGN,HAN,2025-07-18T00:00:00.000Z,17:00,19:10,Economy Classic (L),2886000
2025-07-16T15:10:37.148Z,VJ1148,Airbus A320-100/200,SGN,HAN,2025-07-18T00:00:00.000Z,14:05,16:10,Deluxe (B1_DLX),2966000
2025-07-16T15:10:37.148Z,VN7270,Airbus A321,SGN,HAN,2025-07-18T00:00:00.000Z,01:00,03:10,Economy Classic (K),3113000
2025-07-16T15:10:37.148Z,VN214,Boeing 787,SGN,HAN,2025-07-18T00:00:00.000Z,15:25,17:30,Economy Classic (K),3113000
2025-07-16T15:10:37.148Z,VN216,Boeing 787,SGN,HAN,2025-07-18T00:00:00.000Z,16:00,18:05,Economy Classic (K),3113000
2025-07-16T15:10:37.148Z,VN7258,Boeing 787,SGN,HAN,2025-07-18T00:00:00.000Z,16:15,18:25,Economy Classic (K),3113000
2025-07-16T15:10:37.148Z,VN252,Boeing 787,SGN,HAN,2025-07-18T00:00:00.000Z,16:40,18:45,Economy Classic (K),3113000
2025-07-16T15:10:37.148Z,VN7232,Airbus 350,SGN,HAN,2025-07-18T00:00:00.000Z,16:50,18:55,Economy Classic (K),3113000
2025-07-16T15:10:37.148Z,VN254,Boeing 787,SGN,HAN,2025-07-18T00:00:00.000Z,17:00,19:10,Economy Classic (K),3113000
2025-07-16T15:10:37.148Z,VN7270,Airbus A321,SGN,HAN,2025-07-18T00:00:00.000Z,01:00,03:10,Economy Classic (H),3340000
2025-07-16T15:10:37.148Z,VN6014,Airbus A321,SGN,HAN,2025-07-18T00:00:00.000Z,07:00,09:10,Economy Classic (H),3340000
2025-07-16T15:10:37.148Z,VN7246,Airbus A350-900,SGN,HAN,2025-07-18T00:00:00.000Z,10:20,12:20,Economy Classic (H),3340000
2025-07-16T15:10:37.148Z,VN214,Boeing 787,SGN,HAN,2025-07-18T00:00:00.000Z,15:25,17:30,Economy Classic (H),3340000
2025-07-16T15:10:37.148Z,VN216,Boeing 787,SGN,HAN,2025-07-18T00:00:00.000Z,16:00,18:05,Economy Classic (H),3340000
2025-07-16T15:10:37.148Z,VN7258,Boeing 787,SGN,HAN,2025-07-18T00:00:00.000Z,16:15,18:25,Economy Classic (H),3340000
2025-07-16T15:10:37.148Z,VN252,Boeing 787,SGN,HAN,2025-07-18T00:00:00.000Z,16:40,18:45,Economy Classic (H),3340000
2025-07-16T15:10:37.148Z,VN7232,Airbus 350,SGN,HAN,2025-07-18T00:00:00.000Z,16:50,18:55,Economy Classic (H),3340000
2025-07-16T15:10:37.148Z,VN254,Boeing 787,SGN,HAN,2025-07-18T00:00:00.000Z,17:00,19:10,Economy Classic (H),3340000
2025-07-16T15:10:37.148Z,VN7270,Airbus A321,SGN,HAN,2025-07-18T00:00:00.000Z,01:00,03:10,Economy Classic (S),3545000
2025-07-16T15:10:37.148Z,VN6002,Airbus A321,SGN,HAN,2025-07-18T00:00:00.000Z,04:55,07:05,Economy Flex (S),3545000
2025-07-16T15:10:37.148Z,VN6014,Airbus A321,SGN,HAN,2025-07-18T00:00:00.000Z,07:00,09:10,Economy Flex (S),3545000
2025-07-16T15:10:37.148Z,VN240,Boeing 787,SGN,HAN,2025-07-18T00:00:00.000Z,09:30,11:35,Economy Classic (S),3545000
2025-07-16T15:10:37.148Z,VN210,Boeing 787,SGN,HAN,2025-07-18T00:00:00.000Z,10:00,12:05,Economy Classic (S),3545000
2025-07-16T15:10:37.148Z,VN7246,Airbus A350-900,SGN,HAN,2025-07-18T00:00:00.000Z,10:20,12:20,Economy Classic (S),3545000
2025-07-16T15:10:37.148Z,VN246,Airbus A350-900,SGN,HAN,2025-07-18T00:00:00.000Z,12:05,14:10,Economy Classic (S),3545000
2025-07-16T15:10:37.148Z,VN7206,Airbus 350,SGN,HAN,2025-07-18T00:00:00.000Z,13:55,16:10,Economy Classic (S),3545000
2025-07-16T15:10:37.148Z,VN250,Boeing 787,SGN,HAN,2025-07-18T00:00:00.000Z,15:00,17:05,Economy Classic (S),3545000
2025-07-16T15:10:37.148Z,VN214,Boeing 787,SGN,HAN,2025-07-18T00:00:00.000Z,15:25,17:30,Economy Classic (S),3545000
2025-07-16T15:10:37.148Z,VN216,Boeing 787,SGN,HAN,2025-07-18T00:00:00.000Z,16:00,18:05,Economy Classic (S),3545000
2025-07-16T15:10:37.148Z,VN7258,Boeing 787,SGN,HAN,2025-07-18T00:00:00.000Z,16:15,18:25,Economy Classic (S),3545000
2025-07-16T15:10:37.148Z,VN252,Boeing 787,SGN,HAN,2025-07-18T00:00:00.000Z,16:40,18:45,Economy Classic (S),3545000
2025-07-16T15:10:37.148Z,VN7232,Airbus 350,SGN,HAN,2025-07-18T00:00:00.000Z,16:50,18:55,Economy Classic (S),3545000
2025-07-16T15:10:37.148Z,VN254,Boeing 787,SGN,HAN,2025-07-18T00:00:00.000Z,17:00,19:10,Economy Classic (S),3545000
2025-07-16T15:10:37.148Z,VN7270,Airbus A321,SGN,HAN,2025-07-18T00:00:00.000Z,01:00,03:10,Economy Flex (M),3718000
2025-07-16T15:10:37.148Z,VN6002,Airbus A321,SGN,HAN,2025-07-18T00:00:00.000Z,04:55,07:05,Economy Flex (M),3718000
2025-07-16T15:10:37.148Z,VN6014,Airbus A321,SGN,HAN,2025-07-18T00:00:00.000Z,07:00,09:10,Economy Flex (M),3718000
2025-07-16T15:10:37.148Z,VN244,Boeing 787,SGN,HAN,2025-07-18T00:00:00.000Z,09:00,11:05,Economy Flex (M),3718000
2025-07-16T15:10:37.148Z,VN240,Boeing 787,SGN,HAN,2025-07-18T00:00:00.000Z,09:30,11:35,Economy Flex (M),3718000
2025-07-16T15:10:37.148Z,VN210,Boeing 787,SGN,HAN,2025-07-18T00:00:00.000Z,10:00,12:05,Economy Flex (M),3718000
2025-07-16T15:10:37.148Z,VN7246,Airbus A350-900,SGN,HAN,2025-07-18T00:00:00.000Z,10:20,12:20,Economy Flex (M),3718000
2025-07-16T15:10:37.148Z,VN246,Airbus A350-900,SGN,HAN,2025-07-18T00:00:00.000Z,12:05,14:10,Economy Flex (M),3718000
2025-07-16T15:10:37.148Z,VN7206,Airbus 350,SGN,HAN,2025-07-18T00:00:00.000Z,13:55,16:10,Economy Flex (M),3718000
2025-07-16T15:10:37.148Z,VN248,Boeing 787,SGN,HAN,2025-07-18T00:00:00.000Z,14:00,16:05,Economy Flex (M),3718000
2025-07-16T15:10:37.148Z,VN250,Boeing 787,SGN,HAN,2025-07-18T00:00:00.000Z,15:00,17:05,Economy Flex (M),3718000
2025-07-16T15:10:37.148Z,VN214,Boeing 787,SGN,HAN,2025-07-18T00:00:00.000Z,15:25,17:30,Economy Flex (M),3718000
2025-07-16T15:10:37.148Z,VN216,Boeing 787,SGN,HAN,2025-07-18T00:00:00.000Z,16:00,18:05,Economy Flex (M),3718000
2025-07-16T15:10:37.148Z,VN7258,Boeing 787,SGN,HAN,2025-07-18T00:00:00.000Z,16:15,18:25,Economy Flex (M),3718000
2025-07-16T15:10:37.148Z,VN252,Boeing 787,SGN,HAN,2025-07-18T00:00:00.000Z,16:40,18:45,Economy Flex (M),3718000
2025-07-16T15:10:37.148Z,VN7232,Airbus 350,SGN,HAN,2025-07-18T00:00:00.000Z,16:50,18:55,Economy Flex (M),3718000
2025-07-16T15:10:37.148Z,VN254,Boeing 787,SGN,HAN,2025-07-18T00:00:00.000Z,17:00,19:10,Economy Flex (M),3718000
2025-07-16T15:10:37.148Z,VN7270,Airbus A321,SGN,HAN,2025-07-18T00:00:00.000Z,01:00,03:10,Economy Flex (B),3791000
2025-07-16T15:10:37.148Z,VN6002,Airbus A321,SGN,HAN,2025-07-18T00:00:00.000Z,04:55,07:05,Economy Flex (B),3791000
2025-07-16T15:10:37.148Z,VN6014,Airbus A321,SGN,HAN,2025-07-18T00:00:00.000Z,07:00,09:10,Economy Flex (B),3791000
2025-07-16T15:10:37.148Z,VN208,Boeing 787,SGN,HAN,2025-07-18T00:00:00.000Z,08:00,10:05,Economy Flex (B),3791000
2025-07-16T15:10:37.148Z,VN244,Boeing 787,SGN,HAN,2025-07-18T00:00:00.000Z,09:00,11:05,Economy Flex (B),3791000
2025-07-16T15:10:37.148Z,VN240,Boeing 787,SGN,HAN,2025-07-18T00:00:00.000Z,09:30,11:35,Economy Flex (B),3791000
2025-07-16T15:10:37.148Z,VN210,Boeing 787,SGN,HAN,2025-07-18T00:00:00.000Z,10:00,12:05,Economy Flex (B),3791000
2025-07-16T15:10:37.148Z,VN7246,Airbus A350-900,SGN,HAN,2025-07-18T00:00:00.000Z,10:20,12:20,Economy Flex (B),3791000
2025-07-16T15:10:37.148Z,VN246,Airbus A350-900,SGN,HAN,2025-07-18T00:00:00.000Z,12:05,14:10,Economy Flex (B),3791000
2025-07-16T15:10:37.148Z,VN7206,Airbus 350,SGN,HAN,2025-07-18T00:00:00.000Z,13:55,16:10,Economy Flex (B),3791000
2025-07-16T15:10:37.148Z,VN248,Boeing 787,SGN,HAN,2025-07-18T00:00:00.000Z,14:00,16:05,Economy Flex (B),3791000
2025-07-16T15:10:37.148Z,VN250,Boeing 787,SGN,HAN,2025-07-18T00:00:00.000Z,15:00,17:05,Economy Flex (B),3791000
2025-07-16T15:10:37.148Z,VN214,Boeing 787,SGN,HAN,2025-07-18T00:00:00.000Z,15:25,17:30,Economy Flex (B),3791000
2025-07-16T15:10:37.148Z,VN216,Boeing 787,SGN,HAN,2025-07-18T00:00:00.000Z,16:00,18:05,Economy Flex (B),3791000
2025-07-16T15:10:37.148Z,VN7258,Boeing 787,SGN,HAN,2025-07-18T00:00:00.000Z,16:15,18:25,Economy Flex (B),3791000
2025-07-16T15:10:37.148Z,VN252,Boeing 787,SGN,HAN,2025-07-18T00:00:00.000Z,16:40,18:45,Economy Flex (B),3791000
2025-07-16T15:10:37.148Z,VN7232,Airbus 350,SGN,HAN,2025-07-18T00:00:00.000Z,16:50,18:55,Economy Flex (B),3791000
2025-07-16T15:10:37.148Z,VN254,Boeing 787,SGN,HAN,2025-07-18T00:00:00.000Z,17:00,19:10,Economy Flex (B),3791000
2025-07-16T15:10:37.148Z,VN7270,Airbus A321,SGN,HAN,2025-07-18T00:00:00.000Z,01:00,03:10,Premium Economy Classic (U),4007000
2025-07-16T15:10:37.148Z,VN6002,Airbus A321,SGN,HAN,2025-07-18T00:00:00.000Z,04:55,07:05,(I),4007000
2025-07-16T15:10:37.148Z,VN206,Airbus A350-900,SGN,HAN,2025-07-18T00:00:00.000Z,06:00,08:05,Premium Economy Classic (U),4007000
2025-07-16T15:10:37.148Z,VN208,Boeing 787,SGN,HAN,2025-07-18T00:00:00.000Z,08:00,10:05,Premium Economy Classic (U),4007000
2025-07-16T15:10:37.148Z,VN244,Boeing 787,SGN,HAN,2025-07-18T00:00:00.000Z,09:00,11:05,Premium Economy Classic (U),4007000
2025-07-16T15:10:37.148Z,VN240,Boeing 787,SGN,HAN,2025-07-18T00:00:00.000Z,09:30,11:35,Premium Economy Classic (U),4007000
2025-07-16T15:10:37.148Z,VN210,Boeing 787,SGN,HAN,2025-07-18T00:00:00.000Z,10:00,12:05,Premium Economy Classic (U),4007000
2025-07-16T15:10:37.148Z,VN7246,Airbus A350-900,SGN,HAN,2025-07-18T00:00:00.000Z,10:20,12:20,Premium Economy Classic (U),4007000
2025-07-16T15:10:37.148Z,VN212,Airbus A321,SGN,HAN,2025-07-18T00:00:00.000Z,12:00,14:05,Premium Economy Classic (U),4007000
2025-07-16T15:10:37.148Z,VN246,Airbus A350-900,SGN,HAN,2025-07-18T00:00:00.000Z,12:05,14:10,Premium Economy Classic (U),4007000
2025-07-16T15:10:37.148Z,VN7206,Airbus 350,SGN,HAN,2025-07-18T00:00:00.000Z,13:55,16:10,Premium Economy Classic (U),4007000
2025-07-16T15:10:37.148Z,VN248,Boeing 787,SGN,HAN,2025-07-18T00:00:00.000Z,14:00,16:05,Premium Economy Classic (U),4007000
2025-07-16T15:10:37.148Z,VN250,Boeing 787,SGN,HAN,2025-07-18T00:00:00.000Z,15:00,17:05,Premium Economy Classic (U),4007000
2025-07-16T15:10:37.148Z,VN214,Boeing 787,SGN,HAN,2025-07-18T00:00:00.000Z,15:25,17:30,Premium Economy Classic (U),4007000
2025-07-16T15:10:37.148Z,VN216,Boeing 787,SGN,HAN,2025-07-18T00:00:00.000Z,16:00,18:05,Premium Economy Classic (U),4007000
2025-07-16T15:10:37.148Z,VN7258,Boeing 787,SGN,HAN,2025-07-18T00:00:00.000Z,16:15,18:25,Premium Economy Classic (U),4007000
2025-07-16T15:10:37.148Z,VN252,Boeing 787,SGN,HAN,2025-07-18T00:00:00.000Z,16:40,18:45,Premium Economy Classic (U),4007000
2025-07-16T15:10:37.148Z,VN7232,Airbus 350,SGN,HAN,2025-07-18T00:00:00.000Z,16:50,18:55,Premium Economy Classic (U),4007000
2025-07-16T15:10:37.148Z,VN254,Boeing 787,SGN,HAN,2025-07-18T00:00:00.000Z,17:00,19:10,Premium Economy Classic (U),4007000
2025-07-16T15:10:37.148Z,VN7270,Airbus A321,SGN,HAN,2025-07-18T00:00:00.000Z,01:00,03:10,Premium Economy Classic (Z),4547000
2025-07-16T15:10:37.148Z,VN6002,Airbus A321,SGN,HAN,2025-07-18T00:00:00.000Z,04:55,07:05,(Z),4547000
2025-07-16T15:10:37.148Z,VN206,Airbus A350-900,SGN,HAN,2025-07-18T00:00:00.000Z,06:00,08:05,Premium Economy Classic (Z),4547000
2025-07-16T15:10:37.148Z,VN6014,Airbus A321,SGN,HAN,2025-07-18T00:00:00.000Z,07:00,09:10,(Z),4547000
2025-07-16T15:10:37.148Z,VN208,Boeing 787,SGN,HAN,2025-07-18T00:00:00.000Z,08:00,10:05,Premium Economy Classic (Z),4547000
2025-07-16T15:10:37.148Z,VN244,Boeing 787,SGN,HAN,2025-07-18T00:00:00.000Z,09:00,11:05,Premium Economy Classic (Z),4547000
2025-07-16T15:10:37.148Z,VN240,Boeing 787,SGN,HAN,2025-07-18T00:00:00.000Z,09:30,11:35,Premium Economy Classic (Z),4547000
2025-07-16T15:10:37.148Z,VN210,Boeing 787,SGN,HAN,2025-07-18T00:00:00.000Z,10:00,12:05,Premium Economy Classic (Z),4547000
2025-07-16T15:10:37.148Z,VN7246,Airbus A350-900,SGN,HAN,2025-07-18T00:00:00.000Z,10:20,12:20,Premium Economy Classic (Z),4547000
2025-07-16T15:10:37.148Z,VN212,Airbus A321,SGN,HAN,2025-07-18T00:00:00.000Z,12:00,14:05,Premium Economy Classic (Z),4547000
2025-07-16T15:10:37.148Z,VN246,Airbus A350-900,SGN,HAN,2025-07-18T00:00:00.000Z,12:05,14:10,Premium Economy Classic (Z),4547000
2025-07-16T15:10:37.148Z,VN7206,Airbus 350,SGN,HAN,2025-07-18T00:00:00.000Z,13:55,16:10,Premium Economy Classic (Z),4547000
2025-07-16T15:10:37.148Z,VN248,Boeing 787,SGN,HAN,2025-07-18T00:00:00.000Z,14:00,16:05,Premium Economy Classic (Z),4547000
2025-07-16T15:10:37.148Z,VN250,Boeing 787,SGN,HAN,2025-07-18T00:00:00.000Z,15:00,17:05,Premium Economy Classic (Z),4547000
2025-07-16T15:10:37.148Z,VN214,Boeing 787,SGN,HAN,2025-07-18T00:00:00.000Z,15:25,17:30,Premium Economy Classic (Z),4547000
2025-07-16T15:10:37.148Z,VN216,Boeing 787,SGN,HAN,2025-07-18T00:00:00.000Z,16:00,18:05,Premium Economy Classic (Z),4547000
2025-07-16T15:10:37.148Z,VN7258,Boeing 787,SGN,HAN,2025-07-18T00:00:00.000Z,16:15,18:25,Premium Economy Classic (Z),4547000
2025-07-16T15:10:37.148Z,VN252,Boeing 787,SGN,HAN,2025-07-18T00:00:00.000Z,16:40,18:45,Premium Economy Classic (Z),4547000
2025-07-16T15:10:37.148Z,VN7232,Airbus 350,SGN,HAN,2025-07-18T00:00:00.000Z,16:50,18:55,Premium Economy Classic (Z),4547000
2025-07-16T15:10:37.148Z,VN254,Boeing 787,SGN,HAN,2025-07-18T00:00:00.000Z,17:00,19:10,Premium Economy Classic (Z),4547000
2025-07-16T15:10:37.148Z,VN6002,Airbus A321,SGN,HAN,2025-07-18T00:00:00.000Z,04:55,07:05,(D),4763000
2025-07-16T15:10:37.148Z,VJ1198,Airbus A321,SGN,HAN,2025-07-18T00:00:00.000Z,05:00,07:10,SkyBoss (Y_SBoss),5050500
2025-07-16T15:10:37.148Z,VJ1128,Airbus A321,SGN,HAN,2025-07-18T00:00:00.000Z,06:00,08:10,SkyBoss (Y_SBoss),5050500
2025-07-16T15:10:37.148Z,VJ196,Airbus A321,SGN,HAN,2025-07-18T00:00:00.000Z,06:15,08:25,SkyBoss (Y_SBoss),5050500
2025-07-16T15:10:37.148Z,VJ1180,Airbus A330,SGN,HAN,2025-07-18T00:00:00.000Z,06:30,08:40,SkyBoss (Y_SBoss),5050500
2025-07-16T15:10:37.148Z,VJ190,Airbus A321,SGN,HAN,2025-07-18T00:00:00.000Z,07:10,09:20,SkyBoss (Y_SBoss),5050500
2025-07-16T15:10:37.148Z,VJ120,Airbus A321,SGN,HAN,2025-07-18T00:00:00.000Z,07:30,09:40,SkyBoss (Y_SBoss),5050500
2025-07-16T15:10:37.148Z,VJ1126,Airbus A321,SGN,HAN,2025-07-18T00:00:00.000Z,08:10,10:20,SkyBoss (Y_SBoss),5050500
2025-07-16T15:10:37.148Z,VJ124,Airbus A320-100/200,SGN,HAN,2025-07-18T00:00:00.000Z,09:20,11:30,SkyBoss (Y_SBoss),5050500
2025-07-16T15:10:37.148Z,VJ1130,Airbus A321,SGN,HAN,2025-07-18T00:00:00.000Z,10:25,12:35,SkyBoss (Y_SBoss),5050500
2025-07-16T15:10:37.148Z,VJ178,Airbus A330,SGN,HAN,2025-07-18T00:00:00.000Z,11:50,14:00,SkyBoss (Y_SBoss),5050500
2025-07-16T15:10:37.148Z,VJ1138,Airbus A321,SGN,HAN,2025-07-18T00:00:00.000Z,12:25,14:35,SkyBoss (Y_SBoss),5050500
2025-07-16T15:10:37.148Z,VJ1172,Airbus A330,SGN,HAN,2025-07-18T00:00:00.000Z,12:50,15:00,SkyBoss (Y_SBoss),5050500
2025-07-16T15:10:37.148Z,VJ140,Airbus A321,SGN,HAN,2025-07-18T00:00:00.000Z,13:10,15:20,SkyBoss (Y_SBoss),5050500
2025-07-16T15:10:37.148Z,VJ1148,Airbus A320-100/200,SGN,HAN,2025-07-18T00:00:00.000Z,14:05,16:10,SkyBoss (Y_SBoss),5050500
2025-07-16T15:10:37.148Z,VJ1162,Airbus A321,SGN,HAN,2025-07-18T00:00:00.000Z,16:50,19:00,SkyBoss (Y_SBoss),5050500
2025-07-16T15:10:37.148Z,VJ1152,Airbus A321,SGN,HAN,2025-07-18T00:00:00.000Z,17:20,19:30,SkyBoss (Y_SBoss),5050500
2025-07-16T15:10:37.148Z,VJ1156,Airbus A321,SGN,HAN,2025-07-18T00:00:00.000Z,18:45,20:55,SkyBoss (Y_SBoss),5050500
2025-07-16T15:10:37.148Z,VJ1158,Airbus A321,SGN,HAN,2025-07-18T00:00:00.000Z,19:40,21:50,SkyBoss (Y_SBoss),5050500
2025-07-16T15:10:37.148Z,VJ1176,Airbus A321,SGN,HAN,2025-07-18T00:00:00.000Z,20:00,22:10,SkyBoss (Y_SBoss),5050500
2025-07-16T15:10:37.148Z,VJ1160,Airbus A321,SGN,HAN,2025-07-18T00:00:00.000Z,20:05,22:10,SkyBoss (Y_SBoss),5050500
2025-07-16T15:10:37.148Z,VJ1174,Airbus A321,SGN,HAN,2025-07-18T00:00:00.000Z,20:30,22:40,SkyBoss (Y_SBoss),5050500
2025-07-16T15:10:37.148Z,VJ174,Airbus A321,SGN,HAN,2025-07-18T00:00:00.000Z,21:00,23:10,SkyBoss (Y_SBoss),5050500
2025-07-16T15:10:37.148Z,VJ172,Airbus A321,SGN,HAN,2025-07-18T00:00:00.000Z,22:10,00:20,SkyBoss (Y_SBoss),5050500
2025-07-16T15:10:37.148Z,VJ1170,Airbus A321,SGN,HAN,2025-07-18T00:00:00.000Z,23:35,01:45,SkyBoss (Y_SBoss),5050500
2025-07-16T15:10:37.148Z,VN7270,Airbus A321,SGN,HAN,2025-07-18T00:00:00.000Z,01:00,03:10,Premium Economy Flex (W),5411000
2025-07-16T15:10:37.148Z,VN6002,Airbus A321,SGN,HAN,2025-07-18T00:00:00.000Z,04:55,07:05,(W),5411000
2025-07-16T15:10:37.148Z,VN206,Airbus A350-900,SGN,HAN,2025-07-18T00:00:00.000Z,06:00,08:05,Premium Economy Flex (W),5411000
2025-07-16T15:10:37.148Z,VN6014,Airbus A321,SGN,HAN,2025-07-18T00:00:00.000Z,07:00,09:10,(W),5411000
2025-07-16T15:10:37.148Z,VN208,Boeing 787,SGN,HAN,2025-07-18T00:00:00.000Z,08:00,10:05,Premium Economy Flex (W),5411000
2025-07-16T15:10:37.148Z,VN244,Boeing 787,SGN,HAN,2025-07-18T00:00:00.000Z,09:00,11:05,Premium Economy Flex (W),5411000
2025-07-16T15:10:37.148Z,VN240,Boeing 787,SGN,HAN,2025-07-18T00:00:00.000Z,09:30,11:35,Premium Economy Flex (W),5411000
2025-07-16T15:10:37.148Z,VN210,Boeing 787,SGN,HAN,2025-07-18T00:00:00.000Z,10:00,12:05,Premium Economy Flex (W),5411000
2025-07-16T15:10:37.148Z,VN7246,Airbus A350-900,SGN,HAN,2025-07-18T00:00:00.000Z,10:20,12:20,Premium Economy Flex (W),5411000
2025-07-16T15:10:37.148Z,VN212,Airbus A321,SGN,HAN,2025-07-18T00:00:00.000Z,12:00,14:05,Premium Economy Flex (W),5411000
2025-07-16T15:10:37.148Z,VN246,Airbus A350-900,SGN,HAN,2025-07-18T00:00:00.000Z,12:05,14:10,Premium Economy Flex (W),5411000
2025-07-16T15:10:37.148Z,VN7206,Airbus 350,SGN,HAN,2025-07-18T00:00:00.000Z,13:55,16:10,Premium Economy Flex (W),5411000
2025-07-16T15:10:37.148Z,VN248,Boeing 787,SGN,HAN,2025-07-18T00:00:00.000Z,14:00,16:05,Premium Economy Flex (W),5411000
2025-07-16T15:10:37.148Z,VN250,Boeing 787,SGN,HAN,2025-07-18T00:00:00.000Z,15:00,17:05,Premium Economy Flex (W),5411000
2025-07-16T15:10:37.148Z,VN214,Boeing 787,SGN,HAN,2025-07-18T00:00:00.000Z,15:25,17:30,Premium Economy Flex (W),5411000
2025-07-16T15:10:37.148Z,VN216,Boeing 787,SGN,HAN,2025-07-18T00:00:00.000Z,16:00,18:05,Premium Economy Flex (W),5411000
2025-07-16T15:10:37.148Z,VN7258,Boeing 787,SGN,HAN,2025-07-18T00:00:00.000Z,16:15,18:25,Premium Economy Flex (W),5411000
2025-07-16T15:10:37.148Z,VN252,Boeing 787,SGN,HAN,2025-07-18T00:00:00.000Z,16:40,18:45,Premium Economy Flex (W),5411000
2025-07-16T15:10:37.148Z,VN7232,Airbus 350,SGN,HAN,2025-07-18T00:00:00.000Z,16:50,18:55,Premium Economy Flex (W),5411000
2025-07-16T15:10:37.148Z,VN254,Boeing 787,SGN,HAN,2025-07-18T00:00:00.000Z,17:00,19:10,Premium Economy Flex (W),5411000
2025-07-16T15:10:37.148Z,VN7270,Airbus A321,SGN,HAN,2025-07-18T00:00:00.000Z,01:00,03:10,Business Classic (I),5910000
2025-07-16T15:10:37.148Z,VN7270,Airbus A321,SGN,HAN,2025-07-18T00:00:00.000Z,01:00,03:10,Business Classic (D),6450000
2025-07-16T15:10:37.148Z,VN6014,Airbus A321,SGN,HAN,2025-07-18T00:00:00.000Z,07:00,09:10,(D),6450000
2025-07-16T15:10:37.148Z,VJ1180,Airbus A330,SGN,HAN,2025-07-18T00:00:00.000Z,06:30,08:40,SkybossBusiness (C_Boss),6454500
2025-07-16T15:10:37.148Z,VJ178,Airbus A330,SGN,HAN,2025-07-18T00:00:00.000Z,11:50,14:00,SkybossBusiness (C_Boss),6454500
2025-07-16T15:10:37.148Z,VJ1172,Airbus A330,SGN,HAN,2025-07-18T00:00:00.000Z,12:50,15:00,SkybossBusiness (C_Boss),6454500
2025-07-16T15:10:37.148Z,VN7270,Airbus A321,SGN,HAN,2025-07-18T00:00:00.000Z,01:00,03:10,Business Flex (C),7638000
2025-07-16T15:10:37.148Z,VN6002,Airbus A321,SGN,HAN,2025-07-18T00:00:00.000Z,04:55,07:05,(C),7638000
2025-07-16T15:10:37.148Z,VN206,Airbus A350-900,SGN,HAN,2025-07-18T00:00:00.000Z,06:00,08:05,Business Flex (C),7638000
2025-07-16T15:10:37.148Z,VN6014,Airbus A321,SGN,HAN,2025-07-18T00:00:00.000Z,07:00,09:10,(C),7638000
2025-07-16T15:10:37.148Z,VN7270,Airbus A321,SGN,HAN,2025-07-18T00:00:00.000Z,01:00,03:10,Business Flex (J),8826000
2025-07-16T15:10:37.148Z,VN6002,Airbus A321,SGN,HAN,2025-07-18T00:00:00.000Z,04:55,07:05,(J),8826000
2025-07-16T15:10:37.148Z,VN206,Airbus A350-900,SGN,HAN,2025-07-18T00:00:00.000Z,06:00,08:05,Business Flex (J),8826000
2025-07-16T15:10:37.148Z,VN6014,Airbus A321,SGN,HAN,2025-07-18T00:00:00.000Z,07:00,09:10,(J),8826000
2025-07-16T15:10:37.148Z,VN208,Boeing 787,SGN,HAN,2025-07-18T00:00:00.000Z,08:00,10:05,Business Flex (J),8826000
2025-07-16T15:10:37.148Z,VN244,Boeing 787,SGN,HAN,2025-07-18T00:00:00.000Z,09:00,11:05,Business Flex (J),8826000
2025-07-16T15:10:37.148Z,VN240,Boeing 787,SGN,HAN,2025-07-18T00:00:00.000Z,09:30,11:35,Business Flex (J),8826000
2025-07-16T15:10:37.148Z,VN210,Boeing 787,SGN,HAN,2025-07-18T00:00:00.000Z,10:00,12:05,Business Flex (J),8826000
2025-07-16T15:10:37.148Z,VN7246,Airbus A350-900,SGN,HAN,2025-07-18T00:00:00.000Z,10:20,12:20,Business Flex (J),8826000
2025-07-16T15:10:37.148Z,VN212,Airbus A321,SGN,HAN,2025-07-18T00:00:00.000Z,12:00,14:05,Business Flex (J),8826000
2025-07-16T15:10:37.148Z,VN246,Airbus A350-900,SGN,HAN,2025-07-18T00:00:00.000Z,12:05,14:10,Business Flex (J),8826000
2025-07-16T15:10:37.148Z,VN7206,Airbus 350,SGN,HAN,2025-07-18T00:00:00.000Z,13:55,16:10,Business Flex (J),8826000
2025-07-16T15:10:37.148Z,VN248,Boeing 787,SGN,HAN,2025-07-18T00:00:00.000Z,14:00,16:05,Business Flex (J),8826000
2025-07-16T15:10:37.148Z,VN250,Boeing 787,SGN,HAN,2025-07-18T00:00:00.000Z,15:00,17:05,Business Flex (J),8826000
2025-07-16T15:10:37.148Z,VN214,Boeing 787,SGN,HAN,2025-07-18T00:00:00.000Z,15:25,17:30,Business Flex (J),8826000
2025-07-16T15:10:37.148Z,VN216,Boeing 787,SGN,HAN,2025-07-18T00:00:00.000Z,16:00,18:05,Business Flex (J),8826000
2025-07-16T15:10:37.148Z,VN7258,Boeing 787,SGN,HAN,2025-07-18T00:00:00.000Z,16:15,18:25,Business Flex (J),8826000
2025-07-16T15:10:37.148Z,VN252,Boeing 787,SGN,HAN,2025-07-18T00:00:00.000Z,16:40,18:45,Business Flex (J),8826000
2025-07-16T15:10:37.148Z,VN7232,Airbus 350,SGN,HAN,2025-07-18T00:00:00.000Z,16:50,18:55,Business Flex (J),8826000
2025-07-16T15:10:37.148Z,VN254,Boeing 787,SGN,HAN,2025-07-18T00:00:00.000Z,17:00,19:10,Business Flex (J),8826000
2025-07-16T15:42:24.246Z,VJ1174,Airbus A321,SGN,HAN,2025-07-19T00:00:00.000Z,20:30,22:40,Economy (Z1_ECO),1594500,1,0,0
2025-07-16T15:42:24.246Z,VJ174,Airbus A321,SGN,HAN,2025-07-19T00:00:00.000Z,21:00,23:10,Economy (Z1_ECO),1594500,1,0,0
2025-07-16T15:42:24.246Z,VJ172,Airbus A321,SGN,HAN,2025-07-19T00:00:00.000Z,22:10,00:20,Economy (Z1_ECO),1594500,1,0,0
2025-07-16T15:42:24.246Z,VJ1170,Airbus A321,SGN,HAN,2025-07-19T00:00:00.000Z,23:35,01:45,Economy (Z1_ECO),1594500,1,0,0
2025-07-16T15:42:24.246Z,VJ1156,Airbus A330,SGN,HAN,2025-07-19T00:00:00.000Z,18:45,20:55,Economy (W1_ECO),1724000,1,0,0
2025-07-16T15:42:24.246Z,VJ1158,Airbus A321,SGN,HAN,2025-07-19T00:00:00.000Z,19:40,21:50,Economy (W1_ECO),1724000,1,0,0
2025-07-16T15:42:24.246Z,VJ1176,Airbus A330,SGN,HAN,2025-07-19T00:00:00.000Z,20:00,22:10,Economy (W1_ECO),1724000,1,0,0
2025-07-16T15:42:24.246Z,VJ1160,Airbus A321,SGN,HAN,2025-07-19T00:00:00.000Z,20:05,22:10,Economy (W1_ECO),1724000,1,0,0
2025-07-16T15:42:24.246Z,QH284,Airbus A321,SGN,HAN,2025-07-19T00:00:00.000Z,21:30,23:40,EconomySmart (Q),1800000,1,0,0
2025-07-16T15:42:24.246Z,VJ1198,Airbus A321,SGN,HAN,2025-07-19T00:00:00.000Z,05:00,07:10,Economy (U1_ECO),1854000,1,0,0
2025-07-16T15:42:24.246Z,VJ1128,Airbus A321,SGN,HAN,2025-07-19T00:00:00.000Z,06:00,08:10,Economy (U1_ECO),1854000,1,0,0
2025-07-16T15:42:24.246Z,VJ190,Airbus A321,SGN,HAN,2025-07-19T00:00:00.000Z,07:10,09:20,Economy (U1_ECO),1854000,1,0,0
2025-07-16T15:42:24.246Z,VJ120,Airbus A321,SGN,HAN,2025-07-19T00:00:00.000Z,07:30,09:40,Economy (U1_ECO),1854000,1,0,0
2025-07-16T15:42:24.246Z,VJ146,Airbus A321,SGN,HAN,2025-07-19T00:00:00.000Z,15:25,17:35,Economy (U1_ECO),1854000,1,0,0
2025-07-16T15:42:24.246Z,VJ150,Airbus A321,SGN,HAN,2025-07-19T00:00:00.000Z,16:05,18:15,Economy (U1_ECO),1854000,1,0,0
2025-07-16T15:42:24.246Z,VJ1162,Airbus A321,SGN,HAN,2025-07-19T00:00:00.000Z,16:50,19:00,Economy (U1_ECO),1854000,1,0,0
2025-07-16T15:42:24.246Z,VJ1152,Airbus A321,SGN,HAN,2025-07-19T00:00:00.000Z,17:20,19:30,Economy (U1_ECO),1854000,1,0,0
2025-07-16T15:42:24.246Z,QH202,Airbus A321,SGN,HAN,2025-07-19T00:00:00.000Z,05:25,07:35,EconomySmart (N),1994000,1,0,0
2025-07-16T15:42:24.246Z,VJ1126,Airbus A321,SGN,HAN,2025-07-19T00:00:00.000Z,08:10,10:20,Economy (J1_ECO),2026500,1,0,0
2025-07-16T15:42:24.246Z,VJ124,Airbus A320-100/200,SGN,HAN,2025-07-19T00:00:00.000Z,09:20,11:30,Economy (J1_ECO),2026500,1,0,0
2025-07-16T15:42:24.246Z,VJ1130,Airbus A321,SGN,HAN,2025-07-19T00:00:00.000Z,10:25,12:35,Economy (J1_ECO),2026500,1,0,0
2025-07-16T15:42:24.246Z,VJ178,Airbus A330,SGN,HAN,2025-07-19T00:00:00.000Z,11:50,14:00,Economy (J1_ECO),2026500,1,0,0
2025-07-16T15:42:24.246Z,VJ1138,Airbus A321,SGN,HAN,2025-07-19T00:00:00.000Z,12:25,14:35,Economy (J1_ECO),2026500,1,0,0
2025-07-16T15:42:24.246Z,VJ148,Airbus A320-100/200,SGN,HAN,2025-07-19T00:00:00.000Z,14:05,16:10,Economy (J1_ECO),2026500,1,0,0
2025-07-16T15:42:24.246Z,QH204,Airbus A321,SGN,HAN,2025-07-19T00:00:00.000Z,07:35,09:45,EconomySmart (M),2178000,1,0,0
2025-07-16T15:42:24.246Z,QH228,Airbus A320-100/200,SGN,HAN,2025-07-19T00:00:00.000Z,11:00,13:10,EconomySmart (M),2178000,1,0,0
2025-07-16T15:42:24.246Z,QH224,Boeing 737 All Series Passenger,SGN,HAN,2025-07-19T00:00:00.000Z,11:15,13:25,EconomySmart (M),2178000,1,0,0
2025-07-16T15:42:24.246Z,QH254,Airbus A321,SGN,HAN,2025-07-19T00:00:00.000Z,15:45,17:55,EconomySmart (M),2178000,1,0,0
2025-07-16T15:42:24.246Z,QH268,Airbus A321,SGN,HAN,2025-07-19T00:00:00.000Z,19:15,21:25,EconomySmart (M),2178000,1,0,0
2025-07-16T15:42:24.246Z,QH272,Boeing 737 All Series Passenger,SGN,HAN,2025-07-19T00:00:00.000Z,20:50,23:00,EconomySmart (M),2178000,1,0,0
2025-07-16T15:42:24.246Z,VJ1174,Airbus A321,SGN,HAN,2025-07-19T00:00:00.000Z,20:30,22:40,Economy (Z1_DLX),2188500,1,0,0
2025-07-16T15:42:24.246Z,VJ174,Airbus A321,SGN,HAN,2025-07-19T00:00:00.000Z,21:00,23:10,Economy (Z1_DLX),2188500,1,0,0
2025-07-16T15:42:24.246Z,VJ172,Airbus A321,SGN,HAN,2025-07-19T00:00:00.000Z,22:10,00:20,Economy (Z1_DLX),2188500,1,0,0
2025-07-16T15:42:24.246Z,VJ1170,Airbus A321,SGN,HAN,2025-07-19T00:00:00.000Z,23:35,01:45,Economy (Z1_DLX),2188500,1,0,0
2025-07-16T15:42:24.246Z,VJ1156,Airbus A330,SGN,HAN,2025-07-19T00:00:00.000Z,18:45,20:55,Economy (W1_DLX),2318000,1,0,0
2025-07-16T15:42:24.246Z,VJ1158,Airbus A321,SGN,HAN,2025-07-19T00:00:00.000Z,19:40,21:50,Economy (W1_DLX),2318000,1,0,0
2025-07-16T15:42:24.246Z,VJ1176,Airbus A330,SGN,HAN,2025-07-19T00:00:00.000Z,20:00,22:10,Economy (W1_DLX),2318000,1,0,0
2025-07-16T15:42:24.246Z,VJ1160,Airbus A321,SGN,HAN,2025-07-19T00:00:00.000Z,20:05,22:10,Economy (W1_DLX),2318000,1,0,0
2025-07-16T15:42:24.246Z,VN224,Airbus A321,SGN,HAN,2025-07-19T00:00:00.000Z,22:00,00:05,Economy Lite (N),2444000,1,0,0
2025-07-16T15:42:24.246Z,VN7234,Airbus A320-100/200,SGN,HAN,2025-07-19T00:00:00.000Z,22:45,00:50,Economy Lite (N),2444000,1,0,0
2025-07-16T15:42:24.246Z,VJ1198,Airbus A321,SGN,HAN,2025-07-19T00:00:00.000Z,05:00,07:10,Economy (U1_DLX),2448000,1,0,0
2025-07-16T15:42:24.246Z,VJ1128,Airbus A321,SGN,HAN,2025-07-19T00:00:00.000Z,06:00,08:10,Economy (U1_DLX),2448000,1,0,0
2025-07-16T15:42:24.246Z,VJ190,Airbus A321,SGN,HAN,2025-07-19T00:00:00.000Z,07:10,09:20,Economy (U1_DLX),2448000,1,0,0
2025-07-16T15:42:24.246Z,VJ120,Airbus A321,SGN,HAN,2025-07-19T00:00:00.000Z,07:30,09:40,Economy (U1_DLX),2448000,1,0,0
2025-07-16T15:42:24.246Z,VJ146,Airbus A321,SGN,HAN,2025-07-19T00:00:00.000Z,15:25,17:35,Economy (U1_DLX),2448000,1,0,0
2025-07-16T15:42:24.246Z,VJ150,Airbus A321,SGN,HAN,2025-07-19T00:00:00.000Z,16:05,18:15,Economy (U1_DLX),2448000,1,0,0
2025-07-16T15:42:24.246Z,VJ1162,Airbus A321,SGN,HAN,2025-07-19T00:00:00.000Z,16:50,19:00,Economy (U1_DLX),2448000,1,0,0
2025-07-16T15:42:24.246Z,VJ1152,Airbus A321,SGN,HAN,2025-07-19T00:00:00.000Z,17:20,19:30,Economy (U1_DLX),2448000,1,0,0
2025-07-16T15:42:24.246Z,VJ1126,Airbus A321,SGN,HAN,2025-07-19T00:00:00.000Z,08:10,10:20,Economy (J1_DLX),2620500,1,0,0
2025-07-16T15:42:24.246Z,VJ124,Airbus A320-100/200,SGN,HAN,2025-07-19T00:00:00.000Z,09:20,11:30,Economy (J1_DLX),2620500,1,0,0
2025-07-16T15:42:24.246Z,VJ1130,Airbus A321,SGN,HAN,2025-07-19T00:00:00.000Z,10:25,12:35,Economy (J1_DLX),2620500,1,0,0
2025-07-16T15:42:24.246Z,VJ178,Airbus A330,SGN,HAN,2025-07-19T00:00:00.000Z,11:50,14:00,Economy (J1_DLX),2620500,1,0,0
2025-07-16T15:42:24.246Z,VJ1138,Airbus A321,SGN,HAN,2025-07-19T00:00:00.000Z,12:25,14:35,Economy (J1_DLX),2620500,1,0,0
2025-07-16T15:42:24.246Z,VJ148,Airbus A320-100/200,SGN,HAN,2025-07-19T00:00:00.000Z,14:05,16:10,Economy (J1_DLX),2620500,1,0,0
2025-07-16T15:42:24.246Z,VN220,Boeing 787,SGN,HAN,2025-07-19T00:00:00.000Z,20:00,22:05,Economy Lite (Q),2638000,1,0,0
2025-07-16T15:42:24.246Z,VN224,Airbus A321,SGN,HAN,2025-07-19T00:00:00.000Z,22:00,00:05,Economy Lite (Q),2638000,1,0,0
2025-07-16T15:42:24.246Z,VN7228,Airbus A321,SGN,HAN,2025-07-19T00:00:00.000Z,22:20,00:25,Economy Lite (Q),2638000,1,0,0
2025-07-16T15:42:24.246Z,VN7234,Airbus A320-100/200,SGN,HAN,2025-07-19T00:00:00.000Z,22:45,00:50,Economy Lite (Q),2638000,1,0,0
2025-07-16T15:42:24.246Z,VN270,Airbus A321,SGN,HAN,2025-07-19T00:00:00.000Z,23:00,01:05,Economy Lite (Q),2638000,1,0,0
2025-07-16T15:42:24.246Z,VN6002,Airbus A321,SGN,HAN,2025-07-19T00:00:00.000Z,04:55,07:05,Economy Classic (L),2886000,1,0,0
2025-07-16T15:42:24.246Z,VN7204,Airbus A350-900,SGN,HAN,2025-07-19T00:00:00.000Z,06:30,08:35,Economy Classic (L),2886000,1,0,0
2025-07-16T15:42:24.246Z,VN6014,Airbus A321,SGN,HAN,2025-07-19T00:00:00.000Z,07:00,09:10,Economy Classic (L),2886000,1,0,0
2025-07-16T15:42:24.246Z,VN258,Boeing 787,SGN,HAN,2025-07-19T00:00:00.000Z,19:00,21:05,Economy Classic (L),2886000,1,0,0
2025-07-16T15:42:24.246Z,VN262,Airbus 350,SGN,HAN,2025-07-19T00:00:00.000Z,19:35,21:40,Economy Classic (L),2886000,1,0,0
2025-07-16T15:42:24.246Z,VN220,Boeing 787,SGN,HAN,2025-07-19T00:00:00.000Z,20:00,22:05,Economy Classic (L),2886000,1,0,0
2025-07-16T15:42:24.246Z,VN256,Boeing 787,SGN,HAN,2025-07-19T00:00:00.000Z,20:30,22:35,Economy Classic (L),2886000,1,0,0
2025-07-16T15:42:24.246Z,VN260,Boeing 787,SGN,HAN,2025-07-19T00:00:00.000Z,21:50,23:55,Economy Classic (L),2886000,1,0,0
2025-07-16T15:42:24.246Z,VN224,Airbus A321,SGN,HAN,2025-07-19T00:00:00.000Z,22:00,00:05,Economy Classic (L),2886000,1,0,0
2025-07-16T15:42:24.246Z,VN7228,Airbus A321,SGN,HAN,2025-07-19T00:00:00.000Z,22:20,00:25,Economy Classic (L),2886000,1,0,0
2025-07-16T15:42:24.246Z,VN7234,Airbus A320-100/200,SGN,HAN,2025-07-19T00:00:00.000Z,22:45,00:50,Economy Classic (L),2886000,1,0,0
2025-07-16T15:42:24.246Z,VN270,Airbus A321,SGN,HAN,2025-07-19T00:00:00.000Z,23:00,01:05,Economy Classic (L),2886000,1,0,0
2025-07-16T15:42:24.246Z,VN6002,Airbus A321,SGN,HAN,2025-07-19T00:00:00.000Z,04:55,07:05,Economy Classic (K),3113000,1,0,0
2025-07-16T15:42:24.246Z,VN206,Boeing 787,SGN,HAN,2025-07-19T00:00:00.000Z,06:00,08:05,Economy Classic (K),3113000,1,0,0
2025-07-16T15:42:24.246Z,VN7204,Airbus A350-900,SGN,HAN,2025-07-19T00:00:00.000Z,06:30,08:35,Economy Classic (K),3113000,1,0,0
2025-07-16T15:42:24.246Z,VN240,Boeing 787,SGN,HAN,2025-07-19T00:00:00.000Z,07:00,09:05,Economy Classic (K),3113000,1,0,0
2025-07-16T15:42:24.246Z,VN6014,Airbus A321,SGN,HAN,2025-07-19T00:00:00.000Z,07:00,09:10,Economy Classic (K),3113000,1,0,0
2025-07-16T15:42:24.246Z,VN208,Boeing 787,SGN,HAN,2025-07-19T00:00:00.000Z,08:00,10:05,Economy Classic (K),3113000,1,0,0
2025-07-16T15:42:24.246Z,VN254,Airbus A350-900,SGN,HAN,2025-07-19T00:00:00.000Z,17:00,19:10,Economy Classic (K),3113000,1,0,0
2025-07-16T15:42:24.246Z,VN218,Boeing 787,SGN,HAN,2025-07-19T00:00:00.000Z,18:00,20:05,Economy Classic (K),3113000,1,0,0
2025-07-16T15:42:24.246Z,VN258,Boeing 787,SGN,HAN,2025-07-19T00:00:00.000Z,19:00,21:05,Economy Classic (K),3113000,1,0,0
2025-07-16T15:42:24.246Z,VN262,Airbus 350,SGN,HAN,2025-07-19T00:00:00.000Z,19:35,21:40,Economy Classic (K),3113000,1,0,0
2025-07-16T15:42:24.246Z,VN220,Boeing 787,SGN,HAN,2025-07-19T00:00:00.000Z,20:00,22:05,Economy Classic (K),3113000,1,0,0
2025-07-16T15:42:24.246Z,VN256,Boeing 787,SGN,HAN,2025-07-19T00:00:00.000Z,20:30,22:35,Economy Classic (K),3113000,1,0,0
2025-07-16T15:42:24.246Z,VN260,Boeing 787,SGN,HAN,2025-07-19T00:00:00.000Z,21:50,23:55,Economy Classic (K),3113000,1,0,0
2025-07-16T15:42:24.246Z,VN224,Airbus A321,SGN,HAN,2025-07-19T00:00:00.000Z,22:00,00:05,Economy Classic (K),3113000,1,0,0
2025-07-16T15:42:24.246Z,VN7228,Airbus A321,SGN,HAN,2025-07-19T00:00:00.000Z,22:20,00:25,Economy Classic (K),3113000,1,0,0
2025-07-16T15:42:24.246Z,VN7234,Airbus A320-100/200,SGN,HAN,2025-07-19T00:00:00.000Z,22:45,00:50,Economy Classic (K),3113000,1,0,0
2025-07-16T15:42:24.246Z,VN270,Airbus A321,SGN,HAN,2025-07-19T00:00:00.000Z,23:00,01:05,Economy Classic (K),3113000,1,0,0
2025-07-16T15:42:24.246Z,QH202,Airbus A321,SGN,HAN,2025-07-19T00:00:00.000Z,05:25,07:35,EconomyFlex (B),3118000,1,0,0
2025-07-16T15:42:24.246Z,QH204,Airbus A321,SGN,HAN,2025-07-19T00:00:00.000Z,07:35,09:45,EconomyFlex (B),3118000,1,0,0
2025-07-16T15:42:24.246Z,QH228,Airbus A320-100/200,SGN,HAN,2025-07-19T00:00:00.000Z,11:00,13:10,EconomyFlex (B),3118000,1,0,0
2025-07-16T15:42:24.246Z,QH224,Boeing 737 All Series Passenger,SGN,HAN,2025-07-19T00:00:00.000Z,11:15,13:25,EconomyFlex (B),3118000,1,0,0
2025-07-16T15:42:24.246Z,QH254,Airbus A321,SGN,HAN,2025-07-19T00:00:00.000Z,15:45,17:55,EconomyFlex (B),3118000,1,0,0
2025-07-16T15:42:24.246Z,QH268,Airbus A321,SGN,HAN,2025-07-19T00:00:00.000Z,19:15,21:25,EconomyFlex (B),3118000,1,0,0
2025-07-16T15:42:24.246Z,QH272,Boeing 737 All Series Passenger,SGN,HAN,2025-07-19T00:00:00.000Z,20:50,23:00,EconomyFlex (B),3118000,1,0,0
2025-07-16T15:42:24.246Z,QH284,Airbus A321,SGN,HAN,2025-07-19T00:00:00.000Z,21:30,23:40,EconomyFlex (B),3118000,1,0,0
2025-07-16T15:42:24.246Z,VN6002,Airbus A321,SGN,HAN,2025-07-19T00:00:00.000Z,04:55,07:05,Economy Classic (H),3340000,1,0,0
2025-07-16T15:42:24.246Z,VN206,Boeing 787,SGN,HAN,2025-07-19T00:00:00.000Z,06:00,08:05,Economy Classic (H),3340000,1,0,0
2025-07-16T15:42:24.246Z,VN7204,Airbus A350-900,SGN,HAN,2025-07-19T00:00:00.000Z,06:30,08:35,Economy Classic (H),3340000,1,0,0
2025-07-16T15:42:24.246Z,VN240,Boeing 787,SGN,HAN,2025-07-19T00:00:00.000Z,07:00,09:05,Economy Classic (H),3340000,1,0,0
2025-07-16T15:42:24.246Z,VN6014,Airbus A321,SGN,HAN,2025-07-19T00:00:00.000Z,07:00,09:10,Economy Classic (H),3340000,1,0,0
2025-07-16T15:42:24.246Z,VN208,Boeing 787,SGN,HAN,2025-07-19T00:00:00.000Z,08:00,10:05,Economy Classic (H),3340000,1,0,0
2025-07-16T15:42:24.246Z,VN7230,Airbus 350,SGN,HAN,2025-07-19T00:00:00.000Z,09:30,11:35,Economy Classic (H),3340000,1,0,0
2025-07-16T15:42:24.246Z,VN210,Boeing 787,SGN,HAN,2025-07-19T00:00:00.000Z,10:00,12:05,Economy Classic (H),3340000,1,0,0
2025-07-16T15:42:24.246Z,VN246,Airbus A350-900,SGN,HAN,2025-07-19T00:00:00.000Z,11:00,13:05,Economy Classic (H),3340000,1,0,0
2025-07-16T15:42:24.246Z,VN7232,Airbus 350,SGN,HAN,2025-07-19T00:00:00.000Z,15:30,17:35,Economy Classic (H),3340000,1,0,0
2025-07-16T15:42:24.246Z,VN216,Boeing 787,SGN,HAN,2025-07-19T00:00:00.000Z,16:00,18:05,Economy Classic (H),3340000,1,0,0
2025-07-16T15:42:24.246Z,VN252,Boeing 787,SGN,HAN,2025-07-19T00:00:00.000Z,16:40,18:45,Economy Classic (H),3340000,1,0,0
2025-07-16T15:42:24.246Z,VN254,Airbus A350-900,SGN,HAN,2025-07-19T00:00:00.000Z,17:00,19:10,Economy Classic (H),3340000,1,0,0
2025-07-16T15:42:24.246Z,VN218,Boeing 787,SGN,HAN,2025-07-19T00:00:00.000Z,18:00,20:05,Economy Classic (H),3340000,1,0,0
2025-07-16T15:42:24.246Z,VN258,Boeing 787,SGN,HAN,2025-07-19T00:00:00.000Z,19:00,21:05,Economy Classic (H),3340000,1,0,0
2025-07-16T15:42:24.246Z,VN262,Airbus 350,SGN,HAN,2025-07-19T00:00:00.000Z,19:35,21:40,Economy Classic (H),3340000,1,0,0
2025-07-16T15:42:24.246Z,VN220,Boeing 787,SGN,HAN,2025-07-19T00:00:00.000Z,20:00,22:05,Economy Classic (H),3340000,1,0,0
2025-07-16T15:42:24.246Z,VN256,Boeing 787,SGN,HAN,2025-07-19T00:00:00.000Z,20:30,22:35,Economy Classic (H),3340000,1,0,0
2025-07-16T15:42:24.246Z,VN260,Boeing 787,SGN,HAN,2025-07-19T00:00:00.000Z,21:50,23:55,Economy Classic (H),3340000,1,0,0
2025-07-16T15:42:24.246Z,VN224,Airbus A321,SGN,HAN,2025-07-19T00:00:00.000Z,22:00,00:05,Economy Classic (H),3340000,1,0,0
2025-07-16T15:42:24.246Z,VN7228,Airbus A321,SGN,HAN,2025-07-19T00:00:00.000Z,22:20,00:25,Economy Classic (H),3340000,1,0,0
2025-07-16T15:42:24.246Z,VN7234,Airbus A320-100/200,SGN,HAN,2025-07-19T00:00:00.000Z,22:45,00:50,Economy Classic (H),3340000,1,0,0
2025-07-16T15:42:24.246Z,VN270,Airbus A321,SGN,HAN,2025-07-19T00:00:00.000Z,23:00,01:05,Economy Classic (H),3340000,1,0,0
2025-07-16T15:42:24.246Z,VN6002,Airbus A321,SGN,HAN,2025-07-19T00:00:00.000Z,04:55,07:05,Economy Flex (S),3545000,1,0,0
2025-07-16T15:42:24.246Z,VN206,Boeing 787,SGN,HAN,2025-07-19T00:00:00.000Z,06:00,08:05,Economy Classic (S),3545000,1,0,0
2025-07-16T15:42:24.246Z,VN7204,Airbus A350-900,SGN,HAN,2025-07-19T00:00:00.000Z,06:30,08:35,Economy Classic (S),3545000,1,0,0
2025-07-16T15:42:24.246Z,VN240,Boeing 787,SGN,HAN,2025-07-19T00:00:00.000Z,07:00,09:05,Economy Classic (S),3545000,1,0,0
2025-07-16T15:42:24.246Z,VN6014,Airbus A321,SGN,HAN,2025-07-19T00:00:00.000Z,07:00,09:10,Economy Flex (S),3545000,1,0,0
2025-07-16T15:42:24.246Z,VN208,Boeing 787,SGN,HAN,2025-07-19T00:00:00.000Z,08:00,10:05,Economy Classic (S),3545000,1,0,0
2025-07-16T15:42:24.246Z,VN244,Boeing 787,SGN,HAN,2025-07-19T00:00:00.000Z,09:00,11:05,Economy Classic (S),3545000,1,0,0
2025-07-16T15:42:24.246Z,VN7230,Airbus 350,SGN,HAN,2025-07-19T00:00:00.000Z,09:30,11:35,Economy Classic (S),3545000,1,0,0
2025-07-16T15:42:24.246Z,VN210,Boeing 787,SGN,HAN,2025-07-19T00:00:00.000Z,10:00,12:05,Economy Classic (S),3545000,1,0,0
2025-07-16T15:42:24.246Z,VN246,Airbus A350-900,SGN,HAN,2025-07-19T00:00:00.000Z,11:00,13:05,Economy Classic (S),3545000,1,0,0
2025-07-16T15:42:24.246Z,VN212,Boeing 787,SGN,HAN,2025-07-19T00:00:00.000Z,12:15,14:20,Economy Classic (S),3545000,1,0,0
2025-07-16T15:42:24.246Z,VN248,Airbus A350-900,SGN,HAN,2025-07-19T00:00:00.000Z,13:00,15:05,Economy Classic (S),3545000,1,0,0
2025-07-16T15:42:24.246Z,VN214,Boeing 787,SGN,HAN,2025-07-19T00:00:00.000Z,14:00,16:05,Economy Classic (S),3545000,1,0,0
2025-07-16T15:42:24.246Z,VN7232,Airbus 350,SGN,HAN,2025-07-19T00:00:00.000Z,15:30,17:35,Economy Classic (S),3545000,1,0,0
2025-07-16T15:42:24.246Z,VN216,Boeing 787,SGN,HAN,2025-07-19T00:00:00.000Z,16:00,18:05,Economy Classic (S),3545000,1,0,0
2025-07-16T15:42:24.246Z,VN252,Boeing 787,SGN,HAN,2025-07-19T00:00:00.000Z,16:40,18:45,Economy Classic (S),3545000,1,0,0
2025-07-16T15:42:24.246Z,VN254,Airbus A350-900,SGN,HAN,2025-07-19T00:00:00.000Z,17:00,19:10,Economy Classic (S),3545000,1,0,0
2025-07-16T15:42:24.246Z,VN218,Boeing 787,SGN,HAN,2025-07-19T00:00:00.000Z,18:00,20:05,Economy Classic (S),3545000,1,0,0
2025-07-16T15:42:24.246Z,VN258,Boeing 787,SGN,HAN,2025-07-19T00:00:00.000Z,19:00,21:05,Economy Classic (S),3545000,1,0,0
2025-07-16T15:42:24.246Z,VN262,Airbus 350,SGN,HAN,2025-07-19T00:00:00.000Z,19:35,21:40,Economy Classic (S),3545000,1,0,0
2025-07-16T15:42:24.246Z,VN220,Boeing 787,SGN,HAN,2025-07-19T00:00:00.000Z,20:00,22:05,Economy Classic (S),3545000,1,0,0
2025-07-16T15:42:24.246Z,VN256,Boeing 787,SGN,HAN,2025-07-19T00:00:00.000Z,20:30,22:35,Economy Classic (S),3545000,1,0,0
2025-07-16T15:42:24.246Z,VN260,Boeing 787,SGN,HAN,2025-07-19T00:00:00.000Z,21:50,23:55,Economy Classic (S),3545000,1,0,0
2025-07-16T15:42:24.246Z,VN224,Airbus A321,SGN,HAN,2025-07-19T00:00:00.000Z,22:00,00:05,Economy Classic (S),3545000,1,0,0
2025-07-16T15:42:24.246Z,VN7228,Airbus A321,SGN,HAN,2025-07-19T00:00:00.000Z,22:20,00:25,Economy Classic (S),3545000,1,0,0
2025-07-16T15:42:24.246Z,VN7234,Airbus A320-100/200,SGN,HAN,2025-07-19T00:00:00.000Z,22:45,00:50,Economy Classic (S),3545000,1,0,0
2025-07-16T15:42:24.246Z,VN270,Airbus A321,SGN,HAN,2025-07-19T00:00:00.000Z,23:00,01:05,Economy Classic (S),3545000,1,0,0
2025-07-16T15:42:24.246Z,VN7134,Airbus A321,SGN,DAD,2025-07-19T00:00:00.000Z,21:40,22:55,Economy Lite (Q),3638000,1,0,0
2025-07-16T15:42:24.246Z,VN7134,Airbus A321,SGN,DAD,2025-07-19T00:00:00.000Z,21:40,22:55,Economy Lite (Q),3638000,1,0,0
2025-07-16T15:42:24.246Z,VN6002,Airbus A321,SGN,HAN,2025-07-19T00:00:00.000Z,04:55,07:05,Economy Flex (M),3718000,1,0,0
2025-07-16T15:42:24.246Z,VN206,Boeing 787,SGN,HAN,2025-07-19T00:00:00.000Z,06:00,08:05,Economy Flex (M),3718000,1,0,0
2025-07-16T15:42:24.246Z,VN7204,Airbus A350-900,SGN,HAN,2025-07-19T00:00:00.000Z,06:30,08:35,Economy Flex (M),3718000,1,0,0
2025-07-16T15:42:24.246Z,VN240,Boeing 787,SGN,HAN,2025-07-19T00:00:00.000Z,07:00,09:05,Economy Flex (M),3718000,1,0,0
2025-07-16T15:42:24.246Z,VN6014,Airbus A321,SGN,HAN,2025-07-19T00:00:00.000Z,07:00,09:10,Economy Flex (M),3718000,1,0,0
2025-07-16T15:42:24.246Z,VN208,Boeing 787,SGN,HAN,2025-07-19T00:00:00.000Z,08:00,10:05,Economy Flex (M),3718000,1,0,0
2025-07-16T15:42:24.246Z,VN244,Boeing 787,SGN,HAN,2025-07-19T00:00:00.000Z,09:00,11:05,Economy Flex (M),3718000,1,0,0
2025-07-16T15:42:24.246Z,VN7230,Airbus 350,SGN,HAN,2025-07-19T00:00:00.000Z,09:30,11:35,Economy Flex (M),3718000,1,0,0
2025-07-16T15:42:24.246Z,VN210,Boeing 787,SGN,HAN,2025-07-19T00:00:00.000Z,10:00,12:05,Economy Flex (M),3718000,1,0,0
2025-07-16T15:42:24.246Z,VN246,Airbus A350-900,SGN,HAN,2025-07-19T00:00:00.000Z,11:00,13:05,Economy Flex (M),3718000,1,0,0
2025-07-16T15:42:24.246Z,VN212,Boeing 787,SGN,HAN,2025-07-19T00:00:00.000Z,12:15,14:20,Economy Flex (M),3718000,1,0,0
2025-07-16T15:42:24.246Z,VN248,Airbus A350-900,SGN,HAN,2025-07-19T00:00:00.000Z,13:00,15:05,Economy Flex (M),3718000,1,0,0
2025-07-16T15:42:24.246Z,VN214,Boeing 787,SGN,HAN,2025-07-19T00:00:00.000Z,14:00,16:05,Economy Flex (M),3718000,1,0,0
2025-07-16T15:42:24.246Z,VN7232,Airbus 350,SGN,HAN,2025-07-19T00:00:00.000Z,15:30,17:35,Economy Flex (M),3718000,1,0,0
2025-07-16T15:42:24.246Z,VN216,Boeing 787,SGN,HAN,2025-07-19T00:00:00.000Z,16:00,18:05,Economy Flex (M),3718000,1,0,0
2025-07-16T15:42:24.246Z,VN252,Boeing 787,SGN,HAN,2025-07-19T00:00:00.000Z,16:40,18:45,Economy Flex (M),3718000,1,0,0
2025-07-16T15:42:24.246Z,VN254,Airbus A350-900,SGN,HAN,2025-07-19T00:00:00.000Z,17:00,19:10,Economy Flex (M),3718000,1,0,0
2025-07-16T15:42:24.246Z,VN218,Boeing 787,SGN,HAN,2025-07-19T00:00:00.000Z,18:00,20:05,Economy Flex (M),3718000,1,0,0
2025-07-16T15:42:24.246Z,VN258,Boeing 787,SGN,HAN,2025-07-19T00:00:00.000Z,19:00,21:05,Economy Flex (M),3718000,1,0,0
2025-07-16T15:42:24.246Z,VN262,Airbus 350,SGN,HAN,2025-07-19T00:00:00.000Z,19:35,21:40,Economy Flex (M),3718000,1,0,0
2025-07-16T15:42:24.246Z,VN220,Boeing 787,SGN,HAN,2025-07-19T00:00:00.000Z,20:00,22:05,Economy Flex (M),3718000,1,0,0
2025-07-16T15:42:24.246Z,VN256,Boeing 787,SGN,HAN,2025-07-19T00:00:00.000Z,20:30,22:35,Economy Flex (M),3718000,1,0,0
2025-07-16T15:42:24.246Z,VN260,Boeing 787,SGN,HAN,2025-07-19T00:00:00.000Z,21:50,23:55,Economy Flex (M),3718000,1,0,0
2025-07-16T15:42:24.246Z,VN224,Airbus A321,SGN,HAN,2025-07-19T00:00:00.000Z,22:00,00:05,Economy Flex (M),3718000,1,0,0
2025-07-16T15:42:24.246Z,VN7228,Airbus A321,SGN,HAN,2025-07-19T00:00:00.000Z,22:20,00:25,Economy Flex (M),3718000,1,0,0
2025-07-16T15:42:24.246Z,VN7234,Airbus A320-100/200,SGN,HAN,2025-07-19T00:00:00.000Z,22:45,00:50,Economy Flex (M),3718000,1,0,0
2025-07-16T15:42:24.246Z,VN270,Airbus A321,SGN,HAN,2025-07-19T00:00:00.000Z,23:00,01:05,Economy Flex (M),3718000,1,0,0
2025-07-16T15:42:24.246Z,VN6002,Airbus A321,SGN,HAN,2025-07-19T00:00:00.000Z,04:55,07:05,Economy Flex (B),3791000,1,0,0
2025-07-16T15:42:24.246Z,VN206,Boeing 787,SGN,HAN,2025-07-19T00:00:00.000Z,06:00,08:05,Economy Flex (B),3791000,1,0,0
2025-07-16T15:42:24.246Z,VN7204,Airbus A350-900,SGN,HAN,2025-07-19T00:00:00.000Z,06:30,08:35,Economy Flex (B),3791000,1,0,0
2025-07-16T15:42:24.246Z,VN240,Boeing 787,SGN,HAN,2025-07-19T00:00:00.000Z,07:00,09:05,Economy Flex (B),3791000,1,0,0
2025-07-16T15:42:24.246Z,VN6014,Airbus A321,SGN,HAN,2025-07-19T00:00:00.000Z,07:00,09:10,Economy Flex (B),3791000,1,0,0
2025-07-16T15:42:24.246Z,VN208,Boeing 787,SGN,HAN,2025-07-19T00:00:00.000Z,08:00,10:05,Economy Flex (B),3791000,1,0,0
2025-07-16T15:42:24.246Z,VN244,Boeing 787,SGN,HAN,2025-07-19T00:00:00.000Z,09:00,11:05,Economy Flex (B),3791000,1,0,0
2025-07-16T15:42:24.246Z,VN7230,Airbus 350,SGN,HAN,2025-07-19T00:00:00.000Z,09:30,11:35,Economy Flex (B),3791000,1,0,0
2025-07-16T15:42:24.246Z,VN210,Boeing 787,SGN,HAN,2025-07-19T00:00:00.000Z,10:00,12:05,Economy Flex (B),3791000,1,0,0
2025-07-16T15:42:24.246Z,VN246,Airbus A350-900,SGN,HAN,2025-07-19T00:00:00.000Z,11:00,13:05,Economy Flex (B),3791000,1,0,0
2025-07-16T15:42:24.246Z,VN212,Boeing 787,SGN,HAN,2025-07-19T00:00:00.000Z,12:15,14:20,Economy Flex (B),3791000,1,0,0
2025-07-16T15:42:24.246Z,VN248,Airbus A350-900,SGN,HAN,2025-07-19T00:00:00.000Z,13:00,15:05,Economy Flex (B),3791000,1,0,0
2025-07-16T15:42:24.246Z,VN214,Boeing 787,SGN,HAN,2025-07-19T00:00:00.000Z,14:00,16:05,Economy Flex (B),3791000,1,0,0
2025-07-16T15:42:24.246Z,VN7232,Airbus 350,SGN,HAN,2025-07-19T00:00:00.000Z,15:30,17:35,Economy Flex (B),3791000,1,0,0
2025-07-16T15:42:24.246Z,VN216,Boeing 787,SGN,HAN,2025-07-19T00:00:00.000Z,16:00,18:05,Economy Flex (B),3791000,1,0,0
2025-07-16T15:42:24.246Z,VN252,Boeing 787,SGN,HAN,2025-07-19T00:00:00.000Z,16:40,18:45,Economy Flex (B),3791000,1,0,0
2025-07-16T15:42:24.246Z,VN254,Airbus A350-900,SGN,HAN,2025-07-19T00:00:00.000Z,17:00,19:10,Economy Flex (B),3791000,1,0,0
2025-07-16T15:42:24.246Z,VN218,Boeing 787,SGN,HAN,2025-07-19T00:00:00.000Z,18:00,20:05,Economy Flex (B),3791000,1,0,0
2025-07-16T15:42:24.246Z,VN258,Boeing 787,SGN,HAN,2025-07-19T00:00:00.000Z,19:00,21:05,Economy Flex (B),3791000,1,0,0
2025-07-16T15:42:24.246Z,VN262,Airbus 350,SGN,HAN,2025-07-19T00:00:00.000Z,19:35,21:40,Economy Flex (B),3791000,1,0,0
2025-07-16T15:42:24.246Z,VN220,Boeing 787,SGN,HAN,2025-07-19T00:00:00.000Z,20:00,22:05,Economy Flex (B),3791000,1,0,0
2025-07-16T15:42:24.246Z,VN256,Boeing 787,SGN,HAN,2025-07-19T00:00:00.000Z,20:30,22:35,Economy Flex (B),3791000,1,0,0
2025-07-16T15:42:24.246Z,VN260,Boeing 787,SGN,HAN,2025-07-19T00:00:00.000Z,21:50,23:55,Economy Flex (B),3791000,1,0,0
2025-07-16T15:42:24.246Z,VN224,Airbus A321,SGN,HAN,2025-07-19T00:00:00.000Z,22:00,00:05,Economy Flex (B),3791000,1,0,0
2025-07-16T15:42:24.246Z,VN7228,Airbus A321,SGN,HAN,2025-07-19T00:00:00.000Z,22:20,00:25,Economy Flex (B),3791000,1,0,0
2025-07-16T15:42:24.246Z,VN7234,Airbus A320-100/200,SGN,HAN,2025-07-19T00:00:00.000Z,22:45,00:50,Economy Flex (B),3791000,1,0,0
2025-07-16T15:42:24.246Z,VN270,Airbus A321,SGN,HAN,2025-07-19T00:00:00.000Z,23:00,01:05,Economy Flex (B),3791000,1,0,0
2025-07-16T15:42:24.246Z,VU740,AIRBUS A321,SGN,HAN,2025-07-19T00:00:00.000Z,07:15,09:15,PREMIUM (W),3841000,1,0,0
2025-07-16T15:42:24.246Z,VN7134,Airbus A321,SGN,DAD,2025-07-19T00:00:00.000Z,21:40,22:55,Economy Classic (L),3951000,1,0,0
2025-07-16T15:42:24.246Z,VN7134,Airbus A321,SGN,DAD,2025-07-19T00:00:00.000Z,21:40,22:55,Economy Classic (L),3951000,1,0,0
2025-07-16T15:42:24.246Z,VN6002,Airbus A321,SGN,HAN,2025-07-19T00:00:00.000Z,04:55,07:05,(I),4007000,1,0,0
2025-07-16T15:42:24.246Z,VN206,Boeing 787,SGN,HAN,2025-07-19T00:00:00.000Z,06:00,08:05,Premium Economy Classic (U),4007000,1,0,0
2025-07-16T15:42:24.246Z,VN7204,Airbus A350-900,SGN,HAN,2025-07-19T00:00:00.000Z,06:30,08:35,Premium Economy Classic (U),4007000,1,0,0
2025-07-16T15:42:24.246Z,VN240,Boeing 787,SGN,HAN,2025-07-19T00:00:00.000Z,07:00,09:05,Premium Economy Classic (U),4007000,1,0,0
2025-07-16T15:42:24.246Z,VN208,Boeing 787,SGN,HAN,2025-07-19T00:00:00.000Z,08:00,10:05,Premium Economy Classic (U),4007000,1,0,0
2025-07-16T15:42:24.246Z,VN244,Boeing 787,SGN,HAN,2025-07-19T00:00:00.000Z,09:00,11:05,Premium Economy Classic (U),4007000,1,0,0
2025-07-16T15:42:24.246Z,VN7230,Airbus 350,SGN,HAN,2025-07-19T00:00:00.000Z,09:30,11:35,Premium Economy Classic (U),4007000,1,0,0
2025-07-16T15:42:24.246Z,VN210,Boeing 787,SGN,HAN,2025-07-19T00:00:00.000Z,10:00,12:05,Premium Economy Classic (U),4007000,1,0,0
2025-07-16T15:42:24.246Z,VN246,Airbus A350-900,SGN,HAN,2025-07-19T00:00:00.000Z,11:00,13:05,Premium Economy Classic (U),4007000,1,0,0
2025-07-16T15:42:24.246Z,VN212,Boeing 787,SGN,HAN,2025-07-19T00:00:00.000Z,12:15,14:20,Premium Economy Classic (U),4007000,1,0,0
2025-07-16T15:42:24.246Z,VN248,Airbus A350-900,SGN,HAN,2025-07-19T00:00:00.000Z,13:00,15:05,Premium Economy Classic (U),4007000,1,0,0
2025-07-16T15:42:24.246Z,VN214,Boeing 787,SGN,HAN,2025-07-19T00:00:00.000Z,14:00,16:05,Premium Economy Classic (U),4007000,1,0,0
2025-07-16T15:42:24.246Z,VN250,Airbus A321,SGN,HAN,2025-07-19T00:00:00.000Z,15:00,17:05,Premium Economy Classic (U),4007000,1,0,0
2025-07-16T15:42:24.246Z,VN7232,Airbus 350,SGN,HAN,2025-07-19T00:00:00.000Z,15:30,17:35,Premium Economy Classic (U),4007000,1,0,0
2025-07-16T15:42:24.246Z,VN216,Boeing 787,SGN,HAN,2025-07-19T00:00:00.000Z,16:00,18:05,Premium Economy Classic (U),4007000,1,0,0
2025-07-16T15:42:24.246Z,VN252,Boeing 787,SGN,HAN,2025-07-19T00:00:00.000Z,16:40,18:45,Premium Economy Classic (U),4007000,1,0,0
2025-07-16T15:42:24.246Z,VN254,Airbus A350-900,SGN,HAN,2025-07-19T00:00:00.000Z,17:00,19:10,Premium Economy Classic (U),4007000,1,0,0
2025-07-16T15:42:24.246Z,VN218,Boeing 787,SGN,HAN,2025-07-19T00:00:00.000Z,18:00,20:05,Premium Economy Classic (U),4007000,1,0,0
2025-07-16T15:42:24.246Z,VN258,Boeing 787,SGN,HAN,2025-07-19T00:00:00.000Z,19:00,21:05,Premium Economy Classic (U),4007000,1,0,0
2025-07-16T15:42:24.246Z,VN262,Airbus 350,SGN,HAN,2025-07-19T00:00:00.000Z,19:35,21:40,Premium Economy Classic (U),4007000,1,0,0
2025-07-16T15:42:24.246Z,VN220,Boeing 787,SGN,HAN,2025-07-19T00:00:00.000Z,20:00,22:05,Premium Economy Classic (U),4007000,1,0,0
2025-07-16T15:42:24.246Z,VN256,Boeing 787,SGN,HAN,2025-07-19T00:00:00.000Z,20:30,22:35,Premium Economy Classic (U),4007000,1,0,0
2025-07-16T15:42:24.246Z,VN260,Boeing 787,SGN,HAN,2025-07-19T00:00:00.000Z,21:50,23:55,Premium Economy Classic (U),4007000,1,0,0
2025-07-16T15:42:24.246Z,VN260,Boeing 787,SGN,HAN,2025-07-19T00:00:00.000Z,21:50,23:55,Business Classic (I),4007000,1,0,0
2025-07-16T15:42:24.246Z,VN224,Airbus A321,SGN,HAN,2025-07-19T00:00:00.000Z,22:00,00:05,Premium Economy Classic (U),4007000,1,0,0
2025-07-16T15:42:24.246Z,VN224,Airbus A321,SGN,HAN,2025-07-19T00:00:00.000Z,22:00,00:05,Business Classic (I),4007000,1,0,0
2025-07-16T15:42:24.246Z,VN7228,Airbus A321,SGN,HAN,2025-07-19T00:00:00.000Z,22:20,00:25,Premium Economy Classic (U),4007000,1,0,0
2025-07-16T15:42:24.246Z,VN7234,Airbus A320-100/200,SGN,HAN,2025-07-19T00:00:00.000Z,22:45,00:50,Premium Economy Classic (U),4007000,1,0,0
2025-07-16T15:42:24.246Z,VN270,Airbus A321,SGN,HAN,2025-07-19T00:00:00.000Z,23:00,01:05,Premium Economy Classic (U),4007000,1,0,0
2025-07-16T15:42:24.246Z,VN270,Airbus A321,SGN,HAN,2025-07-19T00:00:00.000Z,23:00,01:05,Business Classic (I),4007000,1,0,0
2025-07-16T15:42:24.246Z,VN7134,Airbus A321,SGN,DAD,2025-07-19T00:00:00.000Z,21:40,22:55,Economy Classic (K),4199000,1,0,0
2025-07-16T15:42:24.246Z,VN7134,Airbus A321,SGN,DAD,2025-07-19T00:00:00.000Z,21:40,22:55,Economy Classic (K),4199000,1,0,0
2025-07-16T15:42:24.246Z,VN7134,Airbus A321,SGN,DAD,2025-07-19T00:00:00.000Z,21:40,22:55,Economy Classic (H),4437000,1,0,0
2025-07-16T15:42:24.246Z,VN7134,Airbus A321,SGN,DAD,2025-07-19T00:00:00.000Z,21:40,22:55,Economy Classic (H),4437000,1,0,0
2025-07-16T15:42:24.246Z,VN6002,Airbus A321,SGN,HAN,2025-07-19T00:00:00.000Z,04:55,07:05,(Z),4547000,1,0,0
2025-07-16T15:42:24.246Z,VN206,Boeing 787,SGN,HAN,2025-07-19T00:00:00.000Z,06:00,08:05,Premium Economy Classic (Z),4547000,1,0,0
2025-07-16T15:42:24.246Z,VN7204,Airbus A350-900,SGN,HAN,2025-07-19T00:00:00.000Z,06:30,08:35,Premium Economy Classic (Z),4547000,1,0,0
2025-07-16T15:42:24.246Z,VN240,Boeing 787,SGN,HAN,2025-07-19T00:00:00.000Z,07:00,09:05,Premium Economy Classic (Z),4547000,1,0,0
2025-07-16T15:42:24.246Z,VN6014,Airbus A321,SGN,HAN,2025-07-19T00:00:00.000Z,07:00,09:10,(Z),4547000,1,0,0
2025-07-16T15:42:24.246Z,VN208,Boeing 787,SGN,HAN,2025-07-19T00:00:00.000Z,08:00,10:05,Premium Economy Classic (Z),4547000,1,0,0
2025-07-16T15:42:24.246Z,VN244,Boeing 787,SGN,HAN,2025-07-19T00:00:00.000Z,09:00,11:05,Premium Economy Classic (Z),4547000,1,0,0
2025-07-16T15:42:24.246Z,VN7230,Airbus 350,SGN,HAN,2025-07-19T00:00:00.000Z,09:30,11:35,Premium Economy Classic (Z),4547000,1,0,0
2025-07-16T15:42:24.246Z,VN210,Boeing 787,SGN,HAN,2025-07-19T00:00:00.000Z,10:00,12:05,Premium Economy Classic (Z),4547000,1,0,0
2025-07-16T15:42:24.246Z,VN246,Airbus A350-900,SGN,HAN,2025-07-19T00:00:00.000Z,11:00,13:05,Premium Economy Classic (Z),4547000,1,0,0
2025-07-16T15:42:24.246Z,VN212,Boeing 787,SGN,HAN,2025-07-19T00:00:00.000Z,12:15,14:20,Premium Economy Classic (Z),4547000,1,0,0
2025-07-16T15:42:24.246Z,VN248,Airbus A350-900,SGN,HAN,2025-07-19T00:00:00.000Z,13:00,15:05,Premium Economy Classic (Z),4547000,1,0,0
2025-07-16T15:42:24.246Z,VN214,Boeing 787,SGN,HAN,2025-07-19T00:00:00.000Z,14:00,16:05,Premium Economy Classic (Z),4547000,1,0,0
2025-07-16T15:42:24.246Z,VN250,Airbus A321,SGN,HAN,2025-07-19T00:00:00.000Z,15:00,17:05,Premium Economy Classic (Z),4547000,1,0,0
2025-07-16T15:42:24.246Z,VN7232,Airbus 350,SGN,HAN,2025-07-19T00:00:00.000Z,15:30,17:35,Premium Economy Classic (Z),4547000,1,0,0
2025-07-16T15:42:24.246Z,VN216,Boeing 787,SGN,HAN,2025-07-19T00:00:00.000Z,16:00,18:05,Premium Economy Classic (Z),4547000,1,0,0
2025-07-16T15:42:24.246Z,VN252,Boeing 787,SGN,HAN,2025-07-19T00:00:00.000Z,16:40,18:45,Premium Economy Classic (Z),4547000,1,0,0
2025-07-16T15:42:24.246Z,VN254,Airbus A350-900,SGN,HAN,2025-07-19T00:00:00.000Z,17:00,19:10,Premium Economy Classic (Z),4547000,1,0,0
2025-07-16T15:42:24.246Z,VN218,Boeing 787,SGN,HAN,2025-07-19T00:00:00.000Z,18:00,20:05,Premium Economy Classic (Z),4547000,1,0,0
2025-07-16T15:42:24.246Z,VN258,Boeing 787,SGN,HAN,2025-07-19T00:00:00.000Z,19:00,21:05,Premium Economy Classic (Z),4547000,1,0,0
2025-07-16T15:42:24.246Z,VN262,Airbus 350,SGN,HAN,2025-07-19T00:00:00.000Z,19:35,21:40,Premium Economy Classic (Z),4547000,1,0,0
2025-07-16T15:42:24.246Z,VN220,Boeing 787,SGN,HAN,2025-07-19T00:00:00.000Z,20:00,22:05,Premium Economy Classic (Z),4547000,1,0,0
2025-07-16T15:42:24.246Z,VN256,Boeing 787,SGN,HAN,2025-07-19T00:00:00.000Z,20:30,22:35,Premium Economy Classic (Z),4547000,1,0,0
2025-07-16T15:42:24.246Z,VN260,Boeing 787,SGN,HAN,2025-07-19T00:00:00.000Z,21:50,23:55,Premium Economy Classic (Z),4547000,1,0,0
2025-07-16T15:42:24.246Z,VN224,Airbus A321,SGN,HAN,2025-07-19T00:00:00.000Z,22:00,00:05,Premium Economy Classic (Z),4547000,1,0,0
2025-07-16T15:42:24.246Z,VN7228,Airbus A321,SGN,HAN,2025-07-19T00:00:00.000Z,22:20,00:25,Premium Economy Classic (Z),4547000,1,0,0
2025-07-16T15:42:24.246Z,VN7234,Airbus A320-100/200,SGN,HAN,2025-07-19T00:00:00.000Z,22:45,00:50,Premium Economy Classic (Z),4547000,1,0,0
2025-07-16T15:42:24.246Z,VN270,Airbus A321,SGN,HAN,2025-07-19T00:00:00.000Z,23:00,01:05,Premium Economy Classic (Z),4547000,1,0,0
2025-07-16T15:42:24.246Z,VN110,Airbus A321,SGN,DAD,2025-07-19T00:00:00.000Z,06:50,08:20,Economy Classic (S),4664000,1,0,0
2025-07-16T15:42:24.246Z,VN7134,Airbus A321,SGN,DAD,2025-07-19T00:00:00.000Z,21:40,22:55,Economy Classic (S),4664000,1,0,0
2025-07-16T15:42:24.246Z,VN7134,Airbus A321,SGN,DAD,2025-07-19T00:00:00.000Z,21:40,22:55,Economy Classic (S),4664000,1,0,0
2025-07-16T15:42:24.246Z,VN6002,Airbus A321,SGN,HAN,2025-07-19T00:00:00.000Z,04:55,07:05,(D),4763000,1,0,0
2025-07-16T15:42:24.246Z,VN260,Boeing 787,SGN,HAN,2025-07-19T00:00:00.000Z,21:50,23:55,Business Classic (D),4763000,1,0,0
2025-07-16T15:42:24.246Z,VN224,Airbus A321,SGN,HAN,2025-07-19T00:00:00.000Z,22:00,00:05,Business Classic (D),4763000,1,0,0
2025-07-16T15:42:24.246Z,VN270,Airbus A321,SGN,HAN,2025-07-19T00:00:00.000Z,23:00,01:05,Business Classic (D),4763000,1,0,0
2025-07-16T15:42:24.246Z,VN110,Airbus A321,SGN,DAD,2025-07-19T00:00:00.000Z,06:50,08:20,Economy Flex (M),4826000,1,0,0
2025-07-16T15:42:24.246Z,VN7130,Airbus A321,SGN,DAD,2025-07-19T00:00:00.000Z,09:50,11:15,Economy Flex (M),4826000,1,0,0
2025-07-16T15:42:24.246Z,VN140,Airbus A321,SGN,DAD,2025-07-19T00:00:00.000Z,16:40,18:05,Economy Flex (M),4826000,1,0,0
2025-07-16T15:42:24.246Z,VN7134,Airbus A321,SGN,DAD,2025-07-19T00:00:00.000Z,21:40,22:55,Economy Flex (M),4826000,1,0,0
2025-07-16T15:42:24.246Z,VN7134,Airbus A321,SGN,DAD,2025-07-19T00:00:00.000Z,21:40,22:55,Economy Flex (M),4826000,1,0,0
2025-07-16T15:42:24.246Z,VN106,Airbus A321,SGN,DAD,2025-07-19T00:00:00.000Z,05:45,07:10,Economy Flex (B),4929000,1,0,0
2025-07-16T15:42:24.246Z,VN110,Airbus A321,SGN,DAD,2025-07-19T00:00:00.000Z,06:50,08:20,Economy Flex (B),4929000,1,0,0
2025-07-16T15:42:24.246Z,VN7130,Airbus A321,SGN,DAD,2025-07-19T00:00:00.000Z,09:50,11:15,Economy Flex (B),4929000,1,0,0
2025-07-16T15:42:24.246Z,VN126,Airbus A321,SGN,DAD,2025-07-19T00:00:00.000Z,11:25,12:50,Economy Flex (B),4929000,1,0,0
2025-07-16T15:42:24.246Z,VN136,Airbus A321,SGN,DAD,2025-07-19T00:00:00.000Z,16:00,17:25,Economy Flex (B),4929000,1,0,0
2025-07-16T15:42:24.246Z,VN140,Airbus A321,SGN,DAD,2025-07-19T00:00:00.000Z,16:40,18:05,Economy Flex (B),4929000,1,0,0
2025-07-16T15:42:24.246Z,VN7134,Airbus A321,SGN,DAD,2025-07-19T00:00:00.000Z,21:40,22:55,Economy Flex (B),4929000,1,0,0
2025-07-16T15:42:24.246Z,VN7134,Airbus A321,SGN,DAD,2025-07-19T00:00:00.000Z,21:40,22:55,Economy Flex (B),4929000,1,0,0
2025-07-16T15:42:24.246Z,VJ1198,Airbus A321,SGN,HAN,2025-07-19T00:00:00.000Z,05:00,07:10,Economy (Y_SBoss),5050500,1,0,0
2025-07-16T15:42:24.246Z,VJ1128,Airbus A321,SGN,HAN,2025-07-19T00:00:00.000Z,06:00,08:10,Economy (Y_SBoss),5050500,1,0,0
2025-07-16T15:42:24.246Z,VJ190,Airbus A321,SGN,HAN,2025-07-19T00:00:00.000Z,07:10,09:20,Economy (Y_SBoss),5050500,1,0,0
2025-07-16T15:42:24.246Z,VJ120,Airbus A321,SGN,HAN,2025-07-19T00:00:00.000Z,07:30,09:40,Economy (Y_SBoss),5050500,1,0,0
2025-07-16T15:42:24.246Z,VJ1126,Airbus A321,SGN,HAN,2025-07-19T00:00:00.000Z,08:10,10:20,Economy (Y_SBoss),5050500,1,0,0
2025-07-16T15:42:24.246Z,VJ124,Airbus A320-100/200,SGN,HAN,2025-07-19T00:00:00.000Z,09:20,11:30,Economy (Y_SBoss),5050500,1,0,0
2025-07-16T15:42:24.246Z,VJ1130,Airbus A321,SGN,HAN,2025-07-19T00:00:00.000Z,10:25,12:35,Economy (Y_SBoss),5050500,1,0,0
2025-07-16T15:42:24.246Z,VJ178,Airbus A330,SGN,HAN,2025-07-19T00:00:00.000Z,11:50,14:00,Economy (Y_SBoss),5050500,1,0,0
2025-07-16T15:42:24.246Z,VJ1138,Airbus A321,SGN,HAN,2025-07-19T00:00:00.000Z,12:25,14:35,Economy (Y_SBoss),5050500,1,0,0
2025-07-16T15:42:24.246Z,VJ148,Airbus A320-100/200,SGN,HAN,2025-07-19T00:00:00.000Z,14:05,16:10,Economy (Y_SBoss),5050500,1,0,0
2025-07-16T15:42:24.246Z,VJ146,Airbus A321,SGN,HAN,2025-07-19T00:00:00.000Z,15:25,17:35,Economy (Y_SBoss),5050500,1,0,0
2025-07-16T15:42:24.246Z,VJ150,Airbus A321,SGN,HAN,2025-07-19T00:00:00.000Z,16:05,18:15,Economy (Y_SBoss),5050500,1,0,0
2025-07-16T15:42:24.246Z,VJ1162,Airbus A321,SGN,HAN,2025-07-19T00:00:00.000Z,16:50,19:00,Economy (Y_SBoss),5050500,1,0,0
2025-07-16T15:42:24.246Z,VJ1152,Airbus A321,SGN,HAN,2025-07-19T00:00:00.000Z,17:20,19:30,Economy (Y_SBoss),5050500,1,0,0
2025-07-16T15:42:24.246Z,VJ1156,Airbus A330,SGN,HAN,2025-07-19T00:00:00.000Z,18:45,20:55,Economy (Y_SBoss),5050500,1,0,0
2025-07-16T15:42:24.246Z,VJ1158,Airbus A321,SGN,HAN,2025-07-19T00:00:00.000Z,19:40,21:50,Economy (Y_SBoss),5050500,1,0,0
2025-07-16T15:42:24.246Z,VJ1176,Airbus A330,SGN,HAN,2025-07-19T00:00:00.000Z,20:00,22:10,Economy (Y_SBoss),5050500,1,0,0
2025-07-16T15:42:24.246Z,VJ1160,Airbus A321,SGN,HAN,2025-07-19T00:00:00.000Z,20:05,22:10,Economy (Y_SBoss),5050500,1,0,0
2025-07-16T15:42:24.246Z,VJ1174,Airbus A321,SGN,HAN,2025-07-19T00:00:00.000Z,20:30,22:40,Economy (Y_SBoss),5050500,1,0,0
2025-07-16T15:42:24.246Z,VJ174,Airbus A321,SGN,HAN,2025-07-19T00:00:00.000Z,21:00,23:10,Economy (Y_SBoss),5050500,1,0,0
2025-07-16T15:42:24.246Z,VJ172,Airbus A321,SGN,HAN,2025-07-19T00:00:00.000Z,22:10,00:20,Economy (Y_SBoss),5050500,1,0,0
2025-07-16T15:42:24.246Z,VJ1170,Airbus A321,SGN,HAN,2025-07-19T00:00:00.000Z,23:35,01:45,Economy (Y_SBoss),5050500,1,0,0
2025-07-16T15:42:24.246Z,QH202,Airbus A321,SGN,HAN,2025-07-19T00:00:00.000Z,05:25,07:35,BusinessSmart (I),5072000,1,0,0
2025-07-16T15:42:24.246Z,QH204,Airbus A321,SGN,HAN,2025-07-19T00:00:00.000Z,07:35,09:45,BusinessSmart (I),5072000,1,0,0
2025-07-16T15:42:24.246Z,QH254,Airbus A321,SGN,HAN,2025-07-19T00:00:00.000Z,15:45,17:55,BusinessSmart (I),5072000,1,0,0
2025-07-16T15:42:24.246Z,QH268,Airbus A321,SGN,HAN,2025-07-19T00:00:00.000Z,19:15,21:25,BusinessSmart (I),5072000,1,0,0
2025-07-16T15:42:24.246Z,QH284,Airbus A321,SGN,HAN,2025-07-19T00:00:00.000Z,21:30,23:40,BusinessSmart (I),5072000,1,0,0
2025-07-16T15:42:24.246Z,VN106,Airbus A321,SGN,DAD,2025-07-19T00:00:00.000Z,05:45,07:10,Premium Economy Classic (U),5145000,1,0,0
2025-07-16T15:42:24.246Z,VN110,Airbus A321,SGN,DAD,2025-07-19T00:00:00.000Z,06:50,08:20,Premium Economy Classic (U),5145000,1,0,0
2025-07-16T15:42:24.246Z,VN7130,Airbus A321,SGN,DAD,2025-07-19T00:00:00.000Z,09:50,11:15,Premium Economy Classic (U),5145000,1,0,0
2025-07-16T15:42:24.246Z,VN136,Airbus A321,SGN,DAD,2025-07-19T00:00:00.000Z,16:00,17:25,Premium Economy Classic (U),5145000,1,0,0
2025-07-16T15:42:24.246Z,VN140,Airbus A321,SGN,DAD,2025-07-19T00:00:00.000Z,16:40,18:05,Premium Economy Classic (U),5145000,1,0,0
2025-07-16T15:42:24.246Z,VN146,Airbus A321,SGN,DAD,2025-07-19T00:00:00.000Z,19:25,20:50,Premium Economy Classic (U),5145000,1,0,0
2025-07-16T15:42:24.246Z,VN7134,Airbus A321,SGN,DAD,2025-07-19T00:00:00.000Z,21:40,22:55,Premium Economy Classic (U),5145000,1,0,0
2025-07-16T15:42:24.246Z,VN7134,Airbus A321,SGN,DAD,2025-07-19T00:00:00.000Z,21:40,22:55,Premium Economy Classic (U),5145000,1,0,0
2025-07-16T15:42:24.246Z,VN6002,Airbus A321,SGN,HAN,2025-07-19T00:00:00.000Z,04:55,07:05,(W),5411000,1,0,0
2025-07-16T15:42:24.246Z,VN206,Boeing 787,SGN,HAN,2025-07-19T00:00:00.000Z,06:00,08:05,Premium Economy Flex (W),5411000,1,0,0
2025-07-16T15:42:24.246Z,VN7204,Airbus A350-900,SGN,HAN,2025-07-19T00:00:00.000Z,06:30,08:35,Premium Economy Flex (W),5411000,1,0,0
2025-07-16T15:42:24.246Z,VN240,Boeing 787,SGN,HAN,2025-07-19T00:00:00.000Z,07:00,09:05,Premium Economy Flex (W),5411000,1,0,0
2025-07-16T15:42:24.246Z,VN6014,Airbus A321,SGN,HAN,2025-07-19T00:00:00.000Z,07:00,09:10,(W),5411000,1,0,0
2025-07-16T15:42:24.246Z,VN208,Boeing 787,SGN,HAN,2025-07-19T00:00:00.000Z,08:00,10:05,Premium Economy Flex (W),5411000,1,0,0
2025-07-16T15:42:24.246Z,VN244,Boeing 787,SGN,HAN,2025-07-19T00:00:00.000Z,09:00,11:05,Premium Economy Flex (W),5411000,1,0,0
2025-07-16T15:42:24.246Z,VN7230,Airbus 350,SGN,HAN,2025-07-19T00:00:00.000Z,09:30,11:35,Premium Economy Flex (W),5411000,1,0,0
2025-07-16T15:42:24.246Z,VN210,Boeing 787,SGN,HAN,2025-07-19T00:00:00.000Z,10:00,12:05,Premium Economy Flex (W),5411000,1,0,0
2025-07-16T15:42:24.246Z,VN246,Airbus A350-900,SGN,HAN,2025-07-19T00:00:00.000Z,11:00,13:05,Premium Economy Flex (W),5411000,1,0,0
2025-07-16T15:42:24.246Z,VN212,Boeing 787,SGN,HAN,2025-07-19T00:00:00.000Z,12:15,14:20,Premium Economy Flex (W),5411000,1,0,0
2025-07-16T15:42:24.246Z,VN248,Airbus A350-900,SGN,HAN,2025-07-19T00:00:00.000Z,13:00,15:05,Premium Economy Flex (W),5411000,1,0,0
2025-07-16T15:42:24.246Z,VN214,Boeing 787,SGN,HAN,2025-07-19T00:00:00.000Z,14:00,16:05,Premium Economy Flex (W),5411000,1,0,0
2025-07-16T15:42:24.246Z,VN250,Airbus A321,SGN,HAN,2025-07-19T00:00:00.000Z,15:00,17:05,Premium Economy Flex (W),5411000,1,0,0
2025-07-16T15:42:24.246Z,VN7232,Airbus 350,SGN,HAN,2025-07-19T00:00:00.000Z,15:30,17:35,Premium Economy Flex (W),5411000,1,0,0
2025-07-16T15:42:24.246Z,VN216,Boeing 787,SGN,HAN,2025-07-19T00:00:00.000Z,16:00,18:05,Premium Economy Flex (W),5411000,1,0,0
2025-07-16T15:42:24.246Z,VN252,Boeing 787,SGN,HAN,2025-07-19T00:00:00.000Z,16:40,18:45,Premium Economy Flex (W),5411000,1,0,0
2025-07-16T15:42:24.246Z,VN254,Airbus A350-900,SGN,HAN,2025-07-19T00:00:00.000Z,17:00,19:10,Premium Economy Flex (W),5411000,1,0,0
2025-07-16T15:42:24.246Z,VN218,Boeing 787,SGN,HAN,2025-07-19T00:00:00.000Z,18:00,20:05,Premium Economy Flex (W),5411000,1,0,0
2025-07-16T15:42:24.246Z,VN258,Boeing 787,SGN,HAN,2025-07-19T00:00:00.000Z,19:00,21:05,Premium Economy Flex (W),5411000,1,0,0
2025-07-16T15:42:24.246Z,VN262,Airbus 350,SGN,HAN,2025-07-19T00:00:00.000Z,19:35,21:40,Premium Economy Flex (W),5411000,1,0,0
2025-07-16T15:42:24.246Z,VN220,Boeing 787,SGN,HAN,2025-07-19T00:00:00.000Z,20:00,22:05,Premium Economy Flex (W),5411000,1,0,0
2025-07-16T15:42:24.246Z,VN256,Boeing 787,SGN,HAN,2025-07-19T00:00:00.000Z,20:30,22:35,Premium Economy Flex (W),5411000,1,0,0
2025-07-16T15:42:24.246Z,VN260,Boeing 787,SGN,HAN,2025-07-19T00:00:00.000Z,21:50,23:55,Premium Economy Flex (W),5411000,1,0,0
2025-07-16T15:42:24.246Z,VN224,Airbus A321,SGN,HAN,2025-07-19T00:00:00.000Z,22:00,00:05,Premium Economy Flex (W),5411000,1,0,0
2025-07-16T15:42:24.246Z,VN7228,Airbus A321,SGN,HAN,2025-07-19T00:00:00.000Z,22:20,00:25,Premium Economy Flex (W),5411000,1,0,0
2025-07-16T15:42:24.246Z,VN7234,Airbus A320-100/200,SGN,HAN,2025-07-19T00:00:00.000Z,22:45,00:50,Premium Economy Flex (W),5411000,1,0,0
2025-07-16T15:42:24.246Z,VN270,Airbus A321,SGN,HAN,2025-07-19T00:00:00.000Z,23:00,01:05,Premium Economy Flex (W),5411000,1,0,0
2025-07-16T15:42:24.246Z,VN7204,Airbus A350-900,SGN,HAN,2025-07-19T00:00:00.000Z,06:30,08:35,Business Classic (I),5910000,1,0,0
2025-07-16T15:42:24.246Z,VN240,Boeing 787,SGN,HAN,2025-07-19T00:00:00.000Z,07:00,09:05,Business Classic (I),5910000,1,0,0
2025-07-16T15:42:24.246Z,VN6014,Airbus A321,SGN,HAN,2025-07-19T00:00:00.000Z,07:00,09:10,(I),5910000,1,0,0
2025-07-16T15:42:24.246Z,VN256,Boeing 787,SGN,HAN,2025-07-19T00:00:00.000Z,20:30,22:35,Business Classic (I),5910000,1,0,0
2025-07-16T15:42:24.246Z,VN7228,Airbus A321,SGN,HAN,2025-07-19T00:00:00.000Z,22:20,00:25,Business Classic (I),5910000,1,0,0
2025-07-16T15:42:24.246Z,VN7234,Airbus A320-100/200,SGN,HAN,2025-07-19T00:00:00.000Z,22:45,00:50,Business Classic (I),5910000,1,0,0
2025-07-16T15:42:24.246Z,VN106,Airbus A321,SGN,DAD,2025-07-19T00:00:00.000Z,05:45,07:10,Premium Economy Classic (Z),6225000,1,0,0
2025-07-16T15:42:24.246Z,VN110,Airbus A321,SGN,DAD,2025-07-19T00:00:00.000Z,06:50,08:20,Premium Economy Classic (Z),6225000,1,0,0
2025-07-16T15:42:24.246Z,VN7130,Airbus A321,SGN,DAD,2025-07-19T00:00:00.000Z,09:50,11:15,Premium Economy Classic (Z),6225000,1,0,0
2025-07-16T15:42:24.246Z,VN126,Airbus A321,SGN,DAD,2025-07-19T00:00:00.000Z,11:25,12:50,Premium Economy Classic (Z),6225000,1,0,0
2025-07-16T15:42:24.246Z,VN136,Airbus A321,SGN,DAD,2025-07-19T00:00:00.000Z,16:00,17:25,Premium Economy Classic (Z),6225000,1,0,0
2025-07-16T15:42:24.246Z,VN136,Airbus A321,SGN,DAD,2025-07-19T00:00:00.000Z,16:00,17:25,Premium Economy Classic (Z),6225000,1,0,0
2025-07-16T15:42:24.246Z,VN140,Airbus A321,SGN,DAD,2025-07-19T00:00:00.000Z,16:40,18:05,Premium Economy Classic (Z),6225000,1,0,0
2025-07-16T15:42:24.246Z,VN146,Airbus A321,SGN,DAD,2025-07-19T00:00:00.000Z,19:25,20:50,Premium Economy Classic (Z),6225000,1,0,0
2025-07-16T15:42:24.246Z,VN7134,Airbus A321,SGN,DAD,2025-07-19T00:00:00.000Z,21:40,22:55,Premium Economy Classic (Z),6225000,1,0,0
2025-07-16T15:42:24.246Z,VN7134,Airbus A321,SGN,DAD,2025-07-19T00:00:00.000Z,21:40,22:55,Premium Economy Classic (Z),6225000,1,0,0
2025-07-16T15:42:24.246Z,VN7204,Airbus A350-900,SGN,HAN,2025-07-19T00:00:00.000Z,06:30,08:35,Business Classic (D),6450000,1,0,0
2025-07-16T15:42:24.246Z,VN240,Boeing 787,SGN,HAN,2025-07-19T00:00:00.000Z,07:00,09:05,Business Classic (D),6450000,1,0,0
2025-07-16T15:42:24.246Z,VN6014,Airbus A321,SGN,HAN,2025-07-19T00:00:00.000Z,07:00,09:10,(D),6450000,1,0,0
2025-07-16T15:42:24.246Z,VN256,Boeing 787,SGN,HAN,2025-07-19T00:00:00.000Z,20:30,22:35,Business Classic (D),6450000,1,0,0
2025-07-16T15:42:24.246Z,VN7228,Airbus A321,SGN,HAN,2025-07-19T00:00:00.000Z,22:20,00:25,Business Classic (D),6450000,1,0,0
2025-07-16T15:42:24.246Z,VN7234,Airbus A320-100/200,SGN,HAN,2025-07-19T00:00:00.000Z,22:45,00:50,Business Classic (D),6450000,1,0,0
2025-07-16T15:42:24.246Z,VJ178,Airbus A330,SGN,HAN,2025-07-19T00:00:00.000Z,11:50,14:00,Business (C_Boss),6454500,1,0,0
2025-07-16T15:42:24.246Z,VJ1156,Airbus A330,SGN,HAN,2025-07-19T00:00:00.000Z,18:45,20:55,Business (C_Boss),6454500,1,0,0
2025-07-16T15:42:24.246Z,VJ1176,Airbus A330,SGN,HAN,2025-07-19T00:00:00.000Z,20:00,22:10,Business (C_Boss),6454500,1,0,0
2025-07-16T15:42:24.246Z,VN106,Airbus A321,SGN,DAD,2025-07-19T00:00:00.000Z,05:45,07:10,Premium Economy Flex (W),7089000,1,0,0
2025-07-16T15:42:24.246Z,VN110,Airbus A321,SGN,DAD,2025-07-19T00:00:00.000Z,06:50,08:20,Premium Economy Flex (W),7089000,1,0,0
2025-07-16T15:42:24.246Z,VN7130,Airbus A321,SGN,DAD,2025-07-19T00:00:00.000Z,09:50,11:15,Premium Economy Flex (W),7089000,1,0,0
2025-07-16T15:42:24.246Z,VN126,Airbus A321,SGN,DAD,2025-07-19T00:00:00.000Z,11:25,12:50,Premium Economy Flex (W),7089000,1,0,0
2025-07-16T15:42:24.246Z,VN136,Airbus A321,SGN,DAD,2025-07-19T00:00:00.000Z,16:00,17:25,Premium Economy Flex (W),7089000,1,0,0
2025-07-16T15:42:24.246Z,VN136,Airbus A321,SGN,DAD,2025-07-19T00:00:00.000Z,16:00,17:25,Premium Economy Flex (W),7089000,1,0,0
2025-07-16T15:42:24.246Z,VN140,Airbus A321,SGN,DAD,2025-07-19T00:00:00.000Z,16:40,18:05,Premium Economy Flex (W),7089000,1,0,0
2025-07-16T15:42:24.246Z,VN146,Airbus A321,SGN,DAD,2025-07-19T00:00:00.000Z,19:25,20:50,Premium Economy Flex (W),7089000,1,0,0
2025-07-16T15:42:24.246Z,VN7134,Airbus A321,SGN,DAD,2025-07-19T00:00:00.000Z,21:40,22:55,Premium Economy Flex (W),7089000,1,0,0
2025-07-16T15:42:24.246Z,VN7134,Airbus A321,SGN,DAD,2025-07-19T00:00:00.000Z,21:40,22:55,Premium Economy Flex (W),7089000,1,0,0
2025-07-16T15:42:24.246Z,VN106,Airbus A321,SGN,DAD,2025-07-19T00:00:00.000Z,05:45,07:10,Business Classic (I),7115000,1,0,0
2025-07-16T15:42:24.246Z,VN146,Airbus A321,SGN,DAD,2025-07-19T00:00:00.000Z,19:25,20:50,Business Classic (I),7115000,1,0,0
2025-07-16T15:42:24.246Z,VN7134,Airbus A321,SGN,DAD,2025-07-19T00:00:00.000Z,21:40,22:55,Business Classic (I),7115000,1,0,0
2025-07-16T15:42:24.246Z,VN7134,Airbus A321,SGN,DAD,2025-07-19T00:00:00.000Z,21:40,22:55,Business Classic (I),7115000,1,0,0
2025-07-16T15:42:24.246Z,QH202,Airbus A321,SGN,HAN,2025-07-19T00:00:00.000Z,05:25,07:35,BusinessFlex (J),7124000,1,0,0
2025-07-16T15:42:24.246Z,QH204,Airbus A321,SGN,HAN,2025-07-19T00:00:00.000Z,07:35,09:45,BusinessFlex (J),7124000,1,0,0
2025-07-16T15:42:24.246Z,QH254,Airbus A321,SGN,HAN,2025-07-19T00:00:00.000Z,15:45,17:55,BusinessFlex (J),7124000,1,0,0
2025-07-16T15:42:24.246Z,QH268,Airbus A321,SGN,HAN,2025-07-19T00:00:00.000Z,19:15,21:25,BusinessFlex (J),7124000,1,0,0
2025-07-16T15:42:24.246Z,QH284,Airbus A321,SGN,HAN,2025-07-19T00:00:00.000Z,21:30,23:40,BusinessFlex (J),7124000,1,0,0
2025-07-16T15:42:24.246Z,VN6002,Airbus A321,SGN,HAN,2025-07-19T00:00:00.000Z,04:55,07:05,(C),7638000,1,0,0
2025-07-16T15:42:24.246Z,VN206,Boeing 787,SGN,HAN,2025-07-19T00:00:00.000Z,06:00,08:05,Business Flex (C),7638000,1,0,0
2025-07-16T15:42:24.246Z,VN7204,Airbus A350-900,SGN,HAN,2025-07-19T00:00:00.000Z,06:30,08:35,Business Flex (C),7638000,1,0,0
2025-07-16T15:42:24.246Z,VN240,Boeing 787,SGN,HAN,2025-07-19T00:00:00.000Z,07:00,09:05,Business Flex (C),7638000,1,0,0
2025-07-16T15:42:24.246Z,VN6014,Airbus A321,SGN,HAN,2025-07-19T00:00:00.000Z,07:00,09:10,(C),7638000,1,0,0
2025-07-16T15:42:24.246Z,VN256,Boeing 787,SGN,HAN,2025-07-19T00:00:00.000Z,20:30,22:35,Business Flex (C),7638000,1,0,0
2025-07-16T15:42:24.246Z,VN260,Boeing 787,SGN,HAN,2025-07-19T00:00:00.000Z,21:50,23:55,Business Flex (C),7638000,1,0,0
2025-07-16T15:42:24.246Z,VN224,Airbus A321,SGN,HAN,2025-07-19T00:00:00.000Z,22:00,00:05,Business Flex (C),7638000,1,0,0
2025-07-16T15:42:24.246Z,VN7228,Airbus A321,SGN,HAN,2025-07-19T00:00:00.000Z,22:20,00:25,Business Flex (C),7638000,1,0,0
2025-07-16T15:42:24.246Z,VN7234,Airbus A320-100/200,SGN,HAN,2025-07-19T00:00:00.000Z,22:45,00:50,Business Flex (C),7638000,1,0,0
2025-07-16T15:42:24.246Z,VN270,Airbus A321,SGN,HAN,2025-07-19T00:00:00.000Z,23:00,01:05,Business Flex (C),7638000,1,0,0
2025-07-16T15:42:24.246Z,VN106,Airbus A321,SGN,DAD,2025-07-19T00:00:00.000Z,05:45,07:10,Business Classic (D),7763000,1,0,0
2025-07-16T15:42:24.246Z,VN136,Airbus A321,SGN,DAD,2025-07-19T00:00:00.000Z,16:00,17:25,Business Classic (D),7763000,1,0,0
2025-07-16T15:42:24.246Z,VN146,Airbus A321,SGN,DAD,2025-07-19T00:00:00.000Z,19:25,20:50,Business Classic (D),7763000,1,0,0
2025-07-16T15:42:24.246Z,VN7134,Airbus A321,SGN,DAD,2025-07-19T00:00:00.000Z,21:40,22:55,Business Classic (D),7763000,1,0,0
2025-07-16T15:42:24.246Z,VN7134,Airbus A321,SGN,DAD,2025-07-19T00:00:00.000Z,21:40,22:55,Business Classic (D),7763000,1,0,0
2025-07-16T15:42:24.246Z,VN106,Airbus A321,SGN,DAD,2025-07-19T00:00:00.000Z,05:45,07:10,Business Flex (C),8627000,1,0,0
2025-07-16T15:42:24.246Z,VN136,Airbus A321,SGN,DAD,2025-07-19T00:00:00.000Z,16:00,17:25,Business Flex (C),8627000,1,0,0
2025-07-16T15:42:24.246Z,VN136,Airbus A321,SGN,DAD,2025-07-19T00:00:00.000Z,16:00,17:25,Business Flex (C),8627000,1,0,0
2025-07-16T15:42:24.246Z,VN146,Airbus A321,SGN,DAD,2025-07-19T00:00:00.000Z,19:25,20:50,Business Flex (C),8627000,1,0,0
2025-07-16T15:42:24.246Z,VN7134,Airbus A321,SGN,DAD,2025-07-19T00:00:00.000Z,21:40,22:55,Business Flex (C),8627000,1,0,0
2025-07-16T15:42:24.246Z,VN7134,Airbus A321,SGN,DAD,2025-07-19T00:00:00.000Z,21:40,22:55,Business Flex (C),8627000,1,0,0
2025-07-16T15:42:24.246Z,VN6002,Airbus A321,SGN,HAN,2025-07-19T00:00:00.000Z,04:55,07:05,(J),8826000,1,0,0
2025-07-16T15:42:24.246Z,VN206,Boeing 787,SGN,HAN,2025-07-19T00:00:00.000Z,06:00,08:05,Business Flex (J),8826000,1,0,0
2025-07-16T15:42:24.246Z,VN7204,Airbus A350-900,SGN,HAN,2025-07-19T00:00:00.000Z,06:30,08:35,Business Flex (J),8826000,1,0,0
2025-07-16T15:42:24.246Z,VN240,Boeing 787,SGN,HAN,2025-07-19T00:00:00.000Z,07:00,09:05,Business Flex (J),8826000,1,0,0
2025-07-16T15:42:24.246Z,VN6014,Airbus A321,SGN,HAN,2025-07-19T00:00:00.000Z,07:00,09:10,(J),8826000,1,0,0
2025-07-16T15:42:24.246Z,VN208,Boeing 787,SGN,HAN,2025-07-19T00:00:00.000Z,08:00,10:05,Business Flex (J),8826000,1,0,0
2025-07-16T15:42:24.246Z,VN244,Boeing 787,SGN,HAN,2025-07-19T00:00:00.000Z,09:00,11:05,Business Flex (J),8826000,1,0,0
2025-07-16T15:42:24.246Z,VN7230,Airbus 350,SGN,HAN,2025-07-19T00:00:00.000Z,09:30,11:35,Business Flex (J),8826000,1,0,0
2025-07-16T15:42:24.246Z,VN210,Boeing 787,SGN,HAN,2025-07-19T00:00:00.000Z,10:00,12:05,Business Flex (J),8826000,1,0,0
2025-07-16T15:42:24.246Z,VN246,Airbus A350-900,SGN,HAN,2025-07-19T00:00:00.000Z,11:00,13:05,Business Flex (J),8826000,1,0,0
2025-07-16T15:42:24.246Z,VN212,Boeing 787,SGN,HAN,2025-07-19T00:00:00.000Z,12:15,14:20,Business Flex (J),8826000,1,0,0
2025-07-16T15:42:24.246Z,VN248,Airbus A350-900,SGN,HAN,2025-07-19T00:00:00.000Z,13:00,15:05,Business Flex (J),8826000,1,0,0
2025-07-16T15:42:24.246Z,VN214,Boeing 787,SGN,HAN,2025-07-19T00:00:00.000Z,14:00,16:05,Business Flex (J),8826000,1,0,0
2025-07-16T15:42:24.246Z,VN250,Airbus A321,SGN,HAN,2025-07-19T00:00:00.000Z,15:00,17:05,Business Flex (J),8826000,1,0,0
2025-07-16T15:42:24.246Z,VN7232,Airbus 350,SGN,HAN,2025-07-19T00:00:00.000Z,15:30,17:35,Business Flex (J),8826000,1,0,0
2025-07-16T15:42:24.246Z,VN216,Boeing 787,SGN,HAN,2025-07-19T00:00:00.000Z,16:00,18:05,Business Flex (J),8826000,1,0,0
2025-07-16T15:42:24.246Z,VN252,Boeing 787,SGN,HAN,2025-07-19T00:00:00.000Z,16:40,18:45,Business Flex (J),8826000,1,0,0
2025-07-16T15:42:24.246Z,VN254,Airbus A350-900,SGN,HAN,2025-07-19T00:00:00.000Z,17:00,19:10,Business Flex (J),8826000,1,0,0
2025-07-16T15:42:24.246Z,VN218,Boeing 787,SGN,HAN,2025-07-19T00:00:00.000Z,18:00,20:05,Business Flex (J),8826000,1,0,0
2025-07-16T15:42:24.246Z,VN258,Boeing 787,SGN,HAN,2025-07-19T00:00:00.000Z,19:00,21:05,Business Flex (J),8826000,1,0,0
2025-07-16T15:42:24.246Z,VN262,Airbus 350,SGN,HAN,2025-07-19T00:00:00.000Z,19:35,21:40,Business Flex (J),8826000,1,0,0
2025-07-16T15:42:24.246Z,VN220,Boeing 787,SGN,HAN,2025-07-19T00:00:00.000Z,20:00,22:05,Business Flex (J),8826000,1,0,0
2025-07-16T15:42:24.246Z,VN256,Boeing 787,SGN,HAN,2025-07-19T00:00:00.000Z,20:30,22:35,Business Flex (J),8826000,1,0,0
2025-07-16T15:42:24.246Z,VN260,Boeing 787,SGN,HAN,2025-07-19T00:00:00.000Z,21:50,23:55,Business Flex (J),8826000,1,0,0
2025-07-16T15:42:24.246Z,VN224,Airbus A321,SGN,HAN,2025-07-19T00:00:00.000Z,22:00,00:05,Business Flex (J),8826000,1,0,0
2025-07-16T15:42:24.246Z,VN7228,Airbus A321,SGN,HAN,2025-07-19T00:00:00.000Z,22:20,00:25,Business Flex (J),8826000,1,0,0
2025-07-16T15:42:24.246Z,VN7234,Airbus A320-100/200,SGN,HAN,2025-07-19T00:00:00.000Z,22:45,00:50,Business Flex (J),8826000,1,0,0
2025-07-16T15:42:24.246Z,VN270,Airbus A321,SGN,HAN,2025-07-19T00:00:00.000Z,23:00,01:05,Business Flex (J),8826000,1,0,0
2025-07-16T15:42:24.246Z,VN106,Airbus A321,SGN,DAD,2025-07-19T00:00:00.000Z,05:45,07:10,Business Flex (J),9491000,1,0,0
2025-07-16T15:42:24.246Z,VN7130,Airbus A321,SGN,DAD,2025-07-19T00:00:00.000Z,09:50,11:15,Business Flex (J),9491000,1,0,0
2025-07-16T15:42:24.246Z,VN126,Airbus A321,SGN,DAD,2025-07-19T00:00:00.000Z,11:25,12:50,Business Flex (J),9491000,1,0,0
2025-07-16T15:42:24.246Z,VN136,Airbus A321,SGN,DAD,2025-07-19T00:00:00.000Z,16:00,17:25,Business Flex (J),9491000,1,0,0
2025-07-16T15:42:24.246Z,VN136,Airbus A321,SGN,DAD,2025-07-19T00:00:00.000Z,16:00,17:25,Business Flex (J),9491000,1,0,0
2025-07-16T15:42:24.246Z,VN140,Airbus A321,SGN,DAD,2025-07-19T00:00:00.000Z,16:40,18:05,Business Flex (J),9491000,1,0,0
2025-07-16T15:42:24.246Z,VN146,Airbus A321,SGN,DAD,2025-07-19T00:00:00.000Z,19:25,20:50,Business Flex (J),9491000,1,0,0
2025-07-16T15:42:24.246Z,VN7134,Airbus A321,SGN,DAD,2025-07-19T00:00:00.000Z,21:40,22:55,Business Flex (J),9491000,1,0,0
2025-07-16T15:42:24.246Z,VN7134,Airbus A321,SGN,DAD,2025-07-19T00:00:00.000Z,21:40,22:55,Business Flex (J),9491000,1,0,0
