create_at,flight_number,type_of_plane,departure_airport,arrival_airport,flight_date,departure_time,arrival_time,classes,price,days_to_flight
2025-06-16T15:13:12.424Z,VJ1128,Airbus A321,SGN,HAN,2025-07-09 00:00:00,06:00,08:10,Eco,583400,23
2025-06-16T15:13:12.424Z,VJ196,Airbus A321,SGN,HAN,2025-07-09 00:00:00,06:15,08:25,Eco,583400,23
2025-06-16T15:13:12.424Z,VJ1180,Airbus A330,SGN,HAN,2025-07-09 00:00:00,06:30,08:40,Eco,583400,23
2025-06-16T15:13:12.424Z,VJ1198,Airbus A321,SGN,HAN,2025-08-09 00:00:00,05:00,07:10,Eco,583400,54
2025-06-16T15:13:12.424Z,VJ1128,Airbus A321,SGN,HAN,2025-08-09 00:00:00,06:00,08:10,Eco,583400,54
2025-06-16T15:13:12.424Z,VJ1180,Airbus A330,SGN,HAN,2025-08-09 00:00:00,06:30,08:40,Eco,583400,54
2025-06-16T15:13:12.424Z,VJ190,Airbus A321,SGN,HAN,2025-08-09 00:00:00,07:10,09:20,Eco,583400,54
2025-06-16T16:09:53.348Z,VJ194,Airbus A321,SGN,HAN,2025-12-01 00:00:00,05:00,07:10,Eco,583400,168
2025-06-16T16:09:53.348Z,VJ194,Airbus A321,SGN,HAN,2025-12-23 00:00:00,05:00,07:10,Eco,583400,190
2025-06-16T16:09:53.348Z,VJ134,Airbus A320,SGN,HAN,2025-12-23 00:00:00,12:30,14:40,Eco,583400,190
2025-06-16T16:09:53.348Z,VJ128,Airbus A320,SGN,HAN,2025-12-24 00:00:00,08:10,10:20,Eco,583400,191
2025-06-16T16:09:53.348Z,VJ198,Airbus A321,SGN,HAN,2025-12-25 00:00:00,05:20,07:30,Eco,583400,192
2025-06-16T16:09:53.348Z,VJ198,Airbus A321,SGN,HAN,2025-12-25 00:00:00,05:20,07:30,Eco,583400,192
2025-06-17T05:10:59.440Z,VJ194,Airbus A321,SGN,HAN,2026-01-01 00:00:00,05:00,07:10,Eco,583400,198
2025-06-17T05:10:59.440Z,VJ198,Airbus A321,SGN,HAN,2026-01-01 00:00:00,05:20,07:30,Eco,583400,198
2025-06-17T05:10:59.440Z,VJ120,Airbus A320,SGN,HAN,2026-01-01 00:00:00,06:00,08:10,Eco,583400,198
2025-06-17T05:10:59.440Z,VJ122,Airbus A321,SGN,HAN,2026-01-01 00:00:00,06:30,08:40,Eco,583400,198
2025-06-17T05:10:59.440Z,VJ128,Airbus A320,SGN,HAN,2026-01-01 00:00:00,08:10,10:20,Eco,583400,198
2025-06-17T05:10:59.440Z,VJ194,Airbus A321,SGN,HAN,2026-02-01 00:00:00,05:00,07:10,Eco,583400,229
2025-06-17T05:10:59.440Z,VJ198,Airbus A321,SGN,HAN,2026-02-01 00:00:00,05:20,07:30,Eco,583400,229
2025-06-17T05:10:59.440Z,VJ120,Airbus A320,SGN,HAN,2026-02-01 00:00:00,06:00,08:10,Eco,583400,229
2025-06-17T05:10:59.440Z,VJ122,Airbus A321,SGN,HAN,2026-02-01 00:00:00,06:30,08:40,Eco,583400,229
2025-06-17T05:10:59.440Z,VJ132,Airbus A320,SGN,HAN,2026-02-01 00:00:00,11:10,13:20,Eco,583400,229
2025-06-17T05:10:59.440Z,VJ134,Airbus A320,SGN,HAN,2026-02-01 00:00:00,12:30,14:40,Eco,583400,229
2025-06-17T05:10:59.440Z,VJ194,Airbus A321,SGN,HAN,2026-01-01 00:00:00,05:00,07:10,Eco,583400,198
2025-06-17T05:10:59.440Z,VJ198,Airbus A321,SGN,HAN,2026-01-01 00:00:00,05:20,07:30,Eco,583400,198
2025-06-17T05:10:59.440Z,VJ120,Airbus A320,SGN,HAN,2026-01-01 00:00:00,06:00,08:10,Eco,583400,198
2025-06-17T05:10:59.440Z,VJ122,Airbus A321,SGN,HAN,2026-01-01 00:00:00,06:30,08:40,Eco,583400,198
2025-06-17T05:10:59.440Z,VJ128,Airbus A320,SGN,HAN,2026-01-01 00:00:00,08:10,10:20,Eco,583400,198
2025-06-17T05:10:59.440Z,VJ176,Airbus A320,SGN,HAN,2026-01-01 00:00:00,09:30,11:40,Eco,583400,198
2025-06-17T05:10:59.440Z,VJ134,Airbus A320,SGN,HAN,2026-01-01 00:00:00,12:30,14:40,Eco,583400,198
2025-06-17T05:10:59.440Z,VJ194,Airbus A321,SGN,HAN,2026-04-01 00:00:00,05:00,07:10,Eco,583400,288
2025-06-17T05:10:59.440Z,VJ198,Airbus A321,SGN,HAN,2026-04-01 00:00:00,05:20,07:30,Eco,583400,288
2025-06-17T05:10:59.440Z,VJ120,Airbus A320,SGN,HAN,2026-04-01 00:00:00,06:00,08:10,Eco,583400,288
2025-06-17T05:10:59.440Z,VJ122,Airbus A321,SGN,HAN,2026-04-01 00:00:00,06:30,08:40,Eco,583400,288
2025-06-17T05:10:59.440Z,VJ128,Airbus A320,SGN,HAN,2026-04-01 00:00:00,08:10,10:20,Eco,583400,288
2025-06-17T05:10:59.440Z,VJ176,Airbus A320,SGN,HAN,2026-04-01 00:00:00,09:30,11:40,Eco,583400,288
2025-06-17T05:10:59.440Z,VJ134,Airbus A320,SGN,HAN,2026-04-01 00:00:00,12:30,14:40,Eco,583400,288
2025-06-17T05:10:59.440Z,VJ194,Airbus A321,SGN,HAN,2026-05-01 00:00:00,05:00,07:10,Eco,583400,318
2025-06-17T05:10:59.440Z,VJ198,Airbus A321,SGN,HAN,2026-05-01 00:00:00,05:20,07:30,Eco,583400,318
2025-06-17T05:10:59.440Z,VJ120,Airbus A320,SGN,HAN,2026-05-01 00:00:00,06:00,08:10,Eco,583400,318
2025-06-17T05:10:59.440Z,VJ122,Airbus A321,SGN,HAN,2026-05-01 00:00:00,06:30,08:40,Eco,583400,318
2025-06-17T05:10:59.440Z,VJ176,Airbus A320,SGN,HAN,2026-05-01 00:00:00,09:30,11:40,Eco,583400,318
2025-06-17T05:10:59.440Z,VJ134,Airbus A320,SGN,HAN,2026-05-01 00:00:00,12:30,14:40,Eco,583400,318
2025-06-17T05:10:59.440Z,VJ194,Airbus A321,SGN,HAN,2026-06-01 00:00:00,05:00,07:10,Eco,583400,349
2025-06-17T05:10:59.440Z,VJ198,Airbus A321,SGN,HAN,2026-06-01 00:00:00,05:20,07:30,Eco,583400,349
2025-06-17T05:10:59.440Z,VJ120,Airbus A320,SGN,HAN,2026-06-01 00:00:00,06:00,08:10,Eco,583400,349
2025-06-17T05:10:59.440Z,VJ122,Airbus A321,SGN,HAN,2026-06-01 00:00:00,06:30,08:40,Eco,583400,349
2025-06-17T05:10:59.440Z,VJ128,Airbus A320,SGN,HAN,2026-06-01 00:00:00,08:10,10:20,Eco,583400,349
2025-06-17T05:10:59.440Z,VJ176,Airbus A320,SGN,HAN,2026-06-01 00:00:00,09:30,11:40,Eco,583400,349
2025-06-17T05:10:59.440Z,VJ134,Airbus A320,SGN,HAN,2026-06-01 00:00:00,12:30,14:40,Eco,583400,349
2025-06-17T05:10:59.440Z,VJ194,Airbus A321,SGN,HAN,2026-07-01 00:00:00,05:00,07:10,Eco,583400,379
2025-06-17T05:10:59.440Z,VJ198,Airbus A321,SGN,HAN,2026-07-01 00:00:00,05:20,07:30,Eco,583400,379
2025-06-17T05:10:59.440Z,VJ120,Airbus A320,SGN,HAN,2026-07-01 00:00:00,06:00,08:10,Eco,583400,379
2025-06-17T05:10:59.440Z,VJ122,Airbus A321,SGN,HAN,2026-07-01 00:00:00,06:30,08:40,Eco,583400,379
2025-06-17T05:10:59.440Z,VJ128,Airbus A320,SGN,HAN,2026-07-01 00:00:00,08:10,10:20,Eco,583400,379
2025-06-17T05:10:59.440Z,VJ176,Airbus A320,SGN,HAN,2026-07-01 00:00:00,09:30,11:40,Eco,583400,379
2025-06-17T05:10:59.440Z,VJ132,Airbus A320,SGN,HAN,2026-07-01 00:00:00,11:10,13:20,Eco,583400,379
2025-06-17T05:10:59.440Z,VJ134,Airbus A320,SGN,HAN,2026-07-01 00:00:00,12:30,14:40,Eco,583400,379
2025-06-17T05:10:59.440Z,VJ194,Airbus A321,SGN,HAN,2026-08-01 00:00:00,05:00,07:10,Eco,583400,410
2025-06-17T05:10:59.440Z,VJ198,Airbus A321,SGN,HAN,2026-08-01 00:00:00,05:20,07:30,Eco,583400,410
2025-06-17T05:10:59.440Z,VJ120,Airbus A320,SGN,HAN,2026-08-01 00:00:00,06:00,08:10,Eco,583400,410
2025-06-17T05:10:59.440Z,VJ122,Airbus A321,SGN,HAN,2026-08-01 00:00:00,06:30,08:40,Eco,583400,410
2025-06-17T05:10:59.440Z,VJ176,Airbus A320,SGN,HAN,2026-08-01 00:00:00,09:30,11:40,Eco,583400,410
2025-06-17T05:10:59.440Z,VJ132,Airbus A320,SGN,HAN,2026-08-01 00:00:00,11:10,13:20,Eco,583400,410
2025-06-17T05:10:59.440Z,VJ194,Airbus A321,SGN,HAN,2026-09-01 00:00:00,05:00,07:10,Eco,583400,441
2025-06-17T05:10:59.440Z,VJ198,Airbus A321,SGN,HAN,2026-09-01 00:00:00,05:20,07:30,Eco,583400,441
2025-06-17T05:10:59.440Z,VJ120,Airbus A320,SGN,HAN,2026-09-01 00:00:00,06:00,08:10,Eco,583400,441
2025-06-17T05:10:59.440Z,VJ122,Airbus A321,SGN,HAN,2026-09-01 00:00:00,06:30,08:40,Eco,583400,441
2025-06-17T05:10:59.440Z,VJ128,Airbus A320,SGN,HAN,2026-09-01 00:00:00,08:10,10:20,Eco,583400,441
2025-06-17T05:10:59.440Z,VJ132,Airbus A320,SGN,HAN,2026-09-01 00:00:00,11:10,13:20,Eco,583400,441
2025-06-17T05:10:59.440Z,VJ134,Airbus A320,SGN,HAN,2026-09-01 00:00:00,12:30,14:40,Eco,583400,441
2025-06-17T05:10:59.440Z,VJ194,Airbus A321,SGN,HAN,2026-01-01 00:00:00,05:00,07:10,Eco,583400,198
2025-06-17T05:10:59.440Z,VJ198,Airbus A321,SGN,HAN,2026-01-01 00:00:00,05:20,07:30,Eco,583400,198
2025-06-17T05:10:59.440Z,VJ120,Airbus A320,SGN,HAN,2026-01-01 00:00:00,06:00,08:10,Eco,583400,198
2025-06-17T05:10:59.440Z,VJ122,Airbus A321,SGN,HAN,2026-01-01 00:00:00,06:30,08:40,Eco,583400,198
2025-06-17T05:10:59.440Z,VJ128,Airbus A320,SGN,HAN,2026-01-01 00:00:00,08:10,10:20,Eco,583400,198
2025-06-17T05:10:59.440Z,VJ176,Airbus A320,SGN,HAN,2026-01-01 00:00:00,09:30,11:40,Eco,583400,198
2025-06-17T05:10:59.440Z,VJ132,Airbus A320,SGN,HAN,2026-01-01 00:00:00,11:10,13:20,Eco,583400,198
2025-06-17T05:10:59.440Z,VJ134,Airbus A320,SGN,HAN,2026-01-01 00:00:00,12:30,14:40,Eco,583400,198
2025-06-17T05:10:59.440Z,VJ194,Airbus A321,SGN,HAN,2026-11-01 00:00:00,05:00,07:10,Eco,583400,502
2025-06-17T05:10:59.440Z,VJ120,Airbus A320,SGN,HAN,2026-11-01 00:00:00,06:00,08:10,Eco,583400,502
2025-06-17T05:10:59.440Z,VJ122,Airbus A321,SGN,HAN,2026-11-01 00:00:00,06:30,08:40,Eco,583400,502
2025-06-17T05:10:59.440Z,VJ128,Airbus A320,SGN,HAN,2026-11-01 00:00:00,08:10,10:20,Eco,583400,502
2025-06-17T05:10:59.440Z,VJ176,Airbus A320,SGN,HAN,2026-11-01 00:00:00,09:30,11:40,Eco,583400,502
2025-06-17T05:10:59.440Z,VJ132,Airbus A320,SGN,HAN,2026-11-01 00:00:00,11:10,13:20,Eco,583400,502
2025-06-17T05:10:59.440Z,VJ134,Airbus A320,SGN,HAN,2026-11-01 00:00:00,12:30,14:40,Eco,583400,502
2025-06-17T05:10:59.440Z,VJ194,Airbus A321,SGN,HAN,2026-12-01 00:00:00,05:00,07:10,Eco,583400,532
2025-06-17T05:10:59.440Z,VJ198,Airbus A321,SGN,HAN,2026-12-01 00:00:00,05:20,07:30,Eco,583400,532
2025-06-17T05:10:59.440Z,VJ120,Airbus A320,SGN,HAN,2026-12-01 00:00:00,06:00,08:10,Eco,583400,532
2025-06-17T05:10:59.440Z,VJ122,Airbus A321,SGN,HAN,2026-12-01 00:00:00,06:30,08:40,Eco,583400,532
2025-06-17T05:10:59.440Z,VJ176,Airbus A320,SGN,HAN,2026-12-01 00:00:00,09:30,11:40,Eco,583400,532
2025-06-17T05:10:59.440Z,VJ132,Airbus A320,SGN,HAN,2026-12-01 00:00:00,11:10,13:20,Eco,583400,532
2025-06-17T05:10:59.440Z,VJ134,Airbus A320,SGN,HAN,2026-12-01 00:00:00,12:30,14:40,Eco,583400,532
2025-06-17T05:10:59.440Z,VJ194,Airbus A321,SGN,HAN,2026-01-13 00:00:00,05:00,07:10,Eco,583400,210
2025-06-17T05:10:59.440Z,VJ120,Airbus A320,SGN,HAN,2026-01-13 00:00:00,06:00,08:10,Eco,583400,210
2025-06-17T05:10:59.440Z,VJ122,Airbus A321,SGN,HAN,2026-01-13 00:00:00,06:30,08:40,Eco,583400,210
2025-06-17T05:10:59.440Z,VJ128,Airbus A320,SGN,HAN,2026-01-13 00:00:00,08:10,10:20,Eco,583400,210
2025-06-17T05:10:59.440Z,VJ176,Airbus A320,SGN,HAN,2026-01-13 00:00:00,09:30,11:40,Eco,583400,210
2025-06-17T05:10:59.440Z,VJ134,Airbus A320,SGN,HAN,2026-01-13 00:00:00,12:30,14:40,Eco,583400,210
2025-06-17T05:10:59.440Z,VJ194,Airbus A321,SGN,HAN,2026-01-14 00:00:00,05:00,07:10,Eco,583400,211
2025-06-17T05:10:59.440Z,VJ198,Airbus A321,SGN,HAN,2026-01-14 00:00:00,05:20,07:30,Eco,583400,211
2025-06-17T05:10:59.440Z,VJ120,Airbus A320,SGN,HAN,2026-01-14 00:00:00,06:00,08:10,Eco,583400,211
2025-06-17T05:10:59.440Z,VJ122,Airbus A321,SGN,HAN,2026-01-14 00:00:00,06:30,08:40,Eco,583400,211
2025-06-17T05:10:59.440Z,VJ128,Airbus A320,SGN,HAN,2026-01-14 00:00:00,08:10,10:20,Eco,583400,211
2025-06-17T05:10:59.440Z,VJ132,Airbus A320,SGN,HAN,2026-01-14 00:00:00,11:10,13:20,Eco,583400,211
2025-06-17T05:10:59.440Z,VJ134,Airbus A320,SGN,HAN,2026-01-14 00:00:00,12:30,14:40,Eco,583400,211
2025-06-17T05:10:59.440Z,VJ194,Airbus A321,SGN,HAN,2026-01-15 00:00:00,05:00,07:10,Eco,583400,212
2025-06-17T05:10:59.440Z,VJ198,Airbus A321,SGN,HAN,2026-01-15 00:00:00,05:20,07:30,Eco,583400,212
2025-06-17T05:10:59.440Z,VJ120,Airbus A320,SGN,HAN,2026-01-15 00:00:00,06:00,08:10,Eco,583400,212
2025-06-17T05:10:59.440Z,VJ122,Airbus A321,SGN,HAN,2026-01-15 00:00:00,06:30,08:40,Eco,583400,212
2025-06-17T05:10:59.440Z,VJ128,Airbus A320,SGN,HAN,2026-01-15 00:00:00,08:10,10:20,Eco,583400,212
2025-06-17T05:10:59.440Z,VJ132,Airbus A320,SGN,HAN,2026-01-15 00:00:00,11:10,13:20,Eco,583400,212
2025-06-17T05:10:59.440Z,VJ134,Airbus A320,SGN,HAN,2026-01-15 00:00:00,12:30,14:40,Eco,583400,212
2025-06-17T05:10:59.440Z,VJ194,Airbus A321,SGN,HAN,2026-01-16 00:00:00,05:00,07:10,Eco,583400,213
2025-06-17T05:10:59.440Z,VJ198,Airbus A321,SGN,HAN,2026-01-16 00:00:00,05:20,07:30,Eco,583400,213
2025-06-17T05:10:59.440Z,VJ120,Airbus A320,SGN,HAN,2026-01-16 00:00:00,06:00,08:10,Eco,583400,213
2025-06-17T05:10:59.440Z,VJ122,Airbus A321,SGN,HAN,2026-01-16 00:00:00,06:30,08:40,Eco,583400,213
2025-06-17T05:10:59.440Z,VJ128,Airbus A320,SGN,HAN,2026-01-16 00:00:00,08:10,10:20,Eco,583400,213
2025-06-17T05:10:59.440Z,VJ132,Airbus A320,SGN,HAN,2026-01-16 00:00:00,11:10,13:20,Eco,583400,213
2025-06-17T05:10:59.440Z,VJ134,Airbus A320,SGN,HAN,2026-01-16 00:00:00,12:30,14:40,Eco,583400,213
2025-06-17T05:10:59.440Z,VJ194,Airbus A321,SGN,HAN,2026-01-01 00:00:00,05:00,07:10,Eco,583400,198
2025-06-17T05:10:59.440Z,VJ198,Airbus A321,SGN,HAN,2026-01-01 00:00:00,05:20,07:30,Eco,583400,198
2025-06-17T05:10:59.440Z,VJ120,Airbus A320,SGN,HAN,2026-01-01 00:00:00,06:00,08:10,Eco,583400,198
2025-06-17T05:10:59.440Z,VJ122,Airbus A321,SGN,HAN,2026-01-01 00:00:00,06:30,08:40,Eco,583400,198
2025-06-17T05:10:59.440Z,VJ128,Airbus A320,SGN,HAN,2026-01-01 00:00:00,08:10,10:20,Eco,583400,198
2025-06-17T05:10:59.440Z,VJ176,Airbus A320,SGN,HAN,2026-01-01 00:00:00,09:30,11:40,Eco,583400,198
2025-06-17T05:10:59.440Z,VJ194,Airbus A321,SGN,HAN,2026-01-18 00:00:00,05:00,07:10,Eco,583400,215
2025-06-17T05:10:59.440Z,VJ198,Airbus A321,SGN,HAN,2026-01-18 00:00:00,05:20,07:30,Eco,583400,215
2025-06-17T05:10:59.440Z,VJ120,Airbus A320,SGN,HAN,2026-01-18 00:00:00,06:00,08:10,Eco,583400,215
2025-06-17T05:10:59.440Z,VJ122,Airbus A321,SGN,HAN,2026-01-18 00:00:00,06:30,08:40,Eco,583400,215
2025-06-17T05:10:59.440Z,VJ128,Airbus A320,SGN,HAN,2026-01-18 00:00:00,08:10,10:20,Eco,583400,215
2025-06-17T05:10:59.440Z,VJ176,Airbus A320,SGN,HAN,2026-01-18 00:00:00,09:30,11:40,Eco,583400,215
2025-06-17T05:10:59.440Z,VJ132,Airbus A320,SGN,HAN,2026-01-18 00:00:00,11:10,13:20,Eco,583400,215
2025-06-17T05:10:59.440Z,VJ134,Airbus A320,SGN,HAN,2026-01-18 00:00:00,12:30,14:40,Eco,583400,215
2025-06-17T05:10:59.440Z,VJ194,Airbus A321,SGN,HAN,2026-01-19 00:00:00,05:00,07:10,Eco,583400,216
2025-06-17T05:10:59.440Z,VJ198,Airbus A321,SGN,HAN,2026-01-19 00:00:00,05:20,07:30,Eco,583400,216
2025-06-17T05:10:59.440Z,VJ120,Airbus A320,SGN,HAN,2026-01-19 00:00:00,06:00,08:10,Eco,583400,216
2025-06-17T05:10:59.440Z,VJ122,Airbus A321,SGN,HAN,2026-01-19 00:00:00,06:30,08:40,Eco,583400,216
2025-06-17T05:10:59.440Z,VJ128,Airbus A320,SGN,HAN,2026-01-19 00:00:00,08:10,10:20,Eco,583400,216
2025-06-17T05:10:59.440Z,VJ132,Airbus A320,SGN,HAN,2026-01-19 00:00:00,11:10,13:20,Eco,583400,216
2025-06-17T05:10:59.440Z,VJ194,Airbus A321,SGN,HAN,2026-01-20 00:00:00,05:00,07:10,Eco,583400,217
2025-06-17T05:10:59.440Z,VJ198,Airbus A321,SGN,HAN,2026-01-20 00:00:00,05:20,07:30,Eco,583400,217
2025-06-17T05:10:59.440Z,VJ120,Airbus A320,SGN,HAN,2026-01-20 00:00:00,06:00,08:10,Eco,583400,217
2025-06-17T05:10:59.440Z,VJ122,Airbus A321,SGN,HAN,2026-01-20 00:00:00,06:30,08:40,Eco,583400,217
2025-06-17T05:10:59.440Z,VJ128,Airbus A320,SGN,HAN,2026-01-20 00:00:00,08:10,10:20,Eco,583400,217
2025-06-17T05:10:59.440Z,VJ176,Airbus A320,SGN,HAN,2026-01-20 00:00:00,09:30,11:40,Eco,583400,217
2025-06-17T05:10:59.440Z,VJ132,Airbus A320,SGN,HAN,2026-01-20 00:00:00,11:10,13:20,Eco,583400,217
2025-06-17T05:10:59.440Z,VJ134,Airbus A320,SGN,HAN,2026-01-20 00:00:00,12:30,14:40,Eco,583400,217
2025-06-17T05:10:59.440Z,VJ194,Airbus A321,SGN,HAN,2026-01-21 00:00:00,05:00,07:10,Eco,583400,218
2025-06-17T05:10:59.440Z,VJ198,Airbus A321,SGN,HAN,2026-01-21 00:00:00,05:20,07:30,Eco,583400,218
2025-06-17T05:10:59.440Z,VJ120,Airbus A320,SGN,HAN,2026-01-21 00:00:00,06:00,08:10,Eco,583400,218
2025-06-17T05:10:59.440Z,VJ122,Airbus A321,SGN,HAN,2026-01-21 00:00:00,06:30,08:40,Eco,583400,218
2025-06-17T05:10:59.440Z,VJ128,Airbus A320,SGN,HAN,2026-01-21 00:00:00,08:10,10:20,Eco,583400,218
2025-06-17T05:10:59.440Z,VJ176,Airbus A320,SGN,HAN,2026-01-21 00:00:00,09:30,11:40,Eco,583400,218
2025-06-17T05:10:59.440Z,VJ132,Airbus A320,SGN,HAN,2026-01-21 00:00:00,11:10,13:20,Eco,583400,218
2025-06-17T05:10:59.440Z,VJ134,Airbus A320,SGN,HAN,2026-01-21 00:00:00,12:30,14:40,Eco,583400,218
2025-06-17T05:10:59.440Z,VJ198,Airbus A321,SGN,HAN,2026-01-22 00:00:00,05:20,07:30,Eco,583400,219
2025-06-17T05:10:59.440Z,VJ128,Airbus A320,SGN,HAN,2026-01-22 00:00:00,08:10,10:20,Eco,583400,219
2025-06-17T05:10:59.440Z,VJ194,Airbus A321,SGN,HAN,2026-01-23 00:00:00,05:00,07:10,Eco,583400,220
2025-06-17T05:10:59.440Z,VJ198,Airbus A321,SGN,HAN,2026-01-23 00:00:00,05:20,07:30,Eco,583400,220
2025-06-17T05:10:59.440Z,VJ120,Airbus A320,SGN,HAN,2026-01-23 00:00:00,06:00,08:10,Eco,583400,220
2025-06-17T05:10:59.440Z,VJ122,Airbus A321,SGN,HAN,2026-01-23 00:00:00,06:30,08:40,Eco,583400,220
2025-06-17T05:24:57.101Z,VJ194,Airbus A321,SGN,HAN,2026-02-24 00:00:00,05:00,07:10,Eco,583400,252
2025-06-17T05:24:57.101Z,VJ198,Airbus A321,SGN,HAN,2026-02-24 00:00:00,05:20,07:30,Eco,583400,252
2025-06-17T05:24:57.101Z,VJ128,Airbus A320,SGN,HAN,2026-02-24 00:00:00,08:10,10:20,Eco,583400,252
2025-06-17T05:24:57.101Z,VJ194,Airbus A321,SGN,HAN,2026-02-25 00:00:00,05:00,07:10,Eco,583400,253
2025-06-17T05:24:57.101Z,VJ198,Airbus A321,SGN,HAN,2026-02-25 00:00:00,05:20,07:30,Eco,583400,253
2025-06-17T05:24:57.101Z,VJ120,Airbus A320,SGN,HAN,2026-02-25 00:00:00,06:00,08:10,Eco,583400,253
2025-06-17T05:24:57.101Z,VJ122,Airbus A321,SGN,HAN,2026-02-25 00:00:00,06:30,08:40,Eco,583400,253
2025-06-17T05:24:57.101Z,VJ176,Airbus A320,SGN,HAN,2026-02-25 00:00:00,09:30,11:40,Eco,583400,253
2025-06-17T05:24:57.101Z,VJ132,Airbus A320,SGN,HAN,2026-02-25 00:00:00,11:10,13:20,Eco,583400,253
2025-06-17T05:24:57.101Z,VJ134,Airbus A320,SGN,HAN,2026-02-25 00:00:00,12:30,14:40,Eco,583400,253
2025-06-17T05:24:57.101Z,VJ194,Airbus A321,SGN,HAN,2026-02-25 00:00:00,05:00,07:10,Eco,583400,253
2025-06-17T05:24:57.101Z,VJ198,Airbus A321,SGN,HAN,2026-02-25 00:00:00,05:20,07:30,Eco,583400,253
2025-06-17T05:24:57.101Z,VJ120,Airbus A320,SGN,HAN,2026-02-25 00:00:00,06:00,08:10,Eco,583400,253
2025-06-17T05:24:57.101Z,VJ122,Airbus A321,SGN,HAN,2026-02-25 00:00:00,06:30,08:40,Eco,583400,253
2025-06-17T05:24:57.101Z,VJ176,Airbus A320,SGN,HAN,2026-02-25 00:00:00,09:30,11:40,Eco,583400,253
2025-06-17T05:24:57.101Z,VJ132,Airbus A320,SGN,HAN,2026-02-25 00:00:00,11:10,13:20,Eco,583400,253
2025-06-17T05:24:57.101Z,VJ134,Airbus A320,SGN,HAN,2026-02-25 00:00:00,12:30,14:40,Eco,583400,253
2025-06-17T05:24:57.101Z,VJ194,Airbus A321,SGN,HAN,2026-02-25 00:00:00,05:00,07:10,Eco,583400,253
2025-06-17T05:24:57.101Z,VJ198,Airbus A321,SGN,HAN,2026-02-25 00:00:00,05:20,07:30,Eco,583400,253
2025-06-17T05:24:57.101Z,VJ120,Airbus A320,SGN,HAN,2026-02-25 00:00:00,06:00,08:10,Eco,583400,253
2025-06-17T05:24:57.101Z,VJ122,Airbus A321,SGN,HAN,2026-02-25 00:00:00,06:30,08:40,Eco,583400,253
2025-06-17T05:24:57.101Z,VJ176,Airbus A320,SGN,HAN,2026-02-25 00:00:00,09:30,11:40,Eco,583400,253
2025-06-17T05:24:57.101Z,VJ132,Airbus A320,SGN,HAN,2026-02-25 00:00:00,11:10,13:20,Eco,583400,253
2025-06-17T05:24:57.101Z,VJ134,Airbus A320,SGN,HAN,2026-02-25 00:00:00,12:30,14:40,Eco,583400,253
2025-06-17T05:41:18.398Z,VJ194,Airbus A321,SGN,HAN,2026-03-01 00:00:00,05:00,07:10,Eco,583400,257
2025-06-17T05:41:18.398Z,VJ198,Airbus A321,SGN,HAN,2026-03-01 00:00:00,05:20,07:30,Eco,583400,257
2025-06-17T05:41:18.398Z,VJ120,Airbus A320,SGN,HAN,2026-03-01 00:00:00,06:00,08:10,Eco,583400,257
2025-06-17T05:41:18.398Z,VJ122,Airbus A321,SGN,HAN,2026-03-01 00:00:00,06:30,08:40,Eco,583400,257
2025-06-17T05:41:18.398Z,VJ128,Airbus A320,SGN,HAN,2026-03-01 00:00:00,08:10,10:20,Eco,583400,257
2025-06-17T05:41:18.398Z,VJ176,Airbus A320,SGN,HAN,2026-03-01 00:00:00,09:30,11:40,Eco,583400,257
2025-06-17T05:41:18.398Z,VJ132,Airbus A320,SGN,HAN,2026-03-01 00:00:00,11:10,13:20,Eco,583400,257
2025-06-17T05:41:18.398Z,VJ134,Airbus A320,SGN,HAN,2026-03-01 00:00:00,12:30,14:40,Eco,583400,257
2025-06-17T05:41:18.398Z,VJ194,Airbus A321,SGN,HAN,2026-01-03 00:00:00,05:00,07:10,Eco,583400,200
2025-06-17T05:41:18.398Z,VJ198,Airbus A321,SGN,HAN,2026-01-03 00:00:00,05:20,07:30,Eco,583400,200
2025-06-17T05:41:18.398Z,VJ120,Airbus A320,SGN,HAN,2026-01-03 00:00:00,06:00,08:10,Eco,583400,200
2025-06-17T05:41:18.398Z,VJ122,Airbus A321,SGN,HAN,2026-01-03 00:00:00,06:30,08:40,Eco,583400,200
2025-06-17T05:41:18.398Z,VJ128,Airbus A320,SGN,HAN,2026-01-03 00:00:00,08:10,10:20,Eco,583400,200
2025-06-17T05:41:18.398Z,VJ176,Airbus A320,SGN,HAN,2026-01-03 00:00:00,09:30,11:40,Eco,583400,200
2025-06-17T05:41:18.398Z,VJ132,Airbus A320,SGN,HAN,2026-01-03 00:00:00,11:10,13:20,Eco,583400,200
2025-06-17T05:41:18.398Z,VJ134,Airbus A320,SGN,HAN,2026-01-03 00:00:00,12:30,14:40,Eco,583400,200
2025-06-17T05:41:18.398Z,VJ194,Airbus A321,SGN,HAN,2026-02-03 00:00:00,05:00,07:10,Eco,583400,231
2025-06-17T05:41:18.398Z,VJ198,Airbus A321,SGN,HAN,2026-02-03 00:00:00,05:20,07:30,Eco,583400,231
2025-06-17T05:41:18.398Z,VJ120,Airbus A320,SGN,HAN,2026-02-03 00:00:00,06:00,08:10,Eco,583400,231
2025-06-17T05:41:18.398Z,VJ122,Airbus A321,SGN,HAN,2026-02-03 00:00:00,06:30,08:40,Eco,583400,231
2025-06-17T05:41:18.398Z,VJ128,Airbus A320,SGN,HAN,2026-02-03 00:00:00,08:10,10:20,Eco,583400,231
2025-06-17T05:41:18.398Z,VJ176,Airbus A320,SGN,HAN,2026-02-03 00:00:00,09:30,11:40,Eco,583400,231
2025-06-17T05:41:18.398Z,VJ132,Airbus A320,SGN,HAN,2026-02-03 00:00:00,11:10,13:20,Eco,583400,231
2025-06-17T05:41:18.398Z,VJ134,Airbus A320,SGN,HAN,2026-02-03 00:00:00,12:30,14:40,Eco,583400,231
2025-06-17T05:41:18.398Z,VJ194,Airbus A321,SGN,HAN,2026-03-03 00:00:00,05:00,07:10,Eco,583400,259
2025-06-17T05:41:18.398Z,VJ198,Airbus A321,SGN,HAN,2026-03-03 00:00:00,05:20,07:30,Eco,583400,259
2025-06-17T05:41:18.398Z,VJ120,Airbus A320,SGN,HAN,2026-03-03 00:00:00,06:00,08:10,Eco,583400,259
2025-06-17T05:41:18.398Z,VJ122,Airbus A321,SGN,HAN,2026-03-03 00:00:00,06:30,08:40,Eco,583400,259
2025-06-17T05:41:18.398Z,VJ128,Airbus A320,SGN,HAN,2026-03-03 00:00:00,08:10,10:20,Eco,583400,259
2025-06-17T05:41:18.398Z,VJ176,Airbus A320,SGN,HAN,2026-03-03 00:00:00,09:30,11:40,Eco,583400,259
2025-06-17T05:41:18.398Z,VJ134,Airbus A320,SGN,HAN,2026-03-03 00:00:00,12:30,14:40,Eco,583400,259
2025-06-17T05:41:18.398Z,VJ194,Airbus A321,SGN,HAN,2026-04-03 00:00:00,05:00,07:10,Eco,583400,290
2025-06-17T05:41:18.398Z,VJ198,Airbus A321,SGN,HAN,2026-04-03 00:00:00,05:20,07:30,Eco,583400,290
2025-06-17T05:41:18.398Z,VJ120,Airbus A320,SGN,HAN,2026-04-03 00:00:00,06:00,08:10,Eco,583400,290
2025-06-17T05:41:18.398Z,VJ122,Airbus A321,SGN,HAN,2026-04-03 00:00:00,06:30,08:40,Eco,583400,290
2025-06-17T05:41:18.398Z,VJ128,Airbus A320,SGN,HAN,2026-04-03 00:00:00,08:10,10:20,Eco,583400,290
2025-06-17T05:41:18.398Z,VJ176,Airbus A320,SGN,HAN,2026-04-03 00:00:00,09:30,11:40,Eco,583400,290
2025-06-17T05:41:18.398Z,VJ132,Airbus A320,SGN,HAN,2026-04-03 00:00:00,11:10,13:20,Eco,583400,290
2025-06-17T05:41:18.398Z,VJ134,Airbus A320,SGN,HAN,2026-04-03 00:00:00,12:30,14:40,Eco,583400,290
2025-06-17T05:41:18.398Z,VJ194,Airbus A321,SGN,HAN,2026-05-03 00:00:00,05:00,07:10,Eco,583400,320
2025-06-17T05:41:18.398Z,VJ198,Airbus A321,SGN,HAN,2026-05-03 00:00:00,05:20,07:30,Eco,583400,320
2025-06-17T05:41:18.398Z,VJ120,Airbus A320,SGN,HAN,2026-05-03 00:00:00,06:00,08:10,Eco,583400,320
2025-06-17T05:41:18.398Z,VJ122,Airbus A321,SGN,HAN,2026-05-03 00:00:00,06:30,08:40,Eco,583400,320
2025-06-17T05:41:18.398Z,VJ128,Airbus A320,SGN,HAN,2026-05-03 00:00:00,08:10,10:20,Eco,583400,320
2025-06-17T05:41:18.398Z,VJ176,Airbus A320,SGN,HAN,2026-05-03 00:00:00,09:30,11:40,Eco,583400,320
2025-06-17T05:41:18.398Z,VJ132,Airbus A320,SGN,HAN,2026-05-03 00:00:00,11:10,13:20,Eco,583400,320
2025-06-17T05:41:18.398Z,VJ134,Airbus A320,SGN,HAN,2026-05-03 00:00:00,12:30,14:40,Eco,583400,320
2025-06-17T05:41:18.398Z,VJ194,Airbus A321,SGN,HAN,2026-06-03 00:00:00,05:00,07:10,Eco,583400,351
2025-06-17T05:41:18.398Z,VJ198,Airbus A321,SGN,HAN,2026-06-03 00:00:00,05:20,07:30,Eco,583400,351
2025-06-17T05:41:18.398Z,VJ120,Airbus A320,SGN,HAN,2026-06-03 00:00:00,06:00,08:10,Eco,583400,351
2025-06-17T05:41:18.398Z,VJ122,Airbus A321,SGN,HAN,2026-06-03 00:00:00,06:30,08:40,Eco,583400,351
2025-06-17T05:41:18.398Z,VJ128,Airbus A320,SGN,HAN,2026-06-03 00:00:00,08:10,10:20,Eco,583400,351
2025-06-17T05:41:18.398Z,VJ176,Airbus A320,SGN,HAN,2026-06-03 00:00:00,09:30,11:40,Eco,583400,351
2025-06-17T05:41:18.398Z,VJ132,Airbus A320,SGN,HAN,2026-06-03 00:00:00,11:10,13:20,Eco,583400,351
2025-06-17T05:41:18.398Z,VJ134,Airbus A320,SGN,HAN,2026-06-03 00:00:00,12:30,14:40,Eco,583400,351
2025-06-17T05:41:18.398Z,VJ194,Airbus A321,SGN,HAN,2026-03-01 00:00:00,05:00,07:10,Eco,583400,257
2025-06-17T05:41:18.398Z,VJ198,Airbus A321,SGN,HAN,2026-03-01 00:00:00,05:20,07:30,Eco,583400,257
2025-06-17T05:41:18.398Z,VJ120,Airbus A320,SGN,HAN,2026-03-01 00:00:00,06:00,08:10,Eco,583400,257
2025-06-17T05:41:18.398Z,VJ122,Airbus A321,SGN,HAN,2026-03-01 00:00:00,06:30,08:40,Eco,583400,257
2025-06-17T05:41:18.398Z,VJ128,Airbus A320,SGN,HAN,2026-03-01 00:00:00,08:10,10:20,Eco,583400,257
2025-06-17T05:41:18.398Z,VJ176,Airbus A320,SGN,HAN,2026-03-01 00:00:00,09:30,11:40,Eco,583400,257
2025-06-17T05:41:18.398Z,VJ132,Airbus A320,SGN,HAN,2026-03-01 00:00:00,11:10,13:20,Eco,583400,257
2025-06-17T05:41:18.398Z,VJ134,Airbus A320,SGN,HAN,2026-03-01 00:00:00,12:30,14:40,Eco,583400,257
2025-06-17T05:41:18.398Z,VJ194,Airbus A321,SGN,HAN,2026-08-03 00:00:00,05:00,07:10,Eco,583400,412
2025-06-17T05:41:18.398Z,VJ198,Airbus A321,SGN,HAN,2026-08-03 00:00:00,05:20,07:30,Eco,583400,412
2025-06-17T05:41:18.398Z,VJ120,Airbus A320,SGN,HAN,2026-08-03 00:00:00,06:00,08:10,Eco,583400,412
2025-06-17T05:41:18.398Z,VJ122,Airbus A321,SGN,HAN,2026-08-03 00:00:00,06:30,08:40,Eco,583400,412
2025-06-17T05:41:18.398Z,VJ128,Airbus A320,SGN,HAN,2026-08-03 00:00:00,08:10,10:20,Eco,583400,412
2025-06-17T05:41:18.398Z,VJ176,Airbus A320,SGN,HAN,2026-08-03 00:00:00,09:30,11:40,Eco,583400,412
2025-06-17T05:41:18.398Z,VJ132,Airbus A320,SGN,HAN,2026-08-03 00:00:00,11:10,13:20,Eco,583400,412
2025-06-17T05:41:18.398Z,VJ134,Airbus A320,SGN,HAN,2026-08-03 00:00:00,12:30,14:40,Eco,583400,412
2025-06-17T05:41:18.398Z,VJ194,Airbus A321,SGN,HAN,2026-09-03 00:00:00,05:00,07:10,Eco,583400,443
2025-06-17T05:41:18.398Z,VJ198,Airbus A321,SGN,HAN,2026-09-03 00:00:00,05:20,07:30,Eco,583400,443
2025-06-17T05:41:18.398Z,VJ120,Airbus A320,SGN,HAN,2026-09-03 00:00:00,06:00,08:10,Eco,583400,443
2025-06-17T05:41:18.398Z,VJ122,Airbus A321,SGN,HAN,2026-09-03 00:00:00,06:30,08:40,Eco,583400,443
2025-06-17T05:41:18.398Z,VJ176,Airbus A320,SGN,HAN,2026-09-03 00:00:00,09:30,11:40,Eco,583400,443
2025-06-17T05:41:18.398Z,VJ132,Airbus A320,SGN,HAN,2026-09-03 00:00:00,11:10,13:20,Eco,583400,443
2025-06-17T05:41:18.398Z,VJ134,Airbus A320,SGN,HAN,2026-09-03 00:00:00,12:30,14:40,Eco,583400,443
2025-06-17T05:41:18.398Z,VJ194,Airbus A321,SGN,HAN,2026-10-03 00:00:00,05:00,07:10,Eco,583400,473
2025-06-17T05:41:18.398Z,VJ198,Airbus A321,SGN,HAN,2026-10-03 00:00:00,05:20,07:30,Eco,583400,473
2025-06-17T05:41:18.398Z,VJ120,Airbus A320,SGN,HAN,2026-10-03 00:00:00,06:00,08:10,Eco,583400,473
2025-06-17T05:41:18.398Z,VJ122,Airbus A321,SGN,HAN,2026-10-03 00:00:00,06:30,08:40,Eco,583400,473
2025-06-17T05:41:18.398Z,VJ128,Airbus A320,SGN,HAN,2026-10-03 00:00:00,08:10,10:20,Eco,583400,473
2025-06-17T05:41:18.398Z,VJ176,Airbus A320,SGN,HAN,2026-10-03 00:00:00,09:30,11:40,Eco,583400,473
2025-06-17T05:41:18.398Z,VJ132,Airbus A320,SGN,HAN,2026-10-03 00:00:00,11:10,13:20,Eco,583400,473
2025-06-17T05:41:18.398Z,VJ134,Airbus A320,SGN,HAN,2026-10-03 00:00:00,12:30,14:40,Eco,583400,473
2025-06-17T05:41:18.398Z,VJ194,Airbus A321,SGN,HAN,2026-11-03 00:00:00,05:00,07:10,Eco,583400,504
2025-06-17T05:41:18.398Z,VJ198,Airbus A321,SGN,HAN,2026-11-03 00:00:00,05:20,07:30,Eco,583400,504
2025-06-17T05:41:18.398Z,VJ120,Airbus A320,SGN,HAN,2026-11-03 00:00:00,06:00,08:10,Eco,583400,504
2025-06-17T05:41:18.398Z,VJ122,Airbus A321,SGN,HAN,2026-11-03 00:00:00,06:30,08:40,Eco,583400,504
2025-06-17T05:41:18.398Z,VJ128,Airbus A320,SGN,HAN,2026-11-03 00:00:00,08:10,10:20,Eco,583400,504
2025-06-17T05:41:18.398Z,VJ176,Airbus A320,SGN,HAN,2026-11-03 00:00:00,09:30,11:40,Eco,583400,504
2025-06-17T05:41:18.398Z,VJ132,Airbus A320,SGN,HAN,2026-11-03 00:00:00,11:10,13:20,Eco,583400,504
2025-06-17T05:41:18.398Z,VJ134,Airbus A320,SGN,HAN,2026-11-03 00:00:00,12:30,14:40,Eco,583400,504
2025-06-17T05:41:18.398Z,VJ194,Airbus A321,SGN,HAN,2026-12-03 00:00:00,05:00,07:10,Eco,583400,534
2025-06-17T05:41:18.398Z,VJ198,Airbus A321,SGN,HAN,2026-12-03 00:00:00,05:20,07:30,Eco,583400,534
2025-06-17T05:41:18.398Z,VJ120,Airbus A320,SGN,HAN,2026-12-03 00:00:00,06:00,08:10,Eco,583400,534
2025-06-17T05:41:18.398Z,VJ122,Airbus A321,SGN,HAN,2026-12-03 00:00:00,06:30,08:40,Eco,583400,534
2025-06-17T05:41:18.398Z,VJ128,Airbus A320,SGN,HAN,2026-12-03 00:00:00,08:10,10:20,Eco,583400,534
2025-06-17T05:41:18.398Z,VJ176,Airbus A320,SGN,HAN,2026-12-03 00:00:00,09:30,11:40,Eco,583400,534
2025-06-17T05:41:18.398Z,VJ132,Airbus A320,SGN,HAN,2026-12-03 00:00:00,11:10,13:20,Eco,583400,534
2025-06-17T05:41:18.398Z,VJ134,Airbus A320,SGN,HAN,2026-12-03 00:00:00,12:30,14:40,Eco,583400,534
2025-06-17T05:41:18.398Z,VJ194,Airbus A321,SGN,HAN,2026-03-13 00:00:00,05:00,07:10,Eco,583400,269
2025-06-17T05:41:18.398Z,VJ198,Airbus A321,SGN,HAN,2026-03-13 00:00:00,05:20,07:30,Eco,583400,269
2025-06-17T05:41:18.398Z,VJ120,Airbus A320,SGN,HAN,2026-03-13 00:00:00,06:00,08:10,Eco,583400,269
2025-06-17T05:41:18.398Z,VJ122,Airbus A321,SGN,HAN,2026-03-13 00:00:00,06:30,08:40,Eco,583400,269
2025-06-17T05:41:18.398Z,VJ128,Airbus A320,SGN,HAN,2026-03-13 00:00:00,08:10,10:20,Eco,583400,269
2025-06-17T05:41:18.398Z,VJ176,Airbus A320,SGN,HAN,2026-03-13 00:00:00,09:30,11:40,Eco,583400,269
2025-06-17T05:41:18.398Z,VJ132,Airbus A320,SGN,HAN,2026-03-13 00:00:00,11:10,13:20,Eco,583400,269
2025-06-17T05:41:18.398Z,VJ134,Airbus A320,SGN,HAN,2026-03-13 00:00:00,12:30,14:40,Eco,583400,269
2025-06-17T05:41:18.398Z,VJ194,Airbus A321,SGN,HAN,2026-03-01 00:00:00,05:00,07:10,Eco,583400,257
2025-06-17T05:41:18.398Z,VJ198,Airbus A321,SGN,HAN,2026-03-01 00:00:00,05:20,07:30,Eco,583400,257
2025-06-17T05:41:18.398Z,VJ120,Airbus A320,SGN,HAN,2026-03-01 00:00:00,06:00,08:10,Eco,583400,257
2025-06-17T05:41:18.398Z,VJ122,Airbus A321,SGN,HAN,2026-03-01 00:00:00,06:30,08:40,Eco,583400,257
2025-06-17T05:41:18.398Z,VJ128,Airbus A320,SGN,HAN,2026-03-01 00:00:00,08:10,10:20,Eco,583400,257
2025-06-17T05:41:18.398Z,VJ176,Airbus A320,SGN,HAN,2026-03-01 00:00:00,09:30,11:40,Eco,583400,257
2025-06-17T05:41:18.398Z,VJ132,Airbus A320,SGN,HAN,2026-03-01 00:00:00,11:10,13:20,Eco,583400,257
2025-06-17T05:41:18.398Z,VJ134,Airbus A320,SGN,HAN,2026-03-01 00:00:00,12:30,14:40,Eco,583400,257
2025-06-17T05:41:18.398Z,VJ194,Airbus A321,SGN,HAN,2026-03-15 00:00:00,05:00,07:10,Eco,583400,271
2025-06-17T05:41:18.398Z,VJ198,Airbus A321,SGN,HAN,2026-03-15 00:00:00,05:20,07:30,Eco,583400,271
2025-06-17T05:41:18.398Z,VJ120,Airbus A320,SGN,HAN,2026-03-15 00:00:00,06:00,08:10,Eco,583400,271
2025-06-17T05:41:18.398Z,VJ122,Airbus A321,SGN,HAN,2026-03-15 00:00:00,06:30,08:40,Eco,583400,271
2025-06-17T05:41:18.398Z,VJ128,Airbus A320,SGN,HAN,2026-03-15 00:00:00,08:10,10:20,Eco,583400,271
2025-06-17T05:41:18.398Z,VJ176,Airbus A320,SGN,HAN,2026-03-15 00:00:00,09:30,11:40,Eco,583400,271
2025-06-17T05:41:18.398Z,VJ132,Airbus A320,SGN,HAN,2026-03-15 00:00:00,11:10,13:20,Eco,583400,271
2025-06-17T05:41:18.398Z,VJ134,Airbus A320,SGN,HAN,2026-03-15 00:00:00,12:30,14:40,Eco,583400,271
2025-06-17T05:41:18.398Z,VJ194,Airbus A321,SGN,HAN,2026-03-16 00:00:00,05:00,07:10,Eco,583400,272
2025-06-17T05:41:18.398Z,VJ198,Airbus A321,SGN,HAN,2026-03-16 00:00:00,05:20,07:30,Eco,583400,272
2025-06-17T05:41:18.398Z,VJ120,Airbus A320,SGN,HAN,2026-03-16 00:00:00,06:00,08:10,Eco,583400,272
2025-06-17T05:41:18.398Z,VJ122,Airbus A321,SGN,HAN,2026-03-16 00:00:00,06:30,08:40,Eco,583400,272
2025-06-17T05:41:18.398Z,VJ128,Airbus A320,SGN,HAN,2026-03-16 00:00:00,08:10,10:20,Eco,583400,272
2025-06-17T05:41:18.398Z,VJ176,Airbus A320,SGN,HAN,2026-03-16 00:00:00,09:30,11:40,Eco,583400,272
2025-06-17T05:41:18.398Z,VJ132,Airbus A320,SGN,HAN,2026-03-16 00:00:00,11:10,13:20,Eco,583400,272
2025-06-17T05:41:18.398Z,VJ194,Airbus A321,SGN,HAN,2026-03-17 00:00:00,05:00,07:10,Eco,583400,273
2025-06-17T05:41:18.398Z,VJ198,Airbus A321,SGN,HAN,2026-03-17 00:00:00,05:20,07:30,Eco,583400,273
2025-06-17T05:41:18.398Z,VJ120,Airbus A320,SGN,HAN,2026-03-17 00:00:00,06:00,08:10,Eco,583400,273
2025-06-17T05:41:18.398Z,VJ122,Airbus A321,SGN,HAN,2026-03-17 00:00:00,06:30,08:40,Eco,583400,273
2025-06-17T05:41:18.398Z,VJ128,Airbus A320,SGN,HAN,2026-03-17 00:00:00,08:10,10:20,Eco,583400,273
2025-06-17T05:41:18.398Z,VJ176,Airbus A320,SGN,HAN,2026-03-17 00:00:00,09:30,11:40,Eco,583400,273
2025-06-17T05:41:18.398Z,VJ132,Airbus A320,SGN,HAN,2026-03-17 00:00:00,11:10,13:20,Eco,583400,273
2025-06-17T05:41:18.398Z,VJ134,Airbus A320,SGN,HAN,2026-03-17 00:00:00,12:30,14:40,Eco,583400,273
2025-06-17T05:41:18.398Z,VJ194,Airbus A321,SGN,HAN,2026-03-18 00:00:00,05:00,07:10,Eco,583400,274
2025-06-17T05:41:18.398Z,VJ198,Airbus A321,SGN,HAN,2026-03-18 00:00:00,05:20,07:30,Eco,583400,274
2025-06-17T05:41:18.398Z,VJ120,Airbus A320,SGN,HAN,2026-03-18 00:00:00,06:00,08:10,Eco,583400,274
2025-06-17T05:41:18.398Z,VJ122,Airbus A321,SGN,HAN,2026-03-18 00:00:00,06:30,08:40,Eco,583400,274
2025-06-17T05:41:18.398Z,VJ128,Airbus A320,SGN,HAN,2026-03-18 00:00:00,08:10,10:20,Eco,583400,274
2025-06-17T05:41:18.398Z,VJ176,Airbus A320,SGN,HAN,2026-03-18 00:00:00,09:30,11:40,Eco,583400,274
2025-06-17T05:41:18.398Z,VJ132,Airbus A320,SGN,HAN,2026-03-18 00:00:00,11:10,13:20,Eco,583400,274
2025-06-17T05:41:18.398Z,VJ134,Airbus A320,SGN,HAN,2026-03-18 00:00:00,12:30,14:40,Eco,583400,274
2025-06-17T05:41:18.398Z,VJ194,Airbus A321,SGN,HAN,2026-03-19 00:00:00,05:00,07:10,Eco,583400,275
2025-06-17T05:41:18.398Z,VJ198,Airbus A321,SGN,HAN,2026-03-19 00:00:00,05:20,07:30,Eco,583400,275
2025-06-17T05:41:18.398Z,VJ120,Airbus A320,SGN,HAN,2026-03-19 00:00:00,06:00,08:10,Eco,583400,275
2025-06-17T05:41:18.398Z,VJ122,Airbus A321,SGN,HAN,2026-03-19 00:00:00,06:30,08:40,Eco,583400,275
2025-06-17T05:41:18.398Z,VJ128,Airbus A320,SGN,HAN,2026-03-19 00:00:00,08:10,10:20,Eco,583400,275
2025-06-17T05:41:18.398Z,VJ176,Airbus A320,SGN,HAN,2026-03-19 00:00:00,09:30,11:40,Eco,583400,275
2025-06-17T05:41:18.398Z,VJ132,Airbus A320,SGN,HAN,2026-03-19 00:00:00,11:10,13:20,Eco,583400,275
2025-06-17T05:41:18.398Z,VJ134,Airbus A320,SGN,HAN,2026-03-19 00:00:00,12:30,14:40,Eco,583400,275
2025-06-17T05:41:18.398Z,VJ194,Airbus A321,SGN,HAN,2026-03-20 00:00:00,05:00,07:10,Eco,583400,276
2025-06-17T05:41:18.398Z,VJ198,Airbus A321,SGN,HAN,2026-03-20 00:00:00,05:20,07:30,Eco,583400,276
2025-06-17T05:41:18.398Z,VJ120,Airbus A320,SGN,HAN,2026-03-20 00:00:00,06:00,08:10,Eco,583400,276
2025-06-17T05:41:18.398Z,VJ122,Airbus A321,SGN,HAN,2026-03-20 00:00:00,06:30,08:40,Eco,583400,276
2025-06-17T05:41:18.398Z,VJ128,Airbus A320,SGN,HAN,2026-03-20 00:00:00,08:10,10:20,Eco,583400,276
2025-06-17T05:41:18.398Z,VJ176,Airbus A320,SGN,HAN,2026-03-20 00:00:00,09:30,11:40,Eco,583400,276
2025-06-17T05:41:18.398Z,VJ132,Airbus A320,SGN,HAN,2026-03-20 00:00:00,11:10,13:20,Eco,583400,276
2025-06-17T05:41:18.398Z,VJ134,Airbus A320,SGN,HAN,2026-03-20 00:00:00,12:30,14:40,Eco,583400,276
2025-06-17T05:41:18.398Z,VJ194,Airbus A321,SGN,HAN,2026-03-01 00:00:00,05:00,07:10,Eco,583400,257
2025-06-17T05:41:18.398Z,VJ198,Airbus A321,SGN,HAN,2026-03-01 00:00:00,05:20,07:30,Eco,583400,257
2025-06-17T05:41:18.398Z,VJ120,Airbus A320,SGN,HAN,2026-03-01 00:00:00,06:00,08:10,Eco,583400,257
2025-06-17T05:41:18.398Z,VJ122,Airbus A321,SGN,HAN,2026-03-01 00:00:00,06:30,08:40,Eco,583400,257
2025-06-17T05:41:18.398Z,VJ128,Airbus A320,SGN,HAN,2026-03-01 00:00:00,08:10,10:20,Eco,583400,257
2025-06-17T05:41:18.398Z,VJ132,Airbus A320,SGN,HAN,2026-03-01 00:00:00,11:10,13:20,Eco,583400,257
2025-06-17T05:41:18.398Z,VJ134,Airbus A320,SGN,HAN,2026-03-01 00:00:00,12:30,14:40,Eco,583400,257
2025-06-17T05:41:18.398Z,VJ194,Airbus A321,SGN,HAN,2026-03-22 00:00:00,05:00,07:10,Eco,583400,278
2025-06-17T05:41:18.398Z,VJ198,Airbus A321,SGN,HAN,2026-03-22 00:00:00,05:20,07:30,Eco,583400,278
2025-06-17T05:41:18.398Z,VJ120,Airbus A320,SGN,HAN,2026-03-22 00:00:00,06:00,08:10,Eco,583400,278
2025-06-17T05:41:18.398Z,VJ122,Airbus A321,SGN,HAN,2026-03-22 00:00:00,06:30,08:40,Eco,583400,278
2025-06-17T05:41:18.398Z,VJ128,Airbus A320,SGN,HAN,2026-03-22 00:00:00,08:10,10:20,Eco,583400,278
2025-06-17T05:41:18.398Z,VJ176,Airbus A320,SGN,HAN,2026-03-22 00:00:00,09:30,11:40,Eco,583400,278
2025-06-17T05:41:18.398Z,VJ132,Airbus A320,SGN,HAN,2026-03-22 00:00:00,11:10,13:20,Eco,583400,278
2025-06-17T05:41:18.398Z,VJ134,Airbus A320,SGN,HAN,2026-03-22 00:00:00,12:30,14:40,Eco,583400,278
2025-06-17T05:41:18.398Z,VJ194,Airbus A321,SGN,HAN,2026-03-23 00:00:00,05:00,07:10,Eco,583400,279
2025-06-17T05:41:18.398Z,VJ198,Airbus A321,SGN,HAN,2026-03-23 00:00:00,05:20,07:30,Eco,583400,279
2025-06-17T05:41:18.398Z,VJ120,Airbus A320,SGN,HAN,2026-03-23 00:00:00,06:00,08:10,Eco,583400,279
2025-06-17T05:41:18.398Z,VJ122,Airbus A321,SGN,HAN,2026-03-23 00:00:00,06:30,08:40,Eco,583400,279
2025-06-17T05:41:18.398Z,VJ128,Airbus A320,SGN,HAN,2026-03-23 00:00:00,08:10,10:20,Eco,583400,279
2025-06-17T05:41:18.398Z,VJ176,Airbus A320,SGN,HAN,2026-03-23 00:00:00,09:30,11:40,Eco,583400,279
2025-06-17T05:41:18.398Z,VJ132,Airbus A320,SGN,HAN,2026-03-23 00:00:00,11:10,13:20,Eco,583400,279
2025-06-17T05:41:18.398Z,VJ134,Airbus A320,SGN,HAN,2026-03-23 00:00:00,12:30,14:40,Eco,583400,279
2025-06-17T05:41:18.398Z,VJ194,Airbus A321,SGN,HAN,2026-03-24 00:00:00,05:00,07:10,Eco,583400,280
2025-06-17T05:41:18.398Z,VJ198,Airbus A321,SGN,HAN,2026-03-24 00:00:00,05:20,07:30,Eco,583400,280
2025-06-17T05:41:18.398Z,VJ120,Airbus A320,SGN,HAN,2026-03-24 00:00:00,06:00,08:10,Eco,583400,280
2025-06-17T05:41:18.398Z,VJ122,Airbus A321,SGN,HAN,2026-03-24 00:00:00,06:30,08:40,Eco,583400,280
2025-06-17T05:41:18.398Z,VJ128,Airbus A320,SGN,HAN,2026-03-24 00:00:00,08:10,10:20,Eco,583400,280
2025-06-17T05:41:18.398Z,VJ176,Airbus A320,SGN,HAN,2026-03-24 00:00:00,09:30,11:40,Eco,583400,280
2025-06-17T05:41:18.398Z,VJ132,Airbus A320,SGN,HAN,2026-03-24 00:00:00,11:10,13:20,Eco,583400,280
2025-06-17T05:41:18.398Z,VJ134,Airbus A320,SGN,HAN,2026-03-24 00:00:00,12:30,14:40,Eco,583400,280
2025-06-17T05:41:18.398Z,VJ194,Airbus A321,SGN,HAN,2026-03-25 00:00:00,05:00,07:10,Eco,583400,281
2025-06-17T05:41:18.398Z,VJ198,Airbus A321,SGN,HAN,2026-03-25 00:00:00,05:20,07:30,Eco,583400,281
2025-06-17T05:41:18.398Z,VJ120,Airbus A320,SGN,HAN,2026-03-25 00:00:00,06:00,08:10,Eco,583400,281
2025-06-17T05:41:18.398Z,VJ122,Airbus A321,SGN,HAN,2026-03-25 00:00:00,06:30,08:40,Eco,583400,281
2025-06-17T05:41:18.398Z,VJ128,Airbus A320,SGN,HAN,2026-03-25 00:00:00,08:10,10:20,Eco,583400,281
2025-06-17T05:41:18.398Z,VJ176,Airbus A320,SGN,HAN,2026-03-25 00:00:00,09:30,11:40,Eco,583400,281
2025-06-17T05:41:18.398Z,VJ132,Airbus A320,SGN,HAN,2026-03-25 00:00:00,11:10,13:20,Eco,583400,281
2025-06-17T05:41:18.398Z,VJ134,Airbus A320,SGN,HAN,2026-03-25 00:00:00,12:30,14:40,Eco,583400,281
2025-06-17T05:41:18.398Z,VJ194,Airbus A321,SGN,HAN,2026-03-25 00:00:00,05:00,07:10,Eco,583400,281
2025-06-17T05:41:18.398Z,VJ198,Airbus A321,SGN,HAN,2026-03-25 00:00:00,05:20,07:30,Eco,583400,281
2025-06-17T05:41:18.398Z,VJ120,Airbus A320,SGN,HAN,2026-03-25 00:00:00,06:00,08:10,Eco,583400,281
2025-06-17T05:41:18.398Z,VJ122,Airbus A321,SGN,HAN,2026-03-25 00:00:00,06:30,08:40,Eco,583400,281
2025-06-17T05:41:18.398Z,VJ128,Airbus A320,SGN,HAN,2026-03-25 00:00:00,08:10,10:20,Eco,583400,281
2025-06-17T05:41:18.398Z,VJ176,Airbus A320,SGN,HAN,2026-03-25 00:00:00,09:30,11:40,Eco,583400,281
2025-06-17T05:41:18.398Z,VJ132,Airbus A320,SGN,HAN,2026-03-25 00:00:00,11:10,13:20,Eco,583400,281
2025-06-17T05:41:18.398Z,VJ134,Airbus A320,SGN,HAN,2026-03-25 00:00:00,12:30,14:40,Eco,583400,281
2025-06-17T05:41:18.398Z,VJ194,Airbus A321,SGN,HAN,2026-03-25 00:00:00,05:00,07:10,Eco,583400,281
2025-06-17T05:41:18.398Z,VJ198,Airbus A321,SGN,HAN,2026-03-25 00:00:00,05:20,07:30,Eco,583400,281
2025-06-17T05:41:18.398Z,VJ120,Airbus A320,SGN,HAN,2026-03-25 00:00:00,06:00,08:10,Eco,583400,281
2025-06-17T05:41:18.398Z,VJ122,Airbus A321,SGN,HAN,2026-03-25 00:00:00,06:30,08:40,Eco,583400,281
2025-06-17T05:41:18.398Z,VJ128,Airbus A320,SGN,HAN,2026-03-25 00:00:00,08:10,10:20,Eco,583400,281
2025-06-17T05:41:18.398Z,VJ176,Airbus A320,SGN,HAN,2026-03-25 00:00:00,09:30,11:40,Eco,583400,281
2025-06-17T05:41:18.398Z,VJ132,Airbus A320,SGN,HAN,2026-03-25 00:00:00,11:10,13:20,Eco,583400,281
2025-06-17T05:41:18.398Z,VJ134,Airbus A320,SGN,HAN,2026-03-25 00:00:00,12:30,14:40,Eco,583400,281
2025-06-17T05:41:18.398Z,VJ194,Airbus A321,SGN,HAN,2026-03-25 00:00:00,05:00,07:10,Eco,583400,281
2025-06-17T05:41:18.398Z,VJ198,Airbus A321,SGN,HAN,2026-03-25 00:00:00,05:20,07:30,Eco,583400,281
2025-06-17T05:41:18.398Z,VJ120,Airbus A320,SGN,HAN,2026-03-25 00:00:00,06:00,08:10,Eco,583400,281
2025-06-17T05:41:18.398Z,VJ122,Airbus A321,SGN,HAN,2026-03-25 00:00:00,06:30,08:40,Eco,583400,281
2025-06-17T05:41:18.398Z,VJ128,Airbus A320,SGN,HAN,2026-03-25 00:00:00,08:10,10:20,Eco,583400,281
2025-06-17T05:41:18.398Z,VJ176,Airbus A320,SGN,HAN,2026-03-25 00:00:00,09:30,11:40,Eco,583400,281
2025-06-17T05:41:18.398Z,VJ132,Airbus A320,SGN,HAN,2026-03-25 00:00:00,11:10,13:20,Eco,583400,281
2025-06-17T05:41:18.398Z,VJ134,Airbus A320,SGN,HAN,2026-03-25 00:00:00,12:30,14:40,Eco,583400,281
2025-06-17T05:41:18.398Z,VJ194,Airbus A321,SGN,HAN,2026-03-25 00:00:00,05:00,07:10,Eco,583400,281
2025-06-17T05:41:18.398Z,VJ198,Airbus A321,SGN,HAN,2026-03-25 00:00:00,05:20,07:30,Eco,583400,281
2025-06-17T05:41:18.398Z,VJ120,Airbus A320,SGN,HAN,2026-03-25 00:00:00,06:00,08:10,Eco,583400,281
2025-06-17T05:41:18.398Z,VJ122,Airbus A321,SGN,HAN,2026-03-25 00:00:00,06:30,08:40,Eco,583400,281
2025-06-17T05:41:18.398Z,VJ128,Airbus A320,SGN,HAN,2026-03-25 00:00:00,08:10,10:20,Eco,583400,281
2025-06-17T05:41:18.398Z,VJ176,Airbus A320,SGN,HAN,2026-03-25 00:00:00,09:30,11:40,Eco,583400,281
2025-06-17T05:41:18.398Z,VJ132,Airbus A320,SGN,HAN,2026-03-25 00:00:00,11:10,13:20,Eco,583400,281
2025-06-17T05:41:18.398Z,VJ134,Airbus A320,SGN,HAN,2026-03-25 00:00:00,12:30,14:40,Eco,583400,281
2025-06-17T15:53:48.969Z,VJ194,Airbus A321,SGN,HAN,2025-12-23 00:00:00,05:00,07:10,Eco,583400,189
2025-06-18T15:08:01.421Z,VJ194,Airbus A321,SGN,HAN,2026-01-19 00:00:00,05:00,07:10,Eco,583400,215
2025-06-18T15:08:01.421Z,VJ198,Airbus A321,SGN,HAN,2026-01-19 00:00:00,05:20,07:30,Eco,583400,215
2025-06-18T15:08:01.421Z,VJ120,Airbus A320,SGN,HAN,2026-01-19 00:00:00,06:00,08:10,Eco,583400,215
2025-06-18T15:08:01.421Z,VJ122,Airbus A321,SGN,HAN,2026-01-19 00:00:00,06:30,08:40,Eco,583400,215
2025-06-18T15:08:01.421Z,VJ128,Airbus A320,SGN,HAN,2026-01-19 00:00:00,08:10,10:20,Eco,583400,215
2025-06-18T15:08:01.421Z,VJ132,Airbus A320,SGN,HAN,2026-01-19 00:00:00,11:10,13:20,Eco,583400,215
2025-06-18T15:08:01.421Z,VJ194,Airbus A321,SGN,HAN,2026-01-20 00:00:00,05:00,07:10,Eco,583400,216
2025-06-18T15:08:01.421Z,VJ198,Airbus A321,SGN,HAN,2026-01-20 00:00:00,05:20,07:30,Eco,583400,216
2025-06-18T15:08:01.421Z,VJ120,Airbus A320,SGN,HAN,2026-01-20 00:00:00,06:00,08:10,Eco,583400,216
2025-06-18T15:08:01.421Z,VJ122,Airbus A321,SGN,HAN,2026-01-20 00:00:00,06:30,08:40,Eco,583400,216
2025-06-18T15:08:01.421Z,VJ128,Airbus A320,SGN,HAN,2026-01-20 00:00:00,08:10,10:20,Eco,583400,216
2025-06-18T15:08:01.421Z,VJ176,Airbus A320,SGN,HAN,2026-01-20 00:00:00,09:30,11:40,Eco,583400,216
2025-06-18T15:08:01.421Z,VJ132,Airbus A320,SGN,HAN,2026-01-20 00:00:00,11:10,13:20,Eco,583400,216
2025-06-18T15:08:01.421Z,VJ134,Airbus A320,SGN,HAN,2026-01-20 00:00:00,12:30,14:40,Eco,583400,216
2025-06-18T15:08:01.421Z,VJ194,Airbus A321,SGN,HAN,2026-01-21 00:00:00,05:00,07:10,Eco,583400,217
2025-06-18T15:08:01.421Z,VJ198,Airbus A321,SGN,HAN,2026-01-21 00:00:00,05:20,07:30,Eco,583400,217
2025-06-18T15:08:01.421Z,VJ120,Airbus A320,SGN,HAN,2026-01-21 00:00:00,06:00,08:10,Eco,583400,217
2025-06-18T15:08:01.421Z,VJ122,Airbus A321,SGN,HAN,2026-01-21 00:00:00,06:30,08:40,Eco,583400,217
2025-06-18T15:08:01.421Z,VJ128,Airbus A320,SGN,HAN,2026-01-21 00:00:00,08:10,10:20,Eco,583400,217
2025-06-18T15:08:01.421Z,VJ176,Airbus A320,SGN,HAN,2026-01-21 00:00:00,09:30,11:40,Eco,583400,217
2025-06-18T15:08:01.421Z,VJ132,Airbus A320,SGN,HAN,2026-01-21 00:00:00,11:10,13:20,Eco,583400,217
2025-06-18T15:08:01.421Z,VJ134,Airbus A320,SGN,HAN,2026-01-21 00:00:00,12:30,14:40,Eco,583400,217
2025-06-18T15:08:01.421Z,VJ194,Airbus A321,SGN,HAN,2026-01-22 00:00:00,05:00,07:10,Eco,583400,218
2025-06-18T15:08:01.421Z,VJ198,Airbus A321,SGN,HAN,2026-01-22 00:00:00,05:20,07:30,Eco,583400,218
2025-06-18T15:08:01.421Z,VJ120,Airbus A320,SGN,HAN,2026-01-22 00:00:00,06:00,08:10,Eco,583400,218
2025-06-18T15:08:01.421Z,VJ122,Airbus A321,SGN,HAN,2026-01-22 00:00:00,06:30,08:40,Eco,583400,218
2025-06-18T15:08:01.421Z,VJ128,Airbus A320,SGN,HAN,2026-01-22 00:00:00,08:10,10:20,Eco,583400,218
2025-06-18T15:08:01.421Z,VJ176,Airbus A320,SGN,HAN,2026-01-22 00:00:00,09:30,11:40,Eco,583400,218
2025-06-18T15:08:01.421Z,VJ132,Airbus A320,SGN,HAN,2026-01-22 00:00:00,11:10,13:20,Eco,583400,218
2025-06-18T15:08:01.421Z,VJ194,Airbus A321,SGN,HAN,2026-01-23 00:00:00,05:00,07:10,Eco,583400,219
2025-06-18T15:08:01.421Z,VJ198,Airbus A321,SGN,HAN,2026-01-23 00:00:00,05:20,07:30,Eco,583400,219
2025-06-18T15:08:01.421Z,VJ120,Airbus A320,SGN,HAN,2026-01-23 00:00:00,06:00,08:10,Eco,583400,219
2025-06-18T15:08:01.421Z,VJ122,Airbus A321,SGN,HAN,2026-01-23 00:00:00,06:30,08:40,Eco,583400,219
2025-06-18T15:17:30.916Z,VJ194,Airbus A321,SGN,HAN,2026-02-24 00:00:00,05:00,07:10,Eco,583400,251
2025-06-18T15:17:30.916Z,VJ198,Airbus A321,SGN,HAN,2026-02-24 00:00:00,05:20,07:30,Eco,583400,251
2025-06-18T15:17:30.916Z,VJ128,Airbus A320,SGN,HAN,2026-02-24 00:00:00,08:10,10:20,Eco,583400,251
2025-06-18T15:17:30.916Z,VJ194,Airbus A321,SGN,HAN,2026-02-25 00:00:00,05:00,07:10,Eco,583400,252
2025-06-18T15:17:30.916Z,VJ198,Airbus A321,SGN,HAN,2026-02-25 00:00:00,05:20,07:30,Eco,583400,252
2025-06-18T15:17:30.916Z,VJ120,Airbus A320,SGN,HAN,2026-02-25 00:00:00,06:00,08:10,Eco,583400,252
2025-06-18T15:17:30.916Z,VJ122,Airbus A321,SGN,HAN,2026-02-25 00:00:00,06:30,08:40,Eco,583400,252
2025-06-18T15:17:30.916Z,VJ176,Airbus A320,SGN,HAN,2026-02-25 00:00:00,09:30,11:40,Eco,583400,252
2025-06-18T15:17:30.916Z,VJ132,Airbus A320,SGN,HAN,2026-02-25 00:00:00,11:10,13:20,Eco,583400,252
2025-06-18T15:17:30.916Z,VJ134,Airbus A320,SGN,HAN,2026-02-25 00:00:00,12:30,14:40,Eco,583400,252
2025-06-18T15:17:30.916Z,VJ194,Airbus A321,SGN,HAN,2026-02-26 00:00:00,05:00,07:10,Eco,583400,253
2025-06-18T15:17:30.916Z,VJ198,Airbus A321,SGN,HAN,2026-02-26 00:00:00,05:20,07:30,Eco,583400,253
2025-06-18T15:17:30.916Z,VJ120,Airbus A320,SGN,HAN,2026-02-26 00:00:00,06:00,08:10,Eco,583400,253
2025-06-18T15:17:30.916Z,VJ122,Airbus A321,SGN,HAN,2026-02-26 00:00:00,06:30,08:40,Eco,583400,253
2025-06-18T15:17:30.916Z,VJ128,Airbus A320,SGN,HAN,2026-02-26 00:00:00,08:10,10:20,Eco,583400,253
2025-06-18T15:17:30.916Z,VJ176,Airbus A320,SGN,HAN,2026-02-26 00:00:00,09:30,11:40,Eco,583400,253
2025-06-18T15:17:30.916Z,VJ132,Airbus A320,SGN,HAN,2026-02-26 00:00:00,11:10,13:20,Eco,583400,253
2025-06-18T15:17:30.916Z,VJ134,Airbus A320,SGN,HAN,2026-02-26 00:00:00,12:30,14:40,Eco,583400,253
2025-06-18T15:17:30.916Z,VJ194,Airbus A321,SGN,HAN,2026-02-27 00:00:00,05:00,07:10,Eco,583400,254
2025-06-18T15:17:30.916Z,VJ198,Airbus A321,SGN,HAN,2026-02-27 00:00:00,05:20,07:30,Eco,583400,254
2025-06-18T15:17:30.916Z,VJ120,Airbus A320,SGN,HAN,2026-02-27 00:00:00,06:00,08:10,Eco,583400,254
2025-06-18T15:17:30.916Z,VJ122,Airbus A321,SGN,HAN,2026-02-27 00:00:00,06:30,08:40,Eco,583400,254
2025-06-18T15:17:30.916Z,VJ176,Airbus A320,SGN,HAN,2026-02-27 00:00:00,09:30,11:40,Eco,583400,254
2025-06-18T15:17:30.916Z,VJ132,Airbus A320,SGN,HAN,2026-02-27 00:00:00,11:10,13:20,Eco,583400,254
2025-06-18T15:17:30.916Z,VJ134,Airbus A320,SGN,HAN,2026-02-27 00:00:00,12:30,14:40,Eco,583400,254
2025-06-19T05:18:17.828Z,VJ194,Airbus A321,SGN,HAN,2026-01-18 00:00:00,05:00,07:10,Eco,583400,213
2025-06-19T05:18:17.828Z,VJ198,Airbus A321,SGN,HAN,2026-01-18 00:00:00,05:20,07:30,Eco,583400,213
2025-06-19T05:18:17.828Z,VJ120,Airbus A320,SGN,HAN,2026-01-18 00:00:00,06:00,08:10,Eco,583400,213
2025-06-19T05:18:17.828Z,VJ122,Airbus A321,SGN,HAN,2026-01-18 00:00:00,06:30,08:40,Eco,583400,213
2025-06-19T05:18:17.828Z,VJ128,Airbus A320,SGN,HAN,2026-01-18 00:00:00,08:10,10:20,Eco,583400,213
2025-06-19T05:18:17.828Z,VJ176,Airbus A320,SGN,HAN,2026-01-18 00:00:00,09:30,11:40,Eco,583400,213
2025-06-19T05:18:17.828Z,VJ132,Airbus A320,SGN,HAN,2026-01-18 00:00:00,11:10,13:20,Eco,583400,213
2025-06-19T05:18:17.828Z,VJ134,Airbus A320,SGN,HAN,2026-01-18 00:00:00,12:30,14:40,Eco,583400,213
2025-06-19T05:18:17.828Z,VJ194,Airbus A321,SGN,HAN,2026-01-19 00:00:00,05:00,07:10,Eco,583400,214
2025-06-19T05:18:17.828Z,VJ198,Airbus A321,SGN,HAN,2026-01-19 00:00:00,05:20,07:30,Eco,583400,214
2025-06-19T05:18:17.828Z,VJ120,Airbus A320,SGN,HAN,2026-01-19 00:00:00,06:00,08:10,Eco,583400,214
2025-06-19T05:18:17.828Z,VJ122,Airbus A321,SGN,HAN,2026-01-19 00:00:00,06:30,08:40,Eco,583400,214
2025-06-19T05:18:17.828Z,VJ128,Airbus A320,SGN,HAN,2026-01-19 00:00:00,08:10,10:20,Eco,583400,214
2025-06-19T05:18:17.828Z,VJ132,Airbus A320,SGN,HAN,2026-01-19 00:00:00,11:10,13:20,Eco,583400,214
2025-06-19T05:18:17.828Z,VJ194,Airbus A321,SGN,HAN,2026-01-20 00:00:00,05:00,07:10,Eco,583400,215
2025-06-19T05:18:17.828Z,VJ198,Airbus A321,SGN,HAN,2026-01-20 00:00:00,05:20,07:30,Eco,583400,215
2025-06-19T05:18:17.828Z,VJ120,Airbus A320,SGN,HAN,2026-01-20 00:00:00,06:00,08:10,Eco,583400,215
2025-06-19T05:18:17.828Z,VJ122,Airbus A321,SGN,HAN,2026-01-20 00:00:00,06:30,08:40,Eco,583400,215
2025-06-19T05:18:17.828Z,VJ128,Airbus A320,SGN,HAN,2026-01-20 00:00:00,08:10,10:20,Eco,583400,215
2025-06-19T05:18:17.828Z,VJ176,Airbus A320,SGN,HAN,2026-01-20 00:00:00,09:30,11:40,Eco,583400,215
2025-06-19T05:18:17.828Z,VJ132,Airbus A320,SGN,HAN,2026-01-20 00:00:00,11:10,13:20,Eco,583400,215
2025-06-19T05:18:17.828Z,VJ134,Airbus A320,SGN,HAN,2026-01-20 00:00:00,12:30,14:40,Eco,583400,215
2025-06-19T05:18:17.828Z,VJ194,Airbus A321,SGN,HAN,2026-01-21 00:00:00,05:00,07:10,Eco,583400,216
2025-06-19T05:18:17.828Z,VJ198,Airbus A321,SGN,HAN,2026-01-21 00:00:00,05:20,07:30,Eco,583400,216
2025-06-19T05:18:17.828Z,VJ120,Airbus A320,SGN,HAN,2026-01-21 00:00:00,06:00,08:10,Eco,583400,216
2025-06-19T05:18:17.828Z,VJ122,Airbus A321,SGN,HAN,2026-01-21 00:00:00,06:30,08:40,Eco,583400,216
2025-06-19T05:18:17.828Z,VJ128,Airbus A320,SGN,HAN,2026-01-21 00:00:00,08:10,10:20,Eco,583400,216
2025-06-19T05:18:17.828Z,VJ176,Airbus A320,SGN,HAN,2026-01-21 00:00:00,09:30,11:40,Eco,583400,216
2025-06-19T05:18:17.828Z,VJ132,Airbus A320,SGN,HAN,2026-01-21 00:00:00,11:10,13:20,Eco,583400,216
2025-06-19T05:18:17.828Z,VJ134,Airbus A320,SGN,HAN,2026-01-21 00:00:00,12:30,14:40,Eco,583400,216
2025-06-19T05:18:17.828Z,VJ194,Airbus A321,SGN,HAN,2026-01-22 00:00:00,05:00,07:10,Eco,583400,217
2025-06-19T05:18:17.828Z,VJ198,Airbus A321,SGN,HAN,2026-01-22 00:00:00,05:20,07:30,Eco,583400,217
2025-06-19T05:18:17.828Z,VJ120,Airbus A320,SGN,HAN,2026-01-22 00:00:00,06:00,08:10,Eco,583400,217
2025-06-19T05:18:17.828Z,VJ128,Airbus A320,SGN,HAN,2026-01-22 00:00:00,08:10,10:20,Eco,583400,217
2025-06-19T05:18:17.828Z,VJ176,Airbus A320,SGN,HAN,2026-01-22 00:00:00,09:30,11:40,Eco,583400,217
2025-06-19T05:18:17.828Z,VJ132,Airbus A320,SGN,HAN,2026-01-22 00:00:00,11:10,13:20,Eco,583400,217
2025-06-19T05:18:17.828Z,VJ194,Airbus A321,SGN,HAN,2026-01-23 00:00:00,05:00,07:10,Eco,583400,218
2025-06-19T05:18:17.828Z,VJ198,Airbus A321,SGN,HAN,2026-01-23 00:00:00,05:20,07:30,Eco,583400,218
2025-06-19T05:18:17.828Z,VJ120,Airbus A320,SGN,HAN,2026-01-23 00:00:00,06:00,08:10,Eco,583400,218
2025-06-19T05:18:17.828Z,VJ122,Airbus A321,SGN,HAN,2026-01-23 00:00:00,06:30,08:40,Eco,583400,218
2025-06-19T05:18:17.828Z,VJ128,Airbus A320,SGN,HAN,2026-01-23 00:00:00,08:10,10:20,Eco,583400,218
2025-06-19T05:18:17.828Z,VJ176,Airbus A320,SGN,HAN,2026-01-23 00:00:00,09:30,11:40,Eco,583400,218
2025-06-19T05:18:17.828Z,VJ132,Airbus A320,SGN,HAN,2026-01-23 00:00:00,11:10,13:20,Eco,583400,218
2025-06-19T05:18:17.828Z,VJ134,Airbus A320,SGN,HAN,2026-01-23 00:00:00,12:30,14:40,Eco,583400,218
2025-06-19T08:59:15.874Z,VJ194,Airbus A321,SGN,HAN,2026-02-24 00:00:00,05:00,07:10,Eco,583400,250
2025-06-19T08:59:15.874Z,VJ198,Airbus A321,SGN,HAN,2026-02-24 00:00:00,05:20,07:30,Eco,583400,250
2025-06-19T08:59:15.874Z,VJ128,Airbus A320,SGN,HAN,2026-02-24 00:00:00,08:10,10:20,Eco,583400,250
2025-06-19T08:59:15.874Z,VJ194,Airbus A321,SGN,HAN,2026-02-25 00:00:00,05:00,07:10,Eco,583400,251
2025-06-19T08:59:15.874Z,VJ198,Airbus A321,SGN,HAN,2026-02-25 00:00:00,05:20,07:30,Eco,583400,251
2025-06-19T08:59:15.874Z,VJ120,Airbus A320,SGN,HAN,2026-02-25 00:00:00,06:00,08:10,Eco,583400,251
2025-06-19T08:59:15.874Z,VJ122,Airbus A321,SGN,HAN,2026-02-25 00:00:00,06:30,08:40,Eco,583400,251
2025-06-19T08:59:15.874Z,VJ176,Airbus A320,SGN,HAN,2026-02-25 00:00:00,09:30,11:40,Eco,583400,251
2025-06-19T08:59:15.874Z,VJ132,Airbus A320,SGN,HAN,2026-02-25 00:00:00,11:10,13:20,Eco,583400,251
2025-06-19T08:59:15.874Z,VJ134,Airbus A320,SGN,HAN,2026-02-25 00:00:00,12:30,14:40,Eco,583400,251
2025-06-19T08:59:15.874Z,VJ194,Airbus A321,SGN,HAN,2026-02-26 00:00:00,05:00,07:10,Eco,583400,252
2025-06-19T08:59:15.874Z,VJ198,Airbus A321,SGN,HAN,2026-02-26 00:00:00,05:20,07:30,Eco,583400,252
2025-06-19T08:59:15.874Z,VJ120,Airbus A320,SGN,HAN,2026-02-26 00:00:00,06:00,08:10,Eco,583400,252
2025-06-19T08:59:15.874Z,VJ122,Airbus A321,SGN,HAN,2026-02-26 00:00:00,06:30,08:40,Eco,583400,252
2025-06-19T08:59:15.874Z,VJ128,Airbus A320,SGN,HAN,2026-02-26 00:00:00,08:10,10:20,Eco,583400,252
2025-06-19T08:59:15.874Z,VJ176,Airbus A320,SGN,HAN,2026-02-26 00:00:00,09:30,11:40,Eco,583400,252
2025-06-19T08:59:15.874Z,VJ132,Airbus A320,SGN,HAN,2026-02-26 00:00:00,11:10,13:20,Eco,583400,252
2025-06-19T08:59:15.874Z,VJ134,Airbus A320,SGN,HAN,2026-02-26 00:00:00,12:30,14:40,Eco,583400,252
2025-06-19T08:59:15.874Z,VJ194,Airbus A321,SGN,HAN,2026-02-27 00:00:00,05:00,07:10,Eco,583400,253
2025-06-19T08:59:15.874Z,VJ198,Airbus A321,SGN,HAN,2026-02-27 00:00:00,05:20,07:30,Eco,583400,253
2025-06-19T08:59:15.874Z,VJ120,Airbus A320,SGN,HAN,2026-02-27 00:00:00,06:00,08:10,Eco,583400,253
2025-06-19T08:59:15.874Z,VJ122,Airbus A321,SGN,HAN,2026-02-27 00:00:00,06:30,08:40,Eco,583400,253
2025-06-19T08:59:15.874Z,VJ176,Airbus A320,SGN,HAN,2026-02-27 00:00:00,09:30,11:40,Eco,583400,253
2025-06-19T08:59:15.874Z,VJ132,Airbus A320,SGN,HAN,2026-02-27 00:00:00,11:10,13:20,Eco,583400,253
2025-06-19T08:59:15.874Z,VJ134,Airbus A320,SGN,HAN,2026-02-27 00:00:00,12:30,14:40,Eco,583400,253
2025-06-20T04:10:25.763Z,VJ194,Airbus A321,SGN,HAN,2026-01-01 00:00:00,05:00,07:10,Eco,583400,195
2025-06-20T04:10:25.763Z,VJ198,Airbus A321,SGN,HAN,2026-01-01 00:00:00,05:20,07:30,Eco,583400,195
2025-06-20T04:10:25.763Z,VJ122,Airbus A321,SGN,HAN,2026-01-01 00:00:00,06:30,08:40,Eco,583400,195
2025-06-20T04:10:25.763Z,VJ194,Airbus A321,SGN,HAN,2026-02-01 00:00:00,05:00,07:10,Eco,583400,226
2025-06-20T04:10:25.763Z,VJ198,Airbus A321,SGN,HAN,2026-02-01 00:00:00,05:20,07:30,Eco,583400,226
2025-06-20T04:10:25.763Z,VJ120,Airbus A320,SGN,HAN,2026-02-01 00:00:00,06:00,08:10,Eco,583400,226
2025-06-20T04:10:25.763Z,VJ122,Airbus A321,SGN,HAN,2026-02-01 00:00:00,06:30,08:40,Eco,583400,226
2025-06-20T04:10:25.763Z,VJ132,Airbus A320,SGN,HAN,2026-02-01 00:00:00,11:10,13:20,Eco,583400,226
2025-06-20T04:10:25.763Z,VJ134,Airbus A320,SGN,HAN,2026-02-01 00:00:00,12:30,14:40,Eco,583400,226
2025-06-20T04:10:25.763Z,VJ194,Airbus A321,SGN,HAN,2026-03-01 00:00:00,05:00,07:10,Eco,583400,254
2025-06-20T04:10:25.763Z,VJ198,Airbus A321,SGN,HAN,2026-03-01 00:00:00,05:20,07:30,Eco,583400,254
2025-06-20T04:10:25.763Z,VJ120,Airbus A320,SGN,HAN,2026-03-01 00:00:00,06:00,08:10,Eco,583400,254
2025-06-20T04:10:25.763Z,VJ122,Airbus A321,SGN,HAN,2026-03-01 00:00:00,06:30,08:40,Eco,583400,254
2025-06-20T04:10:25.763Z,VJ176,Airbus A320,SGN,HAN,2026-03-01 00:00:00,09:30,11:40,Eco,583400,254
2025-06-20T04:10:25.763Z,VJ134,Airbus A320,SGN,HAN,2026-03-01 00:00:00,12:30,14:40,Eco,583400,254
2025-06-20T04:10:25.763Z,VJ194,Airbus A321,SGN,HAN,2026-04-01 00:00:00,05:00,07:10,Eco,583400,285
2025-06-20T04:10:25.763Z,VJ198,Airbus A321,SGN,HAN,2026-04-01 00:00:00,05:20,07:30,Eco,583400,285
2025-06-20T04:10:25.763Z,VJ120,Airbus A320,SGN,HAN,2026-04-01 00:00:00,06:00,08:10,Eco,583400,285
2025-06-20T04:10:25.763Z,VJ122,Airbus A321,SGN,HAN,2026-04-01 00:00:00,06:30,08:40,Eco,583400,285
2025-06-20T04:10:25.763Z,VJ128,Airbus A320,SGN,HAN,2026-04-01 00:00:00,08:10,10:20,Eco,583400,285
2025-06-20T04:10:25.763Z,VJ134,Airbus A320,SGN,HAN,2026-04-01 00:00:00,12:30,14:40,Eco,583400,285
2025-06-20T04:10:25.763Z,VJ194,Airbus A321,SGN,HAN,2026-05-01 00:00:00,05:00,07:10,Eco,583400,315
2025-06-20T04:10:25.763Z,VJ198,Airbus A321,SGN,HAN,2026-05-01 00:00:00,05:20,07:30,Eco,583400,315
2025-06-20T04:10:25.763Z,VJ120,Airbus A320,SGN,HAN,2026-05-01 00:00:00,06:00,08:10,Eco,583400,315
2025-06-20T04:10:25.763Z,VJ176,Airbus A320,SGN,HAN,2026-05-01 00:00:00,09:30,11:40,Eco,583400,315
2025-06-20T04:10:25.763Z,VJ134,Airbus A320,SGN,HAN,2026-05-01 00:00:00,12:30,14:40,Eco,583400,315
2025-06-20T04:10:25.763Z,VJ194,Airbus A321,SGN,HAN,2026-06-01 00:00:00,05:00,07:10,Eco,583400,346
2025-06-20T04:10:25.763Z,VJ198,Airbus A321,SGN,HAN,2026-06-01 00:00:00,05:20,07:30,Eco,583400,346
2025-06-20T04:10:25.763Z,VJ120,Airbus A320,SGN,HAN,2026-06-01 00:00:00,06:00,08:10,Eco,583400,346
2025-06-20T04:10:25.763Z,VJ176,Airbus A320,SGN,HAN,2026-06-01 00:00:00,09:30,11:40,Eco,583400,346
2025-06-20T04:10:25.763Z,VJ134,Airbus A320,SGN,HAN,2026-06-01 00:00:00,12:30,14:40,Eco,583400,346
2025-06-20T04:10:25.763Z,VJ194,Airbus A321,SGN,HAN,2026-07-01 00:00:00,05:00,07:10,Eco,583400,376
2025-06-20T04:10:25.763Z,VJ198,Airbus A321,SGN,HAN,2026-07-01 00:00:00,05:20,07:30,Eco,583400,376
2025-06-20T04:10:25.763Z,VJ120,Airbus A320,SGN,HAN,2026-07-01 00:00:00,06:00,08:10,Eco,583400,376
2025-06-20T04:10:25.763Z,VJ128,Airbus A320,SGN,HAN,2026-07-01 00:00:00,08:10,10:20,Eco,583400,376
2025-06-20T04:10:25.763Z,VJ176,Airbus A320,SGN,HAN,2026-07-01 00:00:00,09:30,11:40,Eco,583400,376
2025-06-20T04:10:25.763Z,VJ134,Airbus A320,SGN,HAN,2026-07-01 00:00:00,12:30,14:40,Eco,583400,376
2025-06-20T04:10:25.763Z,VJ194,Airbus A321,SGN,HAN,2026-08-01 00:00:00,05:00,07:10,Eco,583400,407
2025-06-20T04:10:25.763Z,VJ198,Airbus A321,SGN,HAN,2026-08-01 00:00:00,05:20,07:30,Eco,583400,407
2025-06-20T04:10:25.763Z,VJ120,Airbus A320,SGN,HAN,2026-08-01 00:00:00,06:00,08:10,Eco,583400,407
2025-06-20T04:10:25.763Z,VJ194,Airbus A321,SGN,HAN,2026-09-01 00:00:00,05:00,07:10,Eco,583400,438
2025-06-20T04:10:25.763Z,VJ134,Airbus A320,SGN,HAN,2026-09-01 00:00:00,12:30,14:40,Eco,583400,438
2025-06-20T04:10:25.763Z,VJ194,Airbus A321,SGN,HAN,2026-10-01 00:00:00,05:00,07:10,Eco,583400,468
2025-06-20T04:10:25.763Z,VJ198,Airbus A321,SGN,HAN,2026-10-01 00:00:00,05:20,07:30,Eco,583400,468
2025-06-20T04:10:25.763Z,VJ120,Airbus A320,SGN,HAN,2026-10-01 00:00:00,06:00,08:10,Eco,583400,468
2025-06-20T04:10:25.763Z,VJ176,Airbus A320,SGN,HAN,2026-10-01 00:00:00,09:30,11:40,Eco,583400,468
2025-06-20T04:10:25.763Z,VJ132,Airbus A320,SGN,HAN,2026-10-01 00:00:00,11:10,13:20,Eco,583400,468
2025-06-20T04:10:25.763Z,VJ134,Airbus A320,SGN,HAN,2026-10-01 00:00:00,12:30,14:40,Eco,583400,468
2025-06-20T04:10:25.763Z,VJ120,Airbus A320,SGN,HAN,2026-11-01 00:00:00,06:00,08:10,Eco,583400,499
2025-06-20T04:10:25.763Z,VJ128,Airbus A320,SGN,HAN,2026-11-01 00:00:00,08:10,10:20,Eco,583400,499
2025-06-20T04:10:25.763Z,VJ176,Airbus A320,SGN,HAN,2026-11-01 00:00:00,09:30,11:40,Eco,583400,499
2025-06-20T04:10:25.763Z,VJ132,Airbus A320,SGN,HAN,2026-11-01 00:00:00,11:10,13:20,Eco,583400,499
2025-06-20T04:10:25.763Z,VJ134,Airbus A320,SGN,HAN,2026-11-01 00:00:00,12:30,14:40,Eco,583400,499
2025-06-20T04:10:25.763Z,VJ194,Airbus A321,SGN,HAN,2026-12-01 00:00:00,05:00,07:10,Eco,583400,529
2025-06-20T04:10:25.763Z,VJ198,Airbus A321,SGN,HAN,2026-12-01 00:00:00,05:20,07:30,Eco,583400,529
2025-06-20T04:10:25.763Z,VJ176,Airbus A320,SGN,HAN,2026-12-01 00:00:00,09:30,11:40,Eco,583400,529
2025-06-20T04:10:25.763Z,VJ132,Airbus A320,SGN,HAN,2026-12-01 00:00:00,11:10,13:20,Eco,583400,529
2025-06-20T04:10:25.763Z,VJ134,Airbus A320,SGN,HAN,2026-12-01 00:00:00,12:30,14:40,Eco,583400,529
2025-06-20T04:10:25.763Z,VJ194,Airbus A321,SGN,HAN,2026-01-13 00:00:00,05:00,07:10,Eco,583400,207
2025-06-20T04:10:25.763Z,VJ120,Airbus A320,SGN,HAN,2026-01-13 00:00:00,06:00,08:10,Eco,583400,207
2025-06-20T04:10:25.763Z,VJ128,Airbus A320,SGN,HAN,2026-01-13 00:00:00,08:10,10:20,Eco,583400,207
2025-06-20T04:10:25.763Z,VJ176,Airbus A320,SGN,HAN,2026-01-13 00:00:00,09:30,11:40,Eco,583400,207
2025-06-20T04:10:25.763Z,VJ134,Airbus A320,SGN,HAN,2026-01-13 00:00:00,12:30,14:40,Eco,583400,207
2025-06-20T04:10:25.763Z,VJ194,Airbus A321,SGN,HAN,2026-01-14 00:00:00,05:00,07:10,Eco,583400,208
2025-06-20T04:10:25.763Z,VJ198,Airbus A321,SGN,HAN,2026-01-14 00:00:00,05:20,07:30,Eco,583400,208
2025-06-20T04:10:25.763Z,VJ120,Airbus A320,SGN,HAN,2026-01-14 00:00:00,06:00,08:10,Eco,583400,208
2025-06-20T04:10:25.763Z,VJ128,Airbus A320,SGN,HAN,2026-01-14 00:00:00,08:10,10:20,Eco,583400,208
2025-06-20T04:10:25.763Z,VJ132,Airbus A320,SGN,HAN,2026-01-14 00:00:00,11:10,13:20,Eco,583400,208
2025-06-20T04:10:25.763Z,VJ134,Airbus A320,SGN,HAN,2026-01-14 00:00:00,12:30,14:40,Eco,583400,208
2025-06-20T04:10:25.763Z,VJ198,Airbus A321,SGN,HAN,2026-01-15 00:00:00,05:20,07:30,Eco,583400,209
2025-06-20T04:10:25.763Z,VJ120,Airbus A320,SGN,HAN,2026-01-15 00:00:00,06:00,08:10,Eco,583400,209
2025-06-20T04:10:25.763Z,VJ122,Airbus A321,SGN,HAN,2026-01-15 00:00:00,06:30,08:40,Eco,583400,209
2025-06-20T04:10:25.763Z,VJ128,Airbus A320,SGN,HAN,2026-01-15 00:00:00,08:10,10:20,Eco,583400,209
2025-06-20T04:10:25.763Z,VJ134,Airbus A320,SGN,HAN,2026-01-15 00:00:00,12:30,14:40,Eco,583400,209
2025-06-20T04:10:25.763Z,VJ194,Airbus A321,SGN,HAN,2026-01-16 00:00:00,05:00,07:10,Eco,583400,210
2025-06-20T04:10:25.763Z,VJ128,Airbus A320,SGN,HAN,2026-01-16 00:00:00,08:10,10:20,Eco,583400,210
2025-06-20T04:10:25.763Z,VJ132,Airbus A320,SGN,HAN,2026-01-16 00:00:00,11:10,13:20,Eco,583400,210
2025-06-20T04:10:25.763Z,VJ134,Airbus A320,SGN,HAN,2026-01-16 00:00:00,12:30,14:40,Eco,583400,210
2025-06-20T04:10:25.763Z,VJ194,Airbus A321,SGN,HAN,2026-01-17 00:00:00,05:00,07:10,Eco,583400,211
2025-06-20T04:10:25.763Z,VJ198,Airbus A321,SGN,HAN,2026-01-17 00:00:00,05:20,07:30,Eco,583400,211
2025-06-20T04:10:25.763Z,VJ128,Airbus A320,SGN,HAN,2026-01-17 00:00:00,08:10,10:20,Eco,583400,211
2025-06-20T04:10:25.763Z,VJ176,Airbus A320,SGN,HAN,2026-01-17 00:00:00,09:30,11:40,Eco,583400,211
2025-06-20T04:10:25.763Z,VJ194,Airbus A321,SGN,HAN,2026-01-18 00:00:00,05:00,07:10,Eco,583400,212
2025-06-20T04:10:25.763Z,VJ198,Airbus A321,SGN,HAN,2026-01-18 00:00:00,05:20,07:30,Eco,583400,212
2025-06-20T04:10:25.763Z,VJ120,Airbus A320,SGN,HAN,2026-01-18 00:00:00,06:00,08:10,Eco,583400,212
2025-06-20T04:10:25.763Z,VJ128,Airbus A320,SGN,HAN,2026-01-18 00:00:00,08:10,10:20,Eco,583400,212
2025-06-20T04:10:25.763Z,VJ176,Airbus A320,SGN,HAN,2026-01-18 00:00:00,09:30,11:40,Eco,583400,212
2025-06-20T04:10:25.763Z,VJ134,Airbus A320,SGN,HAN,2026-01-18 00:00:00,12:30,14:40,Eco,583400,212
2025-06-20T04:10:25.763Z,VJ194,Airbus A321,SGN,HAN,2026-01-19 00:00:00,05:00,07:10,Eco,583400,213
2025-06-20T04:10:25.763Z,VJ198,Airbus A321,SGN,HAN,2026-01-19 00:00:00,05:20,07:30,Eco,583400,213
2025-06-20T04:10:25.763Z,VJ120,Airbus A320,SGN,HAN,2026-01-19 00:00:00,06:00,08:10,Eco,583400,213
2025-06-20T04:10:25.763Z,VJ128,Airbus A320,SGN,HAN,2026-01-19 00:00:00,08:10,10:20,Eco,583400,213
2025-06-20T04:10:25.763Z,VJ132,Airbus A320,SGN,HAN,2026-01-19 00:00:00,11:10,13:20,Eco,583400,213
2025-06-20T04:10:25.763Z,VJ194,Airbus A321,SGN,HAN,2026-01-20 00:00:00,05:00,07:10,Eco,583400,214
2025-06-20T04:10:25.763Z,VJ198,Airbus A321,SGN,HAN,2026-01-20 00:00:00,05:20,07:30,Eco,583400,214
2025-06-20T04:10:25.763Z,VJ120,Airbus A320,SGN,HAN,2026-01-20 00:00:00,06:00,08:10,Eco,583400,214
2025-06-20T04:10:25.763Z,VJ122,Airbus A321,SGN,HAN,2026-01-20 00:00:00,06:30,08:40,Eco,583400,214
2025-06-20T04:10:25.763Z,VJ128,Airbus A320,SGN,HAN,2026-01-20 00:00:00,08:10,10:20,Eco,583400,214
2025-06-20T04:10:25.763Z,VJ176,Airbus A320,SGN,HAN,2026-01-20 00:00:00,09:30,11:40,Eco,583400,214
2025-06-20T04:10:25.763Z,VJ132,Airbus A320,SGN,HAN,2026-01-20 00:00:00,11:10,13:20,Eco,583400,214
2025-06-20T04:10:25.763Z,VJ194,Airbus A321,SGN,HAN,2026-01-21 00:00:00,05:00,07:10,Eco,583400,215
2025-06-20T04:10:25.763Z,VJ198,Airbus A321,SGN,HAN,2026-01-21 00:00:00,05:20,07:30,Eco,583400,215
2025-06-20T04:10:25.763Z,VJ120,Airbus A320,SGN,HAN,2026-01-21 00:00:00,06:00,08:10,Eco,583400,215
2025-06-20T04:10:25.763Z,VJ128,Airbus A320,SGN,HAN,2026-01-21 00:00:00,08:10,10:20,Eco,583400,215
2025-06-20T04:10:25.763Z,VJ176,Airbus A320,SGN,HAN,2026-01-21 00:00:00,09:30,11:40,Eco,583400,215
2025-06-20T04:10:25.763Z,VJ132,Airbus A320,SGN,HAN,2026-01-21 00:00:00,11:10,13:20,Eco,583400,215
2025-06-20T04:10:25.763Z,VJ194,Airbus A321,SGN,HAN,2026-01-22 00:00:00,05:00,07:10,Eco,583400,216
2025-06-20T04:10:25.763Z,VJ198,Airbus A321,SGN,HAN,2026-01-22 00:00:00,05:20,07:30,Eco,583400,216
2025-06-20T04:10:25.763Z,VJ120,Airbus A320,SGN,HAN,2026-01-22 00:00:00,06:00,08:10,Eco,583400,216
2025-06-20T04:10:25.763Z,VJ128,Airbus A320,SGN,HAN,2026-01-22 00:00:00,08:10,10:20,Eco,583400,216
2025-06-20T04:10:25.763Z,VJ176,Airbus A320,SGN,HAN,2026-01-22 00:00:00,09:30,11:40,Eco,583400,216
2025-06-20T04:10:25.763Z,VJ132,Airbus A320,SGN,HAN,2026-01-22 00:00:00,11:10,13:20,Eco,583400,216
2025-06-20T04:10:25.763Z,VJ194,Airbus A321,SGN,HAN,2026-01-23 00:00:00,05:00,07:10,Eco,583400,217
2025-06-20T04:10:25.763Z,VJ120,Airbus A320,SGN,HAN,2026-01-23 00:00:00,06:00,08:10,Eco,583400,217
2025-06-20T04:10:25.763Z,VJ122,Airbus A321,SGN,HAN,2026-01-23 00:00:00,06:30,08:40,Eco,583400,217
2025-06-20T04:10:25.763Z,VJ128,Airbus A320,SGN,HAN,2026-01-23 00:00:00,08:10,10:20,Eco,583400,217
2025-06-20T04:10:25.763Z,VJ176,Airbus A320,SGN,HAN,2026-01-23 00:00:00,09:30,11:40,Eco,583400,217
2025-06-20T04:10:25.763Z,VJ132,Airbus A320,SGN,HAN,2026-01-23 00:00:00,11:10,13:20,Eco,583400,217
2025-06-20T04:10:25.763Z,VJ134,Airbus A320,SGN,HAN,2026-01-23 00:00:00,12:30,14:40,Eco,583400,217
2025-06-20T04:10:25.763Z,VJ194,Airbus A321,SGN,HAN,2026-01-24 00:00:00,05:00,07:10,Eco,583400,218
2025-06-20T04:10:25.763Z,VJ198,Airbus A321,SGN,HAN,2026-01-24 00:00:00,05:20,07:30,Eco,583400,218
2025-06-20T04:10:25.763Z,VJ120,Airbus A320,SGN,HAN,2026-01-24 00:00:00,06:00,08:10,Eco,583400,218
2025-06-20T04:10:25.763Z,VJ122,Airbus A321,SGN,HAN,2026-01-24 00:00:00,06:30,08:40,Eco,583400,218
2025-06-20T04:10:25.763Z,VJ128,Airbus A320,SGN,HAN,2026-01-24 00:00:00,08:10,10:20,Eco,583400,218
2025-06-20T04:10:25.763Z,VJ134,Airbus A320,SGN,HAN,2026-01-24 00:00:00,12:30,14:40,Eco,583400,218
2025-06-20T04:10:25.763Z,VJ128,Airbus A320,SGN,HAN,2026-01-25 00:00:00,08:10,10:20,Eco,583400,219
2025-06-20T04:10:25.763Z,VJ128,Airbus A320,SGN,HAN,2026-01-26 00:00:00,08:10,10:20,Eco,583400,220
2025-06-20T04:10:25.763Z,VJ128,Airbus A320,SGN,HAN,2026-01-27 00:00:00,08:10,10:20,Eco,583400,221
2025-06-20T04:10:25.763Z,VJ128,Airbus A320,SGN,HAN,2026-01-28 00:00:00,08:10,10:20,Eco,583400,222
2025-06-20T04:10:25.763Z,VJ128,Airbus A320,SGN,HAN,2026-01-29 00:00:00,08:10,10:20,Eco,583400,223
2025-06-20T04:25:02.159Z,VJ194,Airbus A321,SGN,HAN,2026-02-24 00:00:00,05:00,07:10,Eco,583400,249
2025-06-20T04:25:02.159Z,VJ198,Airbus A321,SGN,HAN,2026-02-24 00:00:00,05:20,07:30,Eco,583400,249
2025-06-20T04:25:02.159Z,VJ128,Airbus A320,SGN,HAN,2026-02-24 00:00:00,08:10,10:20,Eco,583400,249
2025-06-20T04:25:02.159Z,VJ194,Airbus A321,SGN,HAN,2026-02-25 00:00:00,05:00,07:10,Eco,583400,250
2025-06-20T04:25:02.159Z,VJ198,Airbus A321,SGN,HAN,2026-02-25 00:00:00,05:20,07:30,Eco,583400,250
2025-06-20T04:25:02.159Z,VJ120,Airbus A320,SGN,HAN,2026-02-25 00:00:00,06:00,08:10,Eco,583400,250
2025-06-20T04:25:02.159Z,VJ122,Airbus A321,SGN,HAN,2026-02-25 00:00:00,06:30,08:40,Eco,583400,250
2025-06-20T04:25:02.159Z,VJ176,Airbus A320,SGN,HAN,2026-02-25 00:00:00,09:30,11:40,Eco,583400,250
2025-06-20T04:25:02.159Z,VJ132,Airbus A320,SGN,HAN,2026-02-25 00:00:00,11:10,13:20,Eco,583400,250
2025-06-20T04:25:02.159Z,VJ134,Airbus A320,SGN,HAN,2026-02-25 00:00:00,12:30,14:40,Eco,583400,250
2025-06-20T04:25:02.159Z,VJ194,Airbus A321,SGN,HAN,2026-02-26 00:00:00,05:00,07:10,Eco,583400,251
2025-06-20T04:25:02.159Z,VJ198,Airbus A321,SGN,HAN,2026-02-26 00:00:00,05:20,07:30,Eco,583400,251
2025-06-20T04:25:02.159Z,VJ120,Airbus A320,SGN,HAN,2026-02-26 00:00:00,06:00,08:10,Eco,583400,251
2025-06-20T04:25:02.159Z,VJ122,Airbus A321,SGN,HAN,2026-02-26 00:00:00,06:30,08:40,Eco,583400,251
2025-06-20T04:25:02.159Z,VJ176,Airbus A320,SGN,HAN,2026-02-26 00:00:00,09:30,11:40,Eco,583400,251
2025-06-20T04:25:02.159Z,VJ132,Airbus A320,SGN,HAN,2026-02-26 00:00:00,11:10,13:20,Eco,583400,251
2025-06-20T04:25:02.159Z,VJ134,Airbus A320,SGN,HAN,2026-02-26 00:00:00,12:30,14:40,Eco,583400,251
2025-06-20T04:25:02.159Z,VJ194,Airbus A321,SGN,HAN,2026-02-27 00:00:00,05:00,07:10,Eco,583400,252
2025-06-20T04:25:02.159Z,VJ198,Airbus A321,SGN,HAN,2026-02-27 00:00:00,05:20,07:30,Eco,583400,252
2025-06-20T04:25:02.159Z,VJ120,Airbus A320,SGN,HAN,2026-02-27 00:00:00,06:00,08:10,Eco,583400,252
2025-06-20T04:25:02.159Z,VJ122,Airbus A321,SGN,HAN,2026-02-27 00:00:00,06:30,08:40,Eco,583400,252
2025-06-20T04:25:02.159Z,VJ176,Airbus A320,SGN,HAN,2026-02-27 00:00:00,09:30,11:40,Eco,583400,252
2025-06-20T04:25:02.159Z,VJ132,Airbus A320,SGN,HAN,2026-02-27 00:00:00,11:10,13:20,Eco,583400,252
2025-06-20T04:25:02.159Z,VJ134,Airbus A320,SGN,HAN,2026-02-27 00:00:00,12:30,14:40,Eco,583400,252
2025-06-20T04:41:11.299Z,VJ194,Airbus A321,SGN,HAN,2026-02-28 00:00:00,05:00,07:10,Eco,583400,253
2025-06-20T04:41:11.299Z,VJ198,Airbus A321,SGN,HAN,2026-02-28 00:00:00,05:20,07:30,Eco,583400,253
2025-06-20T04:41:11.299Z,VJ120,Airbus A320,SGN,HAN,2026-02-28 00:00:00,06:00,08:10,Eco,583400,253
2025-06-20T04:41:11.299Z,VJ122,Airbus A321,SGN,HAN,2026-02-28 00:00:00,06:30,08:40,Eco,583400,253
2025-06-20T04:41:11.299Z,VJ128,Airbus A320,SGN,HAN,2026-02-28 00:00:00,08:10,10:20,Eco,583400,253
2025-06-20T04:41:11.299Z,VJ176,Airbus A320,SGN,HAN,2026-02-28 00:00:00,09:30,11:40,Eco,583400,253
2025-06-20T04:41:11.299Z,VJ132,Airbus A320,SGN,HAN,2026-02-28 00:00:00,11:10,13:20,Eco,583400,253
2025-06-20T04:41:11.299Z,VJ134,Airbus A320,SGN,HAN,2026-02-28 00:00:00,12:30,14:40,Eco,583400,253
2025-06-20T04:41:11.299Z,VJ194,Airbus A321,SGN,HAN,2026-01-03 00:00:00,05:00,07:10,Eco,583400,197
2025-06-20T04:41:11.299Z,VJ198,Airbus A321,SGN,HAN,2026-01-03 00:00:00,05:20,07:30,Eco,583400,197
2025-06-20T04:41:11.299Z,VJ120,Airbus A320,SGN,HAN,2026-01-03 00:00:00,06:00,08:10,Eco,583400,197
2025-06-20T04:41:11.299Z,VJ122,Airbus A321,SGN,HAN,2026-01-03 00:00:00,06:30,08:40,Eco,583400,197
2025-06-20T04:41:11.299Z,VJ128,Airbus A320,SGN,HAN,2026-01-03 00:00:00,08:10,10:20,Eco,583400,197
2025-06-20T04:41:11.299Z,VJ176,Airbus A320,SGN,HAN,2026-01-03 00:00:00,09:30,11:40,Eco,583400,197
2025-06-20T04:41:11.299Z,VJ132,Airbus A320,SGN,HAN,2026-01-03 00:00:00,11:10,13:20,Eco,583400,197
2025-06-20T04:41:11.299Z,VJ134,Airbus A320,SGN,HAN,2026-01-03 00:00:00,12:30,14:40,Eco,583400,197
2025-06-20T04:41:11.299Z,VJ194,Airbus A321,SGN,HAN,2026-02-03 00:00:00,05:00,07:10,Eco,583400,228
2025-06-20T04:41:11.299Z,VJ198,Airbus A321,SGN,HAN,2026-02-03 00:00:00,05:20,07:30,Eco,583400,228
2025-06-20T04:41:11.299Z,VJ120,Airbus A320,SGN,HAN,2026-02-03 00:00:00,06:00,08:10,Eco,583400,228
2025-06-20T04:41:11.299Z,VJ122,Airbus A321,SGN,HAN,2026-02-03 00:00:00,06:30,08:40,Eco,583400,228
2025-06-20T04:41:11.299Z,VJ128,Airbus A320,SGN,HAN,2026-02-03 00:00:00,08:10,10:20,Eco,583400,228
2025-06-20T04:41:11.299Z,VJ176,Airbus A320,SGN,HAN,2026-02-03 00:00:00,09:30,11:40,Eco,583400,228
2025-06-20T04:41:11.299Z,VJ132,Airbus A320,SGN,HAN,2026-02-03 00:00:00,11:10,13:20,Eco,583400,228
2025-06-20T04:41:11.299Z,VJ134,Airbus A320,SGN,HAN,2026-02-03 00:00:00,12:30,14:40,Eco,583400,228
2025-06-20T04:41:11.299Z,VJ194,Airbus A321,SGN,HAN,2026-03-03 00:00:00,05:00,07:10,Eco,583400,256
2025-06-20T04:41:11.299Z,VJ198,Airbus A321,SGN,HAN,2026-03-03 00:00:00,05:20,07:30,Eco,583400,256
2025-06-20T04:41:11.299Z,VJ120,Airbus A320,SGN,HAN,2026-03-03 00:00:00,06:00,08:10,Eco,583400,256
2025-06-20T04:41:11.299Z,VJ122,Airbus A321,SGN,HAN,2026-03-03 00:00:00,06:30,08:40,Eco,583400,256
2025-06-20T04:41:11.299Z,VJ128,Airbus A320,SGN,HAN,2026-03-03 00:00:00,08:10,10:20,Eco,583400,256
2025-06-20T04:41:11.299Z,VJ176,Airbus A320,SGN,HAN,2026-03-03 00:00:00,09:30,11:40,Eco,583400,256
2025-06-20T04:41:11.299Z,VJ134,Airbus A320,SGN,HAN,2026-03-03 00:00:00,12:30,14:40,Eco,583400,256
2025-06-20T04:41:11.299Z,VJ194,Airbus A321,SGN,HAN,2026-04-03 00:00:00,05:00,07:10,Eco,583400,287
2025-06-20T04:41:11.299Z,VJ198,Airbus A321,SGN,HAN,2026-04-03 00:00:00,05:20,07:30,Eco,583400,287
2025-06-20T04:41:11.299Z,VJ120,Airbus A320,SGN,HAN,2026-04-03 00:00:00,06:00,08:10,Eco,583400,287
2025-06-20T04:41:11.299Z,VJ122,Airbus A321,SGN,HAN,2026-04-03 00:00:00,06:30,08:40,Eco,583400,287
2025-06-20T04:41:11.299Z,VJ128,Airbus A320,SGN,HAN,2026-04-03 00:00:00,08:10,10:20,Eco,583400,287
2025-06-20T04:41:11.299Z,VJ176,Airbus A320,SGN,HAN,2026-04-03 00:00:00,09:30,11:40,Eco,583400,287
2025-06-20T04:41:11.299Z,VJ132,Airbus A320,SGN,HAN,2026-04-03 00:00:00,11:10,13:20,Eco,583400,287
2025-06-20T04:41:11.299Z,VJ194,Airbus A321,SGN,HAN,2026-05-03 00:00:00,05:00,07:10,Eco,583400,317
2025-06-20T04:41:11.299Z,VJ198,Airbus A321,SGN,HAN,2026-05-03 00:00:00,05:20,07:30,Eco,583400,317
2025-06-20T04:41:11.299Z,VJ120,Airbus A320,SGN,HAN,2026-05-03 00:00:00,06:00,08:10,Eco,583400,317
2025-06-20T04:41:11.299Z,VJ122,Airbus A321,SGN,HAN,2026-05-03 00:00:00,06:30,08:40,Eco,583400,317
2025-06-20T04:41:11.299Z,VJ128,Airbus A320,SGN,HAN,2026-05-03 00:00:00,08:10,10:20,Eco,583400,317
2025-06-20T04:41:11.299Z,VJ176,Airbus A320,SGN,HAN,2026-05-03 00:00:00,09:30,11:40,Eco,583400,317
2025-06-20T04:41:11.299Z,VJ132,Airbus A320,SGN,HAN,2026-05-03 00:00:00,11:10,13:20,Eco,583400,317
2025-06-20T04:41:11.299Z,VJ134,Airbus A320,SGN,HAN,2026-05-03 00:00:00,12:30,14:40,Eco,583400,317
2025-06-20T04:41:11.299Z,VJ194,Airbus A321,SGN,HAN,2026-06-03 00:00:00,05:00,07:10,Eco,583400,348
2025-06-20T04:41:11.299Z,VJ198,Airbus A321,SGN,HAN,2026-06-03 00:00:00,05:20,07:30,Eco,583400,348
2025-06-20T04:41:11.299Z,VJ120,Airbus A320,SGN,HAN,2026-06-03 00:00:00,06:00,08:10,Eco,583400,348
2025-06-20T04:41:11.299Z,VJ122,Airbus A321,SGN,HAN,2026-06-03 00:00:00,06:30,08:40,Eco,583400,348
2025-06-20T04:41:11.299Z,VJ128,Airbus A320,SGN,HAN,2026-06-03 00:00:00,08:10,10:20,Eco,583400,348
2025-06-20T04:41:11.299Z,VJ176,Airbus A320,SGN,HAN,2026-06-03 00:00:00,09:30,11:40,Eco,583400,348
2025-06-20T04:41:11.299Z,VJ132,Airbus A320,SGN,HAN,2026-06-03 00:00:00,11:10,13:20,Eco,583400,348
2025-06-20T04:41:11.299Z,VJ134,Airbus A320,SGN,HAN,2026-06-03 00:00:00,12:30,14:40,Eco,583400,348
2025-06-20T04:41:11.299Z,VJ194,Airbus A321,SGN,HAN,2026-07-03 00:00:00,05:00,07:10,Eco,583400,378
2025-06-20T04:41:11.299Z,VJ198,Airbus A321,SGN,HAN,2026-07-03 00:00:00,05:20,07:30,Eco,583400,378
2025-06-20T04:41:11.299Z,VJ120,Airbus A320,SGN,HAN,2026-07-03 00:00:00,06:00,08:10,Eco,583400,378
2025-06-20T04:41:11.299Z,VJ122,Airbus A321,SGN,HAN,2026-07-03 00:00:00,06:30,08:40,Eco,583400,378
2025-06-20T04:41:11.299Z,VJ128,Airbus A320,SGN,HAN,2026-07-03 00:00:00,08:10,10:20,Eco,583400,378
2025-06-20T04:41:11.299Z,VJ176,Airbus A320,SGN,HAN,2026-07-03 00:00:00,09:30,11:40,Eco,583400,378
2025-06-20T04:41:11.299Z,VJ132,Airbus A320,SGN,HAN,2026-07-03 00:00:00,11:10,13:20,Eco,583400,378
2025-06-20T04:41:11.299Z,VJ134,Airbus A320,SGN,HAN,2026-07-03 00:00:00,12:30,14:40,Eco,583400,378
2025-06-20T04:41:11.299Z,VJ194,Airbus A321,SGN,HAN,2026-08-03 00:00:00,05:00,07:10,Eco,583400,409
2025-06-20T04:41:11.299Z,VJ198,Airbus A321,SGN,HAN,2026-08-03 00:00:00,05:20,07:30,Eco,583400,409
2025-06-20T04:41:11.299Z,VJ120,Airbus A320,SGN,HAN,2026-08-03 00:00:00,06:00,08:10,Eco,583400,409
2025-06-20T04:41:11.299Z,VJ122,Airbus A321,SGN,HAN,2026-08-03 00:00:00,06:30,08:40,Eco,583400,409
2025-06-20T04:41:11.299Z,VJ128,Airbus A320,SGN,HAN,2026-08-03 00:00:00,08:10,10:20,Eco,583400,409
2025-06-20T04:41:11.299Z,VJ176,Airbus A320,SGN,HAN,2026-08-03 00:00:00,09:30,11:40,Eco,583400,409
2025-06-20T04:41:11.299Z,VJ132,Airbus A320,SGN,HAN,2026-08-03 00:00:00,11:10,13:20,Eco,583400,409
2025-06-20T04:41:11.299Z,VJ134,Airbus A320,SGN,HAN,2026-08-03 00:00:00,12:30,14:40,Eco,583400,409
2025-06-20T04:41:11.299Z,VJ194,Airbus A321,SGN,HAN,2026-09-03 00:00:00,05:00,07:10,Eco,583400,440
2025-06-20T04:41:11.299Z,VJ198,Airbus A321,SGN,HAN,2026-09-03 00:00:00,05:20,07:30,Eco,583400,440
2025-06-20T04:41:11.299Z,VJ120,Airbus A320,SGN,HAN,2026-09-03 00:00:00,06:00,08:10,Eco,583400,440
2025-06-20T04:41:11.299Z,VJ122,Airbus A321,SGN,HAN,2026-09-03 00:00:00,06:30,08:40,Eco,583400,440
2025-06-20T04:41:11.299Z,VJ176,Airbus A320,SGN,HAN,2026-09-03 00:00:00,09:30,11:40,Eco,583400,440
2025-06-20T04:41:11.299Z,VJ132,Airbus A320,SGN,HAN,2026-09-03 00:00:00,11:10,13:20,Eco,583400,440
2025-06-20T04:41:11.299Z,VJ134,Airbus A320,SGN,HAN,2026-09-03 00:00:00,12:30,14:40,Eco,583400,440
2025-06-20T04:41:11.299Z,VJ194,Airbus A321,SGN,HAN,2026-10-03 00:00:00,05:00,07:10,Eco,583400,470
2025-06-20T04:41:11.299Z,VJ198,Airbus A321,SGN,HAN,2026-10-03 00:00:00,05:20,07:30,Eco,583400,470
2025-06-20T04:41:11.299Z,VJ120,Airbus A320,SGN,HAN,2026-10-03 00:00:00,06:00,08:10,Eco,583400,470
2025-06-20T04:41:11.299Z,VJ122,Airbus A321,SGN,HAN,2026-10-03 00:00:00,06:30,08:40,Eco,583400,470
2025-06-20T04:41:11.299Z,VJ128,Airbus A320,SGN,HAN,2026-10-03 00:00:00,08:10,10:20,Eco,583400,470
2025-06-20T04:41:11.299Z,VJ176,Airbus A320,SGN,HAN,2026-10-03 00:00:00,09:30,11:40,Eco,583400,470
2025-06-20T04:41:11.299Z,VJ132,Airbus A320,SGN,HAN,2026-10-03 00:00:00,11:10,13:20,Eco,583400,470
2025-06-20T04:41:11.299Z,VJ134,Airbus A320,SGN,HAN,2026-10-03 00:00:00,12:30,14:40,Eco,583400,470
2025-06-20T04:41:11.299Z,VJ194,Airbus A321,SGN,HAN,2026-11-03 00:00:00,05:00,07:10,Eco,583400,501
2025-06-20T04:41:11.299Z,VJ198,Airbus A321,SGN,HAN,2026-11-03 00:00:00,05:20,07:30,Eco,583400,501
2025-06-20T04:41:11.299Z,VJ120,Airbus A320,SGN,HAN,2026-11-03 00:00:00,06:00,08:10,Eco,583400,501
2025-06-20T04:41:11.299Z,VJ122,Airbus A321,SGN,HAN,2026-11-03 00:00:00,06:30,08:40,Eco,583400,501
2025-06-20T04:41:11.299Z,VJ128,Airbus A320,SGN,HAN,2026-11-03 00:00:00,08:10,10:20,Eco,583400,501
2025-06-20T04:41:11.299Z,VJ176,Airbus A320,SGN,HAN,2026-11-03 00:00:00,09:30,11:40,Eco,583400,501
2025-06-20T04:41:11.299Z,VJ132,Airbus A320,SGN,HAN,2026-11-03 00:00:00,11:10,13:20,Eco,583400,501
2025-06-20T04:41:11.299Z,VJ134,Airbus A320,SGN,HAN,2026-11-03 00:00:00,12:30,14:40,Eco,583400,501
2025-06-20T04:41:11.299Z,VJ194,Airbus A321,SGN,HAN,2026-12-03 00:00:00,05:00,07:10,Eco,583400,531
2025-06-20T04:41:11.299Z,VJ198,Airbus A321,SGN,HAN,2026-12-03 00:00:00,05:20,07:30,Eco,583400,531
2025-06-20T04:41:11.299Z,VJ120,Airbus A320,SGN,HAN,2026-12-03 00:00:00,06:00,08:10,Eco,583400,531
2025-06-20T04:41:11.299Z,VJ122,Airbus A321,SGN,HAN,2026-12-03 00:00:00,06:30,08:40,Eco,583400,531
2025-06-20T04:41:11.299Z,VJ128,Airbus A320,SGN,HAN,2026-12-03 00:00:00,08:10,10:20,Eco,583400,531
2025-06-20T04:41:11.299Z,VJ176,Airbus A320,SGN,HAN,2026-12-03 00:00:00,09:30,11:40,Eco,583400,531
2025-06-20T04:41:11.299Z,VJ132,Airbus A320,SGN,HAN,2026-12-03 00:00:00,11:10,13:20,Eco,583400,531
2025-06-20T04:41:11.299Z,VJ134,Airbus A320,SGN,HAN,2026-12-03 00:00:00,12:30,14:40,Eco,583400,531
2025-06-20T04:41:11.299Z,VJ194,Airbus A321,SGN,HAN,2026-03-13 00:00:00,05:00,07:10,Eco,583400,266
2025-06-20T04:41:11.299Z,VJ198,Airbus A321,SGN,HAN,2026-03-13 00:00:00,05:20,07:30,Eco,583400,266
2025-06-20T04:41:11.299Z,VJ120,Airbus A320,SGN,HAN,2026-03-13 00:00:00,06:00,08:10,Eco,583400,266
2025-06-20T04:41:11.299Z,VJ122,Airbus A321,SGN,HAN,2026-03-13 00:00:00,06:30,08:40,Eco,583400,266
2025-06-20T04:41:11.299Z,VJ128,Airbus A320,SGN,HAN,2026-03-13 00:00:00,08:10,10:20,Eco,583400,266
2025-06-20T04:41:11.299Z,VJ176,Airbus A320,SGN,HAN,2026-03-13 00:00:00,09:30,11:40,Eco,583400,266
2025-06-20T04:41:11.299Z,VJ132,Airbus A320,SGN,HAN,2026-03-13 00:00:00,11:10,13:20,Eco,583400,266
2025-06-20T04:41:11.299Z,VJ134,Airbus A320,SGN,HAN,2026-03-13 00:00:00,12:30,14:40,Eco,583400,266
2025-06-20T04:41:11.299Z,VJ194,Airbus A321,SGN,HAN,2026-03-14 00:00:00,05:00,07:10,Eco,583400,267
2025-06-20T04:41:11.299Z,VJ198,Airbus A321,SGN,HAN,2026-03-14 00:00:00,05:20,07:30,Eco,583400,267
2025-06-20T04:41:11.299Z,VJ120,Airbus A320,SGN,HAN,2026-03-14 00:00:00,06:00,08:10,Eco,583400,267
2025-06-20T04:41:11.299Z,VJ122,Airbus A321,SGN,HAN,2026-03-14 00:00:00,06:30,08:40,Eco,583400,267
2025-06-20T04:41:11.299Z,VJ128,Airbus A320,SGN,HAN,2026-03-14 00:00:00,08:10,10:20,Eco,583400,267
2025-06-20T04:41:11.299Z,VJ176,Airbus A320,SGN,HAN,2026-03-14 00:00:00,09:30,11:40,Eco,583400,267
2025-06-20T04:41:11.299Z,VJ132,Airbus A320,SGN,HAN,2026-03-14 00:00:00,11:10,13:20,Eco,583400,267
2025-06-20T04:41:11.299Z,VJ134,Airbus A320,SGN,HAN,2026-03-14 00:00:00,12:30,14:40,Eco,583400,267
2025-06-20T04:41:11.299Z,VJ194,Airbus A321,SGN,HAN,2026-03-15 00:00:00,05:00,07:10,Eco,583400,268
2025-06-20T04:41:11.299Z,VJ198,Airbus A321,SGN,HAN,2026-03-15 00:00:00,05:20,07:30,Eco,583400,268
2025-06-20T04:41:11.299Z,VJ120,Airbus A320,SGN,HAN,2026-03-15 00:00:00,06:00,08:10,Eco,583400,268
2025-06-20T04:41:11.299Z,VJ122,Airbus A321,SGN,HAN,2026-03-15 00:00:00,06:30,08:40,Eco,583400,268
2025-06-20T04:41:11.299Z,VJ128,Airbus A320,SGN,HAN,2026-03-15 00:00:00,08:10,10:20,Eco,583400,268
2025-06-20T04:41:11.299Z,VJ176,Airbus A320,SGN,HAN,2026-03-15 00:00:00,09:30,11:40,Eco,583400,268
2025-06-20T04:41:11.299Z,VJ132,Airbus A320,SGN,HAN,2026-03-15 00:00:00,11:10,13:20,Eco,583400,268
2025-06-20T04:41:11.299Z,VJ134,Airbus A320,SGN,HAN,2026-03-15 00:00:00,12:30,14:40,Eco,583400,268
2025-06-20T04:41:11.299Z,VJ194,Airbus A321,SGN,HAN,2026-03-16 00:00:00,05:00,07:10,Eco,583400,269
2025-06-20T04:41:11.299Z,VJ198,Airbus A321,SGN,HAN,2026-03-16 00:00:00,05:20,07:30,Eco,583400,269
2025-06-20T04:41:11.299Z,VJ120,Airbus A320,SGN,HAN,2026-03-16 00:00:00,06:00,08:10,Eco,583400,269
2025-06-20T04:41:11.299Z,VJ122,Airbus A321,SGN,HAN,2026-03-16 00:00:00,06:30,08:40,Eco,583400,269
2025-06-20T04:41:11.299Z,VJ128,Airbus A320,SGN,HAN,2026-03-16 00:00:00,08:10,10:20,Eco,583400,269
2025-06-20T04:41:11.299Z,VJ176,Airbus A320,SGN,HAN,2026-03-16 00:00:00,09:30,11:40,Eco,583400,269
2025-06-20T04:41:11.299Z,VJ132,Airbus A320,SGN,HAN,2026-03-16 00:00:00,11:10,13:20,Eco,583400,269
2025-06-20T04:41:11.299Z,VJ194,Airbus A321,SGN,HAN,2026-03-17 00:00:00,05:00,07:10,Eco,583400,270
2025-06-20T04:41:11.299Z,VJ198,Airbus A321,SGN,HAN,2026-03-17 00:00:00,05:20,07:30,Eco,583400,270
2025-06-20T04:41:11.299Z,VJ120,Airbus A320,SGN,HAN,2026-03-17 00:00:00,06:00,08:10,Eco,583400,270
2025-06-20T04:41:11.299Z,VJ122,Airbus A321,SGN,HAN,2026-03-17 00:00:00,06:30,08:40,Eco,583400,270
2025-06-20T04:41:11.299Z,VJ128,Airbus A320,SGN,HAN,2026-03-17 00:00:00,08:10,10:20,Eco,583400,270
2025-06-20T04:41:11.299Z,VJ176,Airbus A320,SGN,HAN,2026-03-17 00:00:00,09:30,11:40,Eco,583400,270
2025-06-20T04:41:11.299Z,VJ132,Airbus A320,SGN,HAN,2026-03-17 00:00:00,11:10,13:20,Eco,583400,270
2025-06-20T04:41:11.299Z,VJ134,Airbus A320,SGN,HAN,2026-03-17 00:00:00,12:30,14:40,Eco,583400,270
2025-06-20T04:41:11.299Z,VJ194,Airbus A321,SGN,HAN,2026-03-18 00:00:00,05:00,07:10,Eco,583400,271
2025-06-20T04:41:11.299Z,VJ198,Airbus A321,SGN,HAN,2026-03-18 00:00:00,05:20,07:30,Eco,583400,271
2025-06-20T04:41:11.299Z,VJ120,Airbus A320,SGN,HAN,2026-03-18 00:00:00,06:00,08:10,Eco,583400,271
2025-06-20T04:41:11.299Z,VJ122,Airbus A321,SGN,HAN,2026-03-18 00:00:00,06:30,08:40,Eco,583400,271
2025-06-20T04:41:11.299Z,VJ128,Airbus A320,SGN,HAN,2026-03-18 00:00:00,08:10,10:20,Eco,583400,271
2025-06-20T04:41:11.299Z,VJ176,Airbus A320,SGN,HAN,2026-03-18 00:00:00,09:30,11:40,Eco,583400,271
2025-06-20T04:41:11.299Z,VJ132,Airbus A320,SGN,HAN,2026-03-18 00:00:00,11:10,13:20,Eco,583400,271
2025-06-20T04:41:11.299Z,VJ134,Airbus A320,SGN,HAN,2026-03-18 00:00:00,12:30,14:40,Eco,583400,271
2025-06-20T04:41:11.299Z,VJ194,Airbus A321,SGN,HAN,2026-03-19 00:00:00,05:00,07:10,Eco,583400,272
2025-06-20T04:41:11.299Z,VJ198,Airbus A321,SGN,HAN,2026-03-19 00:00:00,05:20,07:30,Eco,583400,272
2025-06-20T04:41:11.299Z,VJ120,Airbus A320,SGN,HAN,2026-03-19 00:00:00,06:00,08:10,Eco,583400,272
2025-06-20T04:41:11.299Z,VJ122,Airbus A321,SGN,HAN,2026-03-19 00:00:00,06:30,08:40,Eco,583400,272
2025-06-20T04:41:11.299Z,VJ128,Airbus A320,SGN,HAN,2026-03-19 00:00:00,08:10,10:20,Eco,583400,272
2025-06-20T04:41:11.299Z,VJ176,Airbus A320,SGN,HAN,2026-03-19 00:00:00,09:30,11:40,Eco,583400,272
2025-06-20T04:41:11.299Z,VJ132,Airbus A320,SGN,HAN,2026-03-19 00:00:00,11:10,13:20,Eco,583400,272
2025-06-20T04:41:11.299Z,VJ134,Airbus A320,SGN,HAN,2026-03-19 00:00:00,12:30,14:40,Eco,583400,272
2025-06-20T04:41:11.299Z,VJ194,Airbus A321,SGN,HAN,2026-03-20 00:00:00,05:00,07:10,Eco,583400,273
2025-06-20T04:41:11.299Z,VJ198,Airbus A321,SGN,HAN,2026-03-20 00:00:00,05:20,07:30,Eco,583400,273
2025-06-20T04:41:11.299Z,VJ120,Airbus A320,SGN,HAN,2026-03-20 00:00:00,06:00,08:10,Eco,583400,273
2025-06-20T04:41:11.299Z,VJ122,Airbus A321,SGN,HAN,2026-03-20 00:00:00,06:30,08:40,Eco,583400,273
2025-06-20T04:41:11.299Z,VJ128,Airbus A320,SGN,HAN,2026-03-20 00:00:00,08:10,10:20,Eco,583400,273
2025-06-20T04:41:11.299Z,VJ176,Airbus A320,SGN,HAN,2026-03-20 00:00:00,09:30,11:40,Eco,583400,273
2025-06-20T04:41:11.299Z,VJ132,Airbus A320,SGN,HAN,2026-03-20 00:00:00,11:10,13:20,Eco,583400,273
2025-06-20T04:41:11.299Z,VJ134,Airbus A320,SGN,HAN,2026-03-20 00:00:00,12:30,14:40,Eco,583400,273
2025-06-20T04:41:11.299Z,VJ194,Airbus A321,SGN,HAN,2026-03-21 00:00:00,05:00,07:10,Eco,583400,274
2025-06-20T04:41:11.299Z,VJ198,Airbus A321,SGN,HAN,2026-03-21 00:00:00,05:20,07:30,Eco,583400,274
2025-06-20T04:41:11.299Z,VJ120,Airbus A320,SGN,HAN,2026-03-21 00:00:00,06:00,08:10,Eco,583400,274
2025-06-20T04:41:11.299Z,VJ122,Airbus A321,SGN,HAN,2026-03-21 00:00:00,06:30,08:40,Eco,583400,274
2025-06-20T04:41:11.299Z,VJ128,Airbus A320,SGN,HAN,2026-03-21 00:00:00,08:10,10:20,Eco,583400,274
2025-06-20T04:41:11.299Z,VJ132,Airbus A320,SGN,HAN,2026-03-21 00:00:00,11:10,13:20,Eco,583400,274
2025-06-20T04:41:11.299Z,VJ134,Airbus A320,SGN,HAN,2026-03-21 00:00:00,12:30,14:40,Eco,583400,274
2025-06-20T04:41:11.299Z,VJ194,Airbus A321,SGN,HAN,2026-03-22 00:00:00,05:00,07:10,Eco,583400,275
2025-06-20T04:41:11.299Z,VJ198,Airbus A321,SGN,HAN,2026-03-22 00:00:00,05:20,07:30,Eco,583400,275
2025-06-20T04:41:11.299Z,VJ120,Airbus A320,SGN,HAN,2026-03-22 00:00:00,06:00,08:10,Eco,583400,275
2025-06-20T04:41:11.299Z,VJ122,Airbus A321,SGN,HAN,2026-03-22 00:00:00,06:30,08:40,Eco,583400,275
2025-06-20T04:41:11.299Z,VJ128,Airbus A320,SGN,HAN,2026-03-22 00:00:00,08:10,10:20,Eco,583400,275
2025-06-20T04:41:11.299Z,VJ176,Airbus A320,SGN,HAN,2026-03-22 00:00:00,09:30,11:40,Eco,583400,275
2025-06-20T04:41:11.299Z,VJ132,Airbus A320,SGN,HAN,2026-03-22 00:00:00,11:10,13:20,Eco,583400,275
2025-06-20T04:41:11.299Z,VJ134,Airbus A320,SGN,HAN,2026-03-22 00:00:00,12:30,14:40,Eco,583400,275
2025-06-20T04:41:11.299Z,VJ194,Airbus A321,SGN,HAN,2026-03-23 00:00:00,05:00,07:10,Eco,583400,276
2025-06-20T04:41:11.299Z,VJ198,Airbus A321,SGN,HAN,2026-03-23 00:00:00,05:20,07:30,Eco,583400,276
2025-06-20T04:41:11.299Z,VJ120,Airbus A320,SGN,HAN,2026-03-23 00:00:00,06:00,08:10,Eco,583400,276
2025-06-20T04:41:11.299Z,VJ122,Airbus A321,SGN,HAN,2026-03-23 00:00:00,06:30,08:40,Eco,583400,276
2025-06-20T04:41:11.299Z,VJ128,Airbus A320,SGN,HAN,2026-03-23 00:00:00,08:10,10:20,Eco,583400,276
2025-06-20T04:41:11.299Z,VJ176,Airbus A320,SGN,HAN,2026-03-23 00:00:00,09:30,11:40,Eco,583400,276
2025-06-20T04:41:11.299Z,VJ132,Airbus A320,SGN,HAN,2026-03-23 00:00:00,11:10,13:20,Eco,583400,276
2025-06-20T04:41:11.299Z,VJ134,Airbus A320,SGN,HAN,2026-03-23 00:00:00,12:30,14:40,Eco,583400,276
2025-06-20T04:41:11.299Z,VJ194,Airbus A321,SGN,HAN,2026-03-24 00:00:00,05:00,07:10,Eco,583400,277
2025-06-20T04:41:11.299Z,VJ198,Airbus A321,SGN,HAN,2026-03-24 00:00:00,05:20,07:30,Eco,583400,277
2025-06-20T04:41:11.299Z,VJ120,Airbus A320,SGN,HAN,2026-03-24 00:00:00,06:00,08:10,Eco,583400,277
2025-06-20T04:41:11.299Z,VJ122,Airbus A321,SGN,HAN,2026-03-24 00:00:00,06:30,08:40,Eco,583400,277
2025-06-20T04:41:11.299Z,VJ128,Airbus A320,SGN,HAN,2026-03-24 00:00:00,08:10,10:20,Eco,583400,277
2025-06-20T04:41:11.299Z,VJ176,Airbus A320,SGN,HAN,2026-03-24 00:00:00,09:30,11:40,Eco,583400,277
2025-06-20T04:41:11.299Z,VJ132,Airbus A320,SGN,HAN,2026-03-24 00:00:00,11:10,13:20,Eco,583400,277
2025-06-20T04:41:11.299Z,VJ134,Airbus A320,SGN,HAN,2026-03-24 00:00:00,12:30,14:40,Eco,583400,277
2025-06-20T04:41:11.299Z,VJ194,Airbus A321,SGN,HAN,2026-03-25 00:00:00,05:00,07:10,Eco,583400,278
2025-06-20T04:41:11.299Z,VJ198,Airbus A321,SGN,HAN,2026-03-25 00:00:00,05:20,07:30,Eco,583400,278
2025-06-20T04:41:11.299Z,VJ120,Airbus A320,SGN,HAN,2026-03-25 00:00:00,06:00,08:10,Eco,583400,278
2025-06-20T04:41:11.299Z,VJ122,Airbus A321,SGN,HAN,2026-03-25 00:00:00,06:30,08:40,Eco,583400,278
2025-06-20T04:41:11.299Z,VJ128,Airbus A320,SGN,HAN,2026-03-25 00:00:00,08:10,10:20,Eco,583400,278
2025-06-20T04:41:11.299Z,VJ176,Airbus A320,SGN,HAN,2026-03-25 00:00:00,09:30,11:40,Eco,583400,278
2025-06-20T04:41:11.299Z,VJ132,Airbus A320,SGN,HAN,2026-03-25 00:00:00,11:10,13:20,Eco,583400,278
2025-06-20T04:41:11.299Z,VJ134,Airbus A320,SGN,HAN,2026-03-25 00:00:00,12:30,14:40,Eco,583400,278
2025-06-20T04:41:11.299Z,VJ194,Airbus A321,SGN,HAN,2026-03-26 00:00:00,05:00,07:10,Eco,583400,279
2025-06-20T04:41:11.299Z,VJ198,Airbus A321,SGN,HAN,2026-03-26 00:00:00,05:20,07:30,Eco,583400,279
2025-06-20T04:41:11.299Z,VJ120,Airbus A320,SGN,HAN,2026-03-26 00:00:00,06:00,08:10,Eco,583400,279
2025-06-20T04:41:11.299Z,VJ122,Airbus A321,SGN,HAN,2026-03-26 00:00:00,06:30,08:40,Eco,583400,279
2025-06-20T04:41:11.299Z,VJ128,Airbus A320,SGN,HAN,2026-03-26 00:00:00,08:10,10:20,Eco,583400,279
2025-06-20T04:41:11.299Z,VJ176,Airbus A320,SGN,HAN,2026-03-26 00:00:00,09:30,11:40,Eco,583400,279
2025-06-20T04:41:11.299Z,VJ132,Airbus A320,SGN,HAN,2026-03-26 00:00:00,11:10,13:20,Eco,583400,279
2025-06-20T04:41:11.299Z,VJ134,Airbus A320,SGN,HAN,2026-03-26 00:00:00,12:30,14:40,Eco,583400,279
2025-06-20T04:41:11.299Z,VJ194,Airbus A321,SGN,HAN,2026-03-27 00:00:00,05:00,07:10,Eco,583400,280
2025-06-20T04:41:11.299Z,VJ198,Airbus A321,SGN,HAN,2026-03-27 00:00:00,05:20,07:30,Eco,583400,280
2025-06-20T04:41:11.299Z,VJ120,Airbus A320,SGN,HAN,2026-03-27 00:00:00,06:00,08:10,Eco,583400,280
2025-06-20T04:41:11.299Z,VJ122,Airbus A321,SGN,HAN,2026-03-27 00:00:00,06:30,08:40,Eco,583400,280
2025-06-20T04:41:11.299Z,VJ128,Airbus A320,SGN,HAN,2026-03-27 00:00:00,08:10,10:20,Eco,583400,280
2025-06-20T04:41:11.299Z,VJ176,Airbus A320,SGN,HAN,2026-03-27 00:00:00,09:30,11:40,Eco,583400,280
2025-06-20T04:41:11.299Z,VJ132,Airbus A320,SGN,HAN,2026-03-27 00:00:00,11:10,13:20,Eco,583400,280
2025-06-20T04:41:11.299Z,VJ134,Airbus A320,SGN,HAN,2026-03-27 00:00:00,12:30,14:40,Eco,583400,280
2025-06-20T04:41:11.299Z,VJ194,Airbus A321,SGN,HAN,2026-03-28 00:00:00,05:00,07:10,Eco,583400,281
2025-06-20T04:41:11.299Z,VJ198,Airbus A321,SGN,HAN,2026-03-28 00:00:00,05:20,07:30,Eco,583400,281
2025-06-20T04:41:11.299Z,VJ120,Airbus A320,SGN,HAN,2026-03-28 00:00:00,06:00,08:10,Eco,583400,281
2025-06-20T04:41:11.299Z,VJ122,Airbus A321,SGN,HAN,2026-03-28 00:00:00,06:30,08:40,Eco,583400,281
2025-06-20T04:41:11.299Z,VJ128,Airbus A320,SGN,HAN,2026-03-28 00:00:00,08:10,10:20,Eco,583400,281
2025-06-20T04:41:11.299Z,VJ176,Airbus A320,SGN,HAN,2026-03-28 00:00:00,09:30,11:40,Eco,583400,281
2025-06-20T04:41:11.299Z,VJ132,Airbus A320,SGN,HAN,2026-03-28 00:00:00,11:10,13:20,Eco,583400,281
2025-06-20T04:41:11.299Z,VJ134,Airbus A320,SGN,HAN,2026-03-28 00:00:00,12:30,14:40,Eco,583400,281
2025-06-20T04:41:11.299Z,VJ194,Airbus A321,SGN,HAN,2026-03-29 00:00:00,05:00,07:10,Eco,583400,282
2025-06-20T04:41:11.299Z,VJ198,Airbus A321,SGN,HAN,2026-03-29 00:00:00,05:20,07:30,Eco,583400,282
2025-06-20T04:41:11.299Z,VJ120,Airbus A320,SGN,HAN,2026-03-29 00:00:00,06:00,08:10,Eco,583400,282
2025-06-20T04:41:11.299Z,VJ122,Airbus A321,SGN,HAN,2026-03-29 00:00:00,06:30,08:40,Eco,583400,282
2025-06-20T04:41:11.299Z,VJ128,Airbus A320,SGN,HAN,2026-03-29 00:00:00,08:10,10:20,Eco,583400,282
2025-06-20T04:41:11.299Z,VJ176,Airbus A320,SGN,HAN,2026-03-29 00:00:00,09:30,11:40,Eco,583400,282
2025-06-20T04:41:11.299Z,VJ132,Airbus A320,SGN,HAN,2026-03-29 00:00:00,11:10,13:20,Eco,583400,282
2025-06-20T04:41:11.299Z,VJ134,Airbus A320,SGN,HAN,2026-03-29 00:00:00,12:30,14:40,Eco,583400,282
2025-06-20T08:10:03.552Z,VJ194,Airbus A321,SGN,HAN,2026-01-01 00:00:00,05:00,07:10,Eco,583400,195
2025-06-20T08:10:03.552Z,VJ198,Airbus A321,SGN,HAN,2026-01-01 00:00:00,05:20,07:30,Eco,583400,195
2025-06-20T08:10:03.552Z,VJ194,Airbus A321,SGN,HAN,2026-02-01 00:00:00,05:00,07:10,Eco,583400,226
2025-06-20T08:10:03.552Z,VJ198,Airbus A321,SGN,HAN,2026-02-01 00:00:00,05:20,07:30,Eco,583400,226
2025-06-20T08:10:03.552Z,VJ120,Airbus A320,SGN,HAN,2026-02-01 00:00:00,06:00,08:10,Eco,583400,226
2025-06-20T08:10:03.552Z,VJ122,Airbus A321,SGN,HAN,2026-02-01 00:00:00,06:30,08:40,Eco,583400,226
2025-06-20T08:10:03.552Z,VJ132,Airbus A320,SGN,HAN,2026-02-01 00:00:00,11:10,13:20,Eco,583400,226
2025-06-20T08:10:03.552Z,VJ134,Airbus A320,SGN,HAN,2026-02-01 00:00:00,12:30,14:40,Eco,583400,226
2025-06-20T08:10:03.552Z,VJ194,Airbus A321,SGN,HAN,2026-03-01 00:00:00,05:00,07:10,Eco,583400,254
2025-06-20T08:10:03.552Z,VJ198,Airbus A321,SGN,HAN,2026-03-01 00:00:00,05:20,07:30,Eco,583400,254
2025-06-20T08:10:03.552Z,VJ120,Airbus A320,SGN,HAN,2026-03-01 00:00:00,06:00,08:10,Eco,583400,254
2025-06-20T08:10:03.552Z,VJ122,Airbus A321,SGN,HAN,2026-03-01 00:00:00,06:30,08:40,Eco,583400,254
2025-06-20T08:10:03.552Z,VJ176,Airbus A320,SGN,HAN,2026-03-01 00:00:00,09:30,11:40,Eco,583400,254
2025-06-20T08:10:03.552Z,VJ134,Airbus A320,SGN,HAN,2026-03-01 00:00:00,12:30,14:40,Eco,583400,254
2025-06-20T08:10:03.552Z,VJ194,Airbus A321,SGN,HAN,2026-04-01 00:00:00,05:00,07:10,Eco,583400,285
2025-06-20T08:10:03.552Z,VJ198,Airbus A321,SGN,HAN,2026-04-01 00:00:00,05:20,07:30,Eco,583400,285
2025-06-20T08:10:03.552Z,VJ120,Airbus A320,SGN,HAN,2026-04-01 00:00:00,06:00,08:10,Eco,583400,285
2025-06-20T08:10:03.552Z,VJ122,Airbus A321,SGN,HAN,2026-04-01 00:00:00,06:30,08:40,Eco,583400,285
2025-06-20T08:10:03.552Z,VJ128,Airbus A320,SGN,HAN,2026-04-01 00:00:00,08:10,10:20,Eco,583400,285
2025-06-20T08:10:03.552Z,VJ134,Airbus A320,SGN,HAN,2026-04-01 00:00:00,12:30,14:40,Eco,583400,285
2025-06-20T08:10:03.552Z,VJ194,Airbus A321,SGN,HAN,2026-05-01 00:00:00,05:00,07:10,Eco,583400,315
2025-06-20T08:10:03.552Z,VJ198,Airbus A321,SGN,HAN,2026-05-01 00:00:00,05:20,07:30,Eco,583400,315
2025-06-20T08:10:03.552Z,VJ120,Airbus A320,SGN,HAN,2026-05-01 00:00:00,06:00,08:10,Eco,583400,315
2025-06-20T08:10:03.552Z,VJ176,Airbus A320,SGN,HAN,2026-05-01 00:00:00,09:30,11:40,Eco,583400,315
2025-06-20T08:10:03.552Z,VJ134,Airbus A320,SGN,HAN,2026-05-01 00:00:00,12:30,14:40,Eco,583400,315
2025-06-20T08:10:03.552Z,VJ194,Airbus A321,SGN,HAN,2026-06-01 00:00:00,05:00,07:10,Eco,583400,346
2025-06-20T08:10:03.552Z,VJ198,Airbus A321,SGN,HAN,2026-06-01 00:00:00,05:20,07:30,Eco,583400,346
2025-06-20T08:10:03.552Z,VJ120,Airbus A320,SGN,HAN,2026-06-01 00:00:00,06:00,08:10,Eco,583400,346
2025-06-20T08:10:03.552Z,VJ176,Airbus A320,SGN,HAN,2026-06-01 00:00:00,09:30,11:40,Eco,583400,346
2025-06-20T08:10:03.552Z,VJ134,Airbus A320,SGN,HAN,2026-06-01 00:00:00,12:30,14:40,Eco,583400,346
2025-06-20T08:10:03.552Z,VJ198,Airbus A321,SGN,HAN,2026-07-01 00:00:00,05:20,07:30,Eco,583400,376
2025-06-20T08:10:03.552Z,VJ120,Airbus A320,SGN,HAN,2026-07-01 00:00:00,06:00,08:10,Eco,583400,376
2025-06-20T08:10:03.552Z,VJ128,Airbus A320,SGN,HAN,2026-07-01 00:00:00,08:10,10:20,Eco,583400,376
2025-06-20T08:10:03.552Z,VJ176,Airbus A320,SGN,HAN,2026-07-01 00:00:00,09:30,11:40,Eco,583400,376
2025-06-20T08:10:03.552Z,VJ134,Airbus A320,SGN,HAN,2026-07-01 00:00:00,12:30,14:40,Eco,583400,376
2025-06-20T08:10:03.552Z,VJ194,Airbus A321,SGN,HAN,2026-08-01 00:00:00,05:00,07:10,Eco,583400,407
2025-06-20T08:10:03.552Z,VJ198,Airbus A321,SGN,HAN,2026-08-01 00:00:00,05:20,07:30,Eco,583400,407
2025-06-20T08:10:03.552Z,VJ120,Airbus A320,SGN,HAN,2026-08-01 00:00:00,06:00,08:10,Eco,583400,407
2025-06-20T08:10:03.552Z,VJ194,Airbus A321,SGN,HAN,2026-09-01 00:00:00,05:00,07:10,Eco,583400,438
2025-06-20T08:10:03.552Z,VJ134,Airbus A320,SGN,HAN,2026-09-01 00:00:00,12:30,14:40,Eco,583400,438
2025-06-20T08:10:03.552Z,VJ194,Airbus A321,SGN,HAN,2026-10-01 00:00:00,05:00,07:10,Eco,583400,468
2025-06-20T08:10:03.552Z,VJ198,Airbus A321,SGN,HAN,2026-10-01 00:00:00,05:20,07:30,Eco,583400,468
2025-06-20T08:10:03.552Z,VJ120,Airbus A320,SGN,HAN,2026-10-01 00:00:00,06:00,08:10,Eco,583400,468
2025-06-20T08:10:03.552Z,VJ176,Airbus A320,SGN,HAN,2026-10-01 00:00:00,09:30,11:40,Eco,583400,468
2025-06-20T08:10:03.552Z,VJ132,Airbus A320,SGN,HAN,2026-10-01 00:00:00,11:10,13:20,Eco,583400,468
2025-06-20T08:10:03.552Z,VJ134,Airbus A320,SGN,HAN,2026-10-01 00:00:00,12:30,14:40,Eco,583400,468
2025-06-20T08:10:03.552Z,VJ120,Airbus A320,SGN,HAN,2026-11-01 00:00:00,06:00,08:10,Eco,583400,499
2025-06-20T08:10:03.552Z,VJ128,Airbus A320,SGN,HAN,2026-11-01 00:00:00,08:10,10:20,Eco,583400,499
2025-06-20T08:10:03.552Z,VJ176,Airbus A320,SGN,HAN,2026-11-01 00:00:00,09:30,11:40,Eco,583400,499
2025-06-20T08:10:03.552Z,VJ132,Airbus A320,SGN,HAN,2026-11-01 00:00:00,11:10,13:20,Eco,583400,499
2025-06-20T08:10:03.552Z,VJ134,Airbus A320,SGN,HAN,2026-11-01 00:00:00,12:30,14:40,Eco,583400,499
2025-06-20T08:10:03.552Z,VJ194,Airbus A321,SGN,HAN,2026-12-01 00:00:00,05:00,07:10,Eco,583400,529
2025-06-20T08:10:03.552Z,VJ198,Airbus A321,SGN,HAN,2026-12-01 00:00:00,05:20,07:30,Eco,583400,529
2025-06-20T08:10:03.552Z,VJ176,Airbus A320,SGN,HAN,2026-12-01 00:00:00,09:30,11:40,Eco,583400,529
2025-06-20T08:10:03.552Z,VJ132,Airbus A320,SGN,HAN,2026-12-01 00:00:00,11:10,13:20,Eco,583400,529
2025-06-20T08:10:03.552Z,VJ134,Airbus A320,SGN,HAN,2026-12-01 00:00:00,12:30,14:40,Eco,583400,529
2025-06-20T08:10:03.552Z,VJ194,Airbus A321,SGN,HAN,2026-01-13 00:00:00,05:00,07:10,Eco,583400,207
2025-06-20T08:10:03.552Z,VJ120,Airbus A320,SGN,HAN,2026-01-13 00:00:00,06:00,08:10,Eco,583400,207
2025-06-20T08:10:03.552Z,VJ128,Airbus A320,SGN,HAN,2026-01-13 00:00:00,08:10,10:20,Eco,583400,207
2025-06-20T08:10:03.552Z,VJ176,Airbus A320,SGN,HAN,2026-01-13 00:00:00,09:30,11:40,Eco,583400,207
2025-06-20T08:10:03.552Z,VJ134,Airbus A320,SGN,HAN,2026-01-13 00:00:00,12:30,14:40,Eco,583400,207
2025-06-20T08:10:03.552Z,VJ194,Airbus A321,SGN,HAN,2026-01-14 00:00:00,05:00,07:10,Eco,583400,208
2025-06-20T08:10:03.552Z,VJ198,Airbus A321,SGN,HAN,2026-01-14 00:00:00,05:20,07:30,Eco,583400,208
2025-06-20T08:10:03.552Z,VJ120,Airbus A320,SGN,HAN,2026-01-14 00:00:00,06:00,08:10,Eco,583400,208
2025-06-20T08:10:03.552Z,VJ128,Airbus A320,SGN,HAN,2026-01-14 00:00:00,08:10,10:20,Eco,583400,208
2025-06-20T08:10:03.552Z,VJ132,Airbus A320,SGN,HAN,2026-01-14 00:00:00,11:10,13:20,Eco,583400,208
2025-06-20T08:10:03.552Z,VJ134,Airbus A320,SGN,HAN,2026-01-14 00:00:00,12:30,14:40,Eco,583400,208
2025-06-20T08:10:03.552Z,VJ198,Airbus A321,SGN,HAN,2026-01-15 00:00:00,05:20,07:30,Eco,583400,209
2025-06-20T08:10:03.552Z,VJ120,Airbus A320,SGN,HAN,2026-01-15 00:00:00,06:00,08:10,Eco,583400,209
2025-06-20T08:10:03.552Z,VJ122,Airbus A321,SGN,HAN,2026-01-15 00:00:00,06:30,08:40,Eco,583400,209
2025-06-20T08:10:03.552Z,VJ128,Airbus A320,SGN,HAN,2026-01-15 00:00:00,08:10,10:20,Eco,583400,209
2025-06-20T08:10:03.552Z,VJ134,Airbus A320,SGN,HAN,2026-01-15 00:00:00,12:30,14:40,Eco,583400,209
2025-06-20T08:10:03.552Z,VJ194,Airbus A321,SGN,HAN,2026-01-16 00:00:00,05:00,07:10,Eco,583400,210
2025-06-20T08:10:03.552Z,VJ128,Airbus A320,SGN,HAN,2026-01-16 00:00:00,08:10,10:20,Eco,583400,210
2025-06-20T08:10:03.552Z,VJ132,Airbus A320,SGN,HAN,2026-01-16 00:00:00,11:10,13:20,Eco,583400,210
2025-06-20T08:10:03.552Z,VJ134,Airbus A320,SGN,HAN,2026-01-16 00:00:00,12:30,14:40,Eco,583400,210
2025-06-20T08:10:03.552Z,VJ194,Airbus A321,SGN,HAN,2026-01-17 00:00:00,05:00,07:10,Eco,583400,211
2025-06-20T08:10:03.552Z,VJ198,Airbus A321,SGN,HAN,2026-01-17 00:00:00,05:20,07:30,Eco,583400,211
2025-06-20T08:10:03.552Z,VJ128,Airbus A320,SGN,HAN,2026-01-17 00:00:00,08:10,10:20,Eco,583400,211
2025-06-20T08:10:03.552Z,VJ176,Airbus A320,SGN,HAN,2026-01-17 00:00:00,09:30,11:40,Eco,583400,211
2025-06-20T08:10:03.552Z,VJ194,Airbus A321,SGN,HAN,2026-01-18 00:00:00,05:00,07:10,Eco,583400,212
2025-06-20T08:10:03.552Z,VJ198,Airbus A321,SGN,HAN,2026-01-18 00:00:00,05:20,07:30,Eco,583400,212
2025-06-20T08:10:03.552Z,VJ120,Airbus A320,SGN,HAN,2026-01-18 00:00:00,06:00,08:10,Eco,583400,212
2025-06-20T08:10:03.552Z,VJ128,Airbus A320,SGN,HAN,2026-01-18 00:00:00,08:10,10:20,Eco,583400,212
2025-06-20T08:10:03.552Z,VJ176,Airbus A320,SGN,HAN,2026-01-18 00:00:00,09:30,11:40,Eco,583400,212
2025-06-20T08:10:03.552Z,VJ134,Airbus A320,SGN,HAN,2026-01-18 00:00:00,12:30,14:40,Eco,583400,212
2025-06-20T08:10:03.552Z,VJ194,Airbus A321,SGN,HAN,2026-01-19 00:00:00,05:00,07:10,Eco,583400,213
2025-06-20T08:10:03.552Z,VJ198,Airbus A321,SGN,HAN,2026-01-19 00:00:00,05:20,07:30,Eco,583400,213
2025-06-20T08:10:03.552Z,VJ120,Airbus A320,SGN,HAN,2026-01-19 00:00:00,06:00,08:10,Eco,583400,213
2025-06-20T08:10:03.552Z,VJ128,Airbus A320,SGN,HAN,2026-01-19 00:00:00,08:10,10:20,Eco,583400,213
2025-06-20T08:10:03.552Z,VJ132,Airbus A320,SGN,HAN,2026-01-19 00:00:00,11:10,13:20,Eco,583400,213
2025-06-20T08:10:03.552Z,VJ194,Airbus A321,SGN,HAN,2026-01-20 00:00:00,05:00,07:10,Eco,583400,214
2025-06-20T08:10:03.552Z,VJ198,Airbus A321,SGN,HAN,2026-01-20 00:00:00,05:20,07:30,Eco,583400,214
2025-06-20T08:10:03.552Z,VJ120,Airbus A320,SGN,HAN,2026-01-20 00:00:00,06:00,08:10,Eco,583400,214
2025-06-20T08:10:03.552Z,VJ122,Airbus A321,SGN,HAN,2026-01-20 00:00:00,06:30,08:40,Eco,583400,214
2025-06-20T08:10:03.552Z,VJ128,Airbus A320,SGN,HAN,2026-01-20 00:00:00,08:10,10:20,Eco,583400,214
2025-06-20T08:10:03.552Z,VJ176,Airbus A320,SGN,HAN,2026-01-20 00:00:00,09:30,11:40,Eco,583400,214
2025-06-20T08:10:03.552Z,VJ132,Airbus A320,SGN,HAN,2026-01-20 00:00:00,11:10,13:20,Eco,583400,214
2025-06-20T08:10:03.552Z,VJ194,Airbus A321,SGN,HAN,2026-01-21 00:00:00,05:00,07:10,Eco,583400,215
2025-06-20T08:10:03.552Z,VJ198,Airbus A321,SGN,HAN,2026-01-21 00:00:00,05:20,07:30,Eco,583400,215
2025-06-20T08:10:03.552Z,VJ120,Airbus A320,SGN,HAN,2026-01-21 00:00:00,06:00,08:10,Eco,583400,215
2025-06-20T08:10:03.552Z,VJ128,Airbus A320,SGN,HAN,2026-01-21 00:00:00,08:10,10:20,Eco,583400,215
2025-06-20T08:10:03.552Z,VJ176,Airbus A320,SGN,HAN,2026-01-21 00:00:00,09:30,11:40,Eco,583400,215
2025-06-20T08:10:03.552Z,VJ132,Airbus A320,SGN,HAN,2026-01-21 00:00:00,11:10,13:20,Eco,583400,215
2025-06-20T08:10:03.552Z,VJ194,Airbus A321,SGN,HAN,2026-01-22 00:00:00,05:00,07:10,Eco,583400,216
2025-06-20T08:10:03.552Z,VJ198,Airbus A321,SGN,HAN,2026-01-22 00:00:00,05:20,07:30,Eco,583400,216
2025-06-20T08:10:03.552Z,VJ120,Airbus A320,SGN,HAN,2026-01-22 00:00:00,06:00,08:10,Eco,583400,216
2025-06-20T08:10:03.552Z,VJ128,Airbus A320,SGN,HAN,2026-01-22 00:00:00,08:10,10:20,Eco,583400,216
2025-06-20T08:10:03.552Z,VJ176,Airbus A320,SGN,HAN,2026-01-22 00:00:00,09:30,11:40,Eco,583400,216
2025-06-20T08:10:03.552Z,VJ132,Airbus A320,SGN,HAN,2026-01-22 00:00:00,11:10,13:20,Eco,583400,216
2025-06-20T08:10:03.552Z,VJ194,Airbus A321,SGN,HAN,2026-01-23 00:00:00,05:00,07:10,Eco,583400,217
2025-06-20T08:10:03.552Z,VJ120,Airbus A320,SGN,HAN,2026-01-23 00:00:00,06:00,08:10,Eco,583400,217
2025-06-20T08:10:03.552Z,VJ122,Airbus A321,SGN,HAN,2026-01-23 00:00:00,06:30,08:40,Eco,583400,217
2025-06-20T08:10:03.552Z,VJ128,Airbus A320,SGN,HAN,2026-01-23 00:00:00,08:10,10:20,Eco,583400,217
2025-06-20T08:10:03.552Z,VJ176,Airbus A320,SGN,HAN,2026-01-23 00:00:00,09:30,11:40,Eco,583400,217
2025-06-20T08:10:03.552Z,VJ132,Airbus A320,SGN,HAN,2026-01-23 00:00:00,11:10,13:20,Eco,583400,217
2025-06-20T08:10:03.552Z,VJ134,Airbus A320,SGN,HAN,2026-01-23 00:00:00,12:30,14:40,Eco,583400,217
2025-06-20T08:10:03.552Z,VJ194,Airbus A321,SGN,HAN,2026-01-24 00:00:00,05:00,07:10,Eco,583400,218
2025-06-20T08:10:03.552Z,VJ198,Airbus A321,SGN,HAN,2026-01-24 00:00:00,05:20,07:30,Eco,583400,218
2025-06-20T08:10:03.552Z,VJ120,Airbus A320,SGN,HAN,2026-01-24 00:00:00,06:00,08:10,Eco,583400,218
2025-06-20T08:10:03.552Z,VJ122,Airbus A321,SGN,HAN,2026-01-24 00:00:00,06:30,08:40,Eco,583400,218
2025-06-20T08:10:03.552Z,VJ128,Airbus A320,SGN,HAN,2026-01-24 00:00:00,08:10,10:20,Eco,583400,218
2025-06-20T08:10:03.552Z,VJ134,Airbus A320,SGN,HAN,2026-01-24 00:00:00,12:30,14:40,Eco,583400,218
2025-06-20T08:10:03.552Z,VJ128,Airbus A320,SGN,HAN,2026-01-25 00:00:00,08:10,10:20,Eco,583400,219
2025-06-20T08:10:03.552Z,VJ128,Airbus A320,SGN,HAN,2026-01-26 00:00:00,08:10,10:20,Eco,583400,220
2025-06-20T08:10:03.552Z,VJ128,Airbus A320,SGN,HAN,2026-01-27 00:00:00,08:10,10:20,Eco,583400,221
2025-06-20T08:10:03.552Z,VJ128,Airbus A320,SGN,HAN,2026-01-28 00:00:00,08:10,10:20,Eco,583400,222
2025-06-20T08:10:03.552Z,VJ128,Airbus A320,SGN,HAN,2026-01-29 00:00:00,08:10,10:20,Eco,583400,223
2025-06-20T08:24:37.010Z,VJ194,Airbus A321,SGN,HAN,2026-02-24 00:00:00,05:00,07:10,Eco,583400,249
2025-06-20T08:24:37.010Z,VJ198,Airbus A321,SGN,HAN,2026-02-24 00:00:00,05:20,07:30,Eco,583400,249
2025-06-20T08:24:37.010Z,VJ128,Airbus A320,SGN,HAN,2026-02-24 00:00:00,08:10,10:20,Eco,583400,249
2025-06-20T08:24:37.010Z,VJ194,Airbus A321,SGN,HAN,2026-02-25 00:00:00,05:00,07:10,Eco,583400,250
2025-06-20T08:24:37.010Z,VJ198,Airbus A321,SGN,HAN,2026-02-25 00:00:00,05:20,07:30,Eco,583400,250
2025-06-20T08:24:37.010Z,VJ120,Airbus A320,SGN,HAN,2026-02-25 00:00:00,06:00,08:10,Eco,583400,250
2025-06-20T08:24:37.010Z,VJ122,Airbus A321,SGN,HAN,2026-02-25 00:00:00,06:30,08:40,Eco,583400,250
2025-06-20T08:24:37.010Z,VJ176,Airbus A320,SGN,HAN,2026-02-25 00:00:00,09:30,11:40,Eco,583400,250
2025-06-20T08:24:37.010Z,VJ132,Airbus A320,SGN,HAN,2026-02-25 00:00:00,11:10,13:20,Eco,583400,250
2025-06-20T08:24:37.010Z,VJ134,Airbus A320,SGN,HAN,2026-02-25 00:00:00,12:30,14:40,Eco,583400,250
2025-06-20T08:24:37.010Z,VJ194,Airbus A321,SGN,HAN,2026-02-26 00:00:00,05:00,07:10,Eco,583400,251
2025-06-20T08:24:37.010Z,VJ198,Airbus A321,SGN,HAN,2026-02-26 00:00:00,05:20,07:30,Eco,583400,251
2025-06-20T08:24:37.010Z,VJ120,Airbus A320,SGN,HAN,2026-02-26 00:00:00,06:00,08:10,Eco,583400,251
2025-06-20T08:24:37.010Z,VJ122,Airbus A321,SGN,HAN,2026-02-26 00:00:00,06:30,08:40,Eco,583400,251
2025-06-20T08:24:37.010Z,VJ176,Airbus A320,SGN,HAN,2026-02-26 00:00:00,09:30,11:40,Eco,583400,251
2025-06-20T08:24:37.010Z,VJ132,Airbus A320,SGN,HAN,2026-02-26 00:00:00,11:10,13:20,Eco,583400,251
2025-06-20T08:24:37.010Z,VJ134,Airbus A320,SGN,HAN,2026-02-26 00:00:00,12:30,14:40,Eco,583400,251
2025-06-20T08:24:37.010Z,VJ194,Airbus A321,SGN,HAN,2026-02-27 00:00:00,05:00,07:10,Eco,583400,252
2025-06-20T08:24:37.010Z,VJ198,Airbus A321,SGN,HAN,2026-02-27 00:00:00,05:20,07:30,Eco,583400,252
2025-06-20T08:24:37.010Z,VJ120,Airbus A320,SGN,HAN,2026-02-27 00:00:00,06:00,08:10,Eco,583400,252
2025-06-20T08:24:37.010Z,VJ122,Airbus A321,SGN,HAN,2026-02-27 00:00:00,06:30,08:40,Eco,583400,252
2025-06-20T08:24:37.010Z,VJ176,Airbus A320,SGN,HAN,2026-02-27 00:00:00,09:30,11:40,Eco,583400,252
2025-06-20T08:24:37.010Z,VJ132,Airbus A320,SGN,HAN,2026-02-27 00:00:00,11:10,13:20,Eco,583400,252
2025-06-20T08:24:37.010Z,VJ134,Airbus A320,SGN,HAN,2026-02-27 00:00:00,12:30,14:40,Eco,583400,252
2025-06-20T08:40:50.534Z,VJ194,Airbus A321,SGN,HAN,2026-02-28 00:00:00,05:00,07:10,Eco,583400,253
2025-06-20T08:40:50.534Z,VJ198,Airbus A321,SGN,HAN,2026-02-28 00:00:00,05:20,07:30,Eco,583400,253
2025-06-20T08:40:50.534Z,VJ120,Airbus A320,SGN,HAN,2026-02-28 00:00:00,06:00,08:10,Eco,583400,253
2025-06-20T08:40:50.534Z,VJ122,Airbus A321,SGN,HAN,2026-02-28 00:00:00,06:30,08:40,Eco,583400,253
2025-06-20T08:40:50.534Z,VJ128,Airbus A320,SGN,HAN,2026-02-28 00:00:00,08:10,10:20,Eco,583400,253
2025-06-20T08:40:50.534Z,VJ176,Airbus A320,SGN,HAN,2026-02-28 00:00:00,09:30,11:40,Eco,583400,253
2025-06-20T08:40:50.534Z,VJ132,Airbus A320,SGN,HAN,2026-02-28 00:00:00,11:10,13:20,Eco,583400,253
2025-06-20T08:40:50.534Z,VJ134,Airbus A320,SGN,HAN,2026-02-28 00:00:00,12:30,14:40,Eco,583400,253
2025-06-20T08:40:50.534Z,VJ194,Airbus A321,SGN,HAN,2026-01-03 00:00:00,05:00,07:10,Eco,583400,197
2025-06-20T08:40:50.534Z,VJ198,Airbus A321,SGN,HAN,2026-01-03 00:00:00,05:20,07:30,Eco,583400,197
2025-06-20T08:40:50.534Z,VJ120,Airbus A320,SGN,HAN,2026-01-03 00:00:00,06:00,08:10,Eco,583400,197
2025-06-20T08:40:50.534Z,VJ122,Airbus A321,SGN,HAN,2026-01-03 00:00:00,06:30,08:40,Eco,583400,197
2025-06-20T08:40:50.534Z,VJ128,Airbus A320,SGN,HAN,2026-01-03 00:00:00,08:10,10:20,Eco,583400,197
2025-06-20T08:40:50.534Z,VJ176,Airbus A320,SGN,HAN,2026-01-03 00:00:00,09:30,11:40,Eco,583400,197
2025-06-20T08:40:50.534Z,VJ132,Airbus A320,SGN,HAN,2026-01-03 00:00:00,11:10,13:20,Eco,583400,197
2025-06-20T08:40:50.534Z,VJ134,Airbus A320,SGN,HAN,2026-01-03 00:00:00,12:30,14:40,Eco,583400,197
2025-06-20T08:40:50.534Z,VJ194,Airbus A321,SGN,HAN,2026-02-03 00:00:00,05:00,07:10,Eco,583400,228
2025-06-20T08:40:50.534Z,VJ198,Airbus A321,SGN,HAN,2026-02-03 00:00:00,05:20,07:30,Eco,583400,228
2025-06-20T08:40:50.534Z,VJ120,Airbus A320,SGN,HAN,2026-02-03 00:00:00,06:00,08:10,Eco,583400,228
2025-06-20T08:40:50.534Z,VJ122,Airbus A321,SGN,HAN,2026-02-03 00:00:00,06:30,08:40,Eco,583400,228
2025-06-20T08:40:50.534Z,VJ128,Airbus A320,SGN,HAN,2026-02-03 00:00:00,08:10,10:20,Eco,583400,228
2025-06-20T08:40:50.534Z,VJ176,Airbus A320,SGN,HAN,2026-02-03 00:00:00,09:30,11:40,Eco,583400,228
2025-06-20T08:40:50.534Z,VJ132,Airbus A320,SGN,HAN,2026-02-03 00:00:00,11:10,13:20,Eco,583400,228
2025-06-20T08:40:50.534Z,VJ134,Airbus A320,SGN,HAN,2026-02-03 00:00:00,12:30,14:40,Eco,583400,228
2025-06-20T08:40:50.534Z,VJ194,Airbus A321,SGN,HAN,2026-03-03 00:00:00,05:00,07:10,Eco,583400,256
2025-06-20T08:40:50.534Z,VJ198,Airbus A321,SGN,HAN,2026-03-03 00:00:00,05:20,07:30,Eco,583400,256
2025-06-20T08:40:50.534Z,VJ120,Airbus A320,SGN,HAN,2026-03-03 00:00:00,06:00,08:10,Eco,583400,256
2025-06-20T08:40:50.534Z,VJ122,Airbus A321,SGN,HAN,2026-03-03 00:00:00,06:30,08:40,Eco,583400,256
2025-06-20T08:40:50.534Z,VJ128,Airbus A320,SGN,HAN,2026-03-03 00:00:00,08:10,10:20,Eco,583400,256
2025-06-20T08:40:50.534Z,VJ176,Airbus A320,SGN,HAN,2026-03-03 00:00:00,09:30,11:40,Eco,583400,256
2025-06-20T08:40:50.534Z,VJ134,Airbus A320,SGN,HAN,2026-03-03 00:00:00,12:30,14:40,Eco,583400,256
2025-06-20T08:40:50.534Z,VJ194,Airbus A321,SGN,HAN,2026-04-03 00:00:00,05:00,07:10,Eco,583400,287
2025-06-20T08:40:50.534Z,VJ198,Airbus A321,SGN,HAN,2026-04-03 00:00:00,05:20,07:30,Eco,583400,287
2025-06-20T08:40:50.534Z,VJ120,Airbus A320,SGN,HAN,2026-04-03 00:00:00,06:00,08:10,Eco,583400,287
2025-06-20T08:40:50.534Z,VJ122,Airbus A321,SGN,HAN,2026-04-03 00:00:00,06:30,08:40,Eco,583400,287
2025-06-20T08:40:50.534Z,VJ128,Airbus A320,SGN,HAN,2026-04-03 00:00:00,08:10,10:20,Eco,583400,287
2025-06-20T08:40:50.534Z,VJ176,Airbus A320,SGN,HAN,2026-04-03 00:00:00,09:30,11:40,Eco,583400,287
2025-06-20T08:40:50.534Z,VJ132,Airbus A320,SGN,HAN,2026-04-03 00:00:00,11:10,13:20,Eco,583400,287
2025-06-20T08:40:50.534Z,VJ194,Airbus A321,SGN,HAN,2026-05-03 00:00:00,05:00,07:10,Eco,583400,317
2025-06-20T08:40:50.534Z,VJ198,Airbus A321,SGN,HAN,2026-05-03 00:00:00,05:20,07:30,Eco,583400,317
2025-06-20T08:40:50.534Z,VJ120,Airbus A320,SGN,HAN,2026-05-03 00:00:00,06:00,08:10,Eco,583400,317
2025-06-20T08:40:50.534Z,VJ122,Airbus A321,SGN,HAN,2026-05-03 00:00:00,06:30,08:40,Eco,583400,317
2025-06-20T08:40:50.534Z,VJ128,Airbus A320,SGN,HAN,2026-05-03 00:00:00,08:10,10:20,Eco,583400,317
2025-06-20T08:40:50.534Z,VJ176,Airbus A320,SGN,HAN,2026-05-03 00:00:00,09:30,11:40,Eco,583400,317
2025-06-20T08:40:50.534Z,VJ132,Airbus A320,SGN,HAN,2026-05-03 00:00:00,11:10,13:20,Eco,583400,317
2025-06-20T08:40:50.534Z,VJ134,Airbus A320,SGN,HAN,2026-05-03 00:00:00,12:30,14:40,Eco,583400,317
2025-06-20T08:40:50.534Z,VJ194,Airbus A321,SGN,HAN,2026-06-03 00:00:00,05:00,07:10,Eco,583400,348
2025-06-20T08:40:50.534Z,VJ198,Airbus A321,SGN,HAN,2026-06-03 00:00:00,05:20,07:30,Eco,583400,348
2025-06-20T08:40:50.534Z,VJ120,Airbus A320,SGN,HAN,2026-06-03 00:00:00,06:00,08:10,Eco,583400,348
2025-06-20T08:40:50.534Z,VJ122,Airbus A321,SGN,HAN,2026-06-03 00:00:00,06:30,08:40,Eco,583400,348
2025-06-20T08:40:50.534Z,VJ128,Airbus A320,SGN,HAN,2026-06-03 00:00:00,08:10,10:20,Eco,583400,348
2025-06-20T08:40:50.534Z,VJ176,Airbus A320,SGN,HAN,2026-06-03 00:00:00,09:30,11:40,Eco,583400,348
2025-06-20T08:40:50.534Z,VJ132,Airbus A320,SGN,HAN,2026-06-03 00:00:00,11:10,13:20,Eco,583400,348
2025-06-20T08:40:50.534Z,VJ134,Airbus A320,SGN,HAN,2026-06-03 00:00:00,12:30,14:40,Eco,583400,348
2025-06-20T08:40:50.534Z,VJ194,Airbus A321,SGN,HAN,2026-07-03 00:00:00,05:00,07:10,Eco,583400,378
2025-06-20T08:40:50.534Z,VJ198,Airbus A321,SGN,HAN,2026-07-03 00:00:00,05:20,07:30,Eco,583400,378
2025-06-20T08:40:50.534Z,VJ120,Airbus A320,SGN,HAN,2026-07-03 00:00:00,06:00,08:10,Eco,583400,378
2025-06-20T08:40:50.534Z,VJ122,Airbus A321,SGN,HAN,2026-07-03 00:00:00,06:30,08:40,Eco,583400,378
2025-06-20T08:40:50.534Z,VJ128,Airbus A320,SGN,HAN,2026-07-03 00:00:00,08:10,10:20,Eco,583400,378
2025-06-20T08:40:50.534Z,VJ176,Airbus A320,SGN,HAN,2026-07-03 00:00:00,09:30,11:40,Eco,583400,378
2025-06-20T08:40:50.534Z,VJ132,Airbus A320,SGN,HAN,2026-07-03 00:00:00,11:10,13:20,Eco,583400,378
2025-06-20T08:40:50.534Z,VJ134,Airbus A320,SGN,HAN,2026-07-03 00:00:00,12:30,14:40,Eco,583400,378
2025-06-20T08:40:50.534Z,VJ194,Airbus A321,SGN,HAN,2026-08-03 00:00:00,05:00,07:10,Eco,583400,409
2025-06-20T08:40:50.534Z,VJ198,Airbus A321,SGN,HAN,2026-08-03 00:00:00,05:20,07:30,Eco,583400,409
2025-06-20T08:40:50.534Z,VJ120,Airbus A320,SGN,HAN,2026-08-03 00:00:00,06:00,08:10,Eco,583400,409
2025-06-20T08:40:50.534Z,VJ122,Airbus A321,SGN,HAN,2026-08-03 00:00:00,06:30,08:40,Eco,583400,409
2025-06-20T08:40:50.534Z,VJ128,Airbus A320,SGN,HAN,2026-08-03 00:00:00,08:10,10:20,Eco,583400,409
2025-06-20T08:40:50.534Z,VJ176,Airbus A320,SGN,HAN,2026-08-03 00:00:00,09:30,11:40,Eco,583400,409
2025-06-20T08:40:50.534Z,VJ132,Airbus A320,SGN,HAN,2026-08-03 00:00:00,11:10,13:20,Eco,583400,409
2025-06-20T08:40:50.534Z,VJ134,Airbus A320,SGN,HAN,2026-08-03 00:00:00,12:30,14:40,Eco,583400,409
2025-06-20T08:40:50.534Z,VJ194,Airbus A321,SGN,HAN,2026-09-03 00:00:00,05:00,07:10,Eco,583400,440
2025-06-20T08:40:50.534Z,VJ198,Airbus A321,SGN,HAN,2026-09-03 00:00:00,05:20,07:30,Eco,583400,440
2025-06-20T08:40:50.534Z,VJ120,Airbus A320,SGN,HAN,2026-09-03 00:00:00,06:00,08:10,Eco,583400,440
2025-06-20T08:40:50.534Z,VJ122,Airbus A321,SGN,HAN,2026-09-03 00:00:00,06:30,08:40,Eco,583400,440
2025-06-20T08:40:50.534Z,VJ176,Airbus A320,SGN,HAN,2026-09-03 00:00:00,09:30,11:40,Eco,583400,440
2025-06-20T08:40:50.534Z,VJ132,Airbus A320,SGN,HAN,2026-09-03 00:00:00,11:10,13:20,Eco,583400,440
2025-06-20T08:40:50.534Z,VJ134,Airbus A320,SGN,HAN,2026-09-03 00:00:00,12:30,14:40,Eco,583400,440
2025-06-20T08:40:50.534Z,VJ194,Airbus A321,SGN,HAN,2026-10-03 00:00:00,05:00,07:10,Eco,583400,470
2025-06-20T08:40:50.534Z,VJ198,Airbus A321,SGN,HAN,2026-10-03 00:00:00,05:20,07:30,Eco,583400,470
2025-06-20T08:40:50.534Z,VJ120,Airbus A320,SGN,HAN,2026-10-03 00:00:00,06:00,08:10,Eco,583400,470
2025-06-20T08:40:50.534Z,VJ122,Airbus A321,SGN,HAN,2026-10-03 00:00:00,06:30,08:40,Eco,583400,470
2025-06-20T08:40:50.534Z,VJ128,Airbus A320,SGN,HAN,2026-10-03 00:00:00,08:10,10:20,Eco,583400,470
2025-06-20T08:40:50.534Z,VJ176,Airbus A320,SGN,HAN,2026-10-03 00:00:00,09:30,11:40,Eco,583400,470
2025-06-20T08:40:50.534Z,VJ132,Airbus A320,SGN,HAN,2026-10-03 00:00:00,11:10,13:20,Eco,583400,470
2025-06-20T08:40:50.534Z,VJ134,Airbus A320,SGN,HAN,2026-10-03 00:00:00,12:30,14:40,Eco,583400,470
2025-06-20T08:40:50.534Z,VJ194,Airbus A321,SGN,HAN,2026-11-03 00:00:00,05:00,07:10,Eco,583400,501
2025-06-20T08:40:50.534Z,VJ198,Airbus A321,SGN,HAN,2026-11-03 00:00:00,05:20,07:30,Eco,583400,501
2025-06-20T08:40:50.534Z,VJ120,Airbus A320,SGN,HAN,2026-11-03 00:00:00,06:00,08:10,Eco,583400,501
2025-06-20T08:40:50.534Z,VJ122,Airbus A321,SGN,HAN,2026-11-03 00:00:00,06:30,08:40,Eco,583400,501
2025-06-20T08:40:50.534Z,VJ128,Airbus A320,SGN,HAN,2026-11-03 00:00:00,08:10,10:20,Eco,583400,501
2025-06-20T08:40:50.534Z,VJ176,Airbus A320,SGN,HAN,2026-11-03 00:00:00,09:30,11:40,Eco,583400,501
2025-06-20T08:40:50.534Z,VJ132,Airbus A320,SGN,HAN,2026-11-03 00:00:00,11:10,13:20,Eco,583400,501
2025-06-20T08:40:50.534Z,VJ134,Airbus A320,SGN,HAN,2026-11-03 00:00:00,12:30,14:40,Eco,583400,501
2025-06-20T08:40:50.534Z,VJ194,Airbus A321,SGN,HAN,2026-12-03 00:00:00,05:00,07:10,Eco,583400,531
2025-06-20T08:40:50.534Z,VJ198,Airbus A321,SGN,HAN,2026-12-03 00:00:00,05:20,07:30,Eco,583400,531
2025-06-20T08:40:50.534Z,VJ120,Airbus A320,SGN,HAN,2026-12-03 00:00:00,06:00,08:10,Eco,583400,531
2025-06-20T08:40:50.534Z,VJ122,Airbus A321,SGN,HAN,2026-12-03 00:00:00,06:30,08:40,Eco,583400,531
2025-06-20T08:40:50.534Z,VJ128,Airbus A320,SGN,HAN,2026-12-03 00:00:00,08:10,10:20,Eco,583400,531
2025-06-20T08:40:50.534Z,VJ176,Airbus A320,SGN,HAN,2026-12-03 00:00:00,09:30,11:40,Eco,583400,531
2025-06-20T08:40:50.534Z,VJ132,Airbus A320,SGN,HAN,2026-12-03 00:00:00,11:10,13:20,Eco,583400,531
2025-06-20T08:40:50.534Z,VJ134,Airbus A320,SGN,HAN,2026-12-03 00:00:00,12:30,14:40,Eco,583400,531
2025-06-20T08:40:50.534Z,VJ194,Airbus A321,SGN,HAN,2026-03-13 00:00:00,05:00,07:10,Eco,583400,266
2025-06-20T08:40:50.534Z,VJ198,Airbus A321,SGN,HAN,2026-03-13 00:00:00,05:20,07:30,Eco,583400,266
2025-06-20T08:40:50.534Z,VJ120,Airbus A320,SGN,HAN,2026-03-13 00:00:00,06:00,08:10,Eco,583400,266
2025-06-20T08:40:50.534Z,VJ122,Airbus A321,SGN,HAN,2026-03-13 00:00:00,06:30,08:40,Eco,583400,266
2025-06-20T08:40:50.534Z,VJ128,Airbus A320,SGN,HAN,2026-03-13 00:00:00,08:10,10:20,Eco,583400,266
2025-06-20T08:40:50.534Z,VJ176,Airbus A320,SGN,HAN,2026-03-13 00:00:00,09:30,11:40,Eco,583400,266
2025-06-20T08:40:50.534Z,VJ132,Airbus A320,SGN,HAN,2026-03-13 00:00:00,11:10,13:20,Eco,583400,266
2025-06-20T08:40:50.534Z,VJ134,Airbus A320,SGN,HAN,2026-03-13 00:00:00,12:30,14:40,Eco,583400,266
2025-06-20T08:40:50.534Z,VJ194,Airbus A321,SGN,HAN,2026-03-14 00:00:00,05:00,07:10,Eco,583400,267
2025-06-20T08:40:50.534Z,VJ198,Airbus A321,SGN,HAN,2026-03-14 00:00:00,05:20,07:30,Eco,583400,267
2025-06-20T08:40:50.534Z,VJ120,Airbus A320,SGN,HAN,2026-03-14 00:00:00,06:00,08:10,Eco,583400,267
2025-06-20T08:40:50.534Z,VJ122,Airbus A321,SGN,HAN,2026-03-14 00:00:00,06:30,08:40,Eco,583400,267
2025-06-20T08:40:50.534Z,VJ128,Airbus A320,SGN,HAN,2026-03-14 00:00:00,08:10,10:20,Eco,583400,267
2025-06-20T08:40:50.534Z,VJ176,Airbus A320,SGN,HAN,2026-03-14 00:00:00,09:30,11:40,Eco,583400,267
2025-06-20T08:40:50.534Z,VJ132,Airbus A320,SGN,HAN,2026-03-14 00:00:00,11:10,13:20,Eco,583400,267
2025-06-20T08:40:50.534Z,VJ134,Airbus A320,SGN,HAN,2026-03-14 00:00:00,12:30,14:40,Eco,583400,267
2025-06-20T08:40:50.534Z,VJ194,Airbus A321,SGN,HAN,2026-03-15 00:00:00,05:00,07:10,Eco,583400,268
2025-06-20T08:40:50.534Z,VJ198,Airbus A321,SGN,HAN,2026-03-15 00:00:00,05:20,07:30,Eco,583400,268
2025-06-20T08:40:50.534Z,VJ120,Airbus A320,SGN,HAN,2026-03-15 00:00:00,06:00,08:10,Eco,583400,268
2025-06-20T08:40:50.534Z,VJ122,Airbus A321,SGN,HAN,2026-03-15 00:00:00,06:30,08:40,Eco,583400,268
2025-06-20T08:40:50.534Z,VJ128,Airbus A320,SGN,HAN,2026-03-15 00:00:00,08:10,10:20,Eco,583400,268
2025-06-20T08:40:50.534Z,VJ176,Airbus A320,SGN,HAN,2026-03-15 00:00:00,09:30,11:40,Eco,583400,268
2025-06-20T08:40:50.534Z,VJ132,Airbus A320,SGN,HAN,2026-03-15 00:00:00,11:10,13:20,Eco,583400,268
2025-06-20T08:40:50.534Z,VJ134,Airbus A320,SGN,HAN,2026-03-15 00:00:00,12:30,14:40,Eco,583400,268
2025-06-20T08:40:50.534Z,VJ194,Airbus A321,SGN,HAN,2026-03-16 00:00:00,05:00,07:10,Eco,583400,269
2025-06-20T08:40:50.534Z,VJ198,Airbus A321,SGN,HAN,2026-03-16 00:00:00,05:20,07:30,Eco,583400,269
2025-06-20T08:40:50.534Z,VJ120,Airbus A320,SGN,HAN,2026-03-16 00:00:00,06:00,08:10,Eco,583400,269
2025-06-20T08:40:50.534Z,VJ122,Airbus A321,SGN,HAN,2026-03-16 00:00:00,06:30,08:40,Eco,583400,269
2025-06-20T08:40:50.534Z,VJ128,Airbus A320,SGN,HAN,2026-03-16 00:00:00,08:10,10:20,Eco,583400,269
2025-06-20T08:40:50.534Z,VJ176,Airbus A320,SGN,HAN,2026-03-16 00:00:00,09:30,11:40,Eco,583400,269
2025-06-20T08:40:50.534Z,VJ132,Airbus A320,SGN,HAN,2026-03-16 00:00:00,11:10,13:20,Eco,583400,269
2025-06-20T08:40:50.534Z,VJ194,Airbus A321,SGN,HAN,2026-03-17 00:00:00,05:00,07:10,Eco,583400,270
2025-06-20T08:40:50.534Z,VJ198,Airbus A321,SGN,HAN,2026-03-17 00:00:00,05:20,07:30,Eco,583400,270
2025-06-20T08:40:50.534Z,VJ120,Airbus A320,SGN,HAN,2026-03-17 00:00:00,06:00,08:10,Eco,583400,270
2025-06-20T08:40:50.534Z,VJ122,Airbus A321,SGN,HAN,2026-03-17 00:00:00,06:30,08:40,Eco,583400,270
2025-06-20T08:40:50.534Z,VJ128,Airbus A320,SGN,HAN,2026-03-17 00:00:00,08:10,10:20,Eco,583400,270
2025-06-20T08:40:50.534Z,VJ176,Airbus A320,SGN,HAN,2026-03-17 00:00:00,09:30,11:40,Eco,583400,270
2025-06-20T08:40:50.534Z,VJ132,Airbus A320,SGN,HAN,2026-03-17 00:00:00,11:10,13:20,Eco,583400,270
2025-06-20T08:40:50.534Z,VJ134,Airbus A320,SGN,HAN,2026-03-17 00:00:00,12:30,14:40,Eco,583400,270
2025-06-20T08:40:50.534Z,VJ194,Airbus A321,SGN,HAN,2026-03-18 00:00:00,05:00,07:10,Eco,583400,271
2025-06-20T08:40:50.534Z,VJ198,Airbus A321,SGN,HAN,2026-03-18 00:00:00,05:20,07:30,Eco,583400,271
2025-06-20T08:40:50.534Z,VJ120,Airbus A320,SGN,HAN,2026-03-18 00:00:00,06:00,08:10,Eco,583400,271
2025-06-20T08:40:50.534Z,VJ122,Airbus A321,SGN,HAN,2026-03-18 00:00:00,06:30,08:40,Eco,583400,271
2025-06-20T08:40:50.534Z,VJ128,Airbus A320,SGN,HAN,2026-03-18 00:00:00,08:10,10:20,Eco,583400,271
2025-06-20T08:40:50.534Z,VJ176,Airbus A320,SGN,HAN,2026-03-18 00:00:00,09:30,11:40,Eco,583400,271
2025-06-20T08:40:50.534Z,VJ132,Airbus A320,SGN,HAN,2026-03-18 00:00:00,11:10,13:20,Eco,583400,271
2025-06-20T08:40:50.534Z,VJ134,Airbus A320,SGN,HAN,2026-03-18 00:00:00,12:30,14:40,Eco,583400,271
2025-06-20T08:40:50.534Z,VJ194,Airbus A321,SGN,HAN,2026-03-19 00:00:00,05:00,07:10,Eco,583400,272
2025-06-20T08:40:50.534Z,VJ198,Airbus A321,SGN,HAN,2026-03-19 00:00:00,05:20,07:30,Eco,583400,272
2025-06-20T08:40:50.534Z,VJ120,Airbus A320,SGN,HAN,2026-03-19 00:00:00,06:00,08:10,Eco,583400,272
2025-06-20T08:40:50.534Z,VJ122,Airbus A321,SGN,HAN,2026-03-19 00:00:00,06:30,08:40,Eco,583400,272
2025-06-20T08:40:50.534Z,VJ128,Airbus A320,SGN,HAN,2026-03-19 00:00:00,08:10,10:20,Eco,583400,272
2025-06-20T08:40:50.534Z,VJ176,Airbus A320,SGN,HAN,2026-03-19 00:00:00,09:30,11:40,Eco,583400,272
2025-06-20T08:40:50.534Z,VJ132,Airbus A320,SGN,HAN,2026-03-19 00:00:00,11:10,13:20,Eco,583400,272
2025-06-20T08:40:50.534Z,VJ134,Airbus A320,SGN,HAN,2026-03-19 00:00:00,12:30,14:40,Eco,583400,272
2025-06-20T08:40:50.534Z,VJ194,Airbus A321,SGN,HAN,2026-03-20 00:00:00,05:00,07:10,Eco,583400,273
2025-06-20T08:40:50.534Z,VJ198,Airbus A321,SGN,HAN,2026-03-20 00:00:00,05:20,07:30,Eco,583400,273
2025-06-20T08:40:50.534Z,VJ120,Airbus A320,SGN,HAN,2026-03-20 00:00:00,06:00,08:10,Eco,583400,273
2025-06-20T08:40:50.534Z,VJ122,Airbus A321,SGN,HAN,2026-03-20 00:00:00,06:30,08:40,Eco,583400,273
2025-06-20T08:40:50.534Z,VJ128,Airbus A320,SGN,HAN,2026-03-20 00:00:00,08:10,10:20,Eco,583400,273
2025-06-20T08:40:50.534Z,VJ176,Airbus A320,SGN,HAN,2026-03-20 00:00:00,09:30,11:40,Eco,583400,273
2025-06-20T08:40:50.534Z,VJ132,Airbus A320,SGN,HAN,2026-03-20 00:00:00,11:10,13:20,Eco,583400,273
2025-06-20T08:40:50.534Z,VJ134,Airbus A320,SGN,HAN,2026-03-20 00:00:00,12:30,14:40,Eco,583400,273
2025-06-20T08:40:50.534Z,VJ194,Airbus A321,SGN,HAN,2026-03-21 00:00:00,05:00,07:10,Eco,583400,274
2025-06-20T08:40:50.534Z,VJ198,Airbus A321,SGN,HAN,2026-03-21 00:00:00,05:20,07:30,Eco,583400,274
2025-06-20T08:40:50.534Z,VJ120,Airbus A320,SGN,HAN,2026-03-21 00:00:00,06:00,08:10,Eco,583400,274
2025-06-20T08:40:50.534Z,VJ122,Airbus A321,SGN,HAN,2026-03-21 00:00:00,06:30,08:40,Eco,583400,274
2025-06-20T08:40:50.534Z,VJ128,Airbus A320,SGN,HAN,2026-03-21 00:00:00,08:10,10:20,Eco,583400,274
2025-06-20T08:40:50.534Z,VJ132,Airbus A320,SGN,HAN,2026-03-21 00:00:00,11:10,13:20,Eco,583400,274
2025-06-20T08:40:50.534Z,VJ134,Airbus A320,SGN,HAN,2026-03-21 00:00:00,12:30,14:40,Eco,583400,274
2025-06-20T08:40:50.534Z,VJ194,Airbus A321,SGN,HAN,2026-03-22 00:00:00,05:00,07:10,Eco,583400,275
2025-06-20T08:40:50.534Z,VJ198,Airbus A321,SGN,HAN,2026-03-22 00:00:00,05:20,07:30,Eco,583400,275
2025-06-20T08:40:50.534Z,VJ120,Airbus A320,SGN,HAN,2026-03-22 00:00:00,06:00,08:10,Eco,583400,275
2025-06-20T08:40:50.534Z,VJ122,Airbus A321,SGN,HAN,2026-03-22 00:00:00,06:30,08:40,Eco,583400,275
2025-06-20T08:40:50.534Z,VJ128,Airbus A320,SGN,HAN,2026-03-22 00:00:00,08:10,10:20,Eco,583400,275
2025-06-20T08:40:50.534Z,VJ176,Airbus A320,SGN,HAN,2026-03-22 00:00:00,09:30,11:40,Eco,583400,275
2025-06-20T08:40:50.534Z,VJ132,Airbus A320,SGN,HAN,2026-03-22 00:00:00,11:10,13:20,Eco,583400,275
2025-06-20T08:40:50.534Z,VJ134,Airbus A320,SGN,HAN,2026-03-22 00:00:00,12:30,14:40,Eco,583400,275
2025-06-20T08:40:50.534Z,VJ194,Airbus A321,SGN,HAN,2026-03-23 00:00:00,05:00,07:10,Eco,583400,276
2025-06-20T08:40:50.534Z,VJ198,Airbus A321,SGN,HAN,2026-03-23 00:00:00,05:20,07:30,Eco,583400,276
2025-06-20T08:40:50.534Z,VJ120,Airbus A320,SGN,HAN,2026-03-23 00:00:00,06:00,08:10,Eco,583400,276
2025-06-20T08:40:50.534Z,VJ122,Airbus A321,SGN,HAN,2026-03-23 00:00:00,06:30,08:40,Eco,583400,276
2025-06-20T08:40:50.534Z,VJ128,Airbus A320,SGN,HAN,2026-03-23 00:00:00,08:10,10:20,Eco,583400,276
2025-06-20T08:40:50.534Z,VJ176,Airbus A320,SGN,HAN,2026-03-23 00:00:00,09:30,11:40,Eco,583400,276
2025-06-20T08:40:50.534Z,VJ132,Airbus A320,SGN,HAN,2026-03-23 00:00:00,11:10,13:20,Eco,583400,276
2025-06-20T08:40:50.534Z,VJ134,Airbus A320,SGN,HAN,2026-03-23 00:00:00,12:30,14:40,Eco,583400,276
2025-06-20T08:40:50.534Z,VJ194,Airbus A321,SGN,HAN,2026-03-24 00:00:00,05:00,07:10,Eco,583400,277
2025-06-20T08:40:50.534Z,VJ198,Airbus A321,SGN,HAN,2026-03-24 00:00:00,05:20,07:30,Eco,583400,277
2025-06-20T08:40:50.534Z,VJ120,Airbus A320,SGN,HAN,2026-03-24 00:00:00,06:00,08:10,Eco,583400,277
2025-06-20T08:40:50.534Z,VJ122,Airbus A321,SGN,HAN,2026-03-24 00:00:00,06:30,08:40,Eco,583400,277
2025-06-20T08:40:50.534Z,VJ128,Airbus A320,SGN,HAN,2026-03-24 00:00:00,08:10,10:20,Eco,583400,277
2025-06-20T08:40:50.534Z,VJ176,Airbus A320,SGN,HAN,2026-03-24 00:00:00,09:30,11:40,Eco,583400,277
2025-06-20T08:40:50.534Z,VJ132,Airbus A320,SGN,HAN,2026-03-24 00:00:00,11:10,13:20,Eco,583400,277
2025-06-20T08:40:50.534Z,VJ134,Airbus A320,SGN,HAN,2026-03-24 00:00:00,12:30,14:40,Eco,583400,277
2025-06-20T08:40:50.534Z,VJ194,Airbus A321,SGN,HAN,2026-03-25 00:00:00,05:00,07:10,Eco,583400,278
2025-06-20T08:40:50.534Z,VJ198,Airbus A321,SGN,HAN,2026-03-25 00:00:00,05:20,07:30,Eco,583400,278
2025-06-20T08:40:50.534Z,VJ120,Airbus A320,SGN,HAN,2026-03-25 00:00:00,06:00,08:10,Eco,583400,278
2025-06-20T08:40:50.534Z,VJ122,Airbus A321,SGN,HAN,2026-03-25 00:00:00,06:30,08:40,Eco,583400,278
2025-06-20T08:40:50.534Z,VJ128,Airbus A320,SGN,HAN,2026-03-25 00:00:00,08:10,10:20,Eco,583400,278
2025-06-20T08:40:50.534Z,VJ176,Airbus A320,SGN,HAN,2026-03-25 00:00:00,09:30,11:40,Eco,583400,278
2025-06-20T08:40:50.534Z,VJ132,Airbus A320,SGN,HAN,2026-03-25 00:00:00,11:10,13:20,Eco,583400,278
2025-06-20T08:40:50.534Z,VJ134,Airbus A320,SGN,HAN,2026-03-25 00:00:00,12:30,14:40,Eco,583400,278
2025-06-20T08:40:50.534Z,VJ194,Airbus A321,SGN,HAN,2026-03-26 00:00:00,05:00,07:10,Eco,583400,279
2025-06-20T08:40:50.534Z,VJ198,Airbus A321,SGN,HAN,2026-03-26 00:00:00,05:20,07:30,Eco,583400,279
2025-06-20T08:40:50.534Z,VJ120,Airbus A320,SGN,HAN,2026-03-26 00:00:00,06:00,08:10,Eco,583400,279
2025-06-20T08:40:50.534Z,VJ122,Airbus A321,SGN,HAN,2026-03-26 00:00:00,06:30,08:40,Eco,583400,279
2025-06-20T08:40:50.534Z,VJ128,Airbus A320,SGN,HAN,2026-03-26 00:00:00,08:10,10:20,Eco,583400,279
2025-06-20T08:40:50.534Z,VJ176,Airbus A320,SGN,HAN,2026-03-26 00:00:00,09:30,11:40,Eco,583400,279
2025-06-20T08:40:50.534Z,VJ132,Airbus A320,SGN,HAN,2026-03-26 00:00:00,11:10,13:20,Eco,583400,279
2025-06-20T08:40:50.534Z,VJ134,Airbus A320,SGN,HAN,2026-03-26 00:00:00,12:30,14:40,Eco,583400,279
2025-06-20T08:40:50.534Z,VJ194,Airbus A321,SGN,HAN,2026-03-27 00:00:00,05:00,07:10,Eco,583400,280
2025-06-20T08:40:50.534Z,VJ198,Airbus A321,SGN,HAN,2026-03-27 00:00:00,05:20,07:30,Eco,583400,280
2025-06-20T08:40:50.534Z,VJ120,Airbus A320,SGN,HAN,2026-03-27 00:00:00,06:00,08:10,Eco,583400,280
2025-06-20T08:40:50.534Z,VJ122,Airbus A321,SGN,HAN,2026-03-27 00:00:00,06:30,08:40,Eco,583400,280
2025-06-20T08:40:50.534Z,VJ128,Airbus A320,SGN,HAN,2026-03-27 00:00:00,08:10,10:20,Eco,583400,280
2025-06-20T08:40:50.534Z,VJ176,Airbus A320,SGN,HAN,2026-03-27 00:00:00,09:30,11:40,Eco,583400,280
2025-06-20T08:40:50.534Z,VJ132,Airbus A320,SGN,HAN,2026-03-27 00:00:00,11:10,13:20,Eco,583400,280
2025-06-20T08:40:50.534Z,VJ134,Airbus A320,SGN,HAN,2026-03-27 00:00:00,12:30,14:40,Eco,583400,280
2025-06-20T08:40:50.534Z,VJ194,Airbus A321,SGN,HAN,2026-03-28 00:00:00,05:00,07:10,Eco,583400,281
2025-06-20T08:40:50.534Z,VJ198,Airbus A321,SGN,HAN,2026-03-28 00:00:00,05:20,07:30,Eco,583400,281
2025-06-20T08:40:50.534Z,VJ120,Airbus A320,SGN,HAN,2026-03-28 00:00:00,06:00,08:10,Eco,583400,281
2025-06-20T08:40:50.534Z,VJ122,Airbus A321,SGN,HAN,2026-03-28 00:00:00,06:30,08:40,Eco,583400,281
2025-06-20T08:40:50.534Z,VJ128,Airbus A320,SGN,HAN,2026-03-28 00:00:00,08:10,10:20,Eco,583400,281
2025-06-20T08:40:50.534Z,VJ176,Airbus A320,SGN,HAN,2026-03-28 00:00:00,09:30,11:40,Eco,583400,281
2025-06-20T08:40:50.534Z,VJ132,Airbus A320,SGN,HAN,2026-03-28 00:00:00,11:10,13:20,Eco,583400,281
2025-06-20T08:40:50.534Z,VJ134,Airbus A320,SGN,HAN,2026-03-28 00:00:00,12:30,14:40,Eco,583400,281
2025-06-20T08:40:50.534Z,VJ194,Airbus A321,SGN,HAN,2026-03-29 00:00:00,05:00,07:10,Eco,583400,282
2025-06-20T08:40:50.534Z,VJ198,Airbus A321,SGN,HAN,2026-03-29 00:00:00,05:20,07:30,Eco,583400,282
2025-06-20T08:40:50.534Z,VJ120,Airbus A320,SGN,HAN,2026-03-29 00:00:00,06:00,08:10,Eco,583400,282
2025-06-20T08:40:50.534Z,VJ122,Airbus A321,SGN,HAN,2026-03-29 00:00:00,06:30,08:40,Eco,583400,282
2025-06-20T08:40:50.534Z,VJ128,Airbus A320,SGN,HAN,2026-03-29 00:00:00,08:10,10:20,Eco,583400,282
2025-06-20T08:40:50.534Z,VJ176,Airbus A320,SGN,HAN,2026-03-29 00:00:00,09:30,11:40,Eco,583400,282
2025-06-20T08:40:50.534Z,VJ132,Airbus A320,SGN,HAN,2026-03-29 00:00:00,11:10,13:20,Eco,583400,282
2025-06-20T08:40:50.534Z,VJ134,Airbus A320,SGN,HAN,2026-03-29 00:00:00,12:30,14:40,Eco,583400,282
2025-06-20T11:48:40.207Z,VJ194,Airbus A321,SGN,HAN,2026-01-19 00:00:00,05:00,07:10,Eco,583400,213
2025-06-20T11:48:40.207Z,VJ198,Airbus A321,SGN,HAN,2026-01-19 00:00:00,05:20,07:30,Eco,583400,213
2025-06-20T11:48:40.207Z,VJ120,Airbus A320,SGN,HAN,2026-01-19 00:00:00,06:00,08:10,Eco,583400,213
2025-06-20T11:48:40.207Z,VJ128,Airbus A320,SGN,HAN,2026-01-19 00:00:00,08:10,10:20,Eco,583400,213
2025-06-20T11:48:40.207Z,VJ132,Airbus A320,SGN,HAN,2026-01-19 00:00:00,11:10,13:20,Eco,583400,213
2025-06-20T11:48:40.207Z,VJ194,Airbus A321,SGN,HAN,2026-01-20 00:00:00,05:00,07:10,Eco,583400,214
2025-06-20T11:48:40.207Z,VJ198,Airbus A321,SGN,HAN,2026-01-20 00:00:00,05:20,07:30,Eco,583400,214
2025-06-20T11:48:40.207Z,VJ120,Airbus A320,SGN,HAN,2026-01-20 00:00:00,06:00,08:10,Eco,583400,214
2025-06-20T11:48:40.207Z,VJ122,Airbus A321,SGN,HAN,2026-01-20 00:00:00,06:30,08:40,Eco,583400,214
2025-06-20T11:48:40.207Z,VJ128,Airbus A320,SGN,HAN,2026-01-20 00:00:00,08:10,10:20,Eco,583400,214
2025-06-20T11:48:40.207Z,VJ176,Airbus A320,SGN,HAN,2026-01-20 00:00:00,09:30,11:40,Eco,583400,214
2025-06-20T11:48:40.207Z,VJ132,Airbus A320,SGN,HAN,2026-01-20 00:00:00,11:10,13:20,Eco,583400,214
2025-06-20T11:48:40.207Z,VJ194,Airbus A321,SGN,HAN,2026-01-21 00:00:00,05:00,07:10,Eco,583400,215
2025-06-20T11:48:40.207Z,VJ198,Airbus A321,SGN,HAN,2026-01-21 00:00:00,05:20,07:30,Eco,583400,215
2025-06-20T11:48:40.207Z,VJ120,Airbus A320,SGN,HAN,2026-01-21 00:00:00,06:00,08:10,Eco,583400,215
2025-06-20T11:48:40.207Z,VJ128,Airbus A320,SGN,HAN,2026-01-21 00:00:00,08:10,10:20,Eco,583400,215
2025-06-20T11:48:40.207Z,VJ176,Airbus A320,SGN,HAN,2026-01-21 00:00:00,09:30,11:40,Eco,583400,215
2025-06-20T11:48:40.207Z,VJ132,Airbus A320,SGN,HAN,2026-01-21 00:00:00,11:10,13:20,Eco,583400,215
2025-06-20T11:48:40.207Z,VJ194,Airbus A321,SGN,HAN,2026-01-22 00:00:00,05:00,07:10,Eco,583400,216
2025-06-20T11:48:40.207Z,VJ198,Airbus A321,SGN,HAN,2026-01-22 00:00:00,05:20,07:30,Eco,583400,216
2025-06-20T11:48:40.207Z,VJ120,Airbus A320,SGN,HAN,2026-01-22 00:00:00,06:00,08:10,Eco,583400,216
2025-06-20T11:48:40.207Z,VJ128,Airbus A320,SGN,HAN,2026-01-22 00:00:00,08:10,10:20,Eco,583400,216
2025-06-20T11:48:40.207Z,VJ176,Airbus A320,SGN,HAN,2026-01-22 00:00:00,09:30,11:40,Eco,583400,216
2025-06-20T11:48:40.207Z,VJ132,Airbus A320,SGN,HAN,2026-01-22 00:00:00,11:10,13:20,Eco,583400,216
2025-06-20T11:48:40.207Z,VJ194,Airbus A321,SGN,HAN,2026-01-23 00:00:00,05:00,07:10,Eco,583400,217
2025-06-20T11:48:40.207Z,VJ120,Airbus A320,SGN,HAN,2026-01-23 00:00:00,06:00,08:10,Eco,583400,217
2025-06-20T11:48:40.207Z,VJ122,Airbus A321,SGN,HAN,2026-01-23 00:00:00,06:30,08:40,Eco,583400,217
2025-06-20T11:48:40.207Z,VJ128,Airbus A320,SGN,HAN,2026-01-23 00:00:00,08:10,10:20,Eco,583400,217
2025-06-20T11:48:40.207Z,VJ176,Airbus A320,SGN,HAN,2026-01-23 00:00:00,09:30,11:40,Eco,583400,217
2025-06-20T11:48:40.207Z,VJ132,Airbus A320,SGN,HAN,2026-01-23 00:00:00,11:10,13:20,Eco,583400,217
2025-06-20T11:48:40.207Z,VJ134,Airbus A320,SGN,HAN,2026-01-23 00:00:00,12:30,14:40,Eco,583400,217
2025-06-20T11:48:40.207Z,VJ194,Airbus A321,SGN,HAN,2026-01-24 00:00:00,05:00,07:10,Eco,583400,218
2025-06-20T11:48:40.207Z,VJ198,Airbus A321,SGN,HAN,2026-01-24 00:00:00,05:20,07:30,Eco,583400,218
2025-06-20T11:48:40.207Z,VJ120,Airbus A320,SGN,HAN,2026-01-24 00:00:00,06:00,08:10,Eco,583400,218
2025-06-20T11:48:40.207Z,VJ122,Airbus A321,SGN,HAN,2026-01-24 00:00:00,06:30,08:40,Eco,583400,218
2025-06-20T11:48:40.207Z,VJ128,Airbus A320,SGN,HAN,2026-01-24 00:00:00,08:10,10:20,Eco,583400,218
2025-06-20T11:48:40.207Z,VJ134,Airbus A320,SGN,HAN,2026-01-24 00:00:00,12:30,14:40,Eco,583400,218
2025-06-20T11:48:40.207Z,VJ128,Airbus A320,SGN,HAN,2026-01-25 00:00:00,08:10,10:20,Eco,583400,219
2025-06-20T12:03:18.160Z,VJ194,Airbus A321,SGN,HAN,2026-02-24 00:00:00,05:00,07:10,Eco,583400,249
2025-06-20T12:03:18.160Z,VJ198,Airbus A321,SGN,HAN,2026-02-24 00:00:00,05:20,07:30,Eco,583400,249
2025-06-20T12:03:18.160Z,VJ128,Airbus A320,SGN,HAN,2026-02-24 00:00:00,08:10,10:20,Eco,583400,249
2025-06-20T12:03:18.160Z,VJ194,Airbus A321,SGN,HAN,2026-02-25 00:00:00,05:00,07:10,Eco,583400,250
2025-06-20T12:03:18.160Z,VJ198,Airbus A321,SGN,HAN,2026-02-25 00:00:00,05:20,07:30,Eco,583400,250
2025-06-20T12:03:18.160Z,VJ120,Airbus A320,SGN,HAN,2026-02-25 00:00:00,06:00,08:10,Eco,583400,250
2025-06-20T12:03:18.160Z,VJ122,Airbus A321,SGN,HAN,2026-02-25 00:00:00,06:30,08:40,Eco,583400,250
2025-06-20T12:03:18.160Z,VJ176,Airbus A320,SGN,HAN,2026-02-25 00:00:00,09:30,11:40,Eco,583400,250
2025-06-20T12:03:18.160Z,VJ132,Airbus A320,SGN,HAN,2026-02-25 00:00:00,11:10,13:20,Eco,583400,250
2025-06-20T12:03:18.160Z,VJ134,Airbus A320,SGN,HAN,2026-02-25 00:00:00,12:30,14:40,Eco,583400,250
2025-06-20T12:03:18.160Z,VJ194,Airbus A321,SGN,HAN,2026-02-26 00:00:00,05:00,07:10,Eco,583400,251
2025-06-20T12:03:18.160Z,VJ198,Airbus A321,SGN,HAN,2026-02-26 00:00:00,05:20,07:30,Eco,583400,251
2025-06-20T12:03:18.160Z,VJ120,Airbus A320,SGN,HAN,2026-02-26 00:00:00,06:00,08:10,Eco,583400,251
2025-06-20T12:03:18.160Z,VJ122,Airbus A321,SGN,HAN,2026-02-26 00:00:00,06:30,08:40,Eco,583400,251
2025-06-20T12:03:18.160Z,VJ128,Airbus A320,SGN,HAN,2026-02-26 00:00:00,08:10,10:20,Eco,583400,251
2025-06-20T12:03:18.160Z,VJ176,Airbus A320,SGN,HAN,2026-02-26 00:00:00,09:30,11:40,Eco,583400,251
2025-06-20T12:03:18.160Z,VJ132,Airbus A320,SGN,HAN,2026-02-26 00:00:00,11:10,13:20,Eco,583400,251
2025-06-20T12:03:18.160Z,VJ134,Airbus A320,SGN,HAN,2026-02-26 00:00:00,12:30,14:40,Eco,583400,251
2025-06-20T12:03:18.160Z,VJ194,Airbus A321,SGN,HAN,2026-02-27 00:00:00,05:00,07:10,Eco,583400,252
2025-06-20T12:03:18.160Z,VJ198,Airbus A321,SGN,HAN,2026-02-27 00:00:00,05:20,07:30,Eco,583400,252
2025-06-20T12:03:18.160Z,VJ120,Airbus A320,SGN,HAN,2026-02-27 00:00:00,06:00,08:10,Eco,583400,252
2025-06-20T12:03:18.160Z,VJ122,Airbus A321,SGN,HAN,2026-02-27 00:00:00,06:30,08:40,Eco,583400,252
2025-06-20T12:03:18.160Z,VJ176,Airbus A320,SGN,HAN,2026-02-27 00:00:00,09:30,11:40,Eco,583400,252
2025-06-20T12:03:18.160Z,VJ132,Airbus A320,SGN,HAN,2026-02-27 00:00:00,11:10,13:20,Eco,583400,252
2025-06-20T12:03:18.160Z,VJ134,Airbus A320,SGN,HAN,2026-02-27 00:00:00,12:30,14:40,Eco,583400,252
2025-06-21T09:03:29.901Z,VJ198,Airbus A321,SGN,HAN,2025-11-20 00:00:00,05:20,07:30,Eco,583400,152
2025-06-21T09:03:29.901Z,VJ120,Airbus A320,SGN,HAN,2025-11-20 00:00:00,06:00,08:10,Eco,583400,152
2025-06-21T09:03:29.901Z,VJ194,Airbus A321,SGN,HAN,2025-11-21 00:00:00,05:00,07:10,Eco,583400,153
2025-06-21T09:03:29.901Z,VJ198,Airbus A321,SGN,HAN,2025-11-21 00:00:00,05:20,07:30,Eco,583400,153
2025-06-21T09:03:29.901Z,VJ194,Airbus A321,SGN,HAN,2025-11-22 00:00:00,05:00,07:10,Eco,583400,154
2025-06-21T09:03:29.901Z,VJ198,Airbus A321,SGN,HAN,2025-11-22 00:00:00,05:20,07:30,Eco,583400,154
2025-06-21T09:03:29.901Z,VJ194,Airbus A321,SGN,HAN,2025-11-23 00:00:00,05:00,07:10,Eco,583400,155
2025-06-21T09:03:29.901Z,VJ198,Airbus A321,SGN,HAN,2025-11-23 00:00:00,05:20,07:30,Eco,583400,155
2025-06-21T09:03:29.901Z,VJ120,Airbus A320,SGN,HAN,2025-11-23 00:00:00,06:00,08:10,Eco,583400,155
2025-06-21T09:03:29.901Z,VJ128,Airbus A320,SGN,HAN,2025-11-23 00:00:00,08:10,10:20,Eco,583400,155
2025-06-21T09:03:29.901Z,VJ134,Airbus A320,SGN,HAN,2025-11-23 00:00:00,12:30,14:40,Eco,583400,155
2025-06-21T09:03:29.901Z,VJ194,Airbus A321,SGN,HAN,2025-11-24 00:00:00,05:00,07:10,Eco,583400,156
2025-06-21T09:03:29.901Z,VJ198,Airbus A321,SGN,HAN,2025-11-24 00:00:00,05:20,07:30,Eco,583400,156
2025-06-21T09:03:29.901Z,VJ120,Airbus A320,SGN,HAN,2025-11-24 00:00:00,06:00,08:10,Eco,583400,156
2025-06-21T09:03:29.901Z,VJ194,Airbus A321,SGN,HAN,2025-11-29 00:00:00,05:00,07:10,Eco,583400,161
2025-06-21T09:03:29.901Z,VJ120,Airbus A320,SGN,HAN,2025-11-29 00:00:00,06:00,08:10,Eco,583400,161
2025-06-21T09:03:29.901Z,VJ128,Airbus A320,SGN,HAN,2025-11-29 00:00:00,08:10,10:20,Eco,583400,161
2025-06-21T09:18:27.632Z,VJ194,Airbus A321,SGN,HAN,2025-12-24 00:00:00,05:00,07:10,Eco,583400,186
2025-06-21T09:18:27.632Z,VJ120,Airbus A320,SGN,HAN,2025-12-24 00:00:00,06:00,08:10,Eco,583400,186
2025-06-21T09:18:27.632Z,VJ132,Airbus A320,SGN,HAN,2025-12-24 00:00:00,11:10,13:20,Eco,583400,186
2025-06-21T09:18:27.632Z,VJ194,Airbus A321,SGN,HAN,2025-12-25 00:00:00,05:00,07:10,Eco,583400,187
2025-06-21T09:18:27.632Z,VJ194,Airbus A321,SGN,HAN,2025-12-26 00:00:00,05:00,07:10,Eco,583400,188
2025-06-21T09:18:27.632Z,VJ198,Airbus A321,SGN,HAN,2025-12-26 00:00:00,05:20,07:30,Eco,583400,188
2025-06-21T09:18:27.632Z,VJ134,Airbus A320,SGN,HAN,2025-12-26 00:00:00,12:30,14:40,Eco,583400,188
2025-06-21T09:18:27.632Z,VJ194,Airbus A321,SGN,HAN,2025-12-27 00:00:00,05:00,07:10,Eco,583400,189
2025-06-21T09:18:27.632Z,VJ120,Airbus A320,SGN,HAN,2025-12-27 00:00:00,06:00,08:10,Eco,583400,189
2025-06-21T09:18:27.632Z,VJ194,Airbus A321,SGN,HAN,2025-12-28 00:00:00,05:00,07:10,Eco,583400,190
2025-06-21T09:18:27.632Z,VJ198,Airbus A321,SGN,HAN,2025-12-28 00:00:00,05:20,07:30,Eco,583400,190
2025-06-21T09:18:27.632Z,VJ120,Airbus A320,SGN,HAN,2025-12-28 00:00:00,06:00,08:10,Eco,583400,190
2025-06-21T09:18:27.632Z,VJ194,Airbus A321,SGN,HAN,2025-12-29 00:00:00,05:00,07:10,Eco,583400,191
2025-06-21T09:18:27.632Z,VJ120,Airbus A320,SGN,HAN,2025-12-29 00:00:00,06:00,08:10,Eco,583400,191
2025-06-21T09:18:27.632Z,VJ132,Airbus A320,SGN,HAN,2025-12-29 00:00:00,11:10,13:20,Eco,583400,191
2025-06-21T09:18:27.632Z,VJ134,Airbus A320,SGN,HAN,2025-12-29 00:00:00,12:30,14:40,Eco,583400,191
2025-06-21T09:33:35.133Z,VJ194,Airbus A321,SGN,HAN,2026-01-20 00:00:00,05:00,07:10,Eco,583400,213
2025-06-21T09:33:35.133Z,VJ198,Airbus A321,SGN,HAN,2026-01-20 00:00:00,05:20,07:30,Eco,583400,213
2025-06-21T09:33:35.133Z,VJ120,Airbus A320,SGN,HAN,2026-01-20 00:00:00,06:00,08:10,Eco,583400,213
2025-06-21T09:33:35.133Z,VJ122,Airbus A321,SGN,HAN,2026-01-20 00:00:00,06:30,08:40,Eco,583400,213
2025-06-21T09:33:35.133Z,VJ128,Airbus A320,SGN,HAN,2026-01-20 00:00:00,08:10,10:20,Eco,583400,213
2025-06-21T09:33:35.133Z,VJ176,Airbus A320,SGN,HAN,2026-01-20 00:00:00,09:30,11:40,Eco,583400,213
2025-06-21T09:33:35.133Z,VJ132,Airbus A320,SGN,HAN,2026-01-20 00:00:00,11:10,13:20,Eco,583400,213
2025-06-21T09:33:35.133Z,VJ194,Airbus A321,SGN,HAN,2026-01-21 00:00:00,05:00,07:10,Eco,583400,214
2025-06-21T09:33:35.133Z,VJ198,Airbus A321,SGN,HAN,2026-01-21 00:00:00,05:20,07:30,Eco,583400,214
2025-06-21T09:33:35.133Z,VJ128,Airbus A320,SGN,HAN,2026-01-21 00:00:00,08:10,10:20,Eco,583400,214
2025-06-21T09:33:35.133Z,VJ176,Airbus A320,SGN,HAN,2026-01-21 00:00:00,09:30,11:40,Eco,583400,214
2025-06-21T09:33:35.133Z,VJ132,Airbus A320,SGN,HAN,2026-01-21 00:00:00,11:10,13:20,Eco,583400,214
2025-06-21T09:33:35.133Z,VJ194,Airbus A321,SGN,HAN,2026-01-22 00:00:00,05:00,07:10,Eco,583400,215
2025-06-21T09:33:35.133Z,VJ198,Airbus A321,SGN,HAN,2026-01-22 00:00:00,05:20,07:30,Eco,583400,215
2025-06-21T09:33:35.133Z,VJ128,Airbus A320,SGN,HAN,2026-01-22 00:00:00,08:10,10:20,Eco,583400,215
2025-06-21T09:33:35.133Z,VJ176,Airbus A320,SGN,HAN,2026-01-22 00:00:00,09:30,11:40,Eco,583400,215
2025-06-21T09:33:35.133Z,VJ132,Airbus A320,SGN,HAN,2026-01-22 00:00:00,11:10,13:20,Eco,583400,215
2025-06-21T09:33:35.133Z,VJ194,Airbus A321,SGN,HAN,2026-01-23 00:00:00,05:00,07:10,Eco,583400,216
2025-06-21T09:33:35.133Z,VJ120,Airbus A320,SGN,HAN,2026-01-23 00:00:00,06:00,08:10,Eco,583400,216
2025-06-21T09:33:35.133Z,VJ122,Airbus A321,SGN,HAN,2026-01-23 00:00:00,06:30,08:40,Eco,583400,216
2025-06-21T09:33:35.133Z,VJ128,Airbus A320,SGN,HAN,2026-01-23 00:00:00,08:10,10:20,Eco,583400,216
2025-06-21T09:33:35.133Z,VJ176,Airbus A320,SGN,HAN,2026-01-23 00:00:00,09:30,11:40,Eco,583400,216
2025-06-21T09:33:35.133Z,VJ132,Airbus A320,SGN,HAN,2026-01-23 00:00:00,11:10,13:20,Eco,583400,216
2025-06-21T09:33:35.133Z,VJ134,Airbus A320,SGN,HAN,2026-01-23 00:00:00,12:30,14:40,Eco,583400,216
2025-06-21T09:33:35.133Z,VJ194,Airbus A321,SGN,HAN,2026-01-24 00:00:00,05:00,07:10,Eco,583400,217
2025-06-21T09:33:35.133Z,VJ198,Airbus A321,SGN,HAN,2026-01-24 00:00:00,05:20,07:30,Eco,583400,217
2025-06-21T09:33:35.133Z,VJ120,Airbus A320,SGN,HAN,2026-01-24 00:00:00,06:00,08:10,Eco,583400,217
2025-06-21T09:33:35.133Z,VJ122,Airbus A321,SGN,HAN,2026-01-24 00:00:00,06:30,08:40,Eco,583400,217
2025-06-21T09:33:35.133Z,VJ128,Airbus A320,SGN,HAN,2026-01-24 00:00:00,08:10,10:20,Eco,583400,217
2025-06-21T09:33:35.133Z,VJ134,Airbus A320,SGN,HAN,2026-01-24 00:00:00,12:30,14:40,Eco,583400,217
2025-06-21T09:33:35.133Z,VJ198,Airbus A321,SGN,HAN,2026-01-25 00:00:00,05:20,07:30,Eco,583400,218
2025-06-21T09:33:35.133Z,VJ120,Airbus A320,SGN,HAN,2026-01-25 00:00:00,06:00,08:10,Eco,583400,218
2025-06-21T09:33:35.133Z,VJ122,Airbus A321,SGN,HAN,2026-01-25 00:00:00,06:30,08:40,Eco,583400,218
2025-06-21T09:33:35.133Z,VJ128,Airbus A320,SGN,HAN,2026-01-25 00:00:00,08:10,10:20,Eco,583400,218
2025-06-21T09:33:35.133Z,VJ132,Airbus A320,SGN,HAN,2026-01-25 00:00:00,11:10,13:20,Eco,583400,218
2025-06-21T09:48:09.036Z,VJ194,Airbus A321,SGN,HAN,2026-02-24 00:00:00,05:00,07:10,Eco,583400,248
2025-06-21T09:48:09.036Z,VJ198,Airbus A321,SGN,HAN,2026-02-24 00:00:00,05:20,07:30,Eco,583400,248
2025-06-21T09:48:09.036Z,VJ128,Airbus A320,SGN,HAN,2026-02-24 00:00:00,08:10,10:20,Eco,583400,248
2025-06-21T09:48:09.036Z,VJ194,Airbus A321,SGN,HAN,2026-02-25 00:00:00,05:00,07:10,Eco,583400,249
2025-06-21T09:48:09.036Z,VJ198,Airbus A321,SGN,HAN,2026-02-25 00:00:00,05:20,07:30,Eco,583400,249
2025-06-21T09:48:09.036Z,VJ120,Airbus A320,SGN,HAN,2026-02-25 00:00:00,06:00,08:10,Eco,583400,249
2025-06-21T09:48:09.036Z,VJ122,Airbus A321,SGN,HAN,2026-02-25 00:00:00,06:30,08:40,Eco,583400,249
2025-06-21T09:48:09.036Z,VJ176,Airbus A320,SGN,HAN,2026-02-25 00:00:00,09:30,11:40,Eco,583400,249
2025-06-21T09:48:09.036Z,VJ132,Airbus A320,SGN,HAN,2026-02-25 00:00:00,11:10,13:20,Eco,583400,249
2025-06-21T09:48:09.036Z,VJ134,Airbus A320,SGN,HAN,2026-02-25 00:00:00,12:30,14:40,Eco,583400,249
2025-06-21T09:48:09.036Z,VJ194,Airbus A321,SGN,HAN,2026-02-26 00:00:00,05:00,07:10,Eco,583400,250
2025-06-21T09:48:09.036Z,VJ198,Airbus A321,SGN,HAN,2026-02-26 00:00:00,05:20,07:30,Eco,583400,250
2025-06-21T09:48:09.036Z,VJ120,Airbus A320,SGN,HAN,2026-02-26 00:00:00,06:00,08:10,Eco,583400,250
2025-06-21T09:48:09.036Z,VJ122,Airbus A321,SGN,HAN,2026-02-26 00:00:00,06:30,08:40,Eco,583400,250
2025-06-21T09:48:09.036Z,VJ128,Airbus A320,SGN,HAN,2026-02-26 00:00:00,08:10,10:20,Eco,583400,250
2025-06-21T09:48:09.036Z,VJ176,Airbus A320,SGN,HAN,2026-02-26 00:00:00,09:30,11:40,Eco,583400,250
2025-06-21T09:48:09.036Z,VJ132,Airbus A320,SGN,HAN,2026-02-26 00:00:00,11:10,13:20,Eco,583400,250
2025-06-21T09:48:09.036Z,VJ134,Airbus A320,SGN,HAN,2026-02-26 00:00:00,12:30,14:40,Eco,583400,250
2025-06-21T09:48:09.036Z,VJ194,Airbus A321,SGN,HAN,2026-02-27 00:00:00,05:00,07:10,Eco,583400,251
2025-06-21T09:48:09.036Z,VJ198,Airbus A321,SGN,HAN,2026-02-27 00:00:00,05:20,07:30,Eco,583400,251
2025-06-21T09:48:09.036Z,VJ120,Airbus A320,SGN,HAN,2026-02-27 00:00:00,06:00,08:10,Eco,583400,251
2025-06-21T09:48:09.036Z,VJ122,Airbus A321,SGN,HAN,2026-02-27 00:00:00,06:30,08:40,Eco,583400,251
2025-06-21T09:48:09.036Z,VJ176,Airbus A320,SGN,HAN,2026-02-27 00:00:00,09:30,11:40,Eco,583400,251
2025-06-21T09:48:09.036Z,VJ132,Airbus A320,SGN,HAN,2026-02-27 00:00:00,11:10,13:20,Eco,583400,251
2025-06-21T09:48:09.036Z,VJ134,Airbus A320,SGN,HAN,2026-02-27 00:00:00,12:30,14:40,Eco,583400,251
2025-07-19T03:13:11.565Z,VJ1198,Airbus A321,SGN,HAN,2025-07-20 00:00:00,05:00,07:10,Eco,593000,1
2025-07-19T03:13:11.565Z,VJ196,Airbus A320-100/200,SGN,HAN,2025-07-20 00:00:00,06:15,08:25,Eco,593000,1
2025-07-19T03:13:11.565Z,VJ174,Airbus A321,SGN,HAN,2025-07-20 00:00:00,21:00,23:10,Eco,593000,1
2025-07-19T03:13:11.565Z,VJ1174,Airbus A321,SGN,HAN,2025-07-20 00:00:00,21:10,23:20,Eco,593000,1
2025-07-19T03:13:11.565Z,VJ172,Airbus A321,SGN,HAN,2025-07-20 00:00:00,22:10,00:20,Eco,593000,1
2025-07-19T03:13:11.565Z,VJ1170,Airbus A321,SGN,HAN,2025-07-20 00:00:00,23:35,01:45,Eco,593000,1
2025-07-19T03:13:11.565Z,VJ120,Airbus A321,SGN,HAN,2025-07-20 00:00:00,07:30,09:40,Eco,708167,1
2025-07-19T03:13:11.565Z,VJ1126,Airbus A321,SGN,HAN,2025-07-20 00:00:00,08:10,10:20,Eco,708167,1
2025-07-19T03:13:11.565Z,VJ124,Airbus A321,SGN,HAN,2025-07-20 00:00:00,09:20,11:30,Eco,708167,1
2025-07-19T03:13:11.565Z,VJ1130,Airbus A321,SGN,HAN,2025-07-20 00:00:00,10:25,12:35,Eco,708167,1
2025-07-19T03:13:11.565Z,VJ1140,Airbus A330,SGN,HAN,2025-07-20 00:00:00,11:25,13:35,Eco,708167,1
2025-07-19T03:13:11.565Z,VJ178,Airbus A330,SGN,HAN,2025-07-20 00:00:00,11:50,14:00,Eco,708167,1
2025-07-19T03:13:11.565Z,VJ198,Airbus A330,SGN,HAN,2025-07-20 00:00:00,12:10,14:20,Eco,708167,1
2025-07-19T03:13:11.565Z,VJ1156,Airbus A330,SGN,HAN,2025-07-20 00:00:00,18:45,20:55,Eco,708167,1
2025-07-19T03:13:11.565Z,VJ176,Airbus A330,SGN,HAN,2025-07-20 00:00:00,20:00,22:10,Eco,708167,1
2025-07-19T03:13:11.565Z,VJ1160,Airbus A321,SGN,HAN,2025-07-20 00:00:00,20:05,22:10,Eco,708167,1
2025-07-19T03:13:11.565Z,VJ1158,Airbus A320-100/200,SGN,HAN,2025-07-20 00:00:00,20:50,23:00,Eco,708167,1
2025-07-19T03:13:11.565Z,VJ1198,Airbus A321,SGN,HAN,2025-07-20 00:00:00,05:00,07:10,Deluxe,791000,1
2025-07-19T03:13:11.565Z,VJ196,Airbus A320-100/200,SGN,HAN,2025-07-20 00:00:00,06:15,08:25,Deluxe,791000,1
2025-07-19T03:13:11.565Z,VJ174,Airbus A321,SGN,HAN,2025-07-20 00:00:00,21:00,23:10,Deluxe,791000,1
2025-07-19T03:13:11.565Z,VJ1174,Airbus A321,SGN,HAN,2025-07-20 00:00:00,21:10,23:20,Deluxe,791000,1
2025-07-19T03:13:11.565Z,VJ172,Airbus A321,SGN,HAN,2025-07-20 00:00:00,22:10,00:20,Deluxe,791000,1
2025-07-19T03:13:11.565Z,VJ1170,Airbus A321,SGN,HAN,2025-07-20 00:00:00,23:35,01:45,Deluxe,791000,1
2025-07-19T03:13:11.565Z,VJ120,Airbus A321,SGN,HAN,2025-07-20 00:00:00,07:30,09:40,Deluxe,906167,1
2025-07-19T03:13:11.565Z,VJ1126,Airbus A321,SGN,HAN,2025-07-20 00:00:00,08:10,10:20,Deluxe,906167,1
2025-07-19T03:13:11.565Z,VJ124,Airbus A321,SGN,HAN,2025-07-20 00:00:00,09:20,11:30,Deluxe,906167,1
2025-07-19T03:13:11.565Z,VJ1130,Airbus A321,SGN,HAN,2025-07-20 00:00:00,10:25,12:35,Deluxe,906167,1
2025-07-19T03:13:11.565Z,VJ1140,Airbus A330,SGN,HAN,2025-07-20 00:00:00,11:25,13:35,Deluxe,906167,1
2025-07-19T03:13:11.565Z,VJ178,Airbus A330,SGN,HAN,2025-07-20 00:00:00,11:50,14:00,Deluxe,906167,1
2025-07-19T03:13:11.565Z,VJ198,Airbus A330,SGN,HAN,2025-07-20 00:00:00,12:10,14:20,Deluxe,906167,1
2025-07-19T03:13:11.565Z,VJ1156,Airbus A330,SGN,HAN,2025-07-20 00:00:00,18:45,20:55,Deluxe,906167,1
2025-07-19T03:13:11.565Z,VJ176,Airbus A330,SGN,HAN,2025-07-20 00:00:00,20:00,22:10,Deluxe,906167,1
2025-07-19T03:13:11.565Z,VJ1160,Airbus A321,SGN,HAN,2025-07-20 00:00:00,20:05,22:10,Deluxe,906167,1
2025-07-19T03:13:11.565Z,VJ1158,Airbus A320-100/200,SGN,HAN,2025-07-20 00:00:00,20:50,23:00,Deluxe,906167,1
2025-07-19T03:13:11.565Z,VN6014,Airbus A321,SGN,HAN,2025-07-20 00:00:00,07:00,09:10,Economy Classic,832667,1
2025-07-19T03:13:11.565Z,VN6002,Airbus A321,SGN,HAN,2025-07-20 00:00:00,04:55,07:05,Economy Classic,915333,1
2025-07-19T03:13:11.565Z,VN7242,Boeing 787,SGN,HAN,2025-07-20 00:00:00,06:05,08:10,Economy Classic,915333,1
2025-07-19T03:13:11.565Z,VN6014,Airbus A321,SGN,HAN,2025-07-20 00:00:00,07:00,09:10,Economy Classic,915333,1
2025-07-19T03:13:11.565Z,VN6002,Airbus A321,SGN,HAN,2025-07-20 00:00:00,04:55,07:05,Economy Classic,991000,1
2025-07-19T03:13:11.565Z,VN206,Airbus 350,SGN,HAN,2025-07-20 00:00:00,06:00,08:05,Economy Classic,991000,1
2025-07-19T03:13:11.565Z,VN7242,Boeing 787,SGN,HAN,2025-07-20 00:00:00,06:05,08:10,Economy Classic,991000,1
2025-07-19T03:13:11.565Z,VN6014,Airbus A321,SGN,HAN,2025-07-20 00:00:00,07:00,09:10,Economy Classic,991000,1
2025-07-19T03:32:13.841Z,VN6002,Airbus A321,SGN,HAN,2025-07-21 00:00:00,04:55,07:05,Economy Classic,915333,2
2025-07-19T03:32:13.841Z,VN6014,Airbus A321,SGN,HAN,2025-07-21 00:00:00,07:00,09:10,Economy Classic,915333,2
2025-07-19T03:32:13.841Z,VN252,Boeing 787,SGN,HAN,2025-07-21 00:00:00,16:40,18:45,Economy Classic,915333,2
2025-07-19T03:32:13.841Z,VN254,Airbus 350,SGN,HAN,2025-07-21 00:00:00,17:00,19:10,Economy Classic,915333,2
2025-07-19T03:32:13.841Z,VN218,Boeing 787,SGN,HAN,2025-07-21 00:00:00,18:00,20:05,Economy Classic,915333,2
2025-07-19T03:32:13.841Z,VN258,Boeing 787,SGN,HAN,2025-07-21 00:00:00,19:00,21:05,Economy Classic,915333,2
2025-07-19T03:32:13.841Z,VN262,Boeing 787,SGN,HAN,2025-07-21 00:00:00,19:35,21:40,Economy Classic,915333,2
2025-07-19T03:32:13.841Z,VN220,Boeing 787,SGN,HAN,2025-07-21 00:00:00,20:00,22:05,Economy Classic,915333,2
2025-07-19T03:32:13.841Z,VN256,Boeing 787,SGN,HAN,2025-07-21 00:00:00,20:30,22:35,Economy Classic,915333,2
2025-07-19T03:32:13.841Z,VN7234,Airbus A321,SGN,HAN,2025-07-21 00:00:00,21:30,23:35,Economy Classic,915333,2
2025-07-19T03:32:13.841Z,VN6002,Airbus A321,SGN,HAN,2025-07-21 00:00:00,04:55,07:05,Economy Classic,991000,2
2025-07-19T03:32:13.841Z,VN6014,Airbus A321,SGN,HAN,2025-07-21 00:00:00,07:00,09:10,Economy Classic,991000,2
2025-07-19T03:32:13.841Z,VN252,Boeing 787,SGN,HAN,2025-07-21 00:00:00,16:40,18:45,Economy Classic,991000,2
2025-07-19T03:32:13.841Z,VN254,Airbus 350,SGN,HAN,2025-07-21 00:00:00,17:00,19:10,Economy Classic,991000,2
2025-07-19T03:32:13.841Z,VN218,Boeing 787,SGN,HAN,2025-07-21 00:00:00,18:00,20:05,Economy Classic,991000,2
2025-07-19T03:32:13.841Z,VN258,Boeing 787,SGN,HAN,2025-07-21 00:00:00,19:00,21:05,Economy Classic,991000,2
2025-07-19T03:32:13.841Z,VN262,Boeing 787,SGN,HAN,2025-07-21 00:00:00,19:35,21:40,Economy Classic,991000,2
2025-07-19T03:32:13.841Z,VN220,Boeing 787,SGN,HAN,2025-07-21 00:00:00,20:00,22:05,Economy Classic,991000,2
2025-07-19T03:32:13.841Z,VN256,Boeing 787,SGN,HAN,2025-07-21 00:00:00,20:30,22:35,Economy Classic,991000,2
2025-07-19T03:32:13.841Z,VN260,Airbus 350,SGN,HAN,2025-07-21 00:00:00,21:00,23:05,Economy Classic,991000,2
2025-07-19T03:32:13.841Z,VN7234,Airbus A321,SGN,HAN,2025-07-21 00:00:00,21:30,23:35,Economy Classic,991000,2
2025-07-19T03:32:13.841Z,VN270,Airbus A321,SGN,HAN,2025-07-21 00:00:00,23:00,01:05,Economy Classic,991000,2
2025-07-19T03:13:11.565Z,QH272,Airbus A321,SGN,HAN,2025-07-20 00:00:00,20:05,22:15,Economy Smart,647709,1
2025-07-19T03:13:11.565Z,QH284,Airbus A321,SGN,HAN,2025-07-20 00:00:00,21:30,23:40,Economy Smart,647709,1
2025-07-19T03:13:11.565Z,QH224,Airbus A320-100/200,SGN,HAN,2025-07-20 00:00:00,10:40,12:50,Economy Smart,730255,1
2025-07-19T03:13:11.565Z,QH268,Boeing 737 All Series Passenger,SGN,HAN,2025-07-20 00:00:00,19:15,21:25,Economy Smart,730255,1
2025-07-19T03:13:11.565Z,QH228,Airbus A321,SGN,HAN,2025-07-20 00:00:00,11:00,13:10,Economy Smart,812800,1
2025-07-19T03:13:11.565Z,QH242,Boeing 737 All Series Passenger,SGN,HAN,2025-07-20 00:00:00,13:10,15:20,Economy Smart,812800,1
2025-07-19T03:13:11.565Z,QH202,Airbus A321,SGN,HAN,2025-07-20 00:00:00,05:25,07:35,Economy Flex,989527,1
2025-07-19T03:13:11.565Z,QH204,Boeing 737 All Series Passenger,SGN,HAN,2025-07-20 00:00:00,07:10,09:20,Economy Flex,989527,1
2025-07-19T03:13:11.565Z,QH224,Airbus A320-100/200,SGN,HAN,2025-07-20 00:00:00,10:40,12:50,Economy Flex,989527,1
2025-07-19T03:13:11.565Z,QH228,Airbus A321,SGN,HAN,2025-07-20 00:00:00,11:00,13:10,Economy Flex,989527,1
2025-07-19T03:13:11.565Z,QH242,Boeing 737 All Series Passenger,SGN,HAN,2025-07-20 00:00:00,13:10,15:20,Economy Flex,989527,1
2025-07-19T03:13:11.565Z,QH268,Boeing 737 All Series Passenger,SGN,HAN,2025-07-20 00:00:00,19:15,21:25,Economy Flex,989527,1
2025-07-19T03:13:11.565Z,QH272,Airbus A321,SGN,HAN,2025-07-20 00:00:00,20:05,22:15,Economy Flex,989527,1
2025-07-19T03:13:11.565Z,QH284,Airbus A321,SGN,HAN,2025-07-20 00:00:00,21:30,23:40,Economy Flex,989527,1
2025-07-19T03:32:13.841Z,QH242,Boeing 737 All Series Passenger,SGN,HAN,2025-07-21 00:00:00,13:10,15:20,Economy Smart,647709,2
2025-07-19T03:32:13.841Z,QH254,Airbus A320-100/200,SGN,HAN,2025-07-21 00:00:00,15:40,17:55,Economy Smart,647709,2
2025-07-19T03:32:13.841Z,QH224,Airbus A320-100/200,SGN,HAN,2025-07-21 00:00:00,10:40,12:50,Economy Smart,730255,2
2025-07-19T03:32:13.841Z,QH202,Airbus A320-100/200,SGN,HAN,2025-07-21 00:00:00,05:00,07:10,Economy Flex,989527,2
2025-07-19T03:32:13.841Z,QH204,Boeing 737 All Series Passenger,SGN,HAN,2025-07-21 00:00:00,07:10,09:20,Economy Flex,989527,2
2025-07-19T03:32:13.841Z,QH224,Airbus A320-100/200,SGN,HAN,2025-07-21 00:00:00,10:40,12:50,Economy Flex,989527,2
2025-07-19T03:32:13.841Z,QH242,Boeing 737 All Series Passenger,SGN,HAN,2025-07-21 00:00:00,13:10,15:20,Economy Flex,989527,2
2025-07-19T03:32:13.841Z,QH254,Airbus A320-100/200,SGN,HAN,2025-07-21 00:00:00,15:40,17:55,Economy Flex,989527,2
2025-07-19T03:32:13.841Z,QH272,Airbus A321,SGN,HAN,2025-07-21 00:00:00,18:30,20:40,Economy Flex,989527,2
2025-07-19T03:32:13.841Z,QH268,Boeing 737 All Series Passenger,SGN,HAN,2025-07-21 00:00:00,19:15,21:25,Economy Flex,989527,2
2025-07-19T03:32:13.841Z,QH296,Airbus A320-100/200,SGN,HAN,2025-07-21 00:00:00,20:05,22:15,Economy Flex,989527,2
2025-07-19T03:32:13.841Z,QH284,Airbus A320-100/200,SGN,HAN,2025-07-21 00:00:00,21:30,23:40,Economy Flex,989527,2
2025-11-16T15:54:30.411Z,VU794,Airbus A320,SGN,HAN,2026-02-23 00:00:00,21:05,23:15,ECONOMY,901000,99
2025-11-16T15:55:01.392Z,VU750,Airbus A321,SGN,HAN,2026-02-24 00:00:00,05:45,07:55,ECONOMY,901000,100
2025-11-16T15:55:01.392Z,VU780,Airbus A321,SGN,HAN,2026-02-24 00:00:00,17:10,19:20,ECONOMY,901000,100
2025-11-16T15:55:01.392Z,VU794,Airbus A320,SGN,HAN,2026-02-24 00:00:00,21:05,23:15,ECONOMY,901000,100
2025-11-16T15:55:34.263Z,VU750,Airbus A321,SGN,HAN,2026-02-25 00:00:00,05:45,07:55,ECONOMY,901000,101
2025-11-16T15:55:34.263Z,VU778,Airbus A320,SGN,HAN,2026-02-25 00:00:00,13:10,15:20,ECONOMY,901000,101
2025-11-16T15:55:34.263Z,VU780,Airbus A321,SGN,HAN,2026-02-25 00:00:00,17:10,19:20,ECONOMY,901000,101
2025-11-16T15:55:34.263Z,VU794,Airbus A320,SGN,HAN,2026-02-25 00:00:00,21:05,23:15,ECONOMY,901000,101
2025-11-16T15:56:08.531Z,VU750,Airbus A321,SGN,HAN,2026-02-26 00:00:00,05:45,07:55,ECONOMY,901000,102
2025-11-16T15:56:08.531Z,VU778,Airbus A320,SGN,HAN,2026-02-26 00:00:00,13:10,15:20,ECONOMY,901000,102
2025-11-16T15:56:08.531Z,VU780,Airbus A321,SGN,HAN,2026-02-26 00:00:00,17:10,19:20,ECONOMY,901000,102
2025-11-16T15:56:08.531Z,VU794,Airbus A320,SGN,HAN,2026-02-26 00:00:00,21:05,23:15,ECONOMY,901000,102
2025-11-16T15:56:43.831Z,VU750,Airbus A321,SGN,HAN,2026-02-27 00:00:00,05:45,07:55,ECONOMY,901000,103
2025-11-16T15:56:43.831Z,VU778,Airbus A320,SGN,HAN,2026-02-27 00:00:00,13:10,15:20,ECONOMY,901000,103
2025-11-16T15:56:43.831Z,VU780,Airbus A321,SGN,HAN,2026-02-27 00:00:00,17:10,19:20,ECONOMY,901000,103
2025-11-16T15:56:43.831Z,VU794,Airbus A320,SGN,HAN,2026-02-27 00:00:00,21:05,23:15,ECONOMY,901000,103
2025-11-16T15:57:18.390Z,VU750,Airbus A321,SGN,HAN,2026-02-28 00:00:00,05:45,07:55,ECONOMY,901000,104
2025-11-16T15:57:18.390Z,VU778,Airbus A320,SGN,HAN,2026-02-28 00:00:00,13:10,15:20,ECONOMY,901000,104
2025-11-16T15:57:18.390Z,VU780,Airbus A321,SGN,HAN,2026-02-28 00:00:00,17:10,19:20,ECONOMY,901000,104
2025-11-16T15:57:18.390Z,VU794,Airbus A320,SGN,HAN,2026-02-28 00:00:00,21:05,23:15,ECONOMY,901000,104
2025-11-16T15:57:54.247Z,VU750,Airbus A321,SGN,HAN,2026-01-03 00:00:00,05:45,07:55,ECONOMY,901000,48
2025-11-16T15:57:54.247Z,VU778,Airbus A320,SGN,HAN,2026-01-03 00:00:00,13:10,15:20,ECONOMY,901000,48
2025-11-16T15:57:54.247Z,VU780,Airbus A321,SGN,HAN,2026-01-03 00:00:00,17:10,19:20,ECONOMY,901000,48
2025-11-16T15:57:54.247Z,VU794,Airbus A320,SGN,HAN,2026-01-03 00:00:00,21:05,23:15,ECONOMY,901000,48
2025-11-16T15:58:30.126Z,VU750,Airbus A321,SGN,HAN,2026-02-03 00:00:00,05:45,07:55,ECONOMY,901000,79
2025-11-16T15:58:30.126Z,VU778,Airbus A320,SGN,HAN,2026-02-03 00:00:00,13:10,15:20,ECONOMY,901000,79
2025-11-16T15:58:30.126Z,VU780,Airbus A321,SGN,HAN,2026-02-03 00:00:00,17:10,19:20,ECONOMY,901000,79
2025-11-16T15:58:30.126Z,VU794,Airbus A320,SGN,HAN,2026-02-03 00:00:00,21:05,23:15,ECONOMY,901000,79
2025-11-16T15:59:02.637Z,VU750,Airbus A321,SGN,HAN,2026-03-03 00:00:00,05:45,07:55,ECONOMY,901000,107
2025-11-16T15:59:02.637Z,VU778,Airbus A320,SGN,HAN,2026-03-03 00:00:00,13:10,15:20,ECONOMY,901000,107
2025-11-16T15:59:02.637Z,VU780,Airbus A321,SGN,HAN,2026-03-03 00:00:00,17:10,19:20,ECONOMY,901000,107
2025-11-16T15:59:02.637Z,VU794,Airbus A320,SGN,HAN,2026-03-03 00:00:00,21:05,23:15,ECONOMY,901000,107
2025-11-19T16:03:09.451Z,VU750,Airbus A321,SGN,HAN,2026-02-24 00:00:00,05:45,07:55,ECONOMY,901000,97
2025-11-19T16:03:09.451Z,VU780,Airbus A321,SGN,HAN,2026-02-24 00:00:00,17:10,19:20,ECONOMY,901000,97
2025-11-19T16:03:09.451Z,VU794,Airbus A320,SGN,HAN,2026-02-24 00:00:00,21:05,23:15,ECONOMY,901000,97
2025-11-19T16:03:52.067Z,VU750,Airbus A321,SGN,HAN,2026-02-25 00:00:00,05:45,07:55,ECONOMY,901000,98
2025-11-19T16:03:52.067Z,VU780,Airbus A321,SGN,HAN,2026-02-25 00:00:00,17:10,19:20,ECONOMY,901000,98
2025-11-19T16:03:52.067Z,VU794,Airbus A320,SGN,HAN,2026-02-25 00:00:00,21:05,23:15,ECONOMY,901000,98
2025-11-19T16:04:27.484Z,VU750,Airbus A321,SGN,HAN,2026-02-26 00:00:00,05:45,07:55,ECONOMY,901000,99
2025-11-19T16:04:27.484Z,VU778,Airbus A320,SGN,HAN,2026-02-26 00:00:00,13:10,15:20,ECONOMY,901000,99
2025-11-19T16:04:27.484Z,VU780,Airbus A321,SGN,HAN,2026-02-26 00:00:00,17:10,19:20,ECONOMY,901000,99
2025-11-19T16:04:27.484Z,VU794,Airbus A320,SGN,HAN,2026-02-26 00:00:00,21:05,23:15,ECONOMY,901000,99
2025-11-19T16:05:11.318Z,VU750,Airbus A321,SGN,HAN,2026-02-27 00:00:00,05:45,07:55,ECONOMY,901000,100
2025-11-19T16:05:11.318Z,VU778,Airbus A320,SGN,HAN,2026-02-27 00:00:00,13:10,15:20,ECONOMY,901000,100
2025-11-19T16:05:11.318Z,VU780,Airbus A321,SGN,HAN,2026-02-27 00:00:00,17:10,19:20,ECONOMY,901000,100
2025-11-19T16:05:11.318Z,VU794,Airbus A320,SGN,HAN,2026-02-27 00:00:00,21:05,23:15,ECONOMY,901000,100
2025-11-19T16:05:44.152Z,VU750,Airbus A321,SGN,HAN,2026-02-28 00:00:00,05:45,07:55,ECONOMY,901000,101
2025-11-19T16:05:44.152Z,VU778,Airbus A320,SGN,HAN,2026-02-28 00:00:00,13:10,15:20,ECONOMY,901000,101
2025-11-19T16:05:44.152Z,VU780,Airbus A321,SGN,HAN,2026-02-28 00:00:00,17:10,19:20,ECONOMY,901000,101
2025-11-19T16:05:44.152Z,VU794,Airbus A320,SGN,HAN,2026-02-28 00:00:00,21:05,23:15,ECONOMY,901000,101
2025-11-19T16:06:20.518Z,VU750,Airbus A321,SGN,HAN,2026-01-03 00:00:00,05:45,07:55,ECONOMY,901000,45
2025-11-19T16:06:20.518Z,VU778,Airbus A320,SGN,HAN,2026-01-03 00:00:00,13:10,15:20,ECONOMY,901000,45
2025-11-19T16:06:20.518Z,VU780,Airbus A321,SGN,HAN,2026-01-03 00:00:00,17:10,19:20,ECONOMY,901000,45
2025-11-19T16:06:20.518Z,VU794,Airbus A320,SGN,HAN,2026-01-03 00:00:00,21:05,23:15,ECONOMY,901000,45
2025-11-19T16:06:59.538Z,VU750,Airbus A321,SGN,HAN,2026-02-03 00:00:00,05:45,07:55,ECONOMY,901000,76
2025-11-19T16:06:59.538Z,VU778,Airbus A320,SGN,HAN,2026-02-03 00:00:00,13:10,15:20,ECONOMY,901000,76
2025-11-19T16:06:59.538Z,VU780,Airbus A321,SGN,HAN,2026-02-03 00:00:00,17:10,19:20,ECONOMY,901000,76
2025-11-19T16:06:59.538Z,VU794,Airbus A320,SGN,HAN,2026-02-03 00:00:00,21:05,23:15,ECONOMY,901000,76
2025-11-19T16:07:39.883Z,VU750,Airbus A321,SGN,HAN,2026-03-03 00:00:00,05:45,07:55,ECONOMY,901000,104
2025-11-19T16:07:39.883Z,VU778,Airbus A320,SGN,HAN,2026-03-03 00:00:00,13:10,15:20,ECONOMY,901000,104
2025-11-19T16:07:39.883Z,VU780,Airbus A321,SGN,HAN,2026-03-03 00:00:00,17:10,19:20,ECONOMY,901000,104
2025-11-19T16:07:39.883Z,VU794,Airbus A320,SGN,HAN,2026-03-03 00:00:00,21:05,23:15,ECONOMY,901000,104
