create_at,flight_number,type_of_plane,departure_airport,arrival_airport,flight_date,departure_time,arrival_time,classes,price,days_to_flight
2025-07-16T15:42:24.246Z,QH284,Airbus A321,SGN,HAN,2025-07-19,21:30,23:40,Economy Smart,1750000,3
2025-07-16T15:42:24.246Z,QH202,Airbus A321,SGN,HAN,2025-07-19,05:25,07:35,Economy Smart,1944000,3
2025-07-16T15:42:24.246Z,QH204,Airbus A321,SGN,HAN,2025-07-19,07:35,09:45,Economy Smart,2128000,3
2025-07-16T15:42:24.246Z,QH228,Airbus A320-100/200,SGN,HAN,2025-07-19,11:00,13:10,Economy Smart,2128000,3
2025-07-16T15:42:24.246Z,QH224,Boeing 737 All Series Passenger,SGN,HAN,2025-07-19,11:15,13:25,Economy Smart,2128000,3
2025-07-16T15:42:24.246Z,QH254,Airbus A321,SGN,HAN,2025-07-19,15:45,17:55,Economy Smart,2128000,3
2025-07-16T15:42:24.246Z,QH268,Airbus A321,SGN,HAN,2025-07-19,19:15,21:25,Economy Smart,2128000,3
2025-07-16T15:42:24.246Z,QH272,Boeing 737 All Series Passenger,SGN,HAN,2025-07-19,20:50,23:00,Economy Smart,2128000,3
2025-07-16T15:42:24.246Z,QH202,Airbus A321,SGN,HAN,2025-07-19,05:25,07:35,Economy Flex,3068000,3
2025-07-16T15:42:24.246Z,QH204,Airbus A321,SGN,HAN,2025-07-19,07:35,09:45,Economy Flex,3068000,3
2025-07-16T15:42:24.246Z,QH228,Airbus A320-100/200,SGN,HAN,2025-07-19,11:00,13:10,Economy Flex,3068000,3
2025-07-16T15:42:24.246Z,QH224,Boeing 737 All Series Passenger,SGN,HAN,2025-07-19,11:15,13:25,Economy Flex,3068000,3
2025-07-16T15:42:24.246Z,QH254,Airbus A321,SGN,HAN,2025-07-19,15:45,17:55,Economy Flex,3068000,3
2025-07-16T15:42:24.246Z,QH268,Airbus A321,SGN,HAN,2025-07-19,19:15,21:25,Economy Flex,3068000,3
2025-07-16T15:42:24.246Z,QH272,Boeing 737 All Series Passenger,SGN,HAN,2025-07-19,20:50,23:00,Economy Flex,3068000,3
2025-07-16T15:42:24.246Z,QH284,Airbus A321,SGN,HAN,2025-07-19,21:30,23:40,Economy Flex,3068000,3
2025-07-16T15:42:24.246Z,QH202,Airbus A321,SGN,HAN,2025-07-19,05:25,07:35,Business Smart,5022000,3
2025-07-16T15:42:24.246Z,QH204,Airbus A321,SGN,HAN,2025-07-19,07:35,09:45,Business Smart,5022000,3
2025-07-16T15:42:24.246Z,QH254,Airbus A321,SGN,HAN,2025-07-19,15:45,17:55,Business Smart,5022000,3
2025-07-16T15:42:24.246Z,QH268,Airbus A321,SGN,HAN,2025-07-19,19:15,21:25,Business Smart,5022000,3
2025-07-16T15:42:24.246Z,QH284,Airbus A321,SGN,HAN,2025-07-19,21:30,23:40,Business Smart,5022000,3
2025-07-16T15:42:24.246Z,QH202,Airbus A321,SGN,HAN,2025-07-19,05:25,07:35,Business Flex,7074000,3
2025-07-16T15:42:24.246Z,QH204,Airbus A321,SGN,HAN,2025-07-19,07:35,09:45,Business Flex,7074000,3
2025-07-16T15:42:24.246Z,QH254,Airbus A321,SGN,HAN,2025-07-19,15:45,17:55,Business Flex,7074000,3
2025-07-16T15:42:24.246Z,QH268,Airbus A321,SGN,HAN,2025-07-19,19:15,21:25,Business Flex,7074000,3
2025-07-16T15:42:24.246Z,QH284,Airbus A321,SGN,HAN,2025-07-19,21:30,23:40,Business Flex,7074000,3
2025-07-17T13:01:06.085Z,QH284,Airbus A320-100/200,SGN,HAN,2025-07-18,23:00,01:10,Economy Smart,1944000,1
2025-07-17T13:01:06.085Z,QH272,Airbus A321,SGN,HAN,2025-07-18,18:30,20:40,Economy Smart,2128000,1
2025-07-17T13:01:06.085Z,QH268,Boeing 737 All Series Passenger,SGN,HAN,2025-07-18,19:15,21:25,Economy Smart,2128000,1
2025-07-17T13:01:06.085Z,QH296,Airbus A320-100/200,SGN,HAN,2025-07-18,20:05,22:15,Economy Smart,2128000,1
2025-07-17T13:01:06.085Z,QH204,Boeing 737 All Series Passenger,SGN,HAN,2025-07-18,07:10,09:20,Economy Smart,2355000,1
2025-07-17T13:01:06.085Z,QH224,Airbus A320-100/200,SGN,HAN,2025-07-18,10:40,12:50,Economy Smart,2355000,1
2025-07-17T13:01:06.085Z,QH208,Airbus A321,SGN,HAN,2025-07-18,12:35,14:45,Economy Smart,2355000,1
2025-07-17T13:01:06.085Z,QH242,Boeing 737 All Series Passenger,SGN,HAN,2025-07-18,13:10,15:20,Economy Smart,2355000,1
2025-07-17T13:01:06.085Z,QH204,Boeing 737 All Series Passenger,SGN,HAN,2025-07-18,07:10,09:20,Economy Flex,3068000,1
2025-07-17T13:01:06.085Z,QH224,Airbus A320-100/200,SGN,HAN,2025-07-18,10:40,12:50,Economy Flex,3068000,1
2025-07-17T13:01:06.085Z,QH208,Airbus A321,SGN,HAN,2025-07-18,12:35,14:45,Economy Flex,3068000,1
2025-07-17T13:01:06.085Z,QH242,Boeing 737 All Series Passenger,SGN,HAN,2025-07-18,13:10,15:20,Economy Flex,3068000,1
2025-07-17T13:01:06.085Z,QH272,Airbus A321,SGN,HAN,2025-07-18,18:30,20:40,Economy Flex,3068000,1
2025-07-17T13:01:06.085Z,QH268,Boeing 737 All Series Passenger,SGN,HAN,2025-07-18,19:15,21:25,Economy Flex,3068000,1
2025-07-17T13:01:06.085Z,QH296,Airbus A320-100/200,SGN,HAN,2025-07-18,20:05,22:15,Economy Flex,3068000,1
2025-07-17T13:01:06.085Z,QH284,Airbus A320-100/200,SGN,HAN,2025-07-18,23:00,01:10,Economy Flex,3068000,1
2025-07-17T13:01:06.085Z,QH284,Airbus A320-100/200,SGN,HAN,2025-07-18,23:00,01:10,Business Smart,5022000,1
2025-07-17T13:01:06.085Z,QH208,Airbus A321,SGN,HAN,2025-07-18,12:35,14:45,Business Smart,5346000,1
2025-07-17T13:01:06.085Z,QH272,Airbus A321,SGN,HAN,2025-07-18,18:30,20:40,Business Smart,5346000,1
2025-07-17T13:01:06.085Z,QH284,Airbus A320-100/200,SGN,HAN,2025-07-18,23:00,01:10,Business Flex,7074000,1
2025-07-17T13:01:06.085Z,QH208,Airbus A321,SGN,HAN,2025-07-18,12:35,14:45,Business Flex,7398000,1
2025-07-17T13:01:06.085Z,QH272,Airbus A321,SGN,HAN,2025-07-18,18:30,20:40,Business Flex,7398000,1
2025-07-17T15:56:18.764Z,QH284,Airbus A321,SGN,HAN,2025-07-19,21:30,23:40,Economy Smart,1577000,2
2025-07-17T15:56:18.764Z,QH202,Airbus A321,SGN,HAN,2025-07-19,05:25,07:35,Economy Smart,2128000,2
2025-07-17T15:56:18.764Z,QH204,Airbus A321,SGN,HAN,2025-07-19,07:35,09:45,Economy Smart,2128000,2
2025-07-17T15:56:18.764Z,QH228,Airbus A320-100/200,SGN,HAN,2025-07-19,11:00,13:10,Economy Smart,2128000,2
2025-07-17T15:56:18.764Z,QH224,Boeing 737 All Series Passenger,SGN,HAN,2025-07-19,11:15,13:25,Economy Smart,2128000,2
2025-07-17T15:56:18.764Z,QH254,Airbus A321,SGN,HAN,2025-07-19,15:45,17:55,Economy Smart,2128000,2
2025-07-17T15:56:18.764Z,QH268,Airbus A321,SGN,HAN,2025-07-19,19:15,21:25,Economy Smart,2128000,2
2025-07-17T15:56:18.764Z,QH272,Boeing 737 All Series Passenger,SGN,HAN,2025-07-19,20:50,23:00,Economy Smart,2128000,2
2025-07-17T15:56:18.764Z,QH202,Airbus A321,SGN,HAN,2025-07-19,05:25,07:35,Economy Flex,3068000,2
2025-07-17T15:56:18.764Z,QH204,Airbus A321,SGN,HAN,2025-07-19,07:35,09:45,Economy Flex,3068000,2
2025-07-17T15:56:18.764Z,QH228,Airbus A320-100/200,SGN,HAN,2025-07-19,11:00,13:10,Economy Flex,3068000,2
2025-07-17T15:56:18.764Z,QH224,Boeing 737 All Series Passenger,SGN,HAN,2025-07-19,11:15,13:25,Economy Flex,3068000,2
2025-07-17T15:56:18.764Z,QH254,Airbus A321,SGN,HAN,2025-07-19,15:45,17:55,Economy Flex,3068000,2
2025-07-17T15:56:18.764Z,QH268,Airbus A321,SGN,HAN,2025-07-19,19:15,21:25,Economy Flex,3068000,2
2025-07-17T15:56:18.764Z,QH272,Boeing 737 All Series Passenger,SGN,HAN,2025-07-19,20:50,23:00,Economy Flex,3068000,2
2025-07-17T15:56:18.764Z,QH284,Airbus A321,SGN,HAN,2025-07-19,21:30,23:40,Economy Flex,3068000,2
2025-07-17T15:56:18.764Z,QH202,Airbus A321,SGN,HAN,2025-07-19,05:25,07:35,Business Smart,5022000,2
2025-07-17T15:56:18.764Z,QH204,Airbus A321,SGN,HAN,2025-07-19,07:35,09:45,Business Smart,5022000,2
2025-07-17T15:56:18.764Z,QH254,Airbus A321,SGN,HAN,2025-07-19,15:45,17:55,Business Smart,5022000,2
2025-07-17T15:56:18.764Z,QH268,Airbus A321,SGN,HAN,2025-07-19,19:15,21:25,Business Smart,5022000,2
2025-07-17T15:56:18.764Z,QH284,Airbus A321,SGN,HAN,2025-07-19,21:30,23:40,Business Smart,5022000,2
2025-07-17T15:56:18.764Z,QH202,Airbus A321,SGN,HAN,2025-07-19,05:25,07:35,Business Flex,7074000,2
2025-07-17T15:56:18.764Z,QH204,Airbus A321,SGN,HAN,2025-07-19,07:35,09:45,Business Flex,7074000,2
2025-07-17T15:56:18.764Z,QH254,Airbus A321,SGN,HAN,2025-07-19,15:45,17:55,Business Flex,7074000,2
2025-07-17T15:56:18.764Z,QH268,Airbus A321,SGN,HAN,2025-07-19,19:15,21:25,Business Flex,7074000,2
2025-07-17T15:56:18.764Z,QH284,Airbus A321,SGN,HAN,2025-07-19,21:30,23:40,Business Flex,7074000,2
2025-07-19T02:58:39.719Z,QH272,Boeing 737 All Series Passenger,SGN,HAN,2025-07-19,20:50,23:00,Economy Smart,1750000,0
2025-07-19T02:58:39.719Z,QH284,Airbus A321,SGN,HAN,2025-07-19,21:30,23:40,Economy Smart,1750000,0
2025-07-19T02:58:39.719Z,QH268,Airbus A321,SGN,HAN,2025-07-19,19:15,21:25,Economy Smart,1944000,0
2025-07-19T02:58:39.719Z,QH224,Boeing 737 All Series Passenger,SGN,HAN,2025-07-19,11:15,13:25,Economy Smart,2582000,0
2025-07-19T02:58:39.719Z,QH224,Boeing 737 All Series Passenger,SGN,HAN,2025-07-19,11:15,13:25,Economy Flex,3068000,0
2025-07-19T02:58:39.719Z,QH268,Airbus A321,SGN,HAN,2025-07-19,19:15,21:25,Economy Flex,3068000,0
2025-07-19T02:58:39.719Z,QH272,Boeing 737 All Series Passenger,SGN,HAN,2025-07-19,20:50,23:00,Economy Flex,3068000,0
2025-07-19T02:58:39.719Z,QH284,Airbus A321,SGN,HAN,2025-07-19,21:30,23:40,Economy Flex,3068000,0
2025-07-19T02:58:39.719Z,QH254,Airbus A321,SGN,HAN,2025-07-19,15:45,17:55,Economy Flex,3402000,0
2025-07-19T02:58:39.719Z,QH254,Airbus A321,SGN,HAN,2025-07-19,15:45,17:55,Business Smart,5346000,0
2025-07-19T02:58:39.719Z,QH268,Airbus A321,SGN,HAN,2025-07-19,19:15,21:25,Business Smart,5346000,0
2025-07-19T02:58:39.719Z,QH284,Airbus A321,SGN,HAN,2025-07-19,21:30,23:40,Business Smart,5346000,0
2025-07-19T02:58:39.719Z,QH254,Airbus A321,SGN,HAN,2025-07-19,15:45,17:55,Business Flex,7398000,0
2025-07-19T02:58:39.719Z,QH268,Airbus A321,SGN,HAN,2025-07-19,19:15,21:25,Business Flex,7398000,0
2025-07-19T02:58:39.719Z,QH284,Airbus A321,SGN,HAN,2025-07-19,21:30,23:40,Business Flex,7398000,0
2025-07-19T03:13:11.565Z,QH202,Airbus A321,SGN,HAN,2025-07-20,05:25,07:35,Economy Smart,1994000,1
2025-07-19T03:13:11.565Z,QH204,Boeing 737 All Series Passenger,SGN,HAN,2025-07-20,07:10,09:20,Economy Smart,1994000,1
2025-07-19T03:13:11.565Z,QH272,Airbus A321,SGN,HAN,2025-07-20,20:05,22:15,Economy Smart,647709,1
2025-07-19T03:13:11.565Z,QH284,Airbus A321,SGN,HAN,2025-07-20,21:30,23:40,Economy Smart,647709,1
2025-07-19T03:13:11.565Z,QH224,Airbus A320-100/200,SGN,HAN,2025-07-20,10:40,12:50,Economy Smart,730255,1
2025-07-19T03:13:11.565Z,QH268,Boeing 737 All Series Passenger,SGN,HAN,2025-07-20,19:15,21:25,Economy Smart,730255,1
2025-07-19T03:13:11.565Z,QH228,Airbus A321,SGN,HAN,2025-07-20,11:00,13:10,Economy Smart,812800,1
2025-07-19T03:13:11.565Z,QH242,Boeing 737 All Series Passenger,SGN,HAN,2025-07-20,13:10,15:20,Economy Smart,812800,1
2025-07-19T03:13:11.565Z,QH202,Airbus A321,SGN,HAN,2025-07-20,05:25,07:35,Economy Flex,989527,1
2025-07-19T03:13:11.565Z,QH204,Boeing 737 All Series Passenger,SGN,HAN,2025-07-20,07:10,09:20,Economy Flex,989527,1
2025-07-19T03:13:11.565Z,QH224,Airbus A320-100/200,SGN,HAN,2025-07-20,10:40,12:50,Economy Flex,989527,1
2025-07-19T03:13:11.565Z,QH228,Airbus A321,SGN,HAN,2025-07-20,11:00,13:10,Economy Flex,989527,1
2025-07-19T03:13:11.565Z,QH242,Boeing 737 All Series Passenger,SGN,HAN,2025-07-20,13:10,15:20,Economy Flex,989527,1
2025-07-19T03:13:11.565Z,QH268,Boeing 737 All Series Passenger,SGN,HAN,2025-07-20,19:15,21:25,Economy Flex,989527,1
2025-07-19T03:13:11.565Z,QH272,Airbus A321,SGN,HAN,2025-07-20,20:05,22:15,Economy Flex,989527,1
2025-07-19T03:13:11.565Z,QH284,Airbus A321,SGN,HAN,2025-07-20,21:30,23:40,Economy Flex,989527,1
2025-07-19T03:13:11.565Z,QH228,Airbus A321,SGN,HAN,2025-07-20,11:00,13:10,Business Smart,1700073,1
2025-07-19T03:13:11.565Z,QH272,Airbus A321,SGN,HAN,2025-07-20,20:05,22:15,Business Smart,1700073,1
2025-07-19T03:13:11.565Z,QH284,Airbus A321,SGN,HAN,2025-07-20,21:30,23:40,Business Smart,1700073,1
2025-07-19T03:13:11.565Z,QH202,Airbus A321,SGN,HAN,2025-07-20,05:25,07:35,Business Smart,1817891,1
2025-07-19T03:13:11.565Z,QH228,Airbus A321,SGN,HAN,2025-07-20,11:00,13:10,Business Flex,2446255,1
2025-07-19T03:13:11.565Z,QH272,Airbus A321,SGN,HAN,2025-07-20,20:05,22:15,Business Flex,2446255,1
2025-07-19T03:13:11.565Z,QH284,Airbus A321,SGN,HAN,2025-07-20,21:30,23:40,Business Flex,2446255,1
2025-07-19T03:13:11.565Z,QH202,Airbus A321,SGN,HAN,2025-07-20,05:25,07:35,Business Flex,2564073,1
2025-07-19T03:32:13.841Z,QH268,Boeing 737 All Series Passenger,SGN,HAN,2025-07-21,19:15,21:25,Economy Smart,1800000,2
2025-07-19T03:32:13.841Z,QH284,Airbus A320-100/200,SGN,HAN,2025-07-21,21:30,23:40,Economy Smart,1800000,2
2025-07-19T03:32:13.841Z,QH202,Airbus A320-100/200,SGN,HAN,2025-07-21,05:00,07:10,Economy Smart,1994000,2
2025-07-19T03:32:13.841Z,QH204,Boeing 737 All Series Passenger,SGN,HAN,2025-07-21,07:10,09:20,Economy Smart,1994000,2
2025-07-19T03:32:13.841Z,QH272,Airbus A321,SGN,HAN,2025-07-21,18:30,20:40,Economy Smart,1994000,2
2025-07-19T03:32:13.841Z,QH296,Airbus A320-100/200,SGN,HAN,2025-07-21,20:05,22:15,Economy Smart,1994000,2
2025-07-19T03:32:13.841Z,QH242,Boeing 737 All Series Passenger,SGN,HAN,2025-07-21,13:10,15:20,Economy Smart,647709,2
2025-07-19T03:32:13.841Z,QH254,Airbus A320-100/200,SGN,HAN,2025-07-21,15:40,17:55,Economy Smart,647709,2
2025-07-19T03:32:13.841Z,QH224,Airbus A320-100/200,SGN,HAN,2025-07-21,10:40,12:50,Economy Smart,730255,2
2025-07-19T03:32:13.841Z,QH202,Airbus A320-100/200,SGN,HAN,2025-07-21,05:00,07:10,Economy Flex,989527,2
2025-07-19T03:32:13.841Z,QH204,Boeing 737 All Series Passenger,SGN,HAN,2025-07-21,07:10,09:20,Economy Flex,989527,2
2025-07-19T03:32:13.841Z,QH224,Airbus A320-100/200,SGN,HAN,2025-07-21,10:40,12:50,Economy Flex,989527,2
2025-07-19T03:32:13.841Z,QH242,Boeing 737 All Series Passenger,SGN,HAN,2025-07-21,13:10,15:20,Economy Flex,989527,2
2025-07-19T03:32:13.841Z,QH254,Airbus A320-100/200,SGN,HAN,2025-07-21,15:40,17:55,Economy Flex,989527,2
2025-07-19T03:32:13.841Z,QH272,Airbus A321,SGN,HAN,2025-07-21,18:30,20:40,Economy Flex,989527,2
2025-07-19T03:32:13.841Z,QH268,Boeing 737 All Series Passenger,SGN,HAN,2025-07-21,19:15,21:25,Economy Flex,989527,2
2025-07-19T03:32:13.841Z,QH296,Airbus A320-100/200,SGN,HAN,2025-07-21,20:05,22:15,Economy Flex,989527,2
2025-07-19T03:32:13.841Z,QH284,Airbus A320-100/200,SGN,HAN,2025-07-21,21:30,23:40,Economy Flex,989527,2
2025-07-19T03:32:13.841Z,QH202,Airbus A320-100/200,SGN,HAN,2025-07-21,05:00,07:10,Business Smart,1700073,2
2025-07-19T03:32:13.841Z,QH272,Airbus A321,SGN,HAN,2025-07-21,18:30,20:40,Business Smart,1700073,2
2025-07-19T03:32:13.841Z,QH284,Airbus A320-100/200,SGN,HAN,2025-07-21,21:30,23:40,Business Smart,1700073,2
2025-07-19T03:32:13.841Z,QH254,Airbus A320-100/200,SGN,HAN,2025-07-21,15:40,17:55,Business Smart,2014255,2
2025-07-19T03:32:13.841Z,QH202,Airbus A320-100/200,SGN,HAN,2025-07-21,05:00,07:10,Business Flex,2446255,2
2025-07-19T03:32:13.841Z,QH254,Airbus A320-100/200,SGN,HAN,2025-07-21,15:40,17:55,Business Flex,2446255,2
2025-07-19T03:32:13.841Z,QH272,Airbus A321,SGN,HAN,2025-07-21,18:30,20:40,Business Flex,2446255,2
2025-07-19T03:32:13.841Z,QH284,Airbus A320-100/200,SGN,HAN,2025-07-21,21:30,23:40,Business Flex,2446255,2
2025-07-19T04:30:15.719Z,QH268,Airbus A321,SGN,HAN,2025-07-21,19:15,21:25,Economy Smart,1800000,2
2025-07-19T04:30:15.719Z,QH284,Airbus A321,SGN,HAN,2025-07-21,21:30,23:40,Economy Smart,1800000,2
2025-07-19T04:33:05.686Z,QH268,Airbus A321,SGN,HAN,2025-07-21,19:15,21:25,Economy Smart,1800000,2
2025-07-19T04:33:05.686Z,QH284,Airbus A321,SGN,HAN,2025-07-21,21:30,23:40,Economy Smart,1800000,2
2025-07-19T04:35:19.659Z,QH268,Airbus A321,SGN,HAN,2025-07-21,19:15,21:25,Economy Smart,1800000,2
2025-07-19T04:35:19.659Z,QH284,Airbus A321,SGN,HAN,2025-07-21,21:30,23:40,Economy Smart,1800000,2
2025-07-19T04:35:19.659Z,QH202,Airbus A321,SGN,HAN,2025-07-21,05:00,07:10,Economy Smart,1994000,2
2025-07-19T04:35:19.659Z,QH204,Airbus A321,SGN,HAN,2025-07-21,07:10,09:20,Economy Smart,1994000,2
2025-07-19T04:35:19.659Z,QH272,Boeing 737 All Series Passenger,SGN,HAN,2025-07-21,18:30,20:40,Economy Smart,1994000,2
2025-07-19T04:35:19.659Z,QH296,Airbus A320-100/200,SGN,HAN,2025-07-21,20:05,22:15,Economy Smart,1994000,2
2025-07-19T04:39:45.422Z,QH268,Airbus A321,SGN,HAN,2025-07-21,19:15,21:25,Economy Smart,1800000,2
2025-07-19T04:39:45.422Z,QH284,Airbus A321,SGN,HAN,2025-07-21,21:30,23:40,Economy Smart,1800000,2
2025-07-19T04:39:45.422Z,QH202,Airbus A321,SGN,HAN,2025-07-21,05:00,07:10,Economy Smart,1994000,2
2025-07-19T04:39:45.422Z,QH204,Airbus A321,SGN,HAN,2025-07-21,07:10,09:20,Economy Smart,1994000,2
2025-07-19T04:39:45.422Z,QH272,Boeing 737 All Series Passenger,SGN,HAN,2025-07-21,18:30,20:40,Economy Smart,1994000,2
2025-07-19T04:39:45.422Z,QH296,Airbus A320-100/200,SGN,HAN,2025-07-21,20:05,22:15,Economy Smart,1994000,2
2025-07-19T04:39:45.422Z,QH242,Boeing 737 All Series Passenger,SGN,HAN,2025-07-21,13:10,15:20,Economy Smart,647709,2
2025-07-19T04:39:45.422Z,QH254,Airbus A321,SGN,HAN,2025-07-21,15:40,17:55,Economy Smart,647709,2
2025-07-19T04:39:45.422Z,QH224,Boeing 737 All Series Passenger,SGN,HAN,2025-07-21,10:40,12:50,Economy Smart,730255,2
2025-07-19T04:39:45.422Z,QH202,Airbus A321,SGN,HAN,2025-07-21,05:00,07:10,Economy Flex,989527,2
2025-07-19T04:39:45.422Z,QH204,Airbus A321,SGN,HAN,2025-07-21,07:10,09:20,Economy Flex,989527,2
2025-07-19T04:39:45.422Z,QH224,Boeing 737 All Series Passenger,SGN,HAN,2025-07-21,10:40,12:50,Economy Flex,989527,2
2025-07-19T04:39:45.422Z,QH242,Boeing 737 All Series Passenger,SGN,HAN,2025-07-21,13:10,15:20,Economy Flex,989527,2
2025-07-19T04:39:45.422Z,QH254,Airbus A321,SGN,HAN,2025-07-21,15:40,17:55,Economy Flex,989527,2
2025-07-19T04:39:45.422Z,QH272,Boeing 737 All Series Passenger,SGN,HAN,2025-07-21,18:30,20:40,Economy Flex,989527,2
2025-07-19T04:39:45.422Z,QH268,Airbus A321,SGN,HAN,2025-07-21,19:15,21:25,Economy Flex,989527,2
2025-07-19T04:39:45.422Z,QH296,Airbus A320-100/200,SGN,HAN,2025-07-21,20:05,22:15,Economy Flex,989527,2
2025-07-19T04:39:45.422Z,QH284,Airbus A321,SGN,HAN,2025-07-21,21:30,23:40,Economy Flex,989527,2
2025-07-19T04:39:45.422Z,QH202,Airbus A321,SGN,HAN,2025-07-21,05:00,07:10,Business Smart,1700073,2
2025-07-19T04:39:45.422Z,QH272,Boeing 737 All Series Passenger,SGN,HAN,2025-07-21,18:30,20:40,Business Smart,1700073,2
2025-07-19T04:39:45.422Z,QH284,Airbus A321,SGN,HAN,2025-07-21,21:30,23:40,Business Smart,1700073,2
2025-07-19T04:39:45.422Z,QH254,Airbus A321,SGN,HAN,2025-07-21,15:40,17:55,Business Smart,2014255,2
2025-07-19T04:39:45.422Z,QH202,Airbus A321,SGN,HAN,2025-07-21,05:00,07:10,Business Flex,2446255,2
2025-07-19T04:39:45.422Z,QH254,Airbus A321,SGN,HAN,2025-07-21,15:40,17:55,Business Flex,2446255,2
2025-07-19T04:39:45.422Z,QH272,Boeing 737 All Series Passenger,SGN,HAN,2025-07-21,18:30,20:40,Business Flex,2446255,2
2025-07-19T04:39:45.422Z,QH284,Airbus A321,SGN,HAN,2025-07-21,21:30,23:40,Business Flex,2446255,2
2025-07-19T14:02:20.462Z,QH202,Airbus A321,SGN,HAN,2025-07-21,05:00,07:10,Economy Smart,1994000,2
2025-07-19T14:02:20.462Z,QH204,Airbus A321,SGN,HAN,2025-07-21,07:10,09:20,Economy Smart,1994000,2
2025-07-19T14:02:20.462Z,QH272,Boeing 737 All Series Passenger,SGN,HAN,2025-07-21,18:30,20:40,Economy Smart,1994000,2
2025-07-19T14:02:20.462Z,QH268,Airbus A321,SGN,HAN,2025-07-21,19:15,21:25,Economy Smart,1994000,2
2025-07-19T14:02:20.462Z,QH296,Airbus A320-100/200,SGN,HAN,2025-07-21,20:05,22:15,Economy Smart,1994000,2
2025-07-19T14:02:20.462Z,QH284,Airbus A321,SGN,HAN,2025-07-21,21:40,23:50,Economy Smart,1994000,2
2025-07-19T14:02:20.462Z,QH224,Boeing 737 All Series Passenger,SGN,HAN,2025-07-21,10:40,12:50,Economy Smart,730255,2
2025-07-19T14:02:20.462Z,QH242,Boeing 737 All Series Passenger,SGN,HAN,2025-07-21,13:10,15:20,Economy Smart,730255,2
2025-07-19T14:02:20.462Z,QH254,Airbus A321,SGN,HAN,2025-07-21,15:55,18:05,Economy Smart,730255,2
2025-07-19T14:02:20.462Z,QH202,Airbus A321,SGN,HAN,2025-07-21,05:00,07:10,Economy Flex,989527,2
2025-07-19T14:02:20.462Z,QH204,Airbus A321,SGN,HAN,2025-07-21,07:10,09:20,Economy Flex,989527,2
2025-07-19T14:02:20.462Z,QH224,Boeing 737 All Series Passenger,SGN,HAN,2025-07-21,10:40,12:50,Economy Flex,989527,2
2025-07-19T14:02:20.462Z,QH242,Boeing 737 All Series Passenger,SGN,HAN,2025-07-21,13:10,15:20,Economy Flex,989527,2
2025-07-19T14:02:20.462Z,QH254,Airbus A321,SGN,HAN,2025-07-21,15:55,18:05,Economy Flex,989527,2
2025-07-19T14:02:20.462Z,QH272,Boeing 737 All Series Passenger,SGN,HAN,2025-07-21,18:30,20:40,Economy Flex,989527,2
2025-07-19T14:02:20.462Z,QH268,Airbus A321,SGN,HAN,2025-07-21,19:15,21:25,Economy Flex,989527,2
2025-07-19T14:02:20.462Z,QH296,Airbus A320-100/200,SGN,HAN,2025-07-21,20:05,22:15,Economy Flex,989527,2
2025-07-19T14:02:20.462Z,QH284,Airbus A321,SGN,HAN,2025-07-21,21:40,23:50,Economy Flex,989527,2
2025-07-19T14:02:20.462Z,QH202,Airbus A321,SGN,HAN,2025-07-21,05:00,07:10,Business Smart,1700073,2
2025-07-19T14:02:20.462Z,QH272,Boeing 737 All Series Passenger,SGN,HAN,2025-07-21,18:30,20:40,Business Smart,1700073,2
2025-07-19T14:02:20.462Z,QH284,Airbus A321,SGN,HAN,2025-07-21,21:40,23:50,Business Smart,1700073,2
2025-07-19T14:02:20.462Z,QH254,Airbus A321,SGN,HAN,2025-07-21,15:55,18:05,Business Smart,2014255,2
2025-07-19T14:02:20.462Z,QH202,Airbus A321,SGN,HAN,2025-07-21,05:00,07:10,Business Flex,2446255,2
2025-07-19T14:02:20.462Z,QH254,Airbus A321,SGN,HAN,2025-07-21,15:55,18:05,Business Flex,2446255,2
2025-07-19T14:02:20.462Z,QH272,Boeing 737 All Series Passenger,SGN,HAN,2025-07-21,18:30,20:40,Business Flex,2446255,2
2025-07-19T14:02:20.462Z,QH284,Airbus A321,SGN,HAN,2025-07-21,21:40,23:50,Business Flex,2446255,2
2025-07-19T14:12:50.813Z,QH202,Airbus A321,SGN,HAN,2025-07-21,05:00,07:10,Economy Smart,1994000,2
2025-07-19T14:12:50.813Z,QH204,Airbus A321,SGN,HAN,2025-07-21,07:10,09:20,Economy Smart,1994000,2
2025-07-19T14:12:50.813Z,QH272,Boeing 737 All Series Passenger,SGN,HAN,2025-07-21,18:30,20:40,Economy Smart,1994000,2
2025-07-19T14:12:50.813Z,QH268,Airbus A321,SGN,HAN,2025-07-21,19:15,21:25,Economy Smart,1994000,2
2025-07-19T14:12:50.813Z,QH296,Airbus A320-100/200,SGN,HAN,2025-07-21,20:05,22:15,Economy Smart,1994000,2
2025-07-19T14:12:50.813Z,QH284,Airbus A321,SGN,HAN,2025-07-21,21:40,23:50,Economy Smart,1994000,2
2025-07-19T14:12:50.813Z,QH224,Boeing 737 All Series Passenger,SGN,HAN,2025-07-21,10:40,12:50,Economy Smart,730255,2
2025-07-19T14:12:50.813Z,QH242,Boeing 737 All Series Passenger,SGN,HAN,2025-07-21,13:10,15:20,Economy Smart,730255,2
2025-07-19T14:12:50.813Z,QH254,Airbus A321,SGN,HAN,2025-07-21,15:55,18:05,Economy Smart,730255,2
2025-07-19T14:12:50.813Z,QH202,Airbus A321,SGN,HAN,2025-07-21,05:00,07:10,Economy Flex,989527,2
2025-07-19T14:12:50.813Z,QH204,Airbus A321,SGN,HAN,2025-07-21,07:10,09:20,Economy Flex,989527,2
2025-07-19T14:12:50.813Z,QH224,Boeing 737 All Series Passenger,SGN,HAN,2025-07-21,10:40,12:50,Economy Flex,989527,2
2025-07-19T14:12:50.813Z,QH242,Boeing 737 All Series Passenger,SGN,HAN,2025-07-21,13:10,15:20,Economy Flex,989527,2
2025-07-19T14:12:50.813Z,QH254,Airbus A321,SGN,HAN,2025-07-21,15:55,18:05,Economy Flex,989527,2
2025-07-19T14:12:50.813Z,QH272,Boeing 737 All Series Passenger,SGN,HAN,2025-07-21,18:30,20:40,Economy Flex,989527,2
2025-07-19T14:12:50.813Z,QH268,Airbus A321,SGN,HAN,2025-07-21,19:15,21:25,Economy Flex,989527,2
2025-07-19T14:12:50.813Z,QH296,Airbus A320-100/200,SGN,HAN,2025-07-21,20:05,22:15,Economy Flex,989527,2
2025-07-19T14:12:50.813Z,QH284,Airbus A321,SGN,HAN,2025-07-21,21:40,23:50,Economy Flex,989527,2
2025-07-19T14:12:50.813Z,QH202,Airbus A321,SGN,HAN,2025-07-21,05:00,07:10,Business Smart,1700073,2
2025-07-19T14:12:50.813Z,QH272,Boeing 737 All Series Passenger,SGN,HAN,2025-07-21,18:30,20:40,Business Smart,1700073,2
2025-07-19T14:12:50.813Z,QH284,Airbus A321,SGN,HAN,2025-07-21,21:40,23:50,Business Smart,1700073,2
2025-07-19T14:12:50.813Z,QH254,Airbus A321,SGN,HAN,2025-07-21,15:55,18:05,Business Smart,2014255,2
2025-07-19T14:12:50.813Z,QH202,Airbus A321,SGN,HAN,2025-07-21,05:00,07:10,Business Flex,2446255,2
2025-07-19T14:12:50.813Z,QH254,Airbus A321,SGN,HAN,2025-07-21,15:55,18:05,Business Flex,2446255,2
2025-07-19T14:12:50.813Z,QH272,Boeing 737 All Series Passenger,SGN,HAN,2025-07-21,18:30,20:40,Business Flex,2446255,2
2025-07-19T14:12:50.813Z,QH284,Airbus A321,SGN,HAN,2025-07-21,21:40,23:50,Business Flex,2446255,2
2025-07-19T14:24:16.408Z,QH202,Airbus A321,SGN,HAN,2025-07-21,05:00,07:10,Economy Smart,1031543,2
2025-07-19T14:24:16.408Z,QH204,Airbus A321,SGN,HAN,2025-07-21,07:10,09:20,Economy Smart,1031543,2
2025-07-19T14:24:16.408Z,QH272,Boeing 737 All Series Passenger,SGN,HAN,2025-07-21,18:30,20:40,Economy Smart,1031543,2
2025-07-19T14:24:16.408Z,QH268,Airbus A321,SGN,HAN,2025-07-21,19:15,21:25,Economy Smart,1031543,2
2025-07-19T14:24:16.408Z,QH296,Airbus A320-100/200,SGN,HAN,2025-07-21,20:05,22:15,Economy Smart,1031543,2
2025-07-19T14:24:16.408Z,QH284,Airbus A321,SGN,HAN,2025-07-21,21:40,23:50,Economy Smart,1031543,2
2025-07-19T14:24:16.408Z,QH254,Airbus A321,SGN,HAN,2025-07-21,15:55,18:05,Economy Smart,1136686,2
2025-07-19T14:24:16.408Z,QH224,Boeing 737 All Series Passenger,SGN,HAN,2025-07-21,10:40,12:50,Economy Smart,1266400,2
2025-07-19T14:24:16.408Z,QH242,Boeing 737 All Series Passenger,SGN,HAN,2025-07-21,13:10,15:20,Economy Smart,1266400,2
2025-07-19T14:24:16.408Z,QH202,Airbus A321,SGN,HAN,2025-07-21,05:00,07:10,Economy Flex,1673829,2
2025-07-19T14:24:16.408Z,QH204,Airbus A321,SGN,HAN,2025-07-21,07:10,09:20,Economy Flex,1673829,2
2025-07-19T14:24:16.408Z,QH224,Boeing 737 All Series Passenger,SGN,HAN,2025-07-21,10:40,12:50,Economy Flex,1673829,2
2025-07-19T14:24:16.408Z,QH242,Boeing 737 All Series Passenger,SGN,HAN,2025-07-21,13:10,15:20,Economy Flex,1673829,2
2025-07-19T14:24:16.408Z,QH254,Airbus A321,SGN,HAN,2025-07-21,15:55,18:05,Economy Flex,1673829,2
2025-07-19T14:24:16.408Z,QH272,Boeing 737 All Series Passenger,SGN,HAN,2025-07-21,18:30,20:40,Economy Flex,1673829,2
2025-07-19T14:24:16.408Z,QH268,Airbus A321,SGN,HAN,2025-07-21,19:15,21:25,Economy Flex,1673829,2
2025-07-19T14:24:16.408Z,QH296,Airbus A320-100/200,SGN,HAN,2025-07-21,20:05,22:15,Economy Flex,1673829,2
2025-07-19T14:24:16.408Z,QH284,Airbus A321,SGN,HAN,2025-07-21,21:40,23:50,Economy Flex,1673829,2
2025-07-19T14:24:16.408Z,QH202,Airbus A321,SGN,HAN,2025-07-21,05:00,07:10,Business Smart,2790400,2
2025-07-19T14:24:16.408Z,QH254,Airbus A321,SGN,HAN,2025-07-21,15:55,18:05,Business Smart,2790400,2
2025-07-19T14:24:16.408Z,QH272,Boeing 737 All Series Passenger,SGN,HAN,2025-07-21,18:30,20:40,Business Smart,2790400,2
2025-07-19T14:24:16.408Z,QH284,Airbus A321,SGN,HAN,2025-07-21,21:40,23:50,Business Smart,2790400,2
2025-07-19T14:24:16.408Z,QH202,Airbus A321,SGN,HAN,2025-07-21,05:00,07:10,Business Flex,3962971,2
2025-07-19T14:24:16.408Z,QH254,Airbus A321,SGN,HAN,2025-07-21,15:55,18:05,Business Flex,3962971,2
2025-07-19T14:24:16.408Z,QH272,Boeing 737 All Series Passenger,SGN,HAN,2025-07-21,18:30,20:40,Business Flex,3962971,2
2025-07-19T14:24:16.408Z,QH284,Airbus A321,SGN,HAN,2025-07-21,21:40,23:50,Business Flex,3962971,2
2025-07-22T13:46:52.295Z,QH284,Airbus A321,SGN,HAN,2025-07-23,23:55,02:45,Economy Smart,821829,1
2025-07-22T13:46:52.295Z,QH272,Boeing 737 All Series Passenger,SGN,HAN,2025-07-23,18:30,20:40,Economy Smart,920686,1
2025-07-22T13:46:52.295Z,QH268,Airbus A321,SGN,HAN,2025-07-23,19:15,21:25,Economy Smart,920686,1
2025-07-22T13:46:52.295Z,QH204,Airbus A321,SGN,HAN,2025-07-23,07:10,09:20,Economy Smart,1031543,1
2025-07-22T13:46:52.295Z,QH296,Airbus A320-100/200,SGN,HAN,2025-07-23,20:05,22:15,Economy Smart,1031543,1
2025-07-22T13:46:52.295Z,QH224,Boeing 737 All Series Passenger,SGN,HAN,2025-07-23,10:40,12:50,Economy Smart,1266400,1
2025-07-22T13:46:52.295Z,QH242,Boeing 737 All Series Passenger,SGN,HAN,2025-07-23,13:10,15:20,Economy Smart,1396114,1
2025-07-22T13:46:52.295Z,QH204,Airbus A321,SGN,HAN,2025-07-23,07:10,09:20,Economy Flex,1673829,1
2025-07-22T13:46:52.295Z,QH224,Boeing 737 All Series Passenger,SGN,HAN,2025-07-23,10:40,12:50,Economy Flex,1673829,1
2025-07-22T13:46:52.295Z,QH242,Boeing 737 All Series Passenger,SGN,HAN,2025-07-23,13:10,15:20,Economy Flex,1673829,1
2025-07-22T13:46:52.295Z,QH272,Boeing 737 All Series Passenger,SGN,HAN,2025-07-23,18:30,20:40,Economy Flex,1673829,1
2025-07-22T13:46:52.295Z,QH268,Airbus A321,SGN,HAN,2025-07-23,19:15,21:25,Economy Flex,1673829,1
2025-07-22T13:46:52.295Z,QH296,Airbus A320-100/200,SGN,HAN,2025-07-23,20:05,22:15,Economy Flex,1673829,1
2025-07-22T13:46:52.295Z,QH284,Airbus A321,SGN,HAN,2025-07-23,23:55,02:45,Economy Flex,1673829,1
2025-07-22T13:46:52.295Z,QH284,Airbus A321,SGN,HAN,2025-07-23,23:55,02:45,Business Smart,2790400,1
2025-07-22T13:46:52.295Z,QH272,Boeing 737 All Series Passenger,SGN,HAN,2025-07-23,18:30,20:40,Business Smart,2975543,1
2025-07-22T13:46:52.295Z,QH284,Airbus A321,SGN,HAN,2025-07-23,23:55,02:45,Business Flex,3962971,1
2025-07-22T13:46:52.295Z,QH272,Boeing 737 All Series Passenger,SGN,HAN,2025-07-23,18:30,20:40,Business Flex,4148114,1
2025-07-22T13:47:23.989Z,QH268,Airbus A321,SGN,HAN,2025-07-24,19:15,21:25,Economy Smart,920686,2
2025-07-22T13:47:23.989Z,QH272,Boeing 737 All Series Passenger,SGN,HAN,2025-07-24,20:05,22:15,Economy Smart,920686,2
2025-07-22T13:47:23.989Z,QH284,Airbus A321,SGN,HAN,2025-07-24,21:30,23:40,Economy Smart,920686,2
2025-07-22T13:47:23.989Z,QH202,Airbus A321,SGN,HAN,2025-07-24,05:25,07:35,Economy Smart,1031543,2
2025-07-22T13:47:23.989Z,QH204,Airbus A321,SGN,HAN,2025-07-24,07:10,09:20,Economy Smart,1031543,2
2025-07-22T13:47:23.989Z,QH224,Boeing 737 All Series Passenger,SGN,HAN,2025-07-24,10:40,12:50,Economy Smart,1031543,2
2025-07-22T13:47:23.989Z,QH228,Airbus A320-100/200,SGN,HAN,2025-07-24,11:00,13:10,Economy Smart,1031543,2
2025-07-22T13:47:23.989Z,QH242,Boeing 737 All Series Passenger,SGN,HAN,2025-07-24,13:10,15:20,Economy Smart,1031543,2
2025-07-22T13:47:23.989Z,QH254,Airbus A321,SGN,HAN,2025-07-24,15:45,17:55,Economy Smart,1031543,2
2025-07-22T13:47:23.989Z,QH202,Airbus A321,SGN,HAN,2025-07-24,05:25,07:35,Economy Flex,1673829,2
2025-07-22T13:47:23.989Z,QH204,Airbus A321,SGN,HAN,2025-07-24,07:10,09:20,Economy Flex,1673829,2
2025-07-22T13:47:23.989Z,QH224,Boeing 737 All Series Passenger,SGN,HAN,2025-07-24,10:40,12:50,Economy Flex,1673829,2
2025-07-22T13:47:23.989Z,QH228,Airbus A320-100/200,SGN,HAN,2025-07-24,11:00,13:10,Economy Flex,1673829,2
2025-07-22T13:47:23.989Z,QH242,Boeing 737 All Series Passenger,SGN,HAN,2025-07-24,13:10,15:20,Economy Flex,1673829,2
2025-07-22T13:47:23.989Z,QH254,Airbus A321,SGN,HAN,2025-07-24,15:45,17:55,Economy Flex,1673829,2
2025-07-22T13:47:23.989Z,QH268,Airbus A321,SGN,HAN,2025-07-24,19:15,21:25,Economy Flex,1673829,2
2025-07-22T13:47:23.989Z,QH272,Boeing 737 All Series Passenger,SGN,HAN,2025-07-24,20:05,22:15,Economy Flex,1673829,2
2025-07-22T13:47:23.989Z,QH284,Airbus A321,SGN,HAN,2025-07-24,21:30,23:40,Economy Flex,1673829,2
2025-07-22T13:47:23.989Z,QH202,Airbus A321,SGN,HAN,2025-07-24,05:25,07:35,Business Smart,2790400,2
2025-07-22T13:47:23.989Z,QH228,Airbus A320-100/200,SGN,HAN,2025-07-24,11:00,13:10,Business Smart,2790400,2
2025-07-22T13:47:23.989Z,QH254,Airbus A321,SGN,HAN,2025-07-24,15:45,17:55,Business Smart,2790400,2
2025-07-22T13:47:23.989Z,QH272,Boeing 737 All Series Passenger,SGN,HAN,2025-07-24,20:05,22:15,Business Smart,2790400,2
2025-07-22T13:47:23.989Z,QH284,Airbus A321,SGN,HAN,2025-07-24,21:30,23:40,Business Smart,2790400,2
2025-07-22T13:47:23.989Z,QH202,Airbus A321,SGN,HAN,2025-07-24,05:25,07:35,Business Flex,3962971,2
2025-07-22T13:47:23.989Z,QH228,Airbus A320-100/200,SGN,HAN,2025-07-24,11:00,13:10,Business Flex,3962971,2
2025-07-22T13:47:23.989Z,QH254,Airbus A321,SGN,HAN,2025-07-24,15:45,17:55,Business Flex,3962971,2
2025-07-22T13:47:23.989Z,QH272,Boeing 737 All Series Passenger,SGN,HAN,2025-07-24,20:05,22:15,Business Flex,3962971,2
2025-07-22T13:47:23.989Z,QH284,Airbus A321,SGN,HAN,2025-07-24,21:30,23:40,Business Flex,3962971,2
2025-07-22T13:48:05.608Z,QH202,Airbus A321,SGN,HAN,2025-07-25,05:25,07:35,Economy Smart,920686,3
2025-07-22T13:48:05.608Z,QH204,Airbus A321,SGN,HAN,2025-07-25,07:10,09:20,Economy Smart,1031543,3
2025-07-22T13:48:05.608Z,QH224,Boeing 737 All Series Passenger,SGN,HAN,2025-07-25,10:40,12:50,Economy Smart,1031543,3
2025-07-22T13:48:05.608Z,QH208,Airbus A321,SGN,HAN,2025-07-25,11:10,13:20,Economy Smart,1031543,3
2025-07-22T13:48:05.608Z,QH242,Boeing 737 All Series Passenger,SGN,HAN,2025-07-25,13:10,15:20,Economy Smart,1031543,3
2025-07-22T13:48:05.608Z,QH268,Airbus A321,SGN,HAN,2025-07-25,19:15,21:25,Economy Smart,1031543,3
2025-07-22T13:48:05.608Z,QH296,Airbus A320-100/200,SGN,HAN,2025-07-25,20:05,22:15,Economy Smart,1031543,3
2025-07-22T13:48:05.608Z,QH284,Airbus A321,SGN,HAN,2025-07-25,23:00,01:10,Economy Smart,1031543,3
2025-07-22T13:48:05.608Z,QH272,Boeing 737 All Series Passenger,SGN,HAN,2025-07-25,18:30,20:40,Economy Smart,1136686,3
2025-07-22T13:48:05.608Z,QH202,Airbus A321,SGN,HAN,2025-07-25,05:25,07:35,Economy Flex,1673829,3
2025-07-22T13:48:05.608Z,QH204,Airbus A321,SGN,HAN,2025-07-25,07:10,09:20,Economy Flex,1673829,3
2025-07-22T13:48:05.608Z,QH224,Boeing 737 All Series Passenger,SGN,HAN,2025-07-25,10:40,12:50,Economy Flex,1673829,3
2025-07-22T13:48:05.608Z,QH208,Airbus A321,SGN,HAN,2025-07-25,11:10,13:20,Economy Flex,1673829,3
2025-07-22T13:48:05.608Z,QH242,Boeing 737 All Series Passenger,SGN,HAN,2025-07-25,13:10,15:20,Economy Flex,1673829,3
2025-07-22T13:48:05.608Z,QH272,Boeing 737 All Series Passenger,SGN,HAN,2025-07-25,18:30,20:40,Economy Flex,1673829,3
2025-07-22T13:48:05.608Z,QH268,Airbus A321,SGN,HAN,2025-07-25,19:15,21:25,Economy Flex,1673829,3
2025-07-22T13:48:05.608Z,QH296,Airbus A320-100/200,SGN,HAN,2025-07-25,20:05,22:15,Economy Flex,1673829,3
2025-07-22T13:48:05.608Z,QH284,Airbus A321,SGN,HAN,2025-07-25,23:00,01:10,Economy Flex,1673829,3
2025-07-22T13:48:05.608Z,QH202,Airbus A321,SGN,HAN,2025-07-25,05:25,07:35,Business Smart,2790400,3
2025-07-22T13:48:05.608Z,QH208,Airbus A321,SGN,HAN,2025-07-25,11:10,13:20,Business Smart,2790400,3
2025-07-22T13:48:05.608Z,QH272,Boeing 737 All Series Passenger,SGN,HAN,2025-07-25,18:30,20:40,Business Smart,2790400,3
2025-07-22T13:48:05.608Z,QH284,Airbus A321,SGN,HAN,2025-07-25,23:00,01:10,Business Smart,2790400,3
2025-07-22T13:48:05.608Z,QH202,Airbus A321,SGN,HAN,2025-07-25,05:25,07:35,Business Flex,3962971,3
2025-07-22T13:48:05.608Z,QH208,Airbus A321,SGN,HAN,2025-07-25,11:10,13:20,Business Flex,3962971,3
2025-07-22T13:48:05.608Z,QH272,Boeing 737 All Series Passenger,SGN,HAN,2025-07-25,18:30,20:40,Business Flex,3962971,3
2025-07-22T13:48:05.608Z,QH284,Airbus A321,SGN,HAN,2025-07-25,23:00,01:10,Business Flex,3962971,3
2025-07-22T13:48:50.542Z,QH202,Airbus A321,SGN,HAN,2025-07-26,05:25,07:35,Economy Smart,1031543,4
2025-07-22T13:48:50.542Z,QH272,Boeing 737 All Series Passenger,SGN,HAN,2025-07-26,20:50,23:00,Economy Smart,1031543,4
2025-07-22T13:48:50.542Z,QH204,Airbus A321,SGN,HAN,2025-07-26,07:35,09:45,Economy Smart,1136686,4
2025-07-22T13:48:50.542Z,QH228,Airbus A320-100/200,SGN,HAN,2025-07-26,11:00,13:10,Economy Smart,1136686,4
2025-07-22T13:48:50.542Z,QH224,Boeing 737 All Series Passenger,SGN,HAN,2025-07-26,11:15,13:25,Economy Smart,1136686,4
2025-07-22T13:48:50.542Z,QH254,Airbus A321,SGN,HAN,2025-07-26,15:45,17:55,Economy Smart,1136686,4
2025-07-22T13:48:50.542Z,QH268,Airbus A321,SGN,HAN,2025-07-26,19:15,21:25,Economy Smart,1136686,4
2025-07-22T13:48:50.542Z,QH284,Airbus A321,SGN,HAN,2025-07-26,21:30,23:40,Economy Smart,1136686,4
2025-07-22T13:48:50.542Z,QH202,Airbus A321,SGN,HAN,2025-07-26,05:25,07:35,Economy Flex,1673829,4
2025-07-22T13:48:50.542Z,QH204,Airbus A321,SGN,HAN,2025-07-26,07:35,09:45,Economy Flex,1673829,4
2025-07-22T13:48:50.542Z,QH228,Airbus A320-100/200,SGN,HAN,2025-07-26,11:00,13:10,Economy Flex,1673829,4
2025-07-22T13:48:50.542Z,QH224,Boeing 737 All Series Passenger,SGN,HAN,2025-07-26,11:15,13:25,Economy Flex,1673829,4
2025-07-22T13:48:50.542Z,QH254,Airbus A321,SGN,HAN,2025-07-26,15:45,17:55,Economy Flex,1673829,4
2025-07-22T13:48:50.542Z,QH268,Airbus A321,SGN,HAN,2025-07-26,19:15,21:25,Economy Flex,1673829,4
2025-07-22T13:48:50.542Z,QH272,Boeing 737 All Series Passenger,SGN,HAN,2025-07-26,20:50,23:00,Economy Flex,1673829,4
2025-07-22T13:48:50.542Z,QH284,Airbus A321,SGN,HAN,2025-07-26,21:30,23:40,Economy Flex,1673829,4
2025-07-22T13:48:50.542Z,QH202,Airbus A321,SGN,HAN,2025-07-26,05:25,07:35,Business Smart,2790400,4
2025-07-22T13:48:50.542Z,QH204,Airbus A321,SGN,HAN,2025-07-26,07:35,09:45,Business Smart,2790400,4
2025-07-22T13:48:50.542Z,QH268,Airbus A321,SGN,HAN,2025-07-26,19:15,21:25,Business Smart,2790400,4
2025-07-22T13:48:50.542Z,QH284,Airbus A321,SGN,HAN,2025-07-26,21:30,23:40,Business Smart,2790400,4
2025-07-22T13:48:50.542Z,QH254,Airbus A321,SGN,HAN,2025-07-26,15:45,17:55,Business Smart,3284114,4
2025-07-22T13:48:50.542Z,QH202,Airbus A321,SGN,HAN,2025-07-26,05:25,07:35,Business Flex,3962971,4
2025-07-22T13:48:50.542Z,QH204,Airbus A321,SGN,HAN,2025-07-26,07:35,09:45,Business Flex,3962971,4
2025-07-22T13:48:50.542Z,QH254,Airbus A321,SGN,HAN,2025-07-26,15:45,17:55,Business Flex,3962971,4
2025-07-22T13:48:50.542Z,QH268,Airbus A321,SGN,HAN,2025-07-26,19:15,21:25,Business Flex,3962971,4
2025-07-22T13:48:50.542Z,QH284,Airbus A321,SGN,HAN,2025-07-26,21:30,23:40,Business Flex,3962971,4
2025-07-22T13:49:51.256Z,QH202,Airbus A321,SGN,HAN,2025-07-27,05:25,07:35,Economy Smart,1031543,5
2025-07-22T13:49:51.256Z,QH204,Airbus A321,SGN,HAN,2025-07-27,07:10,09:20,Economy Smart,1031543,5
2025-07-22T13:49:51.256Z,QH224,Boeing 737 All Series Passenger,SGN,HAN,2025-07-27,10:40,12:50,Economy Smart,1136686,5
2025-07-22T13:49:51.256Z,QH228,Airbus A320-100/200,SGN,HAN,2025-07-27,11:00,13:10,Economy Smart,1136686,5
2025-07-22T13:49:51.256Z,QH272,Boeing 737 All Series Passenger,SGN,HAN,2025-07-27,20:05,22:15,Economy Smart,1136686,5
2025-07-22T13:49:51.256Z,QH284,Airbus A321,SGN,HAN,2025-07-27,21:30,23:40,Economy Smart,1136686,5
2025-07-22T13:49:51.256Z,QH242,Boeing 737 All Series Passenger,SGN,HAN,2025-07-27,13:10,15:20,Economy Smart,1266400,5
2025-07-22T13:49:51.256Z,QH268,Airbus A321,SGN,HAN,2025-07-27,19:15,21:25,Economy Smart,1266400,5
2025-07-22T13:49:51.256Z,QH202,Airbus A321,SGN,HAN,2025-07-27,05:25,07:35,Economy Flex,1673829,5
2025-07-22T13:49:51.256Z,QH204,Airbus A321,SGN,HAN,2025-07-27,07:10,09:20,Economy Flex,1673829,5
2025-07-22T13:49:51.256Z,QH224,Boeing 737 All Series Passenger,SGN,HAN,2025-07-27,10:40,12:50,Economy Flex,1673829,5
2025-07-22T13:49:51.256Z,QH228,Airbus A320-100/200,SGN,HAN,2025-07-27,11:00,13:10,Economy Flex,1673829,5
2025-07-22T13:49:51.256Z,QH242,Boeing 737 All Series Passenger,SGN,HAN,2025-07-27,13:10,15:20,Economy Flex,1673829,5
2025-07-22T13:49:51.256Z,QH268,Airbus A321,SGN,HAN,2025-07-27,19:15,21:25,Economy Flex,1673829,5
2025-07-22T13:49:51.256Z,QH272,Boeing 737 All Series Passenger,SGN,HAN,2025-07-27,20:05,22:15,Economy Flex,1673829,5
2025-07-22T13:49:51.256Z,QH284,Airbus A321,SGN,HAN,2025-07-27,21:30,23:40,Economy Flex,1673829,5
2025-07-22T13:49:51.256Z,QH202,Airbus A321,SGN,HAN,2025-07-27,05:25,07:35,Business Smart,2790400,5
2025-07-22T13:49:51.256Z,QH228,Airbus A320-100/200,SGN,HAN,2025-07-27,11:00,13:10,Business Smart,2790400,5
2025-07-22T13:49:51.256Z,QH272,Boeing 737 All Series Passenger,SGN,HAN,2025-07-27,20:05,22:15,Business Smart,2790400,5
2025-07-22T13:49:51.256Z,QH284,Airbus A321,SGN,HAN,2025-07-27,21:30,23:40,Business Smart,2790400,5
2025-07-22T13:49:51.256Z,QH202,Airbus A321,SGN,HAN,2025-07-27,05:25,07:35,Business Flex,3962971,5
2025-07-22T13:49:51.256Z,QH228,Airbus A320-100/200,SGN,HAN,2025-07-27,11:00,13:10,Business Flex,3962971,5
2025-07-22T13:49:51.256Z,QH272,Boeing 737 All Series Passenger,SGN,HAN,2025-07-27,20:05,22:15,Business Flex,3962971,5
2025-07-22T13:49:51.256Z,QH284,Airbus A321,SGN,HAN,2025-07-27,21:30,23:40,Business Flex,3962971,5
2025-07-22T13:50:23.323Z,QH296,Airbus A320-100/200,SGN,HAN,2025-07-28,20:05,22:15,Economy Smart,1031543,6
2025-07-22T13:50:23.323Z,QH284,Airbus A321,SGN,HAN,2025-07-28,21:30,23:40,Economy Smart,1031543,6
2025-07-22T13:50:23.323Z,QH202,Airbus A321,SGN,HAN,2025-07-28,05:00,07:10,Economy Smart,1136686,6
2025-07-22T13:50:23.323Z,QH204,Airbus A321,SGN,HAN,2025-07-28,07:10,09:20,Economy Smart,1136686,6
2025-07-22T13:50:23.323Z,QH224,Boeing 737 All Series Passenger,SGN,HAN,2025-07-28,10:40,12:50,Economy Smart,1136686,6
2025-07-22T13:50:23.323Z,QH242,Boeing 737 All Series Passenger,SGN,HAN,2025-07-28,13:10,15:20,Economy Smart,1136686,6
2025-07-22T13:50:23.323Z,QH254,Airbus A321,SGN,HAN,2025-07-28,15:40,17:55,Economy Smart,1136686,6
2025-07-22T13:50:23.323Z,QH272,Boeing 737 All Series Passenger,SGN,HAN,2025-07-28,18:30,20:40,Economy Smart,1136686,6
2025-07-22T13:50:23.323Z,QH268,Airbus A321,SGN,HAN,2025-07-28,19:15,21:25,Economy Smart,1136686,6
2025-07-22T13:50:23.323Z,QH202,Airbus A321,SGN,HAN,2025-07-28,05:00,07:10,Economy Flex,1673829,6
2025-07-22T13:50:23.323Z,QH204,Airbus A321,SGN,HAN,2025-07-28,07:10,09:20,Economy Flex,1673829,6
2025-07-22T13:50:23.323Z,QH224,Boeing 737 All Series Passenger,SGN,HAN,2025-07-28,10:40,12:50,Economy Flex,1673829,6
2025-07-22T13:50:23.323Z,QH242,Boeing 737 All Series Passenger,SGN,HAN,2025-07-28,13:10,15:20,Economy Flex,1673829,6
2025-07-22T13:50:23.323Z,QH254,Airbus A321,SGN,HAN,2025-07-28,15:40,17:55,Economy Flex,1673829,6
2025-07-22T13:50:23.323Z,QH272,Boeing 737 All Series Passenger,SGN,HAN,2025-07-28,18:30,20:40,Economy Flex,1673829,6
2025-07-22T13:50:23.323Z,QH268,Airbus A321,SGN,HAN,2025-07-28,19:15,21:25,Economy Flex,1673829,6
2025-07-22T13:50:23.323Z,QH296,Airbus A320-100/200,SGN,HAN,2025-07-28,20:05,22:15,Economy Flex,1673829,6
2025-07-22T13:50:23.323Z,QH284,Airbus A321,SGN,HAN,2025-07-28,21:30,23:40,Economy Flex,1673829,6
2025-07-22T13:50:23.323Z,QH202,Airbus A321,SGN,HAN,2025-07-28,05:00,07:10,Business Smart,2790400,6
2025-07-22T13:50:23.323Z,QH254,Airbus A321,SGN,HAN,2025-07-28,15:40,17:55,Business Smart,2790400,6
2025-07-22T13:50:23.323Z,QH272,Boeing 737 All Series Passenger,SGN,HAN,2025-07-28,18:30,20:40,Business Smart,2790400,6
2025-07-22T13:50:23.323Z,QH284,Airbus A321,SGN,HAN,2025-07-28,21:30,23:40,Business Smart,2790400,6
2025-07-22T13:50:23.323Z,QH202,Airbus A321,SGN,HAN,2025-07-28,05:00,07:10,Business Flex,3962971,6
2025-07-22T13:50:23.323Z,QH254,Airbus A321,SGN,HAN,2025-07-28,15:40,17:55,Business Flex,3962971,6
2025-07-22T13:50:23.323Z,QH272,Boeing 737 All Series Passenger,SGN,HAN,2025-07-28,18:30,20:40,Business Flex,3962971,6
2025-07-22T13:50:23.323Z,QH284,Airbus A321,SGN,HAN,2025-07-28,21:30,23:40,Business Flex,3962971,6
2025-07-22T13:51:25.077Z,QH202,Airbus A321,SGN,HAN,2025-07-29,05:25,07:35,Economy Smart,1970000,7
2025-07-22T13:51:25.077Z,QH204,Airbus A321,SGN,HAN,2025-07-29,07:40,09:50,Economy Smart,1970000,7
2025-07-22T13:51:25.077Z,QH224,Boeing 737 All Series Passenger,SGN,HAN,2025-07-29,10:40,12:50,Economy Smart,1970000,7
2025-07-22T13:51:25.077Z,QH228,Airbus A320-100/200,SGN,HAN,2025-07-29,11:00,13:10,Economy Smart,1970000,7
2025-07-22T13:51:25.077Z,QH254,Airbus A321,SGN,HAN,2025-07-29,15:45,17:55,Economy Smart,1970000,7
2025-07-22T13:51:25.077Z,QH268,Airbus A321,SGN,HAN,2025-07-29,19:15,21:25,Economy Smart,1970000,7
2025-07-22T13:51:25.077Z,QH272,Boeing 737 All Series Passenger,SGN,HAN,2025-07-29,20:05,22:15,Economy Smart,1970000,7
2025-07-22T13:51:25.077Z,QH284,Airbus A321,SGN,HAN,2025-07-29,21:30,23:40,Economy Smart,1970000,7
2025-07-22T13:51:25.077Z,QH202,Airbus A321,SGN,HAN,2025-07-29,05:25,07:35,Economy Flex,2910000,7
2025-07-22T13:51:25.077Z,QH204,Airbus A321,SGN,HAN,2025-07-29,07:40,09:50,Economy Flex,2910000,7
2025-07-22T13:51:25.077Z,QH224,Boeing 737 All Series Passenger,SGN,HAN,2025-07-29,10:40,12:50,Economy Flex,2910000,7
2025-07-22T13:51:25.077Z,QH228,Airbus A320-100/200,SGN,HAN,2025-07-29,11:00,13:10,Economy Flex,2910000,7
2025-07-22T13:51:25.077Z,QH254,Airbus A321,SGN,HAN,2025-07-29,15:45,17:55,Economy Flex,2910000,7
2025-07-22T13:51:25.077Z,QH268,Airbus A321,SGN,HAN,2025-07-29,19:15,21:25,Economy Flex,2910000,7
2025-07-22T13:51:25.077Z,QH272,Boeing 737 All Series Passenger,SGN,HAN,2025-07-29,20:05,22:15,Economy Flex,2910000,7
2025-07-22T13:51:25.077Z,QH284,Airbus A321,SGN,HAN,2025-07-29,21:30,23:40,Economy Flex,2910000,7
2025-07-22T13:51:25.077Z,QH202,Airbus A321,SGN,HAN,2025-07-29,05:25,07:35,Business Smart,4864000,7
2025-07-22T13:51:25.077Z,QH228,Airbus A320-100/200,SGN,HAN,2025-07-29,11:00,13:10,Business Smart,4864000,7
2025-07-22T13:51:25.077Z,QH254,Airbus A321,SGN,HAN,2025-07-29,15:45,17:55,Business Smart,4864000,7
2025-07-22T13:51:25.077Z,QH272,Boeing 737 All Series Passenger,SGN,HAN,2025-07-29,20:05,22:15,Business Smart,4864000,7
2025-07-22T13:51:25.077Z,QH284,Airbus A321,SGN,HAN,2025-07-29,21:30,23:40,Business Smart,4864000,7
2025-07-22T13:51:25.077Z,QH202,Airbus A321,SGN,HAN,2025-07-29,05:25,07:35,Business Flex,6916000,7
2025-07-22T13:51:25.077Z,QH228,Airbus A320-100/200,SGN,HAN,2025-07-29,11:00,13:10,Business Flex,6916000,7
2025-07-22T13:51:25.077Z,QH254,Airbus A321,SGN,HAN,2025-07-29,15:45,17:55,Business Flex,6916000,7
2025-07-22T13:51:25.077Z,QH272,Boeing 737 All Series Passenger,SGN,HAN,2025-07-29,20:05,22:15,Business Flex,6916000,7
2025-07-22T13:51:25.077Z,QH284,Airbus A321,SGN,HAN,2025-07-29,21:30,23:40,Business Flex,6916000,7
2025-07-22T13:52:18.515Z,QH202,Airbus A321,SGN,HAN,2025-07-29,05:25,07:35,Economy Smart,2128000,7
2025-07-22T13:52:18.515Z,QH204,Airbus A321,SGN,HAN,2025-07-29,07:40,09:50,Economy Smart,2128000,7
2025-07-22T13:52:18.515Z,QH224,Boeing 737 All Series Passenger,SGN,HAN,2025-07-29,10:40,12:50,Economy Smart,2128000,7
2025-07-22T13:52:18.515Z,QH228,Airbus A320-100/200,SGN,HAN,2025-07-29,11:00,13:10,Economy Smart,2128000,7
2025-07-22T13:52:18.515Z,QH254,Airbus A321,SGN,HAN,2025-07-29,15:45,17:55,Economy Smart,2128000,7
2025-07-22T13:52:18.515Z,QH268,Airbus A321,SGN,HAN,2025-07-29,19:15,21:25,Economy Smart,2128000,7
2025-07-22T13:52:18.515Z,QH272,Boeing 737 All Series Passenger,SGN,HAN,2025-07-29,20:05,22:15,Economy Smart,2128000,7
2025-07-22T13:52:18.515Z,QH284,Airbus A321,SGN,HAN,2025-07-29,21:30,23:40,Economy Smart,2128000,7
2025-07-22T13:52:18.515Z,QH202,Airbus A321,SGN,HAN,2025-07-29,05:25,07:35,Economy Flex,3068000,7
2025-07-22T13:52:18.515Z,QH204,Airbus A321,SGN,HAN,2025-07-29,07:40,09:50,Economy Flex,3068000,7
2025-07-22T13:52:18.515Z,QH224,Boeing 737 All Series Passenger,SGN,HAN,2025-07-29,10:40,12:50,Economy Flex,3068000,7
2025-07-22T13:52:18.515Z,QH228,Airbus A320-100/200,SGN,HAN,2025-07-29,11:00,13:10,Economy Flex,3068000,7
2025-07-22T13:52:18.515Z,QH254,Airbus A321,SGN,HAN,2025-07-29,15:45,17:55,Economy Flex,3068000,7
2025-07-22T13:52:18.515Z,QH268,Airbus A321,SGN,HAN,2025-07-29,19:15,21:25,Economy Flex,3068000,7
2025-07-22T13:52:18.515Z,QH272,Boeing 737 All Series Passenger,SGN,HAN,2025-07-29,20:05,22:15,Economy Flex,3068000,7
2025-07-22T13:52:18.515Z,QH284,Airbus A321,SGN,HAN,2025-07-29,21:30,23:40,Economy Flex,3068000,7
2025-07-22T13:52:18.515Z,QH202,Airbus A321,SGN,HAN,2025-07-29,05:25,07:35,Business Smart,5022000,7
2025-07-22T13:52:18.515Z,QH228,Airbus A320-100/200,SGN,HAN,2025-07-29,11:00,13:10,Business Smart,5022000,7
2025-07-22T13:52:18.515Z,QH254,Airbus A321,SGN,HAN,2025-07-29,15:45,17:55,Business Smart,5022000,7
2025-07-22T13:52:18.515Z,QH272,Boeing 737 All Series Passenger,SGN,HAN,2025-07-29,20:05,22:15,Business Smart,5022000,7
2025-07-22T13:52:18.515Z,QH284,Airbus A321,SGN,HAN,2025-07-29,21:30,23:40,Business Smart,5022000,7
2025-07-22T13:52:18.515Z,QH202,Airbus A321,SGN,HAN,2025-07-29,05:25,07:35,Business Flex,7074000,7
2025-07-22T13:52:18.515Z,QH228,Airbus A320-100/200,SGN,HAN,2025-07-29,11:00,13:10,Business Flex,7074000,7
2025-07-22T13:52:18.515Z,QH254,Airbus A321,SGN,HAN,2025-07-29,15:45,17:55,Business Flex,7074000,7
2025-07-22T13:52:18.515Z,QH272,Boeing 737 All Series Passenger,SGN,HAN,2025-07-29,20:05,22:15,Business Flex,7074000,7
2025-07-22T13:52:18.515Z,QH284,Airbus A321,SGN,HAN,2025-07-29,21:30,23:40,Business Flex,7074000,7
2025-07-22T13:53:00.063Z,QH284,Airbus A321,SGN,HAN,2025-07-30,21:30,23:40,Economy Smart,1944000,8
2025-07-22T13:53:00.063Z,QH202,Airbus A321,SGN,HAN,2025-07-30,05:25,07:35,Economy Smart,2128000,8
2025-07-22T13:53:00.063Z,QH204,Airbus A321,SGN,HAN,2025-07-30,07:10,09:20,Economy Smart,2128000,8
2025-07-22T13:53:00.063Z,QH224,Boeing 737 All Series Passenger,SGN,HAN,2025-07-30,10:40,12:50,Economy Smart,2128000,8
2025-07-22T13:53:00.063Z,QH242,Boeing 737 All Series Passenger,SGN,HAN,2025-07-30,13:10,15:20,Economy Smart,2128000,8
2025-07-22T13:53:00.063Z,QH272,Boeing 737 All Series Passenger,SGN,HAN,2025-07-30,18:30,20:40,Economy Smart,2128000,8
2025-07-22T13:53:00.063Z,QH268,Airbus A321,SGN,HAN,2025-07-30,19:15,21:25,Economy Smart,2128000,8
2025-07-22T13:53:00.063Z,QH296,Airbus A320-100/200,SGN,HAN,2025-07-30,20:05,22:15,Economy Smart,2128000,8
2025-07-22T13:53:00.063Z,QH202,Airbus A321,SGN,HAN,2025-07-30,05:25,07:35,Economy Flex,3068000,8
2025-07-22T13:53:00.063Z,QH204,Airbus A321,SGN,HAN,2025-07-30,07:10,09:20,Economy Flex,3068000,8
2025-07-22T13:53:00.063Z,QH224,Boeing 737 All Series Passenger,SGN,HAN,2025-07-30,10:40,12:50,Economy Flex,3068000,8
2025-07-22T13:53:00.063Z,QH242,Boeing 737 All Series Passenger,SGN,HAN,2025-07-30,13:10,15:20,Economy Flex,3068000,8
2025-07-22T13:53:00.063Z,QH272,Boeing 737 All Series Passenger,SGN,HAN,2025-07-30,18:30,20:40,Economy Flex,3068000,8
2025-07-22T13:53:00.063Z,QH268,Airbus A321,SGN,HAN,2025-07-30,19:15,21:25,Economy Flex,3068000,8
2025-07-22T13:53:00.063Z,QH296,Airbus A320-100/200,SGN,HAN,2025-07-30,20:05,22:15,Economy Flex,3068000,8
2025-07-22T13:53:00.063Z,QH284,Airbus A321,SGN,HAN,2025-07-30,21:30,23:40,Economy Flex,3068000,8
2025-07-22T13:53:00.063Z,QH202,Airbus A321,SGN,HAN,2025-07-30,05:25,07:35,Business Smart,5022000,8
2025-07-22T13:53:00.063Z,QH272,Boeing 737 All Series Passenger,SGN,HAN,2025-07-30,18:30,20:40,Business Smart,5022000,8
2025-07-22T13:53:00.063Z,QH284,Airbus A321,SGN,HAN,2025-07-30,21:30,23:40,Business Smart,5022000,8
2025-07-22T13:53:00.063Z,QH202,Airbus A321,SGN,HAN,2025-07-30,05:25,07:35,Business Flex,7074000,8
2025-07-22T13:53:00.063Z,QH272,Boeing 737 All Series Passenger,SGN,HAN,2025-07-30,18:30,20:40,Business Flex,7074000,8
2025-07-22T13:53:00.063Z,QH284,Airbus A321,SGN,HAN,2025-07-30,21:30,23:40,Business Flex,7074000,8
2025-07-22T13:57:18.607Z,QH204,Airbus A321,SGN,HAN,2025-07-31,07:10,09:20,Economy Smart,2128000,9
2025-07-22T13:57:18.607Z,QH268,Airbus A321,SGN,HAN,2025-07-31,19:15,21:25,Economy Smart,2128000,9
2025-07-22T13:57:18.607Z,QH272,Boeing 737 All Series Passenger,SGN,HAN,2025-07-31,20:05,22:15,Economy Smart,2128000,9
2025-07-22T13:57:18.607Z,QH284,Airbus A321,SGN,HAN,2025-07-31,21:30,23:40,Economy Smart,2128000,9
2025-07-22T13:57:18.607Z,QH202,Airbus A321,SGN,HAN,2025-07-31,05:25,07:35,Economy Smart,2355000,9
2025-07-22T13:57:18.607Z,QH224,Boeing 737 All Series Passenger,SGN,HAN,2025-07-31,10:40,12:50,Economy Smart,2355000,9
2025-07-22T13:57:18.607Z,QH228,Airbus A320-100/200,SGN,HAN,2025-07-31,11:00,13:10,Economy Smart,2355000,9
2025-07-22T13:57:18.607Z,QH242,Boeing 737 All Series Passenger,SGN,HAN,2025-07-31,13:10,15:20,Economy Smart,2355000,9
2025-07-22T13:57:18.607Z,QH254,Airbus A321,SGN,HAN,2025-07-31,15:45,17:55,Economy Smart,2355000,9
2025-07-22T13:57:18.607Z,QH202,Airbus A321,SGN,HAN,2025-07-31,05:25,07:35,Economy Flex,3068000,9
2025-07-22T13:57:18.607Z,QH204,Airbus A321,SGN,HAN,2025-07-31,07:10,09:20,Economy Flex,3068000,9
2025-07-22T13:57:18.607Z,QH224,Boeing 737 All Series Passenger,SGN,HAN,2025-07-31,10:40,12:50,Economy Flex,3068000,9
2025-07-22T13:57:18.607Z,QH228,Airbus A320-100/200,SGN,HAN,2025-07-31,11:00,13:10,Economy Flex,3068000,9
2025-07-22T13:57:18.607Z,QH242,Boeing 737 All Series Passenger,SGN,HAN,2025-07-31,13:10,15:20,Economy Flex,3068000,9
2025-07-22T13:57:18.607Z,QH254,Airbus A321,SGN,HAN,2025-07-31,15:45,17:55,Economy Flex,3068000,9
2025-07-22T13:57:18.607Z,QH268,Airbus A321,SGN,HAN,2025-07-31,19:15,21:25,Economy Flex,3068000,9
2025-07-22T13:57:18.607Z,QH272,Boeing 737 All Series Passenger,SGN,HAN,2025-07-31,20:05,22:15,Economy Flex,3068000,9
2025-07-22T13:57:18.607Z,QH284,Airbus A321,SGN,HAN,2025-07-31,21:30,23:40,Economy Flex,3068000,9
2025-07-22T13:57:18.607Z,QH202,Airbus A321,SGN,HAN,2025-07-31,05:25,07:35,Business Smart,5022000,9
2025-07-22T13:57:18.607Z,QH228,Airbus A320-100/200,SGN,HAN,2025-07-31,11:00,13:10,Business Smart,5022000,9
2025-07-22T13:57:18.607Z,QH254,Airbus A321,SGN,HAN,2025-07-31,15:45,17:55,Business Smart,5022000,9
2025-07-22T13:57:18.607Z,QH272,Boeing 737 All Series Passenger,SGN,HAN,2025-07-31,20:05,22:15,Business Smart,5022000,9
2025-07-22T13:57:18.607Z,QH284,Airbus A321,SGN,HAN,2025-07-31,21:30,23:40,Business Smart,5022000,9
2025-07-22T13:57:18.607Z,QH202,Airbus A321,SGN,HAN,2025-07-31,05:25,07:35,Business Flex,7074000,9
2025-07-22T13:57:18.607Z,QH228,Airbus A320-100/200,SGN,HAN,2025-07-31,11:00,13:10,Business Flex,7074000,9
2025-07-22T13:57:18.607Z,QH254,Airbus A321,SGN,HAN,2025-07-31,15:45,17:55,Business Flex,7074000,9
2025-07-22T13:57:18.607Z,QH272,Boeing 737 All Series Passenger,SGN,HAN,2025-07-31,20:05,22:15,Business Flex,7074000,9
2025-07-22T13:57:18.607Z,QH284,Airbus A321,SGN,HAN,2025-07-31,21:30,23:40,Business Flex,7074000,9
2025-07-24T14:06:00.747Z,QH204,Airbus A321,SGN,HAN,2025-07-25,07:10,09:20,Economy Smart,1750000,1
2025-07-24T14:06:00.747Z,QH202,Airbus A321,SGN,HAN,2025-07-25,05:25,07:35,Economy Smart,1944000,1
2025-07-24T14:06:00.747Z,QH208,Airbus A321,SGN,HAN,2025-07-25,11:10,13:20,Economy Smart,1944000,1
2025-07-24T14:06:00.747Z,QH272,Boeing 737 All Series Passenger,SGN,HAN,2025-07-25,18:30,20:40,Economy Smart,1944000,1
2025-07-24T14:06:00.747Z,QH268,Airbus A321,SGN,HAN,2025-07-25,19:15,21:25,Economy Smart,1944000,1
2025-07-24T14:06:00.747Z,QH296,Airbus A320-100/200,SGN,HAN,2025-07-25,20:05,22:15,Economy Smart,1944000,1
2025-07-24T14:06:00.747Z,QH284,Airbus A321,SGN,HAN,2025-07-25,23:00,01:10,Economy Smart,1944000,1
2025-07-24T14:06:00.747Z,QH224,Boeing 737 All Series Passenger,SGN,HAN,2025-07-25,10:40,12:50,Economy Smart,2128000,1
2025-07-24T14:06:00.747Z,QH242,Boeing 737 All Series Passenger,SGN,HAN,2025-07-25,13:10,15:20,Economy Smart,2128000,1
2025-07-24T14:06:00.747Z,QH202,Airbus A321,SGN,HAN,2025-07-25,05:25,07:35,Economy Flex,3068000,1
2025-07-24T14:06:00.747Z,QH204,Airbus A321,SGN,HAN,2025-07-25,07:10,09:20,Economy Flex,3068000,1
2025-07-24T14:06:00.747Z,QH224,Boeing 737 All Series Passenger,SGN,HAN,2025-07-25,10:40,12:50,Economy Flex,3068000,1
2025-07-24T14:06:00.747Z,QH208,Airbus A321,SGN,HAN,2025-07-25,11:10,13:20,Economy Flex,3068000,1
2025-07-24T14:06:00.747Z,QH242,Boeing 737 All Series Passenger,SGN,HAN,2025-07-25,13:10,15:20,Economy Flex,3068000,1
2025-07-24T14:06:00.747Z,QH272,Boeing 737 All Series Passenger,SGN,HAN,2025-07-25,18:30,20:40,Economy Flex,3068000,1
2025-07-24T14:06:00.747Z,QH268,Airbus A321,SGN,HAN,2025-07-25,19:15,21:25,Economy Flex,3068000,1
2025-07-24T14:06:00.747Z,QH296,Airbus A320-100/200,SGN,HAN,2025-07-25,20:05,22:15,Economy Flex,3068000,1
2025-07-24T14:06:00.747Z,QH284,Airbus A321,SGN,HAN,2025-07-25,23:00,01:10,Economy Flex,3068000,1
2025-07-24T14:06:00.747Z,QH284,Airbus A321,SGN,HAN,2025-07-25,23:00,01:10,Business Smart,5022000,1
2025-07-24T14:06:00.747Z,QH202,Airbus A321,SGN,HAN,2025-07-25,05:25,07:35,Business Smart,5346000,1
2025-07-24T14:06:00.747Z,QH208,Airbus A321,SGN,HAN,2025-07-25,11:10,13:20,Business Smart,5346000,1
2025-07-24T14:06:00.747Z,QH272,Boeing 737 All Series Passenger,SGN,HAN,2025-07-25,18:30,20:40,Business Smart,5346000,1
2025-07-24T14:06:00.747Z,QH284,Airbus A321,SGN,HAN,2025-07-25,23:00,01:10,Business Flex,7074000,1
2025-07-24T14:06:00.747Z,QH202,Airbus A321,SGN,HAN,2025-07-25,05:25,07:35,Business Flex,7398000,1
2025-07-24T14:06:00.747Z,QH208,Airbus A321,SGN,HAN,2025-07-25,11:10,13:20,Business Flex,7398000,1
2025-07-24T14:06:00.747Z,QH272,Boeing 737 All Series Passenger,SGN,HAN,2025-07-25,18:30,20:40,Business Flex,7398000,1
2025-07-24T14:06:58.183Z,QH268,Airbus A321,SGN,HAN,2025-07-26,19:15,21:25,Economy Smart,1750000,2
2025-07-24T14:06:58.183Z,QH202,Airbus A321,SGN,HAN,2025-07-26,05:25,07:35,Economy Smart,1944000,2
2025-07-24T14:06:58.183Z,QH272,Boeing 737 All Series Passenger,SGN,HAN,2025-07-26,21:00,23:10,Economy Smart,1944000,2
2025-07-24T14:06:58.183Z,QH284,Airbus A321,SGN,HAN,2025-07-26,21:30,23:40,Economy Smart,1944000,2
2025-07-24T14:06:58.183Z,QH204,Airbus A321,SGN,HAN,2025-07-26,07:35,09:45,Economy Smart,2128000,2
2025-07-24T14:06:58.183Z,QH228,Airbus A320-100/200,SGN,HAN,2025-07-26,11:00,13:10,Economy Smart,2128000,2
2025-07-24T14:06:58.183Z,QH224,Boeing 737 All Series Passenger,SGN,HAN,2025-07-26,11:15,13:25,Economy Smart,2128000,2
2025-07-24T14:06:58.183Z,QH254,Airbus A321,SGN,HAN,2025-07-26,15:45,17:55,Economy Smart,2128000,2
2025-07-24T14:06:58.183Z,QH202,Airbus A321,SGN,HAN,2025-07-26,05:25,07:35,Economy Flex,3068000,2
2025-07-24T14:06:58.183Z,QH204,Airbus A321,SGN,HAN,2025-07-26,07:35,09:45,Economy Flex,3068000,2
2025-07-24T14:06:58.183Z,QH228,Airbus A320-100/200,SGN,HAN,2025-07-26,11:00,13:10,Economy Flex,3068000,2
2025-07-24T14:06:58.183Z,QH224,Boeing 737 All Series Passenger,SGN,HAN,2025-07-26,11:15,13:25,Economy Flex,3068000,2
2025-07-24T14:06:58.183Z,QH254,Airbus A321,SGN,HAN,2025-07-26,15:45,17:55,Economy Flex,3068000,2
2025-07-24T14:06:58.183Z,QH268,Airbus A321,SGN,HAN,2025-07-26,19:15,21:25,Economy Flex,3068000,2
2025-07-24T14:06:58.183Z,QH272,Boeing 737 All Series Passenger,SGN,HAN,2025-07-26,21:00,23:10,Economy Flex,3068000,2
2025-07-24T14:06:58.183Z,QH284,Airbus A321,SGN,HAN,2025-07-26,21:30,23:40,Economy Flex,3068000,2
2025-07-24T14:06:58.183Z,QH202,Airbus A321,SGN,HAN,2025-07-26,05:25,07:35,Business Smart,5022000,2
2025-07-24T14:06:58.183Z,QH204,Airbus A321,SGN,HAN,2025-07-26,07:35,09:45,Business Smart,5022000,2
2025-07-24T14:06:58.183Z,QH268,Airbus A321,SGN,HAN,2025-07-26,19:15,21:25,Business Smart,5022000,2
2025-07-24T14:06:58.183Z,QH284,Airbus A321,SGN,HAN,2025-07-26,21:30,23:40,Business Smart,5022000,2
2025-07-24T14:06:58.183Z,QH254,Airbus A321,SGN,HAN,2025-07-26,15:45,17:55,Business Smart,5886000,2
2025-07-24T14:06:58.183Z,QH202,Airbus A321,SGN,HAN,2025-07-26,05:25,07:35,Business Flex,7074000,2
2025-07-24T14:06:58.183Z,QH204,Airbus A321,SGN,HAN,2025-07-26,07:35,09:45,Business Flex,7074000,2
2025-07-24T14:06:58.183Z,QH254,Airbus A321,SGN,HAN,2025-07-26,15:45,17:55,Business Flex,7074000,2
2025-07-24T14:06:58.183Z,QH268,Airbus A321,SGN,HAN,2025-07-26,19:15,21:25,Business Flex,7074000,2
2025-07-24T14:06:58.183Z,QH284,Airbus A321,SGN,HAN,2025-07-26,21:30,23:40,Business Flex,7074000,2
2025-07-24T14:07:37.189Z,QH202,Airbus A321,SGN,HAN,2025-07-27,05:25,07:35,Economy Smart,1750000,3
2025-07-24T14:07:37.189Z,QH204,Airbus A321,SGN,HAN,2025-07-27,07:10,09:20,Economy Smart,1944000,3
2025-07-24T14:07:37.189Z,QH224,Boeing 737 All Series Passenger,SGN,HAN,2025-07-27,10:40,12:50,Economy Smart,2128000,3
2025-07-24T14:07:37.189Z,QH272,Boeing 737 All Series Passenger,SGN,HAN,2025-07-27,20:05,22:15,Economy Smart,2128000,3
2025-07-24T14:07:37.189Z,QH284,Airbus A321,SGN,HAN,2025-07-27,21:30,23:40,Economy Smart,2128000,3
2025-07-24T14:07:37.189Z,QH228,Airbus A320-100/200,SGN,HAN,2025-07-27,11:00,13:10,Economy Smart,2355000,3
2025-07-24T14:07:37.189Z,QH242,Boeing 737 All Series Passenger,SGN,HAN,2025-07-27,13:10,15:20,Economy Smart,2582000,3
2025-07-24T14:07:37.189Z,QH268,Airbus A321,SGN,HAN,2025-07-27,19:15,21:25,Economy Smart,2582000,3
2025-07-24T14:07:37.189Z,QH202,Airbus A321,SGN,HAN,2025-07-27,05:25,07:35,Economy Flex,3068000,3
2025-07-24T14:07:37.189Z,QH204,Airbus A321,SGN,HAN,2025-07-27,07:10,09:20,Economy Flex,3068000,3
2025-07-24T14:07:37.189Z,QH224,Boeing 737 All Series Passenger,SGN,HAN,2025-07-27,10:40,12:50,Economy Flex,3068000,3
2025-07-24T14:07:37.189Z,QH228,Airbus A320-100/200,SGN,HAN,2025-07-27,11:00,13:10,Economy Flex,3068000,3
2025-07-24T14:07:37.189Z,QH242,Boeing 737 All Series Passenger,SGN,HAN,2025-07-27,13:10,15:20,Economy Flex,3068000,3
2025-07-24T14:07:37.189Z,QH268,Airbus A321,SGN,HAN,2025-07-27,19:15,21:25,Economy Flex,3068000,3
2025-07-24T14:07:37.189Z,QH272,Boeing 737 All Series Passenger,SGN,HAN,2025-07-27,20:05,22:15,Economy Flex,3068000,3
2025-07-24T14:07:37.189Z,QH284,Airbus A321,SGN,HAN,2025-07-27,21:30,23:40,Economy Flex,3068000,3
2025-07-24T14:07:37.189Z,QH202,Airbus A321,SGN,HAN,2025-07-27,05:25,07:35,Business Smart,5022000,3
2025-07-24T14:07:37.189Z,QH228,Airbus A320-100/200,SGN,HAN,2025-07-27,11:00,13:10,Business Smart,5022000,3
2025-07-24T14:07:37.189Z,QH272,Boeing 737 All Series Passenger,SGN,HAN,2025-07-27,20:05,22:15,Business Smart,5022000,3
2025-07-24T14:07:37.189Z,QH284,Airbus A321,SGN,HAN,2025-07-27,21:30,23:40,Business Smart,5022000,3
2025-07-24T14:07:37.189Z,QH202,Airbus A321,SGN,HAN,2025-07-27,05:25,07:35,Business Flex,7074000,3
2025-07-24T14:07:37.189Z,QH228,Airbus A320-100/200,SGN,HAN,2025-07-27,11:00,13:10,Business Flex,7074000,3
2025-07-24T14:07:37.189Z,QH272,Boeing 737 All Series Passenger,SGN,HAN,2025-07-27,20:05,22:15,Business Flex,7074000,3
2025-07-24T14:07:37.189Z,QH284,Airbus A321,SGN,HAN,2025-07-27,21:30,23:40,Business Flex,7074000,3
2025-07-24T14:08:36.761Z,QH202,Airbus A321,SGN,HAN,2025-07-28,05:00,07:10,Economy Smart,1944000,4
2025-07-24T14:08:36.761Z,QH272,Boeing 737 All Series Passenger,SGN,HAN,2025-07-28,18:30,20:40,Economy Smart,1944000,4
2025-07-24T14:08:36.761Z,QH268,Airbus A321,SGN,HAN,2025-07-28,19:15,21:25,Economy Smart,1944000,4
2025-07-24T14:08:36.761Z,QH296,Airbus A320-100/200,SGN,HAN,2025-07-28,20:05,22:15,Economy Smart,1944000,4
2025-07-24T14:08:36.761Z,QH284,Airbus A321,SGN,HAN,2025-07-28,21:30,23:40,Economy Smart,1944000,4
2025-07-24T14:08:36.761Z,QH204,Airbus A321,SGN,HAN,2025-07-28,07:10,09:20,Economy Smart,2128000,4
2025-07-24T14:08:36.761Z,QH224,Boeing 737 All Series Passenger,SGN,HAN,2025-07-28,10:40,12:50,Economy Smart,2128000,4
2025-07-24T14:08:36.761Z,QH242,Boeing 737 All Series Passenger,SGN,HAN,2025-07-28,13:10,15:20,Economy Smart,2128000,4
2025-07-24T14:08:36.761Z,QH254,Airbus A321,SGN,HAN,2025-07-28,15:40,17:55,Economy Smart,2128000,4
2025-07-24T14:08:36.761Z,QH202,Airbus A321,SGN,HAN,2025-07-28,05:00,07:10,Economy Flex,3068000,4
2025-07-24T14:08:36.761Z,QH204,Airbus A321,SGN,HAN,2025-07-28,07:10,09:20,Economy Flex,3068000,4
2025-07-24T14:08:36.761Z,QH224,Boeing 737 All Series Passenger,SGN,HAN,2025-07-28,10:40,12:50,Economy Flex,3068000,4
2025-07-24T14:08:36.761Z,QH242,Boeing 737 All Series Passenger,SGN,HAN,2025-07-28,13:10,15:20,Economy Flex,3068000,4
2025-07-24T14:08:36.761Z,QH254,Airbus A321,SGN,HAN,2025-07-28,15:40,17:55,Economy Flex,3068000,4
2025-07-24T14:08:36.761Z,QH272,Boeing 737 All Series Passenger,SGN,HAN,2025-07-28,18:30,20:40,Economy Flex,3068000,4
2025-07-24T14:08:36.761Z,QH268,Airbus A321,SGN,HAN,2025-07-28,19:15,21:25,Economy Flex,3068000,4
2025-07-24T14:08:36.761Z,QH296,Airbus A320-100/200,SGN,HAN,2025-07-28,20:05,22:15,Economy Flex,3068000,4
2025-07-24T14:08:36.761Z,QH284,Airbus A321,SGN,HAN,2025-07-28,21:30,23:40,Economy Flex,3068000,4
2025-07-24T14:08:36.761Z,QH202,Airbus A321,SGN,HAN,2025-07-28,05:00,07:10,Business Smart,5022000,4
2025-07-24T14:08:36.761Z,QH254,Airbus A321,SGN,HAN,2025-07-28,15:40,17:55,Business Smart,5022000,4
2025-07-24T14:08:36.761Z,QH272,Boeing 737 All Series Passenger,SGN,HAN,2025-07-28,18:30,20:40,Business Smart,5022000,4
2025-07-24T14:08:36.761Z,QH284,Airbus A321,SGN,HAN,2025-07-28,21:30,23:40,Business Smart,5022000,4
2025-07-24T14:08:36.761Z,QH202,Airbus A321,SGN,HAN,2025-07-28,05:00,07:10,Business Flex,7074000,4
2025-07-24T14:08:36.761Z,QH254,Airbus A321,SGN,HAN,2025-07-28,15:40,17:55,Business Flex,7074000,4
2025-07-24T14:08:36.761Z,QH272,Boeing 737 All Series Passenger,SGN,HAN,2025-07-28,18:30,20:40,Business Flex,7074000,4
2025-07-24T14:08:36.761Z,QH284,Airbus A321,SGN,HAN,2025-07-28,21:30,23:40,Business Flex,7074000,4
2025-07-24T14:11:34.842Z,QH202,Airbus A321,SGN,HAN,2025-07-29,05:25,07:35,Economy Smart,1944000,5
2025-07-24T14:11:34.842Z,QH204,Airbus A321,SGN,HAN,2025-07-29,07:40,09:50,Economy Smart,1944000,5
2025-07-24T14:11:34.842Z,QH224,Boeing 737 All Series Passenger,SGN,HAN,2025-07-29,10:40,12:50,Economy Smart,1944000,5
2025-07-24T14:11:34.842Z,QH228,Airbus A320-100/200,SGN,HAN,2025-07-29,11:00,13:10,Economy Smart,1944000,5
2025-07-24T14:11:34.842Z,QH254,Airbus A321,SGN,HAN,2025-07-29,15:45,17:55,Economy Smart,1944000,5
2025-07-24T14:11:34.842Z,QH268,Airbus A321,SGN,HAN,2025-07-29,19:15,21:25,Economy Smart,1944000,5
2025-07-24T14:11:34.842Z,QH272,Boeing 737 All Series Passenger,SGN,HAN,2025-07-29,20:05,22:15,Economy Smart,1944000,5
2025-07-24T14:11:34.842Z,QH284,Airbus A321,SGN,HAN,2025-07-29,21:30,23:40,Economy Smart,1944000,5
2025-07-24T14:11:34.842Z,QH202,Airbus A321,SGN,HAN,2025-07-29,05:25,07:35,Economy Flex,3068000,5
2025-07-24T14:11:34.842Z,QH204,Airbus A321,SGN,HAN,2025-07-29,07:40,09:50,Economy Flex,3068000,5
2025-07-24T14:11:34.842Z,QH224,Boeing 737 All Series Passenger,SGN,HAN,2025-07-29,10:40,12:50,Economy Flex,3068000,5
2025-07-24T14:11:34.842Z,QH228,Airbus A320-100/200,SGN,HAN,2025-07-29,11:00,13:10,Economy Flex,3068000,5
2025-07-24T14:11:34.842Z,QH254,Airbus A321,SGN,HAN,2025-07-29,15:45,17:55,Economy Flex,3068000,5
2025-07-24T14:11:34.842Z,QH268,Airbus A321,SGN,HAN,2025-07-29,19:15,21:25,Economy Flex,3068000,5
2025-07-24T14:11:34.842Z,QH272,Boeing 737 All Series Passenger,SGN,HAN,2025-07-29,20:05,22:15,Economy Flex,3068000,5
2025-07-24T14:11:34.842Z,QH284,Airbus A321,SGN,HAN,2025-07-29,21:30,23:40,Economy Flex,3068000,5
2025-07-24T14:11:34.842Z,QH202,Airbus A321,SGN,HAN,2025-07-29,05:25,07:35,Business Smart,5022000,5
2025-07-24T14:11:34.842Z,QH228,Airbus A320-100/200,SGN,HAN,2025-07-29,11:00,13:10,Business Smart,5022000,5
2025-07-24T14:11:34.842Z,QH254,Airbus A321,SGN,HAN,2025-07-29,15:45,17:55,Business Smart,5022000,5
2025-07-24T14:11:34.842Z,QH272,Boeing 737 All Series Passenger,SGN,HAN,2025-07-29,20:05,22:15,Business Smart,5022000,5
2025-07-24T14:11:34.842Z,QH284,Airbus A321,SGN,HAN,2025-07-29,21:30,23:40,Business Smart,5022000,5
2025-07-24T14:11:34.842Z,QH202,Airbus A321,SGN,HAN,2025-07-29,05:25,07:35,Business Flex,7074000,5
2025-07-24T14:11:34.842Z,QH228,Airbus A320-100/200,SGN,HAN,2025-07-29,11:00,13:10,Business Flex,7074000,5
2025-07-24T14:11:34.842Z,QH254,Airbus A321,SGN,HAN,2025-07-29,15:45,17:55,Business Flex,7074000,5
2025-07-24T14:11:34.842Z,QH272,Boeing 737 All Series Passenger,SGN,HAN,2025-07-29,20:05,22:15,Business Flex,7074000,5
2025-07-24T14:11:34.842Z,QH284,Airbus A321,SGN,HAN,2025-07-29,21:30,23:40,Business Flex,7074000,5
2025-07-24T14:12:42.389Z,QH202,Airbus A321,SGN,HAN,2025-07-30,05:25,07:35,Economy Smart,1944000,6
2025-07-24T14:12:42.389Z,QH204,Airbus A321,SGN,HAN,2025-07-30,07:10,09:20,Economy Smart,1944000,6
2025-07-24T14:12:42.389Z,QH242,Boeing 737 All Series Passenger,SGN,HAN,2025-07-30,13:10,15:20,Economy Smart,1944000,6
2025-07-24T14:12:42.389Z,QH272,Boeing 737 All Series Passenger,SGN,HAN,2025-07-30,18:30,20:40,Economy Smart,1944000,6
2025-07-24T14:12:42.389Z,QH268,Airbus A321,SGN,HAN,2025-07-30,19:15,21:25,Economy Smart,1944000,6
2025-07-24T14:12:42.389Z,QH296,Airbus A320-100/200,SGN,HAN,2025-07-30,20:05,22:15,Economy Smart,1944000,6
2025-07-24T14:12:42.389Z,QH284,Airbus A321,SGN,HAN,2025-07-30,21:30,23:40,Economy Smart,1944000,6
2025-07-24T14:12:42.389Z,QH224,Boeing 737 All Series Passenger,SGN,HAN,2025-07-30,10:40,12:50,Economy Smart,2128000,6
2025-07-24T14:12:42.389Z,QH202,Airbus A321,SGN,HAN,2025-07-30,05:25,07:35,Economy Flex,3068000,6
2025-07-24T14:12:42.389Z,QH204,Airbus A321,SGN,HAN,2025-07-30,07:10,09:20,Economy Flex,3068000,6
2025-07-24T14:12:42.389Z,QH224,Boeing 737 All Series Passenger,SGN,HAN,2025-07-30,10:40,12:50,Economy Flex,3068000,6
2025-07-24T14:12:42.389Z,QH242,Boeing 737 All Series Passenger,SGN,HAN,2025-07-30,13:10,15:20,Economy Flex,3068000,6
2025-07-24T14:12:42.389Z,QH272,Boeing 737 All Series Passenger,SGN,HAN,2025-07-30,18:30,20:40,Economy Flex,3068000,6
2025-07-24T14:12:42.389Z,QH268,Airbus A321,SGN,HAN,2025-07-30,19:15,21:25,Economy Flex,3068000,6
2025-07-24T14:12:42.389Z,QH296,Airbus A320-100/200,SGN,HAN,2025-07-30,20:05,22:15,Economy Flex,3068000,6
2025-07-24T14:12:42.389Z,QH284,Airbus A321,SGN,HAN,2025-07-30,21:30,23:40,Economy Flex,3068000,6
2025-07-24T14:12:42.389Z,QH202,Airbus A321,SGN,HAN,2025-07-30,05:25,07:35,Business Smart,5022000,6
2025-07-24T14:12:42.389Z,QH272,Boeing 737 All Series Passenger,SGN,HAN,2025-07-30,18:30,20:40,Business Smart,5022000,6
2025-07-24T14:12:42.389Z,QH284,Airbus A321,SGN,HAN,2025-07-30,21:30,23:40,Business Smart,5022000,6
2025-07-24T14:12:42.389Z,QH202,Airbus A321,SGN,HAN,2025-07-30,05:25,07:35,Business Flex,7074000,6
2025-07-24T14:12:42.389Z,QH272,Boeing 737 All Series Passenger,SGN,HAN,2025-07-30,18:30,20:40,Business Flex,7074000,6
2025-07-24T14:12:42.389Z,QH284,Airbus A321,SGN,HAN,2025-07-30,21:30,23:40,Business Flex,7074000,6
2025-07-24T14:13:36.684Z,QH202,Airbus A321,SGN,HAN,2025-07-31,05:25,07:35,Economy Smart,1944000,7
2025-07-24T14:13:36.684Z,QH268,Airbus A321,SGN,HAN,2025-07-31,19:15,21:25,Economy Smart,1944000,7
2025-07-24T14:13:36.684Z,QH272,Boeing 737 All Series Passenger,SGN,HAN,2025-07-31,20:05,22:15,Economy Smart,1944000,7
2025-07-24T14:13:36.684Z,QH284,Airbus A321,SGN,HAN,2025-07-31,21:30,23:40,Economy Smart,1944000,7
2025-07-24T14:13:36.684Z,QH204,Airbus A321,SGN,HAN,2025-07-31,07:10,09:20,Economy Smart,2128000,7
2025-07-24T14:13:36.684Z,QH224,Boeing 737 All Series Passenger,SGN,HAN,2025-07-31,10:40,12:50,Economy Smart,2128000,7
2025-07-24T14:13:36.684Z,QH228,Airbus A320-100/200,SGN,HAN,2025-07-31,11:00,13:10,Economy Smart,2128000,7
2025-07-24T14:13:36.684Z,QH242,Boeing 737 All Series Passenger,SGN,HAN,2025-07-31,13:10,15:20,Economy Smart,2128000,7
2025-07-24T14:13:36.684Z,QH254,Airbus A321,SGN,HAN,2025-07-31,15:45,17:55,Economy Smart,2128000,7
2025-07-24T14:13:36.684Z,QH202,Airbus A321,SGN,HAN,2025-07-31,05:25,07:35,Economy Flex,3068000,7
2025-07-24T14:13:36.684Z,QH204,Airbus A321,SGN,HAN,2025-07-31,07:10,09:20,Economy Flex,3068000,7
2025-07-24T14:13:36.684Z,QH224,Boeing 737 All Series Passenger,SGN,HAN,2025-07-31,10:40,12:50,Economy Flex,3068000,7
2025-07-24T14:13:36.684Z,QH228,Airbus A320-100/200,SGN,HAN,2025-07-31,11:00,13:10,Economy Flex,3068000,7
2025-07-24T14:13:36.684Z,QH242,Boeing 737 All Series Passenger,SGN,HAN,2025-07-31,13:10,15:20,Economy Flex,3068000,7
2025-07-24T14:13:36.684Z,QH254,Airbus A321,SGN,HAN,2025-07-31,15:45,17:55,Economy Flex,3068000,7
2025-07-24T14:13:36.684Z,QH268,Airbus A321,SGN,HAN,2025-07-31,19:15,21:25,Economy Flex,3068000,7
2025-07-24T14:13:36.684Z,QH272,Boeing 737 All Series Passenger,SGN,HAN,2025-07-31,20:05,22:15,Economy Flex,3068000,7
2025-07-24T14:13:36.684Z,QH284,Airbus A321,SGN,HAN,2025-07-31,21:30,23:40,Economy Flex,3068000,7
2025-07-24T14:13:36.684Z,QH202,Airbus A321,SGN,HAN,2025-07-31,05:25,07:35,Business Smart,5022000,7
2025-07-24T14:13:36.684Z,QH228,Airbus A320-100/200,SGN,HAN,2025-07-31,11:00,13:10,Business Smart,5022000,7
2025-07-24T14:13:36.684Z,QH254,Airbus A321,SGN,HAN,2025-07-31,15:45,17:55,Business Smart,5022000,7
2025-07-24T14:13:36.684Z,QH272,Boeing 737 All Series Passenger,SGN,HAN,2025-07-31,20:05,22:15,Business Smart,5022000,7
2025-07-24T14:13:36.684Z,QH284,Airbus A321,SGN,HAN,2025-07-31,21:30,23:40,Business Smart,5022000,7
2025-07-24T14:13:36.684Z,QH202,Airbus A321,SGN,HAN,2025-07-31,05:25,07:35,Business Flex,7074000,7
2025-07-24T14:13:36.684Z,QH228,Airbus A320-100/200,SGN,HAN,2025-07-31,11:00,13:10,Business Flex,7074000,7
2025-07-24T14:13:36.684Z,QH254,Airbus A321,SGN,HAN,2025-07-31,15:45,17:55,Business Flex,7074000,7
2025-07-24T14:13:36.684Z,QH272,Boeing 737 All Series Passenger,SGN,HAN,2025-07-31,20:05,22:15,Business Flex,7074000,7
2025-07-24T14:13:36.684Z,QH284,Airbus A321,SGN,HAN,2025-07-31,21:30,23:40,Business Flex,7074000,7
2025-07-24T14:18:00.440Z,QH284,Airbus A321,SGN,HAN,2025-07-24,21:30,23:40,Economy Smart,2128000,0
2025-07-24T14:18:00.440Z,QH284,Airbus A321,SGN,HAN,2025-07-24,21:30,23:40,Economy Flex,3068000,0
2025-07-24T14:18:00.440Z,QH284,Airbus A321,SGN,HAN,2025-07-24,21:30,23:40,Business Smart,5346000,0
2025-07-24T14:18:00.440Z,QH284,Airbus A321,SGN,HAN,2025-07-24,21:30,23:40,Business Flex,7398000,0
2025-07-24T14:26:20.525Z,QH204,Airbus A321,SGN,HAN,2025-01-08,07:10,09:20,Economy Smart,2128000,-197
2025-07-24T14:26:20.525Z,QH224,Boeing 737 All Series Passenger,SGN,HAN,2025-01-08,10:40,12:50,Economy Smart,2128000,-197
2025-07-24T14:26:20.525Z,QH242,Boeing 737 All Series Passenger,SGN,HAN,2025-01-08,13:10,15:20,Economy Smart,2128000,-197
2025-07-24T14:26:20.525Z,QH272,Boeing 737 All Series Passenger,SGN,HAN,2025-01-08,18:30,20:40,Economy Smart,2128000,-197
2025-07-24T14:26:20.525Z,QH268,Airbus A321,SGN,HAN,2025-01-08,19:15,21:25,Economy Smart,2128000,-197
2025-07-24T14:26:20.525Z,QH284,Airbus A321,SGN,HAN,2025-01-08,21:30,23:40,Economy Smart,2128000,-197
2025-07-24T14:26:20.525Z,QH204,Airbus A321,SGN,HAN,2025-01-08,07:10,09:20,Economy Flex,3068000,-197
2025-07-24T14:26:20.525Z,QH224,Boeing 737 All Series Passenger,SGN,HAN,2025-01-08,10:40,12:50,Economy Flex,3068000,-197
2025-07-24T14:26:20.525Z,QH242,Boeing 737 All Series Passenger,SGN,HAN,2025-01-08,13:10,15:20,Economy Flex,3068000,-197
2025-07-24T14:26:20.525Z,QH272,Boeing 737 All Series Passenger,SGN,HAN,2025-01-08,18:30,20:40,Economy Flex,3068000,-197
2025-07-24T14:26:20.525Z,QH268,Airbus A321,SGN,HAN,2025-01-08,19:15,21:25,Economy Flex,3068000,-197
2025-07-24T14:26:20.525Z,QH284,Airbus A321,SGN,HAN,2025-01-08,21:30,23:40,Economy Flex,3068000,-197
2025-07-24T14:26:20.525Z,QH272,Boeing 737 All Series Passenger,SGN,HAN,2025-01-08,18:30,20:40,Business Smart,5022000,-197
2025-07-24T14:26:20.525Z,QH284,Airbus A321,SGN,HAN,2025-01-08,21:30,23:40,Business Smart,5022000,-197
2025-07-24T14:26:20.525Z,QH272,Boeing 737 All Series Passenger,SGN,HAN,2025-01-08,18:30,20:40,Business Flex,7074000,-197
2025-07-24T14:26:20.525Z,QH284,Airbus A321,SGN,HAN,2025-01-08,21:30,23:40,Business Flex,7074000,-197
2025-07-24T14:26:58.700Z,QH284,Airbus A321,SGN,HAN,2025-02-08,22:00,00:10,Economy Smart,1750000,-166
2025-07-24T14:26:58.700Z,QH202,Airbus A321,SGN,HAN,2025-02-08,05:25,07:35,Economy Smart,1944000,-166
2025-07-24T14:26:58.700Z,QH204,Airbus A321,SGN,HAN,2025-02-08,07:10,09:20,Economy Smart,1944000,-166
2025-07-24T14:26:58.700Z,QH224,Boeing 737 All Series Passenger,SGN,HAN,2025-02-08,10:40,12:50,Economy Smart,1944000,-166
2025-07-24T14:26:58.700Z,QH242,Boeing 737 All Series Passenger,SGN,HAN,2025-02-08,13:10,15:20,Economy Smart,1944000,-166
2025-07-24T14:26:58.700Z,QH254,Airbus A321,SGN,HAN,2025-02-08,16:20,18:30,Economy Smart,1944000,-166
2025-07-24T14:26:58.700Z,QH272,Boeing 737 All Series Passenger,SGN,HAN,2025-02-08,18:30,20:40,Economy Smart,1944000,-166
2025-07-24T14:26:58.700Z,QH268,Airbus A321,SGN,HAN,2025-02-08,19:15,21:25,Economy Smart,1944000,-166
2025-07-24T14:26:58.700Z,QH202,Airbus A321,SGN,HAN,2025-02-08,05:25,07:35,Economy Flex,3068000,-166
2025-07-24T14:26:58.700Z,QH204,Airbus A321,SGN,HAN,2025-02-08,07:10,09:20,Economy Flex,3068000,-166
2025-07-24T14:26:58.700Z,QH224,Boeing 737 All Series Passenger,SGN,HAN,2025-02-08,10:40,12:50,Economy Flex,3068000,-166
2025-07-24T14:26:58.700Z,QH242,Boeing 737 All Series Passenger,SGN,HAN,2025-02-08,13:10,15:20,Economy Flex,3068000,-166
2025-07-24T14:26:58.700Z,QH254,Airbus A321,SGN,HAN,2025-02-08,16:20,18:30,Economy Flex,3068000,-166
2025-07-24T14:26:58.700Z,QH272,Boeing 737 All Series Passenger,SGN,HAN,2025-02-08,18:30,20:40,Economy Flex,3068000,-166
2025-07-24T14:26:58.700Z,QH268,Airbus A321,SGN,HAN,2025-02-08,19:15,21:25,Economy Flex,3068000,-166
2025-07-24T14:26:58.700Z,QH284,Airbus A321,SGN,HAN,2025-02-08,22:00,00:10,Economy Flex,3068000,-166
2025-07-24T14:26:58.700Z,QH202,Airbus A321,SGN,HAN,2025-02-08,05:25,07:35,Business Smart,5022000,-166
2025-07-24T14:26:58.700Z,QH254,Airbus A321,SGN,HAN,2025-02-08,16:20,18:30,Business Smart,5022000,-166
2025-07-24T14:26:58.700Z,QH272,Boeing 737 All Series Passenger,SGN,HAN,2025-02-08,18:30,20:40,Business Smart,5022000,-166
2025-07-24T14:26:58.700Z,QH284,Airbus A321,SGN,HAN,2025-02-08,22:00,00:10,Business Smart,5022000,-166
2025-07-24T14:26:58.700Z,QH202,Airbus A321,SGN,HAN,2025-02-08,05:25,07:35,Business Flex,7074000,-166
2025-07-24T14:26:58.700Z,QH254,Airbus A321,SGN,HAN,2025-02-08,16:20,18:30,Business Flex,7074000,-166
2025-07-24T14:26:58.700Z,QH272,Boeing 737 All Series Passenger,SGN,HAN,2025-02-08,18:30,20:40,Business Flex,7074000,-166
2025-07-24T14:26:58.700Z,QH284,Airbus A321,SGN,HAN,2025-02-08,22:00,00:10,Business Flex,7074000,-166
2025-07-24T14:35:53.472Z,QH202,Airbus A321,SGN,HAN,2025-03-08,05:25,07:35,Economy Smart,1944000,-138
2025-07-24T14:35:53.472Z,QH204,Airbus A321,SGN,HAN,2025-03-08,07:10,09:20,Economy Smart,1944000,-138
2025-07-24T14:35:53.472Z,QH224,Boeing 737 All Series Passenger,SGN,HAN,2025-03-08,10:40,12:50,Economy Smart,2128000,-138
2025-07-24T14:35:53.472Z,QH242,Boeing 737 All Series Passenger,SGN,HAN,2025-03-08,13:10,15:20,Economy Smart,2128000,-138
2025-07-24T14:35:53.472Z,QH272,Boeing 737 All Series Passenger,SGN,HAN,2025-03-08,18:30,20:40,Economy Smart,2128000,-138
2025-07-24T14:35:53.472Z,QH268,Airbus A321,SGN,HAN,2025-03-08,19:15,21:25,Economy Smart,2128000,-138
2025-07-24T14:35:53.472Z,QH284,Airbus A321,SGN,HAN,2025-03-08,21:10,23:20,Economy Smart,2128000,-138
2025-07-24T14:35:53.472Z,QH202,Airbus A321,SGN,HAN,2025-03-08,05:25,07:35,Economy Flex,3068000,-138
2025-07-24T14:35:53.472Z,QH204,Airbus A321,SGN,HAN,2025-03-08,07:10,09:20,Economy Flex,3068000,-138
2025-07-24T14:35:53.472Z,QH224,Boeing 737 All Series Passenger,SGN,HAN,2025-03-08,10:40,12:50,Economy Flex,3068000,-138
2025-07-24T14:35:53.472Z,QH242,Boeing 737 All Series Passenger,SGN,HAN,2025-03-08,13:10,15:20,Economy Flex,3068000,-138
2025-07-24T14:35:53.472Z,QH272,Boeing 737 All Series Passenger,SGN,HAN,2025-03-08,18:30,20:40,Economy Flex,3068000,-138
2025-07-24T14:35:53.472Z,QH268,Airbus A321,SGN,HAN,2025-03-08,19:15,21:25,Economy Flex,3068000,-138
2025-07-24T14:35:53.472Z,QH284,Airbus A321,SGN,HAN,2025-03-08,21:10,23:20,Economy Flex,3068000,-138
2025-07-24T14:35:53.472Z,QH202,Airbus A321,SGN,HAN,2025-03-08,05:25,07:35,Business Smart,5022000,-138
2025-07-24T14:35:53.472Z,QH272,Boeing 737 All Series Passenger,SGN,HAN,2025-03-08,18:30,20:40,Business Smart,5022000,-138
2025-07-24T14:35:53.472Z,QH284,Airbus A321,SGN,HAN,2025-03-08,21:10,23:20,Business Smart,5022000,-138
2025-07-24T14:35:53.472Z,QH202,Airbus A321,SGN,HAN,2025-03-08,05:25,07:35,Business Flex,7074000,-138
2025-07-24T14:35:53.472Z,QH272,Boeing 737 All Series Passenger,SGN,HAN,2025-03-08,18:30,20:40,Business Flex,7074000,-138
2025-07-24T14:35:53.472Z,QH284,Airbus A321,SGN,HAN,2025-03-08,21:10,23:20,Business Flex,7074000,-138
2025-07-24T14:36:34.441Z,QH268,Airbus A321,SGN,HAN,2025-04-08,19:15,21:25,Economy Smart,1750000,-107
2025-07-24T14:36:34.441Z,QH284,Airbus A321,SGN,HAN,2025-04-08,21:35,23:45,Economy Smart,1750000,-107
2025-07-24T14:36:34.441Z,QH202,Airbus A321,SGN,HAN,2025-04-08,05:25,07:35,Economy Smart,1944000,-107
2025-07-24T14:36:34.441Z,QH204,Airbus A321,SGN,HAN,2025-04-08,07:10,09:20,Economy Smart,1944000,-107
2025-07-24T14:36:34.441Z,QH224,Boeing 737 All Series Passenger,SGN,HAN,2025-04-08,10:40,12:50,Economy Smart,1944000,-107
2025-07-24T14:36:34.441Z,QH242,Boeing 737 All Series Passenger,SGN,HAN,2025-04-08,13:10,15:20,Economy Smart,1944000,-107
2025-07-24T14:36:34.441Z,QH254,Airbus A321,SGN,HAN,2025-04-08,15:45,17:55,Economy Smart,1944000,-107
2025-07-24T14:36:34.441Z,QH272,Boeing 737 All Series Passenger,SGN,HAN,2025-04-08,18:30,20:40,Economy Smart,1944000,-107
2025-07-24T14:36:34.441Z,QH202,Airbus A321,SGN,HAN,2025-04-08,05:25,07:35,Economy Flex,3068000,-107
2025-07-24T14:36:34.441Z,QH204,Airbus A321,SGN,HAN,2025-04-08,07:10,09:20,Economy Flex,3068000,-107
2025-07-24T14:36:34.441Z,QH224,Boeing 737 All Series Passenger,SGN,HAN,2025-04-08,10:40,12:50,Economy Flex,3068000,-107
2025-07-24T14:36:34.441Z,QH242,Boeing 737 All Series Passenger,SGN,HAN,2025-04-08,13:10,15:20,Economy Flex,3068000,-107
2025-07-24T14:36:34.441Z,QH254,Airbus A321,SGN,HAN,2025-04-08,15:45,17:55,Economy Flex,3068000,-107
2025-07-24T14:36:34.441Z,QH272,Boeing 737 All Series Passenger,SGN,HAN,2025-04-08,18:30,20:40,Economy Flex,3068000,-107
2025-07-24T14:36:34.441Z,QH268,Airbus A321,SGN,HAN,2025-04-08,19:15,21:25,Economy Flex,3068000,-107
2025-07-24T14:36:34.441Z,QH284,Airbus A321,SGN,HAN,2025-04-08,21:35,23:45,Economy Flex,3068000,-107
2025-07-24T14:36:34.441Z,QH202,Airbus A321,SGN,HAN,2025-04-08,05:25,07:35,Business Smart,5022000,-107
2025-07-24T14:36:34.441Z,QH254,Airbus A321,SGN,HAN,2025-04-08,15:45,17:55,Business Smart,5022000,-107
2025-07-24T14:36:34.441Z,QH272,Boeing 737 All Series Passenger,SGN,HAN,2025-04-08,18:30,20:40,Business Smart,5022000,-107
2025-07-24T14:36:34.441Z,QH284,Airbus A321,SGN,HAN,2025-04-08,21:35,23:45,Business Smart,5022000,-107
2025-07-24T14:36:34.441Z,QH202,Airbus A321,SGN,HAN,2025-04-08,05:25,07:35,Business Flex,7074000,-107
2025-07-24T14:36:34.441Z,QH254,Airbus A321,SGN,HAN,2025-04-08,15:45,17:55,Business Flex,7074000,-107
2025-07-24T14:36:34.441Z,QH272,Boeing 737 All Series Passenger,SGN,HAN,2025-04-08,18:30,20:40,Business Flex,7074000,-107
2025-07-24T14:36:34.441Z,QH284,Airbus A321,SGN,HAN,2025-04-08,21:35,23:45,Business Flex,7074000,-107
2025-07-24T14:37:35.396Z,QH202,Airbus A321,SGN,HAN,2025-05-08,05:25,07:35,Economy Smart,1750000,-77
2025-07-24T14:37:35.396Z,QH204,Airbus A321,SGN,HAN,2025-05-08,07:10,09:20,Economy Smart,1750000,-77
2025-07-24T14:37:35.396Z,QH284,Airbus A321,SGN,HAN,2025-05-08,21:30,23:40,Economy Smart,1750000,-77
2025-07-24T14:37:35.396Z,QH224,Boeing 737 All Series Passenger,SGN,HAN,2025-05-08,10:40,12:50,Economy Smart,1944000,-77
2025-07-24T14:37:35.396Z,QH242,Boeing 737 All Series Passenger,SGN,HAN,2025-05-08,13:10,15:20,Economy Smart,1944000,-77
2025-07-24T14:37:35.396Z,QH254,Airbus A321,SGN,HAN,2025-05-08,15:45,17:55,Economy Smart,1944000,-77
2025-07-24T14:37:35.396Z,QH272,Boeing 737 All Series Passenger,SGN,HAN,2025-05-08,18:30,20:40,Economy Smart,1944000,-77
2025-07-24T14:37:35.396Z,QH268,Airbus A321,SGN,HAN,2025-05-08,19:15,21:25,Economy Smart,1944000,-77
2025-07-24T14:37:35.396Z,QH202,Airbus A321,SGN,HAN,2025-05-08,05:25,07:35,Economy Flex,3068000,-77
2025-07-24T14:37:35.396Z,QH204,Airbus A321,SGN,HAN,2025-05-08,07:10,09:20,Economy Flex,3068000,-77
2025-07-24T14:37:35.396Z,QH224,Boeing 737 All Series Passenger,SGN,HAN,2025-05-08,10:40,12:50,Economy Flex,3068000,-77
2025-07-24T14:37:35.396Z,QH242,Boeing 737 All Series Passenger,SGN,HAN,2025-05-08,13:10,15:20,Economy Flex,3068000,-77
2025-07-24T14:37:35.396Z,QH254,Airbus A321,SGN,HAN,2025-05-08,15:45,17:55,Economy Flex,3068000,-77
2025-07-24T14:37:35.396Z,QH272,Boeing 737 All Series Passenger,SGN,HAN,2025-05-08,18:30,20:40,Economy Flex,3068000,-77
2025-07-24T14:37:35.396Z,QH268,Airbus A321,SGN,HAN,2025-05-08,19:15,21:25,Economy Flex,3068000,-77
2025-07-24T14:37:35.396Z,QH284,Airbus A321,SGN,HAN,2025-05-08,21:30,23:40,Economy Flex,3068000,-77
2025-07-24T14:37:35.396Z,QH202,Airbus A321,SGN,HAN,2025-05-08,05:25,07:35,Business Smart,5022000,-77
2025-07-24T14:37:35.396Z,QH254,Airbus A321,SGN,HAN,2025-05-08,15:45,17:55,Business Smart,5022000,-77
2025-07-24T14:37:35.396Z,QH272,Boeing 737 All Series Passenger,SGN,HAN,2025-05-08,18:30,20:40,Business Smart,5022000,-77
2025-07-24T14:37:35.396Z,QH284,Airbus A321,SGN,HAN,2025-05-08,21:30,23:40,Business Smart,5022000,-77
2025-07-24T14:37:35.396Z,QH202,Airbus A321,SGN,HAN,2025-05-08,05:25,07:35,Business Flex,7074000,-77
2025-07-24T14:37:35.396Z,QH254,Airbus A321,SGN,HAN,2025-05-08,15:45,17:55,Business Flex,7074000,-77
2025-07-24T14:37:35.396Z,QH272,Boeing 737 All Series Passenger,SGN,HAN,2025-05-08,18:30,20:40,Business Flex,7074000,-77
2025-07-24T14:37:35.396Z,QH284,Airbus A321,SGN,HAN,2025-05-08,21:30,23:40,Business Flex,7074000,-77
2025-07-24T14:42:32.578Z,QH204,Airbus A321,SGN,HAN,2025-06-08,07:10,09:20,Economy Smart,1944000,-46
2025-07-24T14:42:32.578Z,QH224,Boeing 737 All Series Passenger,SGN,HAN,2025-06-08,10:40,12:50,Economy Smart,1944000,-46
2025-07-24T14:42:32.578Z,QH242,Boeing 737 All Series Passenger,SGN,HAN,2025-06-08,13:10,15:20,Economy Smart,1944000,-46
2025-07-24T14:42:32.578Z,QH272,Boeing 737 All Series Passenger,SGN,HAN,2025-06-08,18:30,20:40,Economy Smart,1944000,-46
2025-07-24T14:42:32.578Z,QH268,Airbus A321,SGN,HAN,2025-06-08,19:15,21:25,Economy Smart,1944000,-46
2025-07-24T14:42:32.578Z,QH284,Airbus A321,SGN,HAN,2025-06-08,21:35,23:45,Economy Smart,1944000,-46
2025-07-24T14:42:32.578Z,QH202,Airbus A321,SGN,HAN,2025-06-08,05:25,07:35,Economy Smart,2128000,-46
2025-07-24T14:42:32.578Z,QH202,Airbus A321,SGN,HAN,2025-06-08,05:25,07:35,Economy Flex,3068000,-46
2025-07-24T14:42:32.578Z,QH204,Airbus A321,SGN,HAN,2025-06-08,07:10,09:20,Economy Flex,3068000,-46
2025-07-24T14:42:32.578Z,QH224,Boeing 737 All Series Passenger,SGN,HAN,2025-06-08,10:40,12:50,Economy Flex,3068000,-46
2025-07-24T14:42:32.578Z,QH242,Boeing 737 All Series Passenger,SGN,HAN,2025-06-08,13:10,15:20,Economy Flex,3068000,-46
2025-07-24T14:42:32.578Z,QH272,Boeing 737 All Series Passenger,SGN,HAN,2025-06-08,18:30,20:40,Economy Flex,3068000,-46
2025-07-24T14:42:32.578Z,QH268,Airbus A321,SGN,HAN,2025-06-08,19:15,21:25,Economy Flex,3068000,-46
2025-07-24T14:42:32.578Z,QH284,Airbus A321,SGN,HAN,2025-06-08,21:35,23:45,Economy Flex,3068000,-46
2025-07-24T14:42:32.578Z,QH202,Airbus A321,SGN,HAN,2025-06-08,05:25,07:35,Business Smart,5022000,-46
2025-07-24T14:42:32.578Z,QH272,Boeing 737 All Series Passenger,SGN,HAN,2025-06-08,18:30,20:40,Business Smart,5022000,-46
2025-07-24T14:42:32.578Z,QH284,Airbus A321,SGN,HAN,2025-06-08,21:35,23:45,Business Smart,5022000,-46
2025-07-24T14:42:32.578Z,QH202,Airbus A321,SGN,HAN,2025-06-08,05:25,07:35,Business Flex,7074000,-46
2025-07-24T14:42:32.578Z,QH272,Boeing 737 All Series Passenger,SGN,HAN,2025-06-08,18:30,20:40,Business Flex,7074000,-46
2025-07-24T14:42:32.578Z,QH284,Airbus A321,SGN,HAN,2025-06-08,21:35,23:45,Business Flex,7074000,-46
2025-07-24T14:44:59.932Z,QH202,Airbus A321,SGN,HAN,2025-07-08,05:25,07:35,Economy Smart,1944000,-16
2025-07-24T14:44:59.932Z,QH204,Airbus A321,SGN,HAN,2025-07-08,07:10,09:20,Economy Smart,1944000,-16
2025-07-24T14:44:59.932Z,QH224,Boeing 737 All Series Passenger,SGN,HAN,2025-07-08,10:40,12:50,Economy Smart,1944000,-16
2025-07-24T14:44:59.932Z,QH242,Boeing 737 All Series Passenger,SGN,HAN,2025-07-08,13:10,15:20,Economy Smart,1944000,-16
2025-07-24T14:44:59.932Z,QH268,Airbus A321,SGN,HAN,2025-07-08,19:15,21:25,Economy Smart,1944000,-16
2025-07-24T14:44:59.932Z,QH272,Boeing 737 All Series Passenger,SGN,HAN,2025-07-08,20:05,22:15,Economy Smart,1944000,-16
2025-07-24T14:44:59.932Z,QH284,Airbus A321,SGN,HAN,2025-07-08,21:30,23:40,Economy Smart,1944000,-16
2025-07-24T14:44:59.932Z,QH254,Airbus A321,SGN,HAN,2025-07-08,15:45,17:55,Economy Smart,2128000,-16
2025-07-24T14:44:59.932Z,QH202,Airbus A321,SGN,HAN,2025-07-08,05:25,07:35,Economy Flex,3068000,-16
2025-07-24T14:44:59.932Z,QH204,Airbus A321,SGN,HAN,2025-07-08,07:10,09:20,Economy Flex,3068000,-16
2025-07-24T14:44:59.932Z,QH224,Boeing 737 All Series Passenger,SGN,HAN,2025-07-08,10:40,12:50,Economy Flex,3068000,-16
2025-07-24T14:44:59.932Z,QH242,Boeing 737 All Series Passenger,SGN,HAN,2025-07-08,13:10,15:20,Economy Flex,3068000,-16
2025-07-24T14:44:59.932Z,QH254,Airbus A321,SGN,HAN,2025-07-08,15:45,17:55,Economy Flex,3068000,-16
2025-07-24T14:44:59.932Z,QH268,Airbus A321,SGN,HAN,2025-07-08,19:15,21:25,Economy Flex,3068000,-16
2025-07-24T14:44:59.932Z,QH272,Boeing 737 All Series Passenger,SGN,HAN,2025-07-08,20:05,22:15,Economy Flex,3068000,-16
2025-07-24T14:44:59.932Z,QH284,Airbus A321,SGN,HAN,2025-07-08,21:30,23:40,Economy Flex,3068000,-16
2025-07-24T14:44:59.932Z,QH202,Airbus A321,SGN,HAN,2025-07-08,05:25,07:35,Business Smart,5022000,-16
2025-07-24T14:44:59.932Z,QH254,Airbus A321,SGN,HAN,2025-07-08,15:45,17:55,Business Smart,5022000,-16
2025-07-24T14:44:59.932Z,QH272,Boeing 737 All Series Passenger,SGN,HAN,2025-07-08,20:05,22:15,Business Smart,5022000,-16
2025-07-24T14:44:59.932Z,QH284,Airbus A321,SGN,HAN,2025-07-08,21:30,23:40,Business Smart,5022000,-16
2025-07-24T14:44:59.932Z,QH202,Airbus A321,SGN,HAN,2025-07-08,05:25,07:35,Business Flex,7074000,-16
2025-07-24T14:44:59.932Z,QH254,Airbus A321,SGN,HAN,2025-07-08,15:45,17:55,Business Flex,7074000,-16
2025-07-24T14:44:59.932Z,QH272,Boeing 737 All Series Passenger,SGN,HAN,2025-07-08,20:05,22:15,Business Flex,7074000,-16
2025-07-24T14:44:59.932Z,QH284,Airbus A321,SGN,HAN,2025-07-08,21:30,23:40,Business Flex,7074000,-16
2025-07-24T14:46:28.133Z,QH202,Airbus A321,SGN,HAN,2025-08-08,05:25,07:35,Economy Smart,1944000,15
2025-07-24T14:46:28.133Z,QH204,Airbus A321,SGN,HAN,2025-08-08,07:10,09:20,Economy Smart,1944000,15
2025-07-24T14:46:28.133Z,QH224,Boeing 737 All Series Passenger,SGN,HAN,2025-08-08,10:40,12:50,Economy Smart,1944000,15
2025-07-24T14:46:28.133Z,QH242,Boeing 737 All Series Passenger,SGN,HAN,2025-08-08,13:10,15:20,Economy Smart,1944000,15
2025-07-24T14:46:28.133Z,QH272,Boeing 737 All Series Passenger,SGN,HAN,2025-08-08,18:30,20:40,Economy Smart,1944000,15
2025-07-24T14:46:28.133Z,QH268,Airbus A321,SGN,HAN,2025-08-08,19:15,21:25,Economy Smart,1944000,15
2025-07-24T14:46:28.133Z,QH284,Airbus A321,SGN,HAN,2025-08-08,21:30,23:40,Economy Smart,1944000,15
2025-07-24T14:46:28.133Z,QH202,Airbus A321,SGN,HAN,2025-08-08,05:25,07:35,Economy Flex,3068000,15
2025-07-24T14:46:28.133Z,QH204,Airbus A321,SGN,HAN,2025-08-08,07:10,09:20,Economy Flex,3068000,15
2025-07-24T14:46:28.133Z,QH224,Boeing 737 All Series Passenger,SGN,HAN,2025-08-08,10:40,12:50,Economy Flex,3068000,15
2025-07-24T14:46:28.133Z,QH242,Boeing 737 All Series Passenger,SGN,HAN,2025-08-08,13:10,15:20,Economy Flex,3068000,15
2025-07-24T14:46:28.133Z,QH272,Boeing 737 All Series Passenger,SGN,HAN,2025-08-08,18:30,20:40,Economy Flex,3068000,15
2025-07-24T14:46:28.133Z,QH268,Airbus A321,SGN,HAN,2025-08-08,19:15,21:25,Economy Flex,3068000,15
2025-07-24T14:46:28.133Z,QH284,Airbus A321,SGN,HAN,2025-08-08,21:30,23:40,Economy Flex,3068000,15
2025-07-24T14:46:28.133Z,QH202,Airbus A321,SGN,HAN,2025-08-08,05:25,07:35,Business Smart,5022000,15
2025-07-24T14:46:28.133Z,QH272,Boeing 737 All Series Passenger,SGN,HAN,2025-08-08,18:30,20:40,Business Smart,5022000,15
2025-07-24T14:46:28.133Z,QH284,Airbus A321,SGN,HAN,2025-08-08,21:30,23:40,Business Smart,5022000,15
2025-07-24T14:46:28.133Z,QH202,Airbus A321,SGN,HAN,2025-08-08,05:25,07:35,Business Flex,7074000,15
2025-07-24T14:46:28.133Z,QH272,Boeing 737 All Series Passenger,SGN,HAN,2025-08-08,18:30,20:40,Business Flex,7074000,15
2025-07-24T14:46:28.133Z,QH284,Airbus A321,SGN,HAN,2025-08-08,21:30,23:40,Business Flex,7074000,15
2025-07-24T14:47:32.955Z,QH202,Airbus A321,SGN,HAN,2025-09-08,05:25,07:35,Economy Smart,1750000,46
2025-07-24T14:47:32.955Z,QH254,Airbus A321,SGN,HAN,2025-09-08,15:45,17:55,Economy Smart,1750000,46
2025-07-24T14:47:32.955Z,QH272,Boeing 737 All Series Passenger,SGN,HAN,2025-09-08,18:30,20:40,Economy Smart,1750000,46
2025-07-24T14:47:32.955Z,QH268,Airbus A321,SGN,HAN,2025-09-08,19:15,21:25,Economy Smart,1750000,46
2025-07-24T14:47:32.955Z,QH284,Airbus A321,SGN,HAN,2025-09-08,21:30,23:40,Economy Smart,1750000,46
2025-07-24T14:47:32.955Z,QH242,Boeing 737 All Series Passenger,SGN,HAN,2025-09-08,13:10,15:20,Economy Smart,1944000,46
2025-07-24T14:47:32.955Z,QH204,Airbus A321,SGN,HAN,2025-09-08,07:10,09:20,Economy Smart,2128000,46
2025-07-24T14:47:32.955Z,QH224,Boeing 737 All Series Passenger,SGN,HAN,2025-09-08,10:40,12:50,Economy Smart,2128000,46
2025-07-24T14:47:32.955Z,QH202,Airbus A321,SGN,HAN,2025-09-08,05:25,07:35,Economy Flex,3068000,46
2025-07-24T14:47:32.955Z,QH204,Airbus A321,SGN,HAN,2025-09-08,07:10,09:20,Economy Flex,3068000,46
2025-07-24T14:47:32.955Z,QH224,Boeing 737 All Series Passenger,SGN,HAN,2025-09-08,10:40,12:50,Economy Flex,3068000,46
2025-07-24T14:47:32.955Z,QH242,Boeing 737 All Series Passenger,SGN,HAN,2025-09-08,13:10,15:20,Economy Flex,3068000,46
2025-07-24T14:47:32.955Z,QH254,Airbus A321,SGN,HAN,2025-09-08,15:45,17:55,Economy Flex,3068000,46
2025-07-24T14:47:32.955Z,QH272,Boeing 737 All Series Passenger,SGN,HAN,2025-09-08,18:30,20:40,Economy Flex,3068000,46
2025-07-24T14:47:32.955Z,QH268,Airbus A321,SGN,HAN,2025-09-08,19:15,21:25,Economy Flex,3068000,46
2025-07-24T14:47:32.955Z,QH284,Airbus A321,SGN,HAN,2025-09-08,21:30,23:40,Economy Flex,3068000,46
2025-07-24T14:47:32.955Z,QH202,Airbus A321,SGN,HAN,2025-09-08,05:25,07:35,Business Smart,5022000,46
2025-07-24T14:47:32.955Z,QH254,Airbus A321,SGN,HAN,2025-09-08,15:45,17:55,Business Smart,5022000,46
2025-07-24T14:47:32.955Z,QH272,Boeing 737 All Series Passenger,SGN,HAN,2025-09-08,18:30,20:40,Business Smart,5022000,46
2025-07-24T14:47:32.955Z,QH284,Airbus A321,SGN,HAN,2025-09-08,21:30,23:40,Business Smart,5022000,46
2025-07-24T14:47:32.955Z,QH202,Airbus A321,SGN,HAN,2025-09-08,05:25,07:35,Business Flex,7074000,46
2025-07-24T14:47:32.955Z,QH254,Airbus A321,SGN,HAN,2025-09-08,15:45,17:55,Business Flex,7074000,46
2025-07-24T14:47:32.955Z,QH272,Boeing 737 All Series Passenger,SGN,HAN,2025-09-08,18:30,20:40,Business Flex,7074000,46
2025-07-24T14:47:32.955Z,QH284,Airbus A321,SGN,HAN,2025-09-08,21:30,23:40,Business Flex,7074000,46
2025-07-24T14:49:04.205Z,QH202,Airbus A321,SGN,HAN,2025-10-08,05:25,07:35,Economy Smart,1944000,76
2025-07-24T14:49:04.205Z,QH204,Airbus A321,SGN,HAN,2025-10-08,07:10,09:20,Economy Smart,1944000,76
2025-07-24T14:49:04.205Z,QH284,Airbus A321,SGN,HAN,2025-10-08,23:00,01:10,Economy Smart,1944000,76
2025-07-24T14:49:04.205Z,QH224,Boeing 737 All Series Passenger,SGN,HAN,2025-10-08,10:40,12:50,Economy Smart,2128000,76
2025-07-24T14:49:04.205Z,QH242,Boeing 737 All Series Passenger,SGN,HAN,2025-10-08,13:10,15:20,Economy Smart,2128000,76
2025-07-24T14:49:04.205Z,QH272,Boeing 737 All Series Passenger,SGN,HAN,2025-10-08,18:30,20:40,Economy Smart,2128000,76
2025-07-24T14:49:04.205Z,QH268,Airbus A321,SGN,HAN,2025-10-08,19:15,21:25,Economy Smart,2128000,76
2025-07-24T14:49:04.205Z,QH202,Airbus A321,SGN,HAN,2025-10-08,05:25,07:35,Economy Flex,3068000,76
2025-07-24T14:49:04.205Z,QH204,Airbus A321,SGN,HAN,2025-10-08,07:10,09:20,Economy Flex,3068000,76
2025-07-24T14:49:04.205Z,QH224,Boeing 737 All Series Passenger,SGN,HAN,2025-10-08,10:40,12:50,Economy Flex,3068000,76
2025-07-24T14:49:04.205Z,QH242,Boeing 737 All Series Passenger,SGN,HAN,2025-10-08,13:10,15:20,Economy Flex,3068000,76
2025-07-24T14:49:04.205Z,QH272,Boeing 737 All Series Passenger,SGN,HAN,2025-10-08,18:30,20:40,Economy Flex,3068000,76
2025-07-24T14:49:04.205Z,QH268,Airbus A321,SGN,HAN,2025-10-08,19:15,21:25,Economy Flex,3068000,76
2025-07-24T14:49:04.205Z,QH284,Airbus A321,SGN,HAN,2025-10-08,23:00,01:10,Economy Flex,3068000,76
2025-07-24T14:49:04.205Z,QH202,Airbus A321,SGN,HAN,2025-10-08,05:25,07:35,Business Smart,5022000,76
2025-07-24T14:49:04.205Z,QH272,Boeing 737 All Series Passenger,SGN,HAN,2025-10-08,18:30,20:40,Business Smart,5022000,76
2025-07-24T14:49:04.205Z,QH284,Airbus A321,SGN,HAN,2025-10-08,23:00,01:10,Business Smart,5022000,76
2025-07-24T14:49:04.205Z,QH202,Airbus A321,SGN,HAN,2025-10-08,05:25,07:35,Business Flex,7074000,76
2025-07-24T14:49:04.205Z,QH272,Boeing 737 All Series Passenger,SGN,HAN,2025-10-08,18:30,20:40,Business Flex,7074000,76
2025-07-24T14:49:04.205Z,QH284,Airbus A321,SGN,HAN,2025-10-08,23:00,01:10,Business Flex,7074000,76
2025-07-24T14:50:07.765Z,QH204,Airbus A321,SGN,HAN,2025-11-08,07:10,09:20,Economy Smart,1750000,107
2025-07-24T14:50:07.765Z,QH224,Boeing 737 All Series Passenger,SGN,HAN,2025-11-08,10:40,12:50,Economy Smart,1750000,107
2025-07-24T14:50:07.765Z,QH272,Boeing 737 All Series Passenger,SGN,HAN,2025-11-08,18:30,20:40,Economy Smart,1750000,107
2025-07-24T14:50:07.765Z,QH268,Airbus A321,SGN,HAN,2025-11-08,19:15,21:25,Economy Smart,1750000,107
2025-07-24T14:50:07.765Z,QH242,Boeing 737 All Series Passenger,SGN,HAN,2025-11-08,13:10,15:20,Economy Smart,2128000,107
2025-07-24T14:50:07.765Z,QH204,Airbus A321,SGN,HAN,2025-11-08,07:10,09:20,Economy Flex,3068000,107
2025-07-24T14:50:07.765Z,QH224,Boeing 737 All Series Passenger,SGN,HAN,2025-11-08,10:40,12:50,Economy Flex,3068000,107
2025-07-24T14:50:07.765Z,QH242,Boeing 737 All Series Passenger,SGN,HAN,2025-11-08,13:10,15:20,Economy Flex,3068000,107
2025-07-24T14:50:07.765Z,QH272,Boeing 737 All Series Passenger,SGN,HAN,2025-11-08,18:30,20:40,Economy Flex,3068000,107
2025-07-24T14:50:07.765Z,QH268,Airbus A321,SGN,HAN,2025-11-08,19:15,21:25,Economy Flex,3068000,107
2025-07-24T14:50:07.765Z,QH272,Boeing 737 All Series Passenger,SGN,HAN,2025-11-08,18:30,20:40,Business Smart,5022000,107
2025-07-24T14:50:07.765Z,QH272,Boeing 737 All Series Passenger,SGN,HAN,2025-11-08,18:30,20:40,Business Flex,7074000,107
2025-07-24T14:51:47.642Z,QH204,Airbus A321,SGN,HAN,2025-12-08,07:10,09:20,Economy Smart,1750000,137
2025-07-24T14:51:47.642Z,QH224,Boeing 737 All Series Passenger,SGN,HAN,2025-12-08,10:40,12:50,Economy Smart,1750000,137
2025-07-24T14:51:47.642Z,QH228,Airbus A320-100/200,SGN,HAN,2025-12-08,11:00,13:10,Economy Smart,1750000,137
2025-07-24T14:51:47.642Z,QH242,Boeing 737 All Series Passenger,SGN,HAN,2025-12-08,13:10,15:20,Economy Smart,1750000,137
2025-07-24T14:51:47.642Z,QH254,Airbus A321,SGN,HAN,2025-12-08,15:45,17:55,Economy Smart,1750000,137
2025-07-24T14:51:47.642Z,QH272,Boeing 737 All Series Passenger,SGN,HAN,2025-12-08,20:05,22:15,Economy Smart,1750000,137
2025-07-24T14:51:47.642Z,QH268,Airbus A321,SGN,HAN,2025-12-08,19:15,21:25,Economy Smart,2128000,137
2025-07-24T14:51:47.642Z,QH204,Airbus A321,SGN,HAN,2025-12-08,07:10,09:20,Economy Flex,3068000,137
2025-07-24T14:51:47.642Z,QH224,Boeing 737 All Series Passenger,SGN,HAN,2025-12-08,10:40,12:50,Economy Flex,3068000,137
2025-07-24T14:51:47.642Z,QH228,Airbus A320-100/200,SGN,HAN,2025-12-08,11:00,13:10,Economy Flex,3068000,137
2025-07-24T14:51:47.642Z,QH242,Boeing 737 All Series Passenger,SGN,HAN,2025-12-08,13:10,15:20,Economy Flex,3068000,137
2025-07-24T14:51:47.642Z,QH254,Airbus A321,SGN,HAN,2025-12-08,15:45,17:55,Economy Flex,3068000,137
2025-07-24T14:51:47.642Z,QH268,Airbus A321,SGN,HAN,2025-12-08,19:15,21:25,Economy Flex,3068000,137
2025-07-24T14:51:47.642Z,QH272,Boeing 737 All Series Passenger,SGN,HAN,2025-12-08,20:05,22:15,Economy Flex,3068000,137
2025-07-24T14:51:47.642Z,QH228,Airbus A320-100/200,SGN,HAN,2025-12-08,11:00,13:10,Business Smart,5022000,137
2025-07-24T14:51:47.642Z,QH254,Airbus A321,SGN,HAN,2025-12-08,15:45,17:55,Business Smart,5022000,137
2025-07-24T14:51:47.642Z,QH272,Boeing 737 All Series Passenger,SGN,HAN,2025-12-08,20:05,22:15,Business Smart,5022000,137
2025-07-24T14:51:47.642Z,QH228,Airbus A320-100/200,SGN,HAN,2025-12-08,11:00,13:10,Business Flex,7074000,137
2025-07-24T14:51:47.642Z,QH254,Airbus A321,SGN,HAN,2025-12-08,15:45,17:55,Business Flex,7074000,137
2025-07-24T14:51:47.642Z,QH272,Boeing 737 All Series Passenger,SGN,HAN,2025-12-08,20:05,22:15,Business Flex,7074000,137
2025-07-24T14:52:24.561Z,QH204,Airbus A321,SGN,HAN,2025-08-14,07:10,09:20,Economy Smart,1944000,21
2025-07-24T14:52:24.561Z,QH224,Boeing 737 All Series Passenger,SGN,HAN,2025-08-14,10:40,12:50,Economy Smart,1944000,21
2025-07-24T14:52:24.561Z,QH228,Airbus A320-100/200,SGN,HAN,2025-08-14,11:00,13:10,Economy Smart,1944000,21
2025-07-24T14:52:24.561Z,QH242,Boeing 737 All Series Passenger,SGN,HAN,2025-08-14,13:10,15:20,Economy Smart,1944000,21
2025-07-24T14:52:24.561Z,QH268,Airbus A321,SGN,HAN,2025-08-14,19:15,21:25,Economy Smart,1944000,21
2025-07-24T14:52:24.561Z,QH272,Boeing 737 All Series Passenger,SGN,HAN,2025-08-14,20:05,22:15,Economy Smart,1944000,21
2025-07-24T14:52:24.561Z,QH204,Airbus A321,SGN,HAN,2025-08-14,07:10,09:20,Economy Flex,3068000,21
2025-07-24T14:52:24.561Z,QH224,Boeing 737 All Series Passenger,SGN,HAN,2025-08-14,10:40,12:50,Economy Flex,3068000,21
2025-07-24T14:52:24.561Z,QH228,Airbus A320-100/200,SGN,HAN,2025-08-14,11:00,13:10,Economy Flex,3068000,21
2025-07-24T14:52:24.561Z,QH242,Boeing 737 All Series Passenger,SGN,HAN,2025-08-14,13:10,15:20,Economy Flex,3068000,21
2025-07-24T14:52:24.561Z,QH268,Airbus A321,SGN,HAN,2025-08-14,19:15,21:25,Economy Flex,3068000,21
2025-07-24T14:52:24.561Z,QH272,Boeing 737 All Series Passenger,SGN,HAN,2025-08-14,20:05,22:15,Economy Flex,3068000,21
2025-07-24T14:52:24.561Z,QH228,Airbus A320-100/200,SGN,HAN,2025-08-14,11:00,13:10,Business Smart,5022000,21
2025-07-24T14:52:24.561Z,QH272,Boeing 737 All Series Passenger,SGN,HAN,2025-08-14,20:05,22:15,Business Smart,5022000,21
2025-07-24T14:52:24.561Z,QH228,Airbus A320-100/200,SGN,HAN,2025-08-14,11:00,13:10,Business Flex,7074000,21
2025-07-24T14:52:24.561Z,QH272,Boeing 737 All Series Passenger,SGN,HAN,2025-08-14,20:05,22:15,Business Flex,7074000,21
2025-07-24T14:52:58.401Z,QH204,Airbus A321,SGN,HAN,2025-08-15,07:10,09:20,Economy Smart,1944000,22
2025-07-24T14:52:58.401Z,QH224,Boeing 737 All Series Passenger,SGN,HAN,2025-08-15,10:40,12:50,Economy Smart,1944000,22
2025-07-24T14:52:58.401Z,QH242,Boeing 737 All Series Passenger,SGN,HAN,2025-08-15,13:10,15:20,Economy Smart,1944000,22
2025-07-24T14:52:58.401Z,QH272,Boeing 737 All Series Passenger,SGN,HAN,2025-08-15,18:30,20:40,Economy Smart,1944000,22
2025-07-24T14:52:58.401Z,QH268,Airbus A321,SGN,HAN,2025-08-15,19:15,21:25,Economy Smart,1944000,22
2025-07-24T14:52:58.401Z,QH284,Airbus A321,SGN,HAN,2025-08-15,21:15,23:25,Economy Smart,1944000,22
2025-07-24T14:52:58.401Z,QH204,Airbus A321,SGN,HAN,2025-08-15,07:10,09:20,Economy Flex,3068000,22
2025-07-24T14:52:58.401Z,QH224,Boeing 737 All Series Passenger,SGN,HAN,2025-08-15,10:40,12:50,Economy Flex,3068000,22
2025-07-24T14:52:58.401Z,QH242,Boeing 737 All Series Passenger,SGN,HAN,2025-08-15,13:10,15:20,Economy Flex,3068000,22
2025-07-24T14:52:58.401Z,QH272,Boeing 737 All Series Passenger,SGN,HAN,2025-08-15,18:30,20:40,Economy Flex,3068000,22
2025-07-24T14:52:58.401Z,QH268,Airbus A321,SGN,HAN,2025-08-15,19:15,21:25,Economy Flex,3068000,22
2025-07-24T14:52:58.401Z,QH284,Airbus A321,SGN,HAN,2025-08-15,21:15,23:25,Economy Flex,3068000,22
2025-07-24T14:52:58.401Z,QH272,Boeing 737 All Series Passenger,SGN,HAN,2025-08-15,18:30,20:40,Business Smart,5022000,22
2025-07-24T14:52:58.401Z,QH284,Airbus A321,SGN,HAN,2025-08-15,21:15,23:25,Business Smart,5022000,22
2025-07-24T14:52:58.401Z,QH272,Boeing 737 All Series Passenger,SGN,HAN,2025-08-15,18:30,20:40,Business Flex,7074000,22
2025-07-24T14:52:58.401Z,QH284,Airbus A321,SGN,HAN,2025-08-15,21:15,23:25,Business Flex,7074000,22
2025-07-24T14:53:40.227Z,QH228,Airbus A320-100/200,SGN,HAN,2025-08-16,11:00,13:10,Economy Smart,1750000,23
2025-07-24T14:53:40.227Z,QH242,Boeing 737 All Series Passenger,SGN,HAN,2025-08-16,13:10,15:20,Economy Smart,1750000,23
2025-07-24T14:53:40.227Z,QH254,Airbus A321,SGN,HAN,2025-08-16,15:45,17:55,Economy Smart,1750000,23
2025-07-24T14:53:40.227Z,QH268,Airbus A321,SGN,HAN,2025-08-16,19:15,21:25,Economy Smart,1750000,23
2025-07-24T14:53:40.227Z,QH272,Boeing 737 All Series Passenger,SGN,HAN,2025-08-16,20:05,22:15,Economy Smart,1750000,23
2025-07-24T14:53:40.227Z,QH204,Airbus A321,SGN,HAN,2025-08-16,07:10,09:20,Economy Smart,2355000,23
2025-07-24T14:53:40.227Z,QH224,Boeing 737 All Series Passenger,SGN,HAN,2025-08-16,10:40,12:50,Economy Smart,2355000,23
2025-07-24T14:53:40.227Z,QH204,Airbus A321,SGN,HAN,2025-08-16,07:10,09:20,Economy Flex,3068000,23
2025-07-24T14:53:40.227Z,QH224,Boeing 737 All Series Passenger,SGN,HAN,2025-08-16,10:40,12:50,Economy Flex,3068000,23
2025-07-24T14:53:40.227Z,QH228,Airbus A320-100/200,SGN,HAN,2025-08-16,11:00,13:10,Economy Flex,3068000,23
2025-07-24T14:53:40.227Z,QH242,Boeing 737 All Series Passenger,SGN,HAN,2025-08-16,13:10,15:20,Economy Flex,3068000,23
2025-07-24T14:53:40.227Z,QH254,Airbus A321,SGN,HAN,2025-08-16,15:45,17:55,Economy Flex,3068000,23
2025-07-24T14:53:40.227Z,QH268,Airbus A321,SGN,HAN,2025-08-16,19:15,21:25,Economy Flex,3068000,23
2025-07-24T14:53:40.227Z,QH272,Boeing 737 All Series Passenger,SGN,HAN,2025-08-16,20:05,22:15,Economy Flex,3068000,23
2025-07-24T14:53:40.227Z,QH228,Airbus A320-100/200,SGN,HAN,2025-08-16,11:00,13:10,Business Smart,4158000,23
2025-07-24T14:53:40.227Z,QH254,Airbus A321,SGN,HAN,2025-08-16,15:45,17:55,Business Smart,4158000,23
2025-07-24T14:53:40.227Z,QH272,Boeing 737 All Series Passenger,SGN,HAN,2025-08-16,20:05,22:15,Business Smart,4158000,23
2025-07-24T14:53:40.227Z,QH228,Airbus A320-100/200,SGN,HAN,2025-08-16,11:00,13:10,Business Flex,7074000,23
2025-07-24T14:53:40.227Z,QH254,Airbus A321,SGN,HAN,2025-08-16,15:45,17:55,Business Flex,7074000,23
2025-07-24T14:53:40.227Z,QH272,Boeing 737 All Series Passenger,SGN,HAN,2025-08-16,20:05,22:15,Business Flex,7074000,23
2025-07-24T14:54:15.778Z,QH204,Airbus A321,SGN,HAN,2025-08-17,07:10,09:20,Economy Smart,1944000,24
2025-07-24T14:54:15.778Z,QH224,Boeing 737 All Series Passenger,SGN,HAN,2025-08-17,10:40,12:50,Economy Smart,1944000,24
2025-07-24T14:54:15.778Z,QH242,Boeing 737 All Series Passenger,SGN,HAN,2025-08-17,13:10,15:20,Economy Smart,1944000,24
2025-07-24T14:54:15.778Z,QH272,Boeing 737 All Series Passenger,SGN,HAN,2025-08-17,18:30,20:40,Economy Smart,1944000,24
2025-07-24T14:54:15.778Z,QH284,Airbus A321,SGN,HAN,2025-08-17,21:15,23:25,Economy Smart,1944000,24
2025-07-24T14:54:15.778Z,QH268,Airbus A321,SGN,HAN,2025-08-17,19:15,21:25,Economy Smart,2128000,24
2025-07-24T14:54:15.778Z,QH204,Airbus A321,SGN,HAN,2025-08-17,07:10,09:20,Economy Flex,3068000,24
2025-07-24T14:54:15.778Z,QH224,Boeing 737 All Series Passenger,SGN,HAN,2025-08-17,10:40,12:50,Economy Flex,3068000,24
2025-07-24T14:54:15.778Z,QH242,Boeing 737 All Series Passenger,SGN,HAN,2025-08-17,13:10,15:20,Economy Flex,3068000,24
2025-07-24T14:54:15.778Z,QH272,Boeing 737 All Series Passenger,SGN,HAN,2025-08-17,18:30,20:40,Economy Flex,3068000,24
2025-07-24T14:54:15.778Z,QH268,Airbus A321,SGN,HAN,2025-08-17,19:15,21:25,Economy Flex,3068000,24
2025-07-24T14:54:15.778Z,QH284,Airbus A321,SGN,HAN,2025-08-17,21:15,23:25,Economy Flex,3068000,24
2025-07-24T14:54:15.778Z,QH272,Boeing 737 All Series Passenger,SGN,HAN,2025-08-17,18:30,20:40,Business Smart,4158000,24
2025-07-24T14:54:15.778Z,QH284,Airbus A321,SGN,HAN,2025-08-17,21:15,23:25,Business Smart,4158000,24
2025-07-24T14:54:15.778Z,QH272,Boeing 737 All Series Passenger,SGN,HAN,2025-08-17,18:30,20:40,Business Flex,7074000,24
2025-07-24T14:54:15.778Z,QH284,Airbus A321,SGN,HAN,2025-08-17,21:15,23:25,Business Flex,7074000,24
2025-07-24T14:54:50.166Z,QH204,Airbus A321,SGN,HAN,2025-08-18,07:10,09:20,Economy Smart,1750000,25
2025-07-24T14:54:50.166Z,QH268,Airbus A321,SGN,HAN,2025-08-18,19:15,21:25,Economy Smart,1750000,25
2025-07-24T14:54:50.166Z,QH224,Boeing 737 All Series Passenger,SGN,HAN,2025-08-18,10:40,12:50,Economy Smart,1944000,25
2025-07-24T14:54:50.166Z,QH242,Boeing 737 All Series Passenger,SGN,HAN,2025-08-18,13:10,15:20,Economy Smart,1944000,25
2025-07-24T14:54:50.166Z,QH272,Boeing 737 All Series Passenger,SGN,HAN,2025-08-18,18:30,20:40,Economy Smart,1944000,25
2025-07-24T14:54:50.166Z,QH204,Airbus A321,SGN,HAN,2025-08-18,07:10,09:20,Economy Flex,3068000,25
2025-07-24T14:54:50.166Z,QH224,Boeing 737 All Series Passenger,SGN,HAN,2025-08-18,10:40,12:50,Economy Flex,3068000,25
2025-07-24T14:54:50.166Z,QH242,Boeing 737 All Series Passenger,SGN,HAN,2025-08-18,13:10,15:20,Economy Flex,3068000,25
2025-07-24T14:54:50.166Z,QH272,Boeing 737 All Series Passenger,SGN,HAN,2025-08-18,18:30,20:40,Economy Flex,3068000,25
2025-07-24T14:54:50.166Z,QH268,Airbus A321,SGN,HAN,2025-08-18,19:15,21:25,Economy Flex,3068000,25
2025-07-24T14:54:50.166Z,QH272,Boeing 737 All Series Passenger,SGN,HAN,2025-08-18,18:30,20:40,Business Smart,4158000,25
2025-07-24T14:54:50.166Z,QH272,Boeing 737 All Series Passenger,SGN,HAN,2025-08-18,18:30,20:40,Business Flex,7074000,25
2025-07-24T14:57:03.697Z,QH204,Airbus A321,SGN,HAN,2025-08-18,07:10,09:20,Economy Smart,1750000,25
2025-07-24T14:57:03.697Z,QH268,Airbus A321,SGN,HAN,2025-08-18,19:15,21:25,Economy Smart,1750000,25
2025-07-24T14:57:03.697Z,QH224,Boeing 737 All Series Passenger,SGN,HAN,2025-08-18,10:40,12:50,Economy Smart,1944000,25
2025-07-24T14:57:03.697Z,QH242,Boeing 737 All Series Passenger,SGN,HAN,2025-08-18,13:10,15:20,Economy Smart,1944000,25
2025-07-24T14:57:03.697Z,QH272,Boeing 737 All Series Passenger,SGN,HAN,2025-08-18,18:30,20:40,Economy Smart,1944000,25
2025-07-24T14:57:03.697Z,QH204,Airbus A321,SGN,HAN,2025-08-18,07:10,09:20,Economy Flex,3068000,25
2025-07-24T14:57:03.697Z,QH224,Boeing 737 All Series Passenger,SGN,HAN,2025-08-18,10:40,12:50,Economy Flex,3068000,25
2025-07-24T14:57:03.697Z,QH242,Boeing 737 All Series Passenger,SGN,HAN,2025-08-18,13:10,15:20,Economy Flex,3068000,25
2025-07-24T14:57:03.697Z,QH272,Boeing 737 All Series Passenger,SGN,HAN,2025-08-18,18:30,20:40,Economy Flex,3068000,25
2025-07-24T14:57:03.697Z,QH268,Airbus A321,SGN,HAN,2025-08-18,19:15,21:25,Economy Flex,3068000,25
2025-07-24T14:57:03.697Z,QH272,Boeing 737 All Series Passenger,SGN,HAN,2025-08-18,18:30,20:40,Business Smart,4158000,25
2025-07-24T14:57:03.697Z,QH272,Boeing 737 All Series Passenger,SGN,HAN,2025-08-18,18:30,20:40,Business Flex,7074000,25
2025-07-24T14:58:29.611Z,QH204,Airbus A321,SGN,HAN,2025-08-19,07:10,09:20,Economy Smart,1750000,26
2025-07-24T14:58:29.611Z,QH228,Airbus A320-100/200,SGN,HAN,2025-08-19,11:00,13:10,Economy Smart,1750000,26
2025-07-24T14:58:29.611Z,QH242,Boeing 737 All Series Passenger,SGN,HAN,2025-08-19,13:10,15:20,Economy Smart,1750000,26
2025-07-24T14:58:29.611Z,QH224,Boeing 737 All Series Passenger,SGN,HAN,2025-08-19,10:40,12:50,Economy Smart,1944000,26
2025-07-24T14:58:29.611Z,QH272,Boeing 737 All Series Passenger,SGN,HAN,2025-08-19,20:05,22:15,Economy Smart,1944000,26
2025-07-24T14:58:29.611Z,QH254,Airbus A321,SGN,HAN,2025-08-19,15:45,17:55,Economy Smart,2128000,26
2025-07-24T14:58:29.611Z,QH268,Airbus A321,SGN,HAN,2025-08-19,19:15,21:25,Economy Smart,2355000,26
2025-07-24T14:58:29.611Z,QH204,Airbus A321,SGN,HAN,2025-08-19,07:10,09:20,Economy Flex,3068000,26
2025-07-24T14:58:29.611Z,QH224,Boeing 737 All Series Passenger,SGN,HAN,2025-08-19,10:40,12:50,Economy Flex,3068000,26
2025-07-24T14:58:29.611Z,QH228,Airbus A320-100/200,SGN,HAN,2025-08-19,11:00,13:10,Economy Flex,3068000,26
2025-07-24T14:58:29.611Z,QH242,Boeing 737 All Series Passenger,SGN,HAN,2025-08-19,13:10,15:20,Economy Flex,3068000,26
2025-07-24T14:58:29.611Z,QH254,Airbus A321,SGN,HAN,2025-08-19,15:45,17:55,Economy Flex,3068000,26
2025-07-24T14:58:29.611Z,QH268,Airbus A321,SGN,HAN,2025-08-19,19:15,21:25,Economy Flex,3068000,26
2025-07-24T14:58:29.611Z,QH272,Boeing 737 All Series Passenger,SGN,HAN,2025-08-19,20:05,22:15,Economy Flex,3068000,26
2025-07-24T14:58:29.611Z,QH228,Airbus A320-100/200,SGN,HAN,2025-08-19,11:00,13:10,Business Smart,4158000,26
2025-07-24T14:58:29.611Z,QH254,Airbus A321,SGN,HAN,2025-08-19,15:45,17:55,Business Smart,4158000,26
2025-07-24T14:58:29.611Z,QH272,Boeing 737 All Series Passenger,SGN,HAN,2025-08-19,20:05,22:15,Business Smart,4158000,26
2025-07-24T14:58:29.611Z,QH228,Airbus A320-100/200,SGN,HAN,2025-08-19,11:00,13:10,Business Flex,7074000,26
2025-07-24T14:58:29.611Z,QH254,Airbus A321,SGN,HAN,2025-08-19,15:45,17:55,Business Flex,7074000,26
2025-07-24T14:58:29.611Z,QH272,Boeing 737 All Series Passenger,SGN,HAN,2025-08-19,20:05,22:15,Business Flex,7074000,26
2025-07-24T14:59:43.934Z,QH204,Airbus A321,SGN,HAN,2025-08-21,07:10,09:20,Economy Smart,1944000,28
2025-07-24T14:59:43.934Z,QH224,Boeing 737 All Series Passenger,SGN,HAN,2025-08-21,10:40,12:50,Economy Smart,1944000,28
2025-07-24T14:59:43.934Z,QH228,Airbus A320-100/200,SGN,HAN,2025-08-21,11:00,13:10,Economy Smart,1944000,28
2025-07-24T14:59:43.934Z,QH242,Boeing 737 All Series Passenger,SGN,HAN,2025-08-21,13:10,15:20,Economy Smart,1944000,28
2025-07-24T14:59:43.934Z,QH268,Airbus A321,SGN,HAN,2025-08-21,19:15,21:25,Economy Smart,1944000,28
2025-07-24T14:59:43.934Z,QH272,Boeing 737 All Series Passenger,SGN,HAN,2025-08-21,20:05,22:15,Economy Smart,1944000,28
2025-07-24T14:59:43.934Z,QH204,Airbus A321,SGN,HAN,2025-08-21,07:10,09:20,Economy Flex,3068000,28
2025-07-24T14:59:43.934Z,QH224,Boeing 737 All Series Passenger,SGN,HAN,2025-08-21,10:40,12:50,Economy Flex,3068000,28
2025-07-24T14:59:43.934Z,QH228,Airbus A320-100/200,SGN,HAN,2025-08-21,11:00,13:10,Economy Flex,3068000,28
2025-07-24T14:59:43.934Z,QH242,Boeing 737 All Series Passenger,SGN,HAN,2025-08-21,13:10,15:20,Economy Flex,3068000,28
2025-07-24T14:59:43.934Z,QH268,Airbus A321,SGN,HAN,2025-08-21,19:15,21:25,Economy Flex,3068000,28
2025-07-24T14:59:43.934Z,QH272,Boeing 737 All Series Passenger,SGN,HAN,2025-08-21,20:05,22:15,Economy Flex,3068000,28
2025-07-24T14:59:43.934Z,QH228,Airbus A320-100/200,SGN,HAN,2025-08-21,11:00,13:10,Business Smart,4158000,28
2025-07-24T14:59:43.934Z,QH272,Boeing 737 All Series Passenger,SGN,HAN,2025-08-21,20:05,22:15,Business Smart,4158000,28
2025-07-24T14:59:43.934Z,QH228,Airbus A320-100/200,SGN,HAN,2025-08-21,11:00,13:10,Business Flex,7074000,28
2025-07-24T14:59:43.934Z,QH272,Boeing 737 All Series Passenger,SGN,HAN,2025-08-21,20:05,22:15,Business Flex,7074000,28
2025-07-24T15:00:21.959Z,QH204,Airbus A321,SGN,HAN,2025-08-22,07:10,09:20,Economy Smart,2355000,29
2025-07-24T15:00:21.959Z,QH224,Boeing 737 All Series Passenger,SGN,HAN,2025-08-22,10:40,12:50,Economy Smart,2355000,29
2025-07-24T15:00:21.959Z,QH242,Boeing 737 All Series Passenger,SGN,HAN,2025-08-22,13:10,15:20,Economy Smart,2355000,29
2025-07-24T15:00:21.959Z,QH272,Boeing 737 All Series Passenger,SGN,HAN,2025-08-22,18:30,20:40,Economy Smart,2355000,29
2025-07-24T15:00:21.959Z,QH268,Airbus A321,SGN,HAN,2025-08-22,19:15,21:25,Economy Smart,2355000,29
2025-07-24T15:00:21.959Z,QH284,Airbus A321,SGN,HAN,2025-08-22,21:15,23:25,Economy Smart,2355000,29
2025-07-24T15:00:21.959Z,QH204,Airbus A321,SGN,HAN,2025-08-22,07:10,09:20,Economy Flex,3068000,29
2025-07-24T15:00:21.959Z,QH224,Boeing 737 All Series Passenger,SGN,HAN,2025-08-22,10:40,12:50,Economy Flex,3068000,29
2025-07-24T15:00:21.959Z,QH242,Boeing 737 All Series Passenger,SGN,HAN,2025-08-22,13:10,15:20,Economy Flex,3068000,29
2025-07-24T15:00:21.959Z,QH272,Boeing 737 All Series Passenger,SGN,HAN,2025-08-22,18:30,20:40,Economy Flex,3068000,29
2025-07-24T15:00:21.959Z,QH268,Airbus A321,SGN,HAN,2025-08-22,19:15,21:25,Economy Flex,3068000,29
2025-07-24T15:00:21.959Z,QH284,Airbus A321,SGN,HAN,2025-08-22,21:15,23:25,Economy Flex,3068000,29
2025-07-24T15:00:21.959Z,QH272,Boeing 737 All Series Passenger,SGN,HAN,2025-08-22,18:30,20:40,Business Smart,4158000,29
2025-07-24T15:00:21.959Z,QH284,Airbus A321,SGN,HAN,2025-08-22,21:15,23:25,Business Smart,4158000,29
2025-07-24T15:00:21.959Z,QH272,Boeing 737 All Series Passenger,SGN,HAN,2025-08-22,18:30,20:40,Business Flex,7074000,29
2025-07-24T15:00:21.959Z,QH284,Airbus A321,SGN,HAN,2025-08-22,21:15,23:25,Business Flex,7074000,29
2025-07-24T15:01:27.209Z,QH228,Airbus A320-100/200,SGN,HAN,2025-08-23,11:00,13:10,Economy Smart,2355000,30
2025-07-24T15:01:27.209Z,QH242,Boeing 737 All Series Passenger,SGN,HAN,2025-08-23,13:10,15:20,Economy Smart,2355000,30
2025-07-24T15:01:27.209Z,QH254,Airbus A321,SGN,HAN,2025-08-23,15:45,17:55,Economy Smart,2355000,30
2025-07-24T15:01:27.209Z,QH268,Airbus A321,SGN,HAN,2025-08-23,19:15,21:25,Economy Smart,2355000,30
2025-07-24T15:01:27.209Z,QH272,Boeing 737 All Series Passenger,SGN,HAN,2025-08-23,19:50,22:00,Economy Smart,2355000,30
2025-07-24T15:01:27.209Z,QH204,Airbus A321,SGN,HAN,2025-08-23,07:10,09:20,Economy Flex,3068000,30
2025-07-24T15:01:27.209Z,QH224,Boeing 737 All Series Passenger,SGN,HAN,2025-08-23,10:40,12:50,Economy Flex,3068000,30
2025-07-24T15:01:27.209Z,QH228,Airbus A320-100/200,SGN,HAN,2025-08-23,11:00,13:10,Economy Flex,3068000,30
2025-07-24T15:01:27.209Z,QH242,Boeing 737 All Series Passenger,SGN,HAN,2025-08-23,13:10,15:20,Economy Flex,3068000,30
2025-07-24T15:01:27.209Z,QH254,Airbus A321,SGN,HAN,2025-08-23,15:45,17:55,Economy Flex,3068000,30
2025-07-24T15:01:27.209Z,QH268,Airbus A321,SGN,HAN,2025-08-23,19:15,21:25,Economy Flex,3068000,30
2025-07-24T15:01:27.209Z,QH272,Boeing 737 All Series Passenger,SGN,HAN,2025-08-23,19:50,22:00,Economy Flex,3068000,30
2025-07-24T15:01:27.209Z,QH228,Airbus A320-100/200,SGN,HAN,2025-08-23,11:00,13:10,Business Smart,4158000,30
2025-07-24T15:01:27.209Z,QH254,Airbus A321,SGN,HAN,2025-08-23,15:45,17:55,Business Smart,4158000,30
2025-07-24T15:01:27.209Z,QH272,Boeing 737 All Series Passenger,SGN,HAN,2025-08-23,19:50,22:00,Business Smart,4158000,30
2025-07-24T15:01:27.209Z,QH228,Airbus A320-100/200,SGN,HAN,2025-08-23,11:00,13:10,Business Flex,7074000,30
2025-07-24T15:01:27.209Z,QH254,Airbus A321,SGN,HAN,2025-08-23,15:45,17:55,Business Flex,7074000,30
2025-07-24T15:01:27.209Z,QH272,Boeing 737 All Series Passenger,SGN,HAN,2025-08-23,19:50,22:00,Business Flex,7074000,30
2025-07-24T15:02:09.377Z,QH204,Airbus A321,SGN,HAN,2025-08-24,07:10,09:20,Economy Smart,2355000,31
2025-07-24T15:02:09.377Z,QH224,Boeing 737 All Series Passenger,SGN,HAN,2025-08-24,10:40,12:50,Economy Smart,2355000,31
2025-07-24T15:02:09.377Z,QH242,Boeing 737 All Series Passenger,SGN,HAN,2025-08-24,13:10,15:20,Economy Smart,2355000,31
2025-07-24T15:02:09.377Z,QH272,Boeing 737 All Series Passenger,SGN,HAN,2025-08-24,18:30,20:40,Economy Smart,2355000,31
2025-07-24T15:02:09.377Z,QH268,Airbus A321,SGN,HAN,2025-08-24,19:15,21:25,Economy Smart,2355000,31
2025-07-24T15:02:09.377Z,QH284,Airbus A321,SGN,HAN,2025-08-24,21:15,23:25,Economy Smart,2355000,31
2025-07-24T15:02:09.377Z,QH204,Airbus A321,SGN,HAN,2025-08-24,07:10,09:20,Economy Flex,3068000,31
2025-07-24T15:02:09.377Z,QH224,Boeing 737 All Series Passenger,SGN,HAN,2025-08-24,10:40,12:50,Economy Flex,3068000,31
2025-07-24T15:02:09.377Z,QH242,Boeing 737 All Series Passenger,SGN,HAN,2025-08-24,13:10,15:20,Economy Flex,3068000,31
2025-07-24T15:02:09.377Z,QH272,Boeing 737 All Series Passenger,SGN,HAN,2025-08-24,18:30,20:40,Economy Flex,3068000,31
2025-07-24T15:02:09.377Z,QH268,Airbus A321,SGN,HAN,2025-08-24,19:15,21:25,Economy Flex,3068000,31
2025-07-24T15:02:09.377Z,QH284,Airbus A321,SGN,HAN,2025-08-24,21:15,23:25,Economy Flex,3068000,31
2025-07-24T15:02:09.377Z,QH272,Boeing 737 All Series Passenger,SGN,HAN,2025-08-24,18:30,20:40,Business Smart,4158000,31
2025-07-24T15:02:09.377Z,QH284,Airbus A321,SGN,HAN,2025-08-24,21:15,23:25,Business Smart,4158000,31
2025-07-24T15:02:09.377Z,QH272,Boeing 737 All Series Passenger,SGN,HAN,2025-08-24,18:30,20:40,Business Flex,7074000,31
2025-07-24T15:02:09.377Z,QH284,Airbus A321,SGN,HAN,2025-08-24,21:15,23:25,Business Flex,7074000,31
2025-07-24T15:02:58.416Z,QH204,Airbus A321,SGN,HAN,2025-08-25,07:10,09:20,Economy Smart,2582000,32
2025-07-24T15:02:58.416Z,QH224,Boeing 737 All Series Passenger,SGN,HAN,2025-08-25,10:40,12:50,Economy Smart,2582000,32
2025-07-24T15:02:58.416Z,QH242,Boeing 737 All Series Passenger,SGN,HAN,2025-08-25,13:10,15:20,Economy Smart,2582000,32
2025-07-24T15:02:58.416Z,QH272,Boeing 737 All Series Passenger,SGN,HAN,2025-08-25,18:30,20:40,Economy Smart,2582000,32
2025-07-24T15:02:58.416Z,QH268,Airbus A321,SGN,HAN,2025-08-25,19:15,21:25,Economy Smart,2582000,32
2025-07-24T15:02:58.416Z,QH204,Airbus A321,SGN,HAN,2025-08-25,07:10,09:20,Economy Flex,3068000,32
2025-07-24T15:02:58.416Z,QH224,Boeing 737 All Series Passenger,SGN,HAN,2025-08-25,10:40,12:50,Economy Flex,3068000,32
2025-07-24T15:02:58.416Z,QH242,Boeing 737 All Series Passenger,SGN,HAN,2025-08-25,13:10,15:20,Economy Flex,3068000,32
2025-07-24T15:02:58.416Z,QH272,Boeing 737 All Series Passenger,SGN,HAN,2025-08-25,18:30,20:40,Economy Flex,3068000,32
2025-07-24T15:02:58.416Z,QH268,Airbus A321,SGN,HAN,2025-08-25,19:15,21:25,Economy Flex,3068000,32
2025-07-24T15:02:58.416Z,QH272,Boeing 737 All Series Passenger,SGN,HAN,2025-08-25,18:30,20:40,Business Smart,4158000,32
2025-07-24T15:02:58.416Z,QH272,Boeing 737 All Series Passenger,SGN,HAN,2025-08-25,18:30,20:40,Business Flex,7074000,32
2025-07-24T15:03:39.641Z,QH204,Airbus A321,SGN,HAN,2025-08-25,07:10,09:20,Economy Smart,2582000,32
2025-07-24T15:03:39.641Z,QH224,Boeing 737 All Series Passenger,SGN,HAN,2025-08-25,10:40,12:50,Economy Smart,2582000,32
2025-07-24T15:03:39.641Z,QH242,Boeing 737 All Series Passenger,SGN,HAN,2025-08-25,13:10,15:20,Economy Smart,2582000,32
2025-07-24T15:03:39.641Z,QH272,Boeing 737 All Series Passenger,SGN,HAN,2025-08-25,18:30,20:40,Economy Smart,2582000,32
2025-07-24T15:03:39.641Z,QH268,Airbus A321,SGN,HAN,2025-08-25,19:15,21:25,Economy Smart,2582000,32
2025-07-24T15:03:39.641Z,QH204,Airbus A321,SGN,HAN,2025-08-25,07:10,09:20,Economy Flex,3068000,32
2025-07-24T15:03:39.641Z,QH224,Boeing 737 All Series Passenger,SGN,HAN,2025-08-25,10:40,12:50,Economy Flex,3068000,32
2025-07-24T15:03:39.641Z,QH242,Boeing 737 All Series Passenger,SGN,HAN,2025-08-25,13:10,15:20,Economy Flex,3068000,32
2025-07-24T15:03:39.641Z,QH272,Boeing 737 All Series Passenger,SGN,HAN,2025-08-25,18:30,20:40,Economy Flex,3068000,32
2025-07-24T15:03:39.641Z,QH268,Airbus A321,SGN,HAN,2025-08-25,19:15,21:25,Economy Flex,3068000,32
2025-07-24T15:03:39.641Z,QH272,Boeing 737 All Series Passenger,SGN,HAN,2025-08-25,18:30,20:40,Business Smart,4158000,32
2025-07-24T15:03:39.641Z,QH272,Boeing 737 All Series Passenger,SGN,HAN,2025-08-25,18:30,20:40,Business Flex,7074000,32
2025-07-24T15:04:13.786Z,QH204,Airbus A321,SGN,HAN,2025-08-26,07:10,09:20,Economy Smart,2582000,33
2025-07-24T15:04:13.786Z,QH224,Boeing 737 All Series Passenger,SGN,HAN,2025-08-26,10:40,12:50,Economy Smart,2582000,33
2025-07-24T15:04:13.786Z,QH228,Airbus A320-100/200,SGN,HAN,2025-08-26,11:00,13:10,Economy Smart,2582000,33
2025-07-24T15:04:13.786Z,QH242,Boeing 737 All Series Passenger,SGN,HAN,2025-08-26,13:10,15:20,Economy Smart,2582000,33
2025-07-24T15:04:13.786Z,QH254,Airbus A321,SGN,HAN,2025-08-26,15:45,17:55,Economy Smart,2582000,33
2025-07-24T15:04:13.786Z,QH272,Boeing 737 All Series Passenger,SGN,HAN,2025-08-26,20:05,22:15,Economy Smart,2582000,33
2025-07-24T15:04:13.786Z,QH204,Airbus A321,SGN,HAN,2025-08-26,07:10,09:20,Economy Flex,3068000,33
2025-07-24T15:04:13.786Z,QH224,Boeing 737 All Series Passenger,SGN,HAN,2025-08-26,10:40,12:50,Economy Flex,3068000,33
2025-07-24T15:04:13.786Z,QH228,Airbus A320-100/200,SGN,HAN,2025-08-26,11:00,13:10,Economy Flex,3068000,33
2025-07-24T15:04:13.786Z,QH242,Boeing 737 All Series Passenger,SGN,HAN,2025-08-26,13:10,15:20,Economy Flex,3068000,33
2025-07-24T15:04:13.786Z,QH254,Airbus A321,SGN,HAN,2025-08-26,15:45,17:55,Economy Flex,3068000,33
2025-07-24T15:04:13.786Z,QH268,Airbus A321,SGN,HAN,2025-08-26,19:15,21:25,Economy Flex,3068000,33
2025-07-24T15:04:13.786Z,QH272,Boeing 737 All Series Passenger,SGN,HAN,2025-08-26,20:05,22:15,Economy Flex,3068000,33
2025-07-24T15:04:13.786Z,QH254,Airbus A321,SGN,HAN,2025-08-26,15:45,17:55,Business Smart,5346000,33
2025-07-24T15:04:13.786Z,QH272,Boeing 737 All Series Passenger,SGN,HAN,2025-08-26,20:05,22:15,Business Smart,5346000,33
2025-07-24T15:04:13.786Z,QH228,Airbus A320-100/200,SGN,HAN,2025-08-26,11:00,13:10,Business Smart,6210000,33
2025-07-24T15:04:13.786Z,QH228,Airbus A320-100/200,SGN,HAN,2025-08-26,11:00,13:10,Business Flex,7398000,33
2025-07-24T15:04:13.786Z,QH254,Airbus A321,SGN,HAN,2025-08-26,15:45,17:55,Business Flex,7398000,33
2025-07-24T15:04:13.786Z,QH272,Boeing 737 All Series Passenger,SGN,HAN,2025-08-26,20:05,22:15,Business Flex,7398000,33
2025-07-24T15:04:49.667Z,QH204,Airbus A321,SGN,HAN,2025-08-27,07:10,09:20,Economy Smart,2582000,34
2025-07-24T15:04:49.667Z,QH224,Boeing 737 All Series Passenger,SGN,HAN,2025-08-27,10:40,12:50,Economy Smart,2582000,34
2025-07-24T15:04:49.667Z,QH242,Boeing 737 All Series Passenger,SGN,HAN,2025-08-27,13:10,15:20,Economy Smart,2582000,34
2025-07-24T15:04:49.667Z,QH272,Boeing 737 All Series Passenger,SGN,HAN,2025-08-27,18:30,20:40,Economy Smart,2582000,34
2025-07-24T15:04:49.667Z,QH284,Airbus A321,SGN,HAN,2025-08-27,21:15,23:25,Economy Smart,2582000,34
2025-07-24T15:04:49.667Z,QH204,Airbus A321,SGN,HAN,2025-08-27,07:10,09:20,Economy Flex,3068000,34
2025-07-24T15:04:49.667Z,QH224,Boeing 737 All Series Passenger,SGN,HAN,2025-08-27,10:40,12:50,Economy Flex,3068000,34
2025-07-24T15:04:49.667Z,QH242,Boeing 737 All Series Passenger,SGN,HAN,2025-08-27,13:10,15:20,Economy Flex,3068000,34
2025-07-24T15:04:49.667Z,QH272,Boeing 737 All Series Passenger,SGN,HAN,2025-08-27,18:30,20:40,Economy Flex,3068000,34
2025-07-24T15:04:49.667Z,QH268,Airbus A321,SGN,HAN,2025-08-27,19:15,21:25,Economy Flex,3068000,34
2025-07-24T15:04:49.667Z,QH284,Airbus A321,SGN,HAN,2025-08-27,21:15,23:25,Economy Flex,3068000,34
2025-07-24T15:04:49.667Z,QH272,Boeing 737 All Series Passenger,SGN,HAN,2025-08-27,18:30,20:40,Business Smart,5346000,34
2025-07-24T15:04:49.667Z,QH284,Airbus A321,SGN,HAN,2025-08-27,21:15,23:25,Business Smart,5346000,34
2025-07-24T15:04:49.667Z,QH272,Boeing 737 All Series Passenger,SGN,HAN,2025-08-27,18:30,20:40,Business Flex,7398000,34
2025-07-24T15:04:49.667Z,QH284,Airbus A321,SGN,HAN,2025-08-27,21:15,23:25,Business Flex,7398000,34
2025-07-24T15:05:45.223Z,QH204,Airbus A321,SGN,HAN,2025-08-28,07:10,09:20,Economy Smart,2808000,35
2025-07-24T15:05:45.223Z,QH224,Boeing 737 All Series Passenger,SGN,HAN,2025-08-28,10:40,12:50,Economy Smart,2808000,35
2025-07-24T15:05:45.223Z,QH228,Airbus A320-100/200,SGN,HAN,2025-08-28,11:00,13:10,Economy Smart,2808000,35
2025-07-24T15:05:45.223Z,QH242,Boeing 737 All Series Passenger,SGN,HAN,2025-08-28,13:10,15:20,Economy Smart,2808000,35
2025-07-24T15:05:45.223Z,QH268,Airbus A321,SGN,HAN,2025-08-28,19:15,21:25,Economy Smart,2808000,35
2025-07-24T15:05:45.223Z,QH272,Boeing 737 All Series Passenger,SGN,HAN,2025-08-28,20:05,22:15,Economy Smart,2808000,35
2025-07-24T15:05:45.223Z,QH204,Airbus A321,SGN,HAN,2025-08-28,07:10,09:20,Economy Flex,3068000,35
2025-07-24T15:05:45.223Z,QH224,Boeing 737 All Series Passenger,SGN,HAN,2025-08-28,10:40,12:50,Economy Flex,3068000,35
2025-07-24T15:05:45.223Z,QH228,Airbus A320-100/200,SGN,HAN,2025-08-28,11:00,13:10,Economy Flex,3068000,35
2025-07-24T15:05:45.223Z,QH242,Boeing 737 All Series Passenger,SGN,HAN,2025-08-28,13:10,15:20,Economy Flex,3068000,35
2025-07-24T15:05:45.223Z,QH268,Airbus A321,SGN,HAN,2025-08-28,19:15,21:25,Economy Flex,3068000,35
2025-07-24T15:05:45.223Z,QH272,Boeing 737 All Series Passenger,SGN,HAN,2025-08-28,20:05,22:15,Economy Flex,3068000,35
2025-07-24T15:05:45.223Z,QH272,Boeing 737 All Series Passenger,SGN,HAN,2025-08-28,20:05,22:15,Business Smart,5346000,35
2025-07-24T15:05:45.223Z,QH228,Airbus A320-100/200,SGN,HAN,2025-08-28,11:00,13:10,Business Smart,6210000,35
2025-07-24T15:05:45.223Z,QH228,Airbus A320-100/200,SGN,HAN,2025-08-28,11:00,13:10,Business Flex,7398000,35
2025-07-24T15:05:45.223Z,QH272,Boeing 737 All Series Passenger,SGN,HAN,2025-08-28,20:05,22:15,Business Flex,7398000,35
2025-07-24T15:06:45.791Z,QH204,Airbus A321,SGN,HAN,2025-08-29,07:10,09:20,Economy Flex,3068000,36
2025-07-24T15:06:45.791Z,QH224,Boeing 737 All Series Passenger,SGN,HAN,2025-08-29,10:40,12:50,Economy Flex,3068000,36
2025-07-24T15:06:45.791Z,QH242,Boeing 737 All Series Passenger,SGN,HAN,2025-08-29,13:10,15:20,Economy Flex,3068000,36
2025-07-24T15:06:45.791Z,QH272,Boeing 737 All Series Passenger,SGN,HAN,2025-08-29,18:30,20:40,Economy Flex,3068000,36
2025-07-24T15:06:45.791Z,QH268,Airbus A321,SGN,HAN,2025-08-29,19:15,21:25,Economy Flex,3068000,36
2025-07-24T15:06:45.791Z,QH284,Airbus A321,SGN,HAN,2025-08-29,21:15,23:25,Economy Flex,3402000,36
2025-07-24T15:06:45.791Z,QH272,Boeing 737 All Series Passenger,SGN,HAN,2025-08-29,18:30,20:40,Business Smart,5346000,36
2025-07-24T15:06:45.791Z,QH284,Airbus A321,SGN,HAN,2025-08-29,21:15,23:25,Business Smart,6210000,36
2025-07-24T15:06:45.791Z,QH272,Boeing 737 All Series Passenger,SGN,HAN,2025-08-29,18:30,20:40,Business Flex,7398000,36
2025-07-24T15:06:45.791Z,QH284,Airbus A321,SGN,HAN,2025-08-29,21:15,23:25,Business Flex,7398000,36
2025-07-24T15:07:21.881Z,QH204,Airbus A321,SGN,HAN,2025-08-29,07:10,09:20,Economy Flex,3068000,36
2025-07-24T15:07:21.881Z,QH224,Boeing 737 All Series Passenger,SGN,HAN,2025-08-29,10:40,12:50,Economy Flex,3068000,36
2025-07-24T15:07:21.881Z,QH242,Boeing 737 All Series Passenger,SGN,HAN,2025-08-29,13:10,15:20,Economy Flex,3068000,36
2025-07-24T15:07:21.881Z,QH272,Boeing 737 All Series Passenger,SGN,HAN,2025-08-29,18:30,20:40,Economy Flex,3068000,36
2025-07-24T15:07:21.881Z,QH268,Airbus A321,SGN,HAN,2025-08-29,19:15,21:25,Economy Flex,3068000,36
2025-07-24T15:07:21.881Z,QH284,Airbus A321,SGN,HAN,2025-08-29,21:15,23:25,Economy Flex,3402000,36
2025-07-24T15:07:21.881Z,QH272,Boeing 737 All Series Passenger,SGN,HAN,2025-08-29,18:30,20:40,Business Smart,5346000,36
2025-07-24T15:07:21.881Z,QH284,Airbus A321,SGN,HAN,2025-08-29,21:15,23:25,Business Smart,6210000,36
2025-07-24T15:07:21.881Z,QH272,Boeing 737 All Series Passenger,SGN,HAN,2025-08-29,18:30,20:40,Business Flex,7398000,36
2025-07-24T15:07:21.881Z,QH284,Airbus A321,SGN,HAN,2025-08-29,21:15,23:25,Business Flex,7398000,36
2025-07-24T15:07:56.295Z,QH228,Airbus A320-100/200,SGN,HAN,2025-08-30,11:05,13:15,Economy Smart,2808000,37
2025-07-24T15:07:56.295Z,QH272,Boeing 737 All Series Passenger,SGN,HAN,2025-08-30,18:30,20:40,Economy Smart,2808000,37
2025-07-24T15:07:56.295Z,QH268,Airbus A321,SGN,HAN,2025-08-30,19:15,21:25,Economy Smart,2808000,37
2025-07-24T15:07:56.295Z,QH284,Airbus A321,SGN,HAN,2025-08-30,20:55,23:05,Economy Smart,2808000,37
2025-07-24T15:07:56.295Z,QH202,Airbus A321,SGN,HAN,2025-08-30,05:25,07:35,Economy Flex,3068000,37
2025-07-24T15:07:56.295Z,QH228,Airbus A320-100/200,SGN,HAN,2025-08-30,11:05,13:15,Economy Flex,3068000,37
2025-07-24T15:07:56.295Z,QH242,Boeing 737 All Series Passenger,SGN,HAN,2025-08-30,13:10,15:20,Economy Flex,3068000,37
2025-07-24T15:07:56.295Z,QH254,Airbus A321,SGN,HAN,2025-08-30,15:45,17:55,Economy Flex,3068000,37
2025-07-24T15:07:56.295Z,QH272,Boeing 737 All Series Passenger,SGN,HAN,2025-08-30,18:30,20:40,Economy Flex,3068000,37
2025-07-24T15:07:56.295Z,QH268,Airbus A321,SGN,HAN,2025-08-30,19:15,21:25,Economy Flex,3068000,37
2025-07-24T15:07:56.295Z,QH284,Airbus A321,SGN,HAN,2025-08-30,20:55,23:05,Economy Flex,3068000,37
2025-07-24T15:07:56.295Z,QH204,Airbus A321,SGN,HAN,2025-08-30,07:10,09:20,Economy Flex,3402000,37
2025-07-24T15:07:56.295Z,QH224,Boeing 737 All Series Passenger,SGN,HAN,2025-08-30,10:40,12:50,Economy Flex,3402000,37
2025-07-24T15:07:56.295Z,QH272,Boeing 737 All Series Passenger,SGN,HAN,2025-08-30,18:30,20:40,Business Smart,5346000,37
2025-07-24T15:07:56.295Z,QH202,Airbus A321,SGN,HAN,2025-08-30,05:25,07:35,Business Smart,6210000,37
2025-07-24T15:07:56.295Z,QH228,Airbus A320-100/200,SGN,HAN,2025-08-30,11:05,13:15,Business Smart,6210000,37
2025-07-24T15:07:56.295Z,QH254,Airbus A321,SGN,HAN,2025-08-30,15:45,17:55,Business Smart,6210000,37
2025-07-24T15:07:56.295Z,QH284,Airbus A321,SGN,HAN,2025-08-30,20:55,23:05,Business Smart,6210000,37
2025-07-24T15:07:56.295Z,QH202,Airbus A321,SGN,HAN,2025-08-30,05:25,07:35,Business Flex,7398000,37
2025-07-24T15:07:56.295Z,QH228,Airbus A320-100/200,SGN,HAN,2025-08-30,11:05,13:15,Business Flex,7398000,37
2025-07-24T15:07:56.295Z,QH254,Airbus A321,SGN,HAN,2025-08-30,15:45,17:55,Business Flex,7398000,37
2025-07-24T15:07:56.295Z,QH272,Boeing 737 All Series Passenger,SGN,HAN,2025-08-30,18:30,20:40,Business Flex,7398000,37
2025-07-24T15:07:56.295Z,QH284,Airbus A321,SGN,HAN,2025-08-30,20:55,23:05,Business Flex,7398000,37
2025-07-24T15:09:16.145Z,QH204,Airbus A321,SGN,HAN,2025-01-09,07:30,09:40,Economy Smart,2808000,-196
2025-07-24T15:09:16.145Z,QH224,Boeing 737 All Series Passenger,SGN,HAN,2025-01-09,10:40,12:50,Economy Smart,2808000,-196
2025-07-24T15:09:16.145Z,QH242,Boeing 737 All Series Passenger,SGN,HAN,2025-01-09,13:15,15:25,Economy Smart,2808000,-196
2025-07-24T15:09:16.145Z,QH254,Airbus A321,SGN,HAN,2025-01-09,15:45,17:55,Economy Smart,2808000,-196
2025-07-24T15:09:16.145Z,QH268,Airbus A321,SGN,HAN,2025-01-09,18:55,21:05,Economy Smart,2808000,-196
2025-07-24T15:09:16.145Z,QH272,Boeing 737 All Series Passenger,SGN,HAN,2025-01-09,20:00,22:10,Economy Smart,2808000,-196
2025-07-24T15:09:16.145Z,QH204,Airbus A321,SGN,HAN,2025-01-09,07:30,09:40,Economy Flex,3068000,-196
2025-07-24T15:09:16.145Z,QH224,Boeing 737 All Series Passenger,SGN,HAN,2025-01-09,10:40,12:50,Economy Flex,3068000,-196
2025-07-24T15:09:16.145Z,QH242,Boeing 737 All Series Passenger,SGN,HAN,2025-01-09,13:15,15:25,Economy Flex,3068000,-196
2025-07-24T15:09:16.145Z,QH254,Airbus A321,SGN,HAN,2025-01-09,15:45,17:55,Economy Flex,3068000,-196
2025-07-24T15:09:16.145Z,QH268,Airbus A321,SGN,HAN,2025-01-09,18:55,21:05,Economy Flex,3068000,-196
2025-07-24T15:09:16.145Z,QH272,Boeing 737 All Series Passenger,SGN,HAN,2025-01-09,20:00,22:10,Economy Flex,3068000,-196
2025-07-24T15:09:16.145Z,QH272,Boeing 737 All Series Passenger,SGN,HAN,2025-01-09,20:00,22:10,Business Smart,5346000,-196
2025-07-24T15:09:16.145Z,QH224,Boeing 737 All Series Passenger,SGN,HAN,2025-01-09,10:40,12:50,Business Smart,6210000,-196
2025-07-24T15:09:16.145Z,QH254,Airbus A321,SGN,HAN,2025-01-09,15:45,17:55,Business Smart,6210000,-196
2025-07-24T15:09:16.145Z,QH224,Boeing 737 All Series Passenger,SGN,HAN,2025-01-09,10:40,12:50,Business Flex,7398000,-196
2025-07-24T15:09:16.145Z,QH254,Airbus A321,SGN,HAN,2025-01-09,15:45,17:55,Business Flex,7398000,-196
2025-07-24T15:09:16.145Z,QH272,Boeing 737 All Series Passenger,SGN,HAN,2025-01-09,20:00,22:10,Business Flex,7398000,-196
2025-07-24T15:10:40.808Z,QH202,Airbus A321,SGN,HAN,2025-02-09,05:25,07:35,Economy Smart,2355000,-165
2025-07-24T15:10:40.808Z,QH204,Airbus A321,SGN,HAN,2025-02-09,07:30,09:40,Economy Smart,2355000,-165
2025-07-24T15:10:40.808Z,QH224,Boeing 737 All Series Passenger,SGN,HAN,2025-02-09,10:40,12:50,Economy Smart,2355000,-165
2025-07-24T15:10:40.808Z,QH242,Boeing 737 All Series Passenger,SGN,HAN,2025-02-09,13:15,15:25,Economy Smart,2355000,-165
2025-07-24T15:10:40.808Z,QH254,Airbus A321,SGN,HAN,2025-02-09,15:45,17:55,Economy Smart,2355000,-165
2025-07-24T15:10:40.808Z,QH268,Airbus A321,SGN,HAN,2025-02-09,18:55,21:05,Economy Smart,2355000,-165
2025-07-24T15:10:40.808Z,QH272,Boeing 737 All Series Passenger,SGN,HAN,2025-02-09,20:00,22:10,Economy Smart,2355000,-165
2025-07-24T15:10:40.808Z,QH284,Airbus A321,SGN,HAN,2025-02-09,21:30,23:40,Economy Smart,2355000,-165
2025-07-24T15:10:40.808Z,QH202,Airbus A321,SGN,HAN,2025-02-09,05:25,07:35,Economy Flex,3068000,-165
2025-07-24T15:10:40.808Z,QH204,Airbus A321,SGN,HAN,2025-02-09,07:30,09:40,Economy Flex,3068000,-165
2025-07-24T15:10:40.808Z,QH224,Boeing 737 All Series Passenger,SGN,HAN,2025-02-09,10:40,12:50,Economy Flex,3068000,-165
2025-07-24T15:10:40.808Z,QH242,Boeing 737 All Series Passenger,SGN,HAN,2025-02-09,13:15,15:25,Economy Flex,3068000,-165
2025-07-24T15:10:40.808Z,QH254,Airbus A321,SGN,HAN,2025-02-09,15:45,17:55,Economy Flex,3068000,-165
2025-07-24T15:10:40.808Z,QH268,Airbus A321,SGN,HAN,2025-02-09,18:55,21:05,Economy Flex,3068000,-165
2025-07-24T15:10:40.808Z,QH272,Boeing 737 All Series Passenger,SGN,HAN,2025-02-09,20:00,22:10,Economy Flex,3068000,-165
2025-07-24T15:10:40.808Z,QH284,Airbus A321,SGN,HAN,2025-02-09,21:30,23:40,Economy Flex,3068000,-165
2025-07-24T15:10:40.808Z,QH202,Airbus A321,SGN,HAN,2025-02-09,05:25,07:35,Business Smart,5022000,-165
2025-07-24T15:10:40.808Z,QH224,Boeing 737 All Series Passenger,SGN,HAN,2025-02-09,10:40,12:50,Business Smart,5022000,-165
2025-07-24T15:10:40.808Z,QH254,Airbus A321,SGN,HAN,2025-02-09,15:45,17:55,Business Smart,5022000,-165
2025-07-24T15:10:40.808Z,QH272,Boeing 737 All Series Passenger,SGN,HAN,2025-02-09,20:00,22:10,Business Smart,5022000,-165
2025-07-24T15:10:40.808Z,QH284,Airbus A321,SGN,HAN,2025-02-09,21:30,23:40,Business Smart,5022000,-165
2025-07-24T15:10:40.808Z,QH202,Airbus A321,SGN,HAN,2025-02-09,05:25,07:35,Business Flex,7074000,-165
2025-07-24T15:10:40.808Z,QH224,Boeing 737 All Series Passenger,SGN,HAN,2025-02-09,10:40,12:50,Business Flex,7074000,-165
2025-07-24T15:10:40.808Z,QH254,Airbus A321,SGN,HAN,2025-02-09,15:45,17:55,Business Flex,7074000,-165
2025-07-24T15:10:40.808Z,QH272,Boeing 737 All Series Passenger,SGN,HAN,2025-02-09,20:00,22:10,Business Flex,7074000,-165
2025-07-24T15:10:40.808Z,QH284,Airbus A321,SGN,HAN,2025-02-09,21:30,23:40,Business Flex,7074000,-165
2025-07-24T15:11:38.109Z,QH204,Airbus A321,SGN,HAN,2025-03-09,07:30,09:40,Economy Smart,2355000,-137
2025-07-24T15:11:38.109Z,QH224,Boeing 737 All Series Passenger,SGN,HAN,2025-03-09,10:40,12:50,Economy Smart,2355000,-137
2025-07-24T15:11:38.109Z,QH242,Boeing 737 All Series Passenger,SGN,HAN,2025-03-09,13:15,15:25,Economy Smart,2355000,-137
2025-07-24T15:11:38.109Z,QH268,Airbus A321,SGN,HAN,2025-03-09,18:55,21:05,Economy Smart,2355000,-137
2025-07-24T15:11:38.109Z,QH272,Boeing 737 All Series Passenger,SGN,HAN,2025-03-09,20:00,22:10,Economy Smart,2355000,-137
2025-07-24T15:11:38.109Z,QH284,Airbus A321,SGN,HAN,2025-03-09,21:30,23:40,Economy Smart,2355000,-137
2025-07-24T15:11:38.109Z,QH204,Airbus A321,SGN,HAN,2025-03-09,07:30,09:40,Economy Flex,3068000,-137
2025-07-24T15:11:38.109Z,QH224,Boeing 737 All Series Passenger,SGN,HAN,2025-03-09,10:40,12:50,Economy Flex,3068000,-137
2025-07-24T15:11:38.109Z,QH242,Boeing 737 All Series Passenger,SGN,HAN,2025-03-09,13:15,15:25,Economy Flex,3068000,-137
2025-07-24T15:11:38.109Z,QH268,Airbus A321,SGN,HAN,2025-03-09,18:55,21:05,Economy Flex,3068000,-137
2025-07-24T15:11:38.109Z,QH272,Boeing 737 All Series Passenger,SGN,HAN,2025-03-09,20:00,22:10,Economy Flex,3068000,-137
2025-07-24T15:11:38.109Z,QH284,Airbus A321,SGN,HAN,2025-03-09,21:30,23:40,Economy Flex,3068000,-137
2025-07-24T15:11:38.109Z,QH224,Boeing 737 All Series Passenger,SGN,HAN,2025-03-09,10:40,12:50,Business Smart,5022000,-137
2025-07-24T15:11:38.109Z,QH272,Boeing 737 All Series Passenger,SGN,HAN,2025-03-09,20:00,22:10,Business Smart,5022000,-137
2025-07-24T15:11:38.109Z,QH284,Airbus A321,SGN,HAN,2025-03-09,21:30,23:40,Business Smart,5022000,-137
2025-07-24T15:11:38.109Z,QH224,Boeing 737 All Series Passenger,SGN,HAN,2025-03-09,10:40,12:50,Business Flex,7074000,-137
2025-07-24T15:11:38.109Z,QH272,Boeing 737 All Series Passenger,SGN,HAN,2025-03-09,20:00,22:10,Business Flex,7074000,-137
2025-07-24T15:11:38.109Z,QH284,Airbus A321,SGN,HAN,2025-03-09,21:30,23:40,Business Flex,7074000,-137
2025-07-24T15:12:12.627Z,QH204,Airbus A321,SGN,HAN,2025-04-09,07:30,09:40,Economy Smart,1944000,-106
2025-07-24T15:12:12.627Z,QH224,Boeing 737 All Series Passenger,SGN,HAN,2025-04-09,10:40,12:50,Economy Smart,1944000,-106
2025-07-24T15:12:12.627Z,QH242,Boeing 737 All Series Passenger,SGN,HAN,2025-04-09,13:15,15:25,Economy Smart,1944000,-106
2025-07-24T15:12:12.627Z,QH254,Airbus A321,SGN,HAN,2025-04-09,15:45,17:55,Economy Smart,1944000,-106
2025-07-24T15:12:12.627Z,QH268,Airbus A321,SGN,HAN,2025-04-09,18:55,21:05,Economy Smart,1944000,-106
2025-07-24T15:12:12.627Z,QH272,Boeing 737 All Series Passenger,SGN,HAN,2025-04-09,20:00,22:10,Economy Smart,1944000,-106
2025-07-24T15:12:12.627Z,QH204,Airbus A321,SGN,HAN,2025-04-09,07:30,09:40,Economy Flex,3068000,-106
2025-07-24T15:12:12.627Z,QH224,Boeing 737 All Series Passenger,SGN,HAN,2025-04-09,10:40,12:50,Economy Flex,3068000,-106
2025-07-24T15:12:12.627Z,QH242,Boeing 737 All Series Passenger,SGN,HAN,2025-04-09,13:15,15:25,Economy Flex,3068000,-106
2025-07-24T15:12:12.627Z,QH254,Airbus A321,SGN,HAN,2025-04-09,15:45,17:55,Economy Flex,3068000,-106
2025-07-24T15:12:12.627Z,QH268,Airbus A321,SGN,HAN,2025-04-09,18:55,21:05,Economy Flex,3068000,-106
2025-07-24T15:12:12.627Z,QH272,Boeing 737 All Series Passenger,SGN,HAN,2025-04-09,20:00,22:10,Economy Flex,3068000,-106
2025-07-24T15:12:12.627Z,QH224,Boeing 737 All Series Passenger,SGN,HAN,2025-04-09,10:40,12:50,Business Smart,4158000,-106
2025-07-24T15:12:12.627Z,QH272,Boeing 737 All Series Passenger,SGN,HAN,2025-04-09,20:00,22:10,Business Smart,4158000,-106
2025-07-24T15:12:12.627Z,QH254,Airbus A321,SGN,HAN,2025-04-09,15:45,17:55,Business Smart,5541000,-106
2025-07-24T15:12:12.627Z,QH224,Boeing 737 All Series Passenger,SGN,HAN,2025-04-09,10:40,12:50,Business Flex,7074000,-106
2025-07-24T15:12:12.627Z,QH254,Airbus A321,SGN,HAN,2025-04-09,15:45,17:55,Business Flex,7074000,-106
2025-07-24T15:12:12.627Z,QH272,Boeing 737 All Series Passenger,SGN,HAN,2025-04-09,20:00,22:10,Business Flex,7074000,-106
2025-07-24T15:13:16.535Z,QH204,Airbus A321,SGN,HAN,2025-05-09,07:30,09:40,Economy Smart,1944000,-76
2025-07-24T15:13:16.535Z,QH224,Boeing 737 All Series Passenger,SGN,HAN,2025-05-09,10:40,12:50,Economy Smart,1944000,-76
2025-07-24T15:13:16.535Z,QH242,Boeing 737 All Series Passenger,SGN,HAN,2025-05-09,13:15,15:25,Economy Smart,1944000,-76
2025-07-24T15:13:16.535Z,QH272,Boeing 737 All Series Passenger,SGN,HAN,2025-05-09,20:00,22:10,Economy Smart,1944000,-76
2025-07-24T15:13:16.535Z,QH284,Airbus A321,SGN,HAN,2025-05-09,21:30,23:40,Economy Smart,1944000,-76
2025-07-24T15:13:16.535Z,QH268,Airbus A321,SGN,HAN,2025-05-09,18:55,21:05,Economy Smart,2128000,-76
2025-07-24T15:13:16.535Z,QH204,Airbus A321,SGN,HAN,2025-05-09,07:30,09:40,Economy Flex,3068000,-76
2025-07-24T15:13:16.535Z,QH224,Boeing 737 All Series Passenger,SGN,HAN,2025-05-09,10:40,12:50,Economy Flex,3068000,-76
2025-07-24T15:13:16.535Z,QH242,Boeing 737 All Series Passenger,SGN,HAN,2025-05-09,13:15,15:25,Economy Flex,3068000,-76
2025-07-24T15:13:16.535Z,QH268,Airbus A321,SGN,HAN,2025-05-09,18:55,21:05,Economy Flex,3068000,-76
2025-07-24T15:13:16.535Z,QH272,Boeing 737 All Series Passenger,SGN,HAN,2025-05-09,20:00,22:10,Economy Flex,3068000,-76
2025-07-24T15:13:16.535Z,QH284,Airbus A321,SGN,HAN,2025-05-09,21:30,23:40,Economy Flex,3068000,-76
2025-07-24T15:13:16.535Z,QH224,Boeing 737 All Series Passenger,SGN,HAN,2025-05-09,10:40,12:50,Business Smart,4158000,-76
2025-07-24T15:13:16.535Z,QH272,Boeing 737 All Series Passenger,SGN,HAN,2025-05-09,20:00,22:10,Business Smart,4158000,-76
2025-07-24T15:13:16.535Z,QH284,Airbus A321,SGN,HAN,2025-05-09,21:30,23:40,Business Smart,4158000,-76
2025-07-24T15:13:16.535Z,QH224,Boeing 737 All Series Passenger,SGN,HAN,2025-05-09,10:40,12:50,Business Flex,7074000,-76
2025-07-24T15:13:16.535Z,QH272,Boeing 737 All Series Passenger,SGN,HAN,2025-05-09,20:00,22:10,Business Flex,7074000,-76
2025-07-24T15:13:16.535Z,QH284,Airbus A321,SGN,HAN,2025-05-09,21:30,23:40,Business Flex,7074000,-76
2025-07-24T15:13:49.790Z,QH204,Airbus A321,SGN,HAN,2025-06-09,07:30,09:40,Economy Smart,1750000,-45
2025-07-24T15:13:49.790Z,QH224,Boeing 737 All Series Passenger,SGN,HAN,2025-06-09,10:40,12:50,Economy Smart,1750000,-45
2025-07-24T15:13:49.790Z,QH242,Boeing 737 All Series Passenger,SGN,HAN,2025-06-09,13:15,15:25,Economy Smart,1750000,-45
2025-07-24T15:13:49.790Z,QH254,Airbus A321,SGN,HAN,2025-06-09,15:45,17:55,Economy Smart,1750000,-45
2025-07-24T15:13:49.790Z,QH268,Airbus A321,SGN,HAN,2025-06-09,18:55,21:05,Economy Smart,1750000,-45
2025-07-24T15:13:49.790Z,QH272,Boeing 737 All Series Passenger,SGN,HAN,2025-06-09,20:00,22:10,Economy Smart,1750000,-45
2025-07-24T15:13:49.790Z,QH204,Airbus A321,SGN,HAN,2025-06-09,07:30,09:40,Economy Flex,3068000,-45
2025-07-24T15:13:49.790Z,QH224,Boeing 737 All Series Passenger,SGN,HAN,2025-06-09,10:40,12:50,Economy Flex,3068000,-45
2025-07-24T15:13:49.790Z,QH242,Boeing 737 All Series Passenger,SGN,HAN,2025-06-09,13:15,15:25,Economy Flex,3068000,-45
2025-07-24T15:13:49.790Z,QH254,Airbus A321,SGN,HAN,2025-06-09,15:45,17:55,Economy Flex,3068000,-45
2025-07-24T15:13:49.790Z,QH268,Airbus A321,SGN,HAN,2025-06-09,18:55,21:05,Economy Flex,3068000,-45
2025-07-24T15:13:49.790Z,QH272,Boeing 737 All Series Passenger,SGN,HAN,2025-06-09,20:00,22:10,Economy Flex,3068000,-45
2025-07-24T15:13:49.790Z,QH224,Boeing 737 All Series Passenger,SGN,HAN,2025-06-09,10:40,12:50,Business Smart,4158000,-45
2025-07-24T15:13:49.790Z,QH254,Airbus A321,SGN,HAN,2025-06-09,15:45,17:55,Business Smart,4158000,-45
2025-07-24T15:13:49.790Z,QH272,Boeing 737 All Series Passenger,SGN,HAN,2025-06-09,20:00,22:10,Business Smart,4158000,-45
2025-07-24T15:13:49.790Z,QH224,Boeing 737 All Series Passenger,SGN,HAN,2025-06-09,10:40,12:50,Business Flex,7074000,-45
2025-07-24T15:13:49.790Z,QH254,Airbus A321,SGN,HAN,2025-06-09,15:45,17:55,Business Flex,7074000,-45
2025-07-24T15:13:49.790Z,QH272,Boeing 737 All Series Passenger,SGN,HAN,2025-06-09,20:00,22:10,Business Flex,7074000,-45
2025-07-24T15:15:35.221Z,QH204,Airbus A321,SGN,HAN,2025-07-09,07:30,09:40,Economy Smart,1944000,-15
2025-07-24T15:15:35.221Z,QH224,Boeing 737 All Series Passenger,SGN,HAN,2025-07-09,10:40,12:50,Economy Smart,1944000,-15
2025-07-24T15:15:35.221Z,QH268,Airbus A321,SGN,HAN,2025-07-09,18:55,21:05,Economy Smart,1944000,-15
2025-07-24T15:15:35.221Z,QH272,Boeing 737 All Series Passenger,SGN,HAN,2025-07-09,20:00,22:10,Economy Smart,1944000,-15
2025-07-24T15:15:35.221Z,QH284,Airbus A321,SGN,HAN,2025-07-09,21:30,23:40,Economy Smart,1944000,-15
2025-07-24T15:15:35.221Z,QH242,Boeing 737 All Series Passenger,SGN,HAN,2025-07-09,13:15,15:25,Economy Smart,2128000,-15
2025-07-24T15:15:35.221Z,QH204,Airbus A321,SGN,HAN,2025-07-09,07:30,09:40,Economy Flex,3068000,-15
2025-07-24T15:15:35.221Z,QH224,Boeing 737 All Series Passenger,SGN,HAN,2025-07-09,10:40,12:50,Economy Flex,3068000,-15
2025-07-24T15:15:35.221Z,QH242,Boeing 737 All Series Passenger,SGN,HAN,2025-07-09,13:15,15:25,Economy Flex,3068000,-15
2025-07-24T15:15:35.221Z,QH268,Airbus A321,SGN,HAN,2025-07-09,18:55,21:05,Economy Flex,3068000,-15
2025-07-24T15:15:35.221Z,QH272,Boeing 737 All Series Passenger,SGN,HAN,2025-07-09,20:00,22:10,Economy Flex,3068000,-15
2025-07-24T15:15:35.221Z,QH284,Airbus A321,SGN,HAN,2025-07-09,21:30,23:40,Economy Flex,3068000,-15
2025-07-24T15:15:35.221Z,QH224,Boeing 737 All Series Passenger,SGN,HAN,2025-07-09,10:40,12:50,Business Smart,4158000,-15
2025-07-24T15:15:35.221Z,QH272,Boeing 737 All Series Passenger,SGN,HAN,2025-07-09,20:00,22:10,Business Smart,4158000,-15
2025-07-24T15:15:35.221Z,QH284,Airbus A321,SGN,HAN,2025-07-09,21:30,23:40,Business Smart,4158000,-15
2025-07-24T15:15:35.221Z,QH224,Boeing 737 All Series Passenger,SGN,HAN,2025-07-09,10:40,12:50,Business Flex,7074000,-15
2025-07-24T15:15:35.221Z,QH272,Boeing 737 All Series Passenger,SGN,HAN,2025-07-09,20:00,22:10,Business Flex,7074000,-15
2025-07-24T15:15:35.221Z,QH284,Airbus A321,SGN,HAN,2025-07-09,21:30,23:40,Business Flex,7074000,-15
2025-07-24T15:16:28.138Z,QH268,Airbus A321,SGN,HAN,2025-08-09,18:55,21:05,Economy Smart,1944000,16
2025-07-24T15:16:28.138Z,QH204,Airbus A321,SGN,HAN,2025-08-09,07:30,09:40,Economy Smart,2128000,16
2025-07-24T15:16:28.138Z,QH224,Boeing 737 All Series Passenger,SGN,HAN,2025-08-09,10:40,12:50,Economy Smart,2128000,16
2025-07-24T15:16:28.138Z,QH242,Boeing 737 All Series Passenger,SGN,HAN,2025-08-09,13:15,15:25,Economy Smart,2128000,16
2025-07-24T15:16:28.138Z,QH254,Airbus A321,SGN,HAN,2025-08-09,15:45,17:55,Economy Smart,2128000,16
2025-07-24T15:16:28.138Z,QH272,Boeing 737 All Series Passenger,SGN,HAN,2025-08-09,20:00,22:10,Economy Smart,2128000,16
2025-07-24T15:16:28.138Z,QH204,Airbus A321,SGN,HAN,2025-08-09,07:30,09:40,Economy Flex,3068000,16
2025-07-24T15:16:28.138Z,QH224,Boeing 737 All Series Passenger,SGN,HAN,2025-08-09,10:40,12:50,Economy Flex,3068000,16
2025-07-24T15:16:28.138Z,QH242,Boeing 737 All Series Passenger,SGN,HAN,2025-08-09,13:15,15:25,Economy Flex,3068000,16
2025-07-24T15:16:28.138Z,QH254,Airbus A321,SGN,HAN,2025-08-09,15:45,17:55,Economy Flex,3068000,16
2025-07-24T15:16:28.138Z,QH268,Airbus A321,SGN,HAN,2025-08-09,18:55,21:05,Economy Flex,3068000,16
2025-07-24T15:16:28.138Z,QH272,Boeing 737 All Series Passenger,SGN,HAN,2025-08-09,20:00,22:10,Economy Flex,3068000,16
2025-07-24T15:16:28.138Z,QH224,Boeing 737 All Series Passenger,SGN,HAN,2025-08-09,10:40,12:50,Business Smart,4158000,16
2025-07-24T15:16:28.138Z,QH254,Airbus A321,SGN,HAN,2025-08-09,15:45,17:55,Business Smart,4158000,16
2025-07-24T15:16:28.138Z,QH272,Boeing 737 All Series Passenger,SGN,HAN,2025-08-09,20:00,22:10,Business Smart,4158000,16
2025-07-24T15:16:28.138Z,QH224,Boeing 737 All Series Passenger,SGN,HAN,2025-08-09,10:40,12:50,Business Flex,7074000,16
2025-07-24T15:16:28.138Z,QH254,Airbus A321,SGN,HAN,2025-08-09,15:45,17:55,Business Flex,7074000,16
2025-07-24T15:16:28.138Z,QH272,Boeing 737 All Series Passenger,SGN,HAN,2025-08-09,20:00,22:10,Business Flex,7074000,16
2025-07-24T15:18:32.090Z,QH204,Airbus A321,SGN,HAN,2025-10-09,07:30,09:40,Economy Smart,1750000,77
2025-07-24T15:18:32.090Z,QH224,Boeing 737 All Series Passenger,SGN,HAN,2025-10-09,10:40,12:50,Economy Smart,1750000,77
2025-07-24T15:18:32.090Z,QH242,Boeing 737 All Series Passenger,SGN,HAN,2025-10-09,13:15,15:25,Economy Smart,1750000,77
2025-07-24T15:18:32.090Z,QH268,Airbus A321,SGN,HAN,2025-10-09,18:55,21:05,Economy Smart,1750000,77
2025-07-24T15:18:32.090Z,QH272,Boeing 737 All Series Passenger,SGN,HAN,2025-10-09,20:00,22:10,Economy Smart,1750000,77
2025-07-24T15:18:32.090Z,QH284,Airbus A321,SGN,HAN,2025-10-09,21:30,23:40,Economy Smart,1750000,77
2025-07-24T15:18:32.090Z,QH204,Airbus A321,SGN,HAN,2025-10-09,07:30,09:40,Economy Flex,3068000,77
2025-07-24T15:18:32.090Z,QH224,Boeing 737 All Series Passenger,SGN,HAN,2025-10-09,10:40,12:50,Economy Flex,3068000,77
2025-07-24T15:18:32.090Z,QH242,Boeing 737 All Series Passenger,SGN,HAN,2025-10-09,13:15,15:25,Economy Flex,3068000,77
2025-07-24T15:18:32.090Z,QH268,Airbus A321,SGN,HAN,2025-10-09,18:55,21:05,Economy Flex,3068000,77
2025-07-24T15:18:32.090Z,QH272,Boeing 737 All Series Passenger,SGN,HAN,2025-10-09,20:00,22:10,Economy Flex,3068000,77
2025-07-24T15:18:32.090Z,QH284,Airbus A321,SGN,HAN,2025-10-09,21:30,23:40,Economy Flex,3068000,77
2025-07-24T15:18:32.090Z,QH224,Boeing 737 All Series Passenger,SGN,HAN,2025-10-09,10:40,12:50,Business Smart,4158000,77
2025-07-24T15:18:32.090Z,QH272,Boeing 737 All Series Passenger,SGN,HAN,2025-10-09,20:00,22:10,Business Smart,4158000,77
2025-07-24T15:18:32.090Z,QH284,Airbus A321,SGN,HAN,2025-10-09,21:30,23:40,Business Smart,4158000,77
2025-07-24T15:18:32.090Z,QH224,Boeing 737 All Series Passenger,SGN,HAN,2025-10-09,10:40,12:50,Business Flex,7074000,77
2025-07-24T15:18:32.090Z,QH272,Boeing 737 All Series Passenger,SGN,HAN,2025-10-09,20:00,22:10,Business Flex,7074000,77
2025-07-24T15:18:32.090Z,QH284,Airbus A321,SGN,HAN,2025-10-09,21:30,23:40,Business Flex,7074000,77
2025-07-24T15:19:40.997Z,QH204,Airbus A321,SGN,HAN,2025-11-09,07:30,09:40,Economy Smart,1944000,108
2025-07-24T15:19:40.997Z,QH242,Boeing 737 All Series Passenger,SGN,HAN,2025-11-09,13:15,15:25,Economy Smart,1944000,108
2025-07-24T15:19:40.997Z,QH254,Airbus A321,SGN,HAN,2025-11-09,15:45,17:55,Economy Smart,1944000,108
2025-07-24T15:19:40.997Z,QH268,Airbus A321,SGN,HAN,2025-11-09,18:55,21:05,Economy Smart,1944000,108
2025-07-24T15:19:40.997Z,QH272,Boeing 737 All Series Passenger,SGN,HAN,2025-11-09,20:00,22:10,Economy Smart,1944000,108
2025-07-24T15:19:40.997Z,QH224,Boeing 737 All Series Passenger,SGN,HAN,2025-11-09,10:40,12:50,Economy Smart,2355000,108
2025-07-24T15:19:40.997Z,QH204,Airbus A321,SGN,HAN,2025-11-09,07:30,09:40,Economy Flex,3068000,108
2025-07-24T15:19:40.997Z,QH224,Boeing 737 All Series Passenger,SGN,HAN,2025-11-09,10:40,12:50,Economy Flex,3068000,108
2025-07-24T15:19:40.997Z,QH242,Boeing 737 All Series Passenger,SGN,HAN,2025-11-09,13:15,15:25,Economy Flex,3068000,108
2025-07-24T15:19:40.997Z,QH254,Airbus A321,SGN,HAN,2025-11-09,15:45,17:55,Economy Flex,3068000,108
2025-07-24T15:19:40.997Z,QH268,Airbus A321,SGN,HAN,2025-11-09,18:55,21:05,Economy Flex,3068000,108
2025-07-24T15:19:40.997Z,QH272,Boeing 737 All Series Passenger,SGN,HAN,2025-11-09,20:00,22:10,Economy Flex,3068000,108
2025-07-24T15:19:40.997Z,QH224,Boeing 737 All Series Passenger,SGN,HAN,2025-11-09,10:40,12:50,Business Smart,4158000,108
2025-07-24T15:19:40.997Z,QH254,Airbus A321,SGN,HAN,2025-11-09,15:45,17:55,Business Smart,4158000,108
2025-07-24T15:19:40.997Z,QH272,Boeing 737 All Series Passenger,SGN,HAN,2025-11-09,20:00,22:10,Business Smart,4158000,108
2025-07-24T15:19:40.997Z,QH224,Boeing 737 All Series Passenger,SGN,HAN,2025-11-09,10:40,12:50,Business Flex,7074000,108
2025-07-24T15:19:40.997Z,QH254,Airbus A321,SGN,HAN,2025-11-09,15:45,17:55,Business Flex,7074000,108
2025-07-24T15:19:40.997Z,QH272,Boeing 737 All Series Passenger,SGN,HAN,2025-11-09,20:00,22:10,Business Flex,7074000,108
2025-07-24T15:20:37.537Z,QH204,Airbus A321,SGN,HAN,2025-11-09,07:30,09:40,Economy Smart,1944000,108
2025-07-24T15:20:37.537Z,QH242,Boeing 737 All Series Passenger,SGN,HAN,2025-11-09,13:15,15:25,Economy Smart,1944000,108
2025-07-24T15:20:37.537Z,QH254,Airbus A321,SGN,HAN,2025-11-09,15:45,17:55,Economy Smart,1944000,108
2025-07-24T15:20:37.537Z,QH268,Airbus A321,SGN,HAN,2025-11-09,18:55,21:05,Economy Smart,1944000,108
2025-07-24T15:20:37.537Z,QH272,Boeing 737 All Series Passenger,SGN,HAN,2025-11-09,20:00,22:10,Economy Smart,1944000,108
2025-07-24T15:20:37.537Z,QH224,Boeing 737 All Series Passenger,SGN,HAN,2025-11-09,10:40,12:50,Economy Smart,2355000,108
2025-07-24T15:20:37.537Z,QH204,Airbus A321,SGN,HAN,2025-11-09,07:30,09:40,Economy Flex,3068000,108
2025-07-24T15:20:37.537Z,QH224,Boeing 737 All Series Passenger,SGN,HAN,2025-11-09,10:40,12:50,Economy Flex,3068000,108
2025-07-24T15:20:37.537Z,QH242,Boeing 737 All Series Passenger,SGN,HAN,2025-11-09,13:15,15:25,Economy Flex,3068000,108
2025-07-24T15:20:37.537Z,QH254,Airbus A321,SGN,HAN,2025-11-09,15:45,17:55,Economy Flex,3068000,108
2025-07-24T15:20:37.537Z,QH268,Airbus A321,SGN,HAN,2025-11-09,18:55,21:05,Economy Flex,3068000,108
2025-07-24T15:20:37.537Z,QH272,Boeing 737 All Series Passenger,SGN,HAN,2025-11-09,20:00,22:10,Economy Flex,3068000,108
2025-07-24T15:20:37.537Z,QH224,Boeing 737 All Series Passenger,SGN,HAN,2025-11-09,10:40,12:50,Business Smart,4158000,108
2025-07-24T15:20:37.537Z,QH254,Airbus A321,SGN,HAN,2025-11-09,15:45,17:55,Business Smart,4158000,108
2025-07-24T15:20:37.537Z,QH272,Boeing 737 All Series Passenger,SGN,HAN,2025-11-09,20:00,22:10,Business Smart,4158000,108
2025-07-24T15:20:37.537Z,QH224,Boeing 737 All Series Passenger,SGN,HAN,2025-11-09,10:40,12:50,Business Flex,7074000,108
2025-07-24T15:20:37.537Z,QH254,Airbus A321,SGN,HAN,2025-11-09,15:45,17:55,Business Flex,7074000,108
2025-07-24T15:20:37.537Z,QH272,Boeing 737 All Series Passenger,SGN,HAN,2025-11-09,20:00,22:10,Business Flex,7074000,108
2025-07-24T15:21:22.738Z,QH204,Airbus A321,SGN,HAN,2025-12-09,07:30,09:40,Economy Smart,1944000,138
2025-07-24T15:21:22.738Z,QH224,Boeing 737 All Series Passenger,SGN,HAN,2025-12-09,10:40,12:50,Economy Smart,1944000,138
2025-07-24T15:21:22.738Z,QH242,Boeing 737 All Series Passenger,SGN,HAN,2025-12-09,13:15,15:25,Economy Smart,1944000,138
2025-07-24T15:21:22.738Z,QH268,Airbus A321,SGN,HAN,2025-12-09,18:55,21:05,Economy Smart,1944000,138
2025-07-24T15:21:22.738Z,QH272,Boeing 737 All Series Passenger,SGN,HAN,2025-12-09,20:00,22:10,Economy Smart,1944000,138
2025-07-24T15:21:22.738Z,QH284,Airbus A321,SGN,HAN,2025-12-09,21:30,23:40,Economy Smart,1944000,138
2025-07-24T15:21:22.738Z,QH204,Airbus A321,SGN,HAN,2025-12-09,07:30,09:40,Economy Flex,3068000,138
2025-07-24T15:21:22.738Z,QH224,Boeing 737 All Series Passenger,SGN,HAN,2025-12-09,10:40,12:50,Economy Flex,3068000,138
2025-07-24T15:21:22.738Z,QH242,Boeing 737 All Series Passenger,SGN,HAN,2025-12-09,13:15,15:25,Economy Flex,3068000,138
2025-07-24T15:21:22.738Z,QH268,Airbus A321,SGN,HAN,2025-12-09,18:55,21:05,Economy Flex,3068000,138
2025-07-24T15:21:22.738Z,QH272,Boeing 737 All Series Passenger,SGN,HAN,2025-12-09,20:00,22:10,Economy Flex,3068000,138
2025-07-24T15:21:22.738Z,QH284,Airbus A321,SGN,HAN,2025-12-09,21:30,23:40,Economy Flex,3068000,138
2025-07-24T15:21:22.738Z,QH224,Boeing 737 All Series Passenger,SGN,HAN,2025-12-09,10:40,12:50,Business Smart,4158000,138
2025-07-24T15:21:22.738Z,QH272,Boeing 737 All Series Passenger,SGN,HAN,2025-12-09,20:00,22:10,Business Smart,4158000,138
2025-07-24T15:21:22.738Z,QH284,Airbus A321,SGN,HAN,2025-12-09,21:30,23:40,Business Smart,4158000,138
2025-07-24T15:21:22.738Z,QH224,Boeing 737 All Series Passenger,SGN,HAN,2025-12-09,10:40,12:50,Business Flex,7074000,138
2025-07-24T15:21:22.738Z,QH272,Boeing 737 All Series Passenger,SGN,HAN,2025-12-09,20:00,22:10,Business Flex,7074000,138
2025-07-24T15:21:22.738Z,QH284,Airbus A321,SGN,HAN,2025-12-09,21:30,23:40,Business Flex,7074000,138
2025-07-24T15:22:04.842Z,QH204,Airbus A321,SGN,HAN,2025-09-13,07:30,09:40,Economy Smart,1750000,51
2025-07-24T15:22:04.842Z,QH224,Boeing 737 All Series Passenger,SGN,HAN,2025-09-13,10:40,12:50,Economy Smart,1750000,51
2025-07-24T15:22:04.842Z,QH242,Boeing 737 All Series Passenger,SGN,HAN,2025-09-13,13:15,15:25,Economy Smart,1750000,51
2025-07-24T15:22:04.842Z,QH254,Airbus A321,SGN,HAN,2025-09-13,15:45,17:55,Economy Smart,1750000,51
2025-07-24T15:22:04.842Z,QH268,Airbus A321,SGN,HAN,2025-09-13,18:55,21:05,Economy Smart,1750000,51
2025-07-24T15:22:04.842Z,QH272,Boeing 737 All Series Passenger,SGN,HAN,2025-09-13,20:00,22:10,Economy Smart,1750000,51
2025-07-24T15:22:04.842Z,QH204,Airbus A321,SGN,HAN,2025-09-13,07:30,09:40,Economy Flex,3068000,51
2025-07-24T15:22:04.842Z,QH224,Boeing 737 All Series Passenger,SGN,HAN,2025-09-13,10:40,12:50,Economy Flex,3068000,51
2025-07-24T15:22:04.842Z,QH242,Boeing 737 All Series Passenger,SGN,HAN,2025-09-13,13:15,15:25,Economy Flex,3068000,51
2025-07-24T15:22:04.842Z,QH254,Airbus A321,SGN,HAN,2025-09-13,15:45,17:55,Economy Flex,3068000,51
2025-07-24T15:22:04.842Z,QH268,Airbus A321,SGN,HAN,2025-09-13,18:55,21:05,Economy Flex,3068000,51
2025-07-24T15:22:04.842Z,QH272,Boeing 737 All Series Passenger,SGN,HAN,2025-09-13,20:00,22:10,Economy Flex,3068000,51
2025-07-24T15:22:04.842Z,QH224,Boeing 737 All Series Passenger,SGN,HAN,2025-09-13,10:40,12:50,Business Smart,4158000,51
2025-07-24T15:22:04.842Z,QH254,Airbus A321,SGN,HAN,2025-09-13,15:45,17:55,Business Smart,4158000,51
2025-07-24T15:22:04.842Z,QH272,Boeing 737 All Series Passenger,SGN,HAN,2025-09-13,20:00,22:10,Business Smart,4158000,51
2025-07-24T15:22:04.842Z,QH224,Boeing 737 All Series Passenger,SGN,HAN,2025-09-13,10:40,12:50,Business Flex,7074000,51
2025-07-24T15:22:04.842Z,QH254,Airbus A321,SGN,HAN,2025-09-13,15:45,17:55,Business Flex,7074000,51
2025-07-24T15:22:04.842Z,QH272,Boeing 737 All Series Passenger,SGN,HAN,2025-09-13,20:00,22:10,Business Flex,7074000,51
2025-07-24T15:22:57.732Z,QH204,Airbus A321,SGN,HAN,2025-09-14,07:30,09:40,Economy Smart,1944000,52
2025-07-24T15:22:57.732Z,QH224,Boeing 737 All Series Passenger,SGN,HAN,2025-09-14,10:40,12:50,Economy Smart,1944000,52
2025-07-24T15:22:57.732Z,QH242,Boeing 737 All Series Passenger,SGN,HAN,2025-09-14,13:15,15:25,Economy Smart,1944000,52
2025-07-24T15:22:57.732Z,QH268,Airbus A321,SGN,HAN,2025-09-14,18:55,21:05,Economy Smart,1944000,52
2025-07-24T15:22:57.732Z,QH272,Boeing 737 All Series Passenger,SGN,HAN,2025-09-14,20:00,22:10,Economy Smart,1944000,52
2025-07-24T15:22:57.732Z,QH284,Airbus A321,SGN,HAN,2025-09-14,21:30,23:40,Economy Smart,1944000,52
2025-07-24T15:22:57.732Z,QH204,Airbus A321,SGN,HAN,2025-09-14,07:30,09:40,Economy Flex,3068000,52
2025-07-24T15:22:57.732Z,QH224,Boeing 737 All Series Passenger,SGN,HAN,2025-09-14,10:40,12:50,Economy Flex,3068000,52
2025-07-24T15:22:57.732Z,QH242,Boeing 737 All Series Passenger,SGN,HAN,2025-09-14,13:15,15:25,Economy Flex,3068000,52
2025-07-24T15:22:57.732Z,QH268,Airbus A321,SGN,HAN,2025-09-14,18:55,21:05,Economy Flex,3068000,52
2025-07-24T15:22:57.732Z,QH272,Boeing 737 All Series Passenger,SGN,HAN,2025-09-14,20:00,22:10,Economy Flex,3068000,52
2025-07-24T15:22:57.732Z,QH284,Airbus A321,SGN,HAN,2025-09-14,21:30,23:40,Economy Flex,3068000,52
2025-07-24T15:22:57.732Z,QH224,Boeing 737 All Series Passenger,SGN,HAN,2025-09-14,10:40,12:50,Business Smart,4158000,52
2025-07-24T15:22:57.732Z,QH272,Boeing 737 All Series Passenger,SGN,HAN,2025-09-14,20:00,22:10,Business Smart,4158000,52
2025-07-24T15:22:57.732Z,QH284,Airbus A321,SGN,HAN,2025-09-14,21:30,23:40,Business Smart,4158000,52
2025-07-24T15:22:57.732Z,QH224,Boeing 737 All Series Passenger,SGN,HAN,2025-09-14,10:40,12:50,Business Flex,7074000,52
2025-07-24T15:22:57.732Z,QH272,Boeing 737 All Series Passenger,SGN,HAN,2025-09-14,20:00,22:10,Business Flex,7074000,52
2025-07-24T15:22:57.732Z,QH284,Airbus A321,SGN,HAN,2025-09-14,21:30,23:40,Business Flex,7074000,52
2025-07-24T15:23:56.810Z,QH204,Airbus A321,SGN,HAN,2025-09-15,07:30,09:40,Economy Smart,1750000,53
2025-07-24T15:23:56.810Z,QH224,Boeing 737 All Series Passenger,SGN,HAN,2025-09-15,10:40,12:50,Economy Smart,1750000,53
2025-07-24T15:23:56.810Z,QH242,Boeing 737 All Series Passenger,SGN,HAN,2025-09-15,13:15,15:25,Economy Smart,1750000,53
2025-07-24T15:23:56.810Z,QH254,Airbus A321,SGN,HAN,2025-09-15,15:45,17:55,Economy Smart,1750000,53
2025-07-24T15:23:56.810Z,QH268,Airbus A321,SGN,HAN,2025-09-15,18:55,21:05,Economy Smart,1750000,53
2025-07-24T15:23:56.810Z,QH272,Boeing 737 All Series Passenger,SGN,HAN,2025-09-15,20:00,22:10,Economy Smart,1750000,53
2025-07-24T15:23:56.810Z,QH204,Airbus A321,SGN,HAN,2025-09-15,07:30,09:40,Economy Flex,3068000,53
2025-07-24T15:23:56.810Z,QH224,Boeing 737 All Series Passenger,SGN,HAN,2025-09-15,10:40,12:50,Economy Flex,3068000,53
2025-07-24T15:23:56.810Z,QH242,Boeing 737 All Series Passenger,SGN,HAN,2025-09-15,13:15,15:25,Economy Flex,3068000,53
2025-07-24T15:23:56.810Z,QH254,Airbus A321,SGN,HAN,2025-09-15,15:45,17:55,Economy Flex,3068000,53
2025-07-24T15:23:56.810Z,QH268,Airbus A321,SGN,HAN,2025-09-15,18:55,21:05,Economy Flex,3068000,53
2025-07-24T15:23:56.810Z,QH272,Boeing 737 All Series Passenger,SGN,HAN,2025-09-15,20:00,22:10,Economy Flex,3068000,53
2025-07-24T15:23:56.810Z,QH224,Boeing 737 All Series Passenger,SGN,HAN,2025-09-15,10:40,12:50,Business Smart,4158000,53
2025-07-24T15:23:56.810Z,QH254,Airbus A321,SGN,HAN,2025-09-15,15:45,17:55,Business Smart,4158000,53
2025-07-24T15:23:56.810Z,QH272,Boeing 737 All Series Passenger,SGN,HAN,2025-09-15,20:00,22:10,Business Smart,4158000,53
2025-07-24T15:23:56.810Z,QH224,Boeing 737 All Series Passenger,SGN,HAN,2025-09-15,10:40,12:50,Business Flex,7074000,53
2025-07-24T15:23:56.810Z,QH254,Airbus A321,SGN,HAN,2025-09-15,15:45,17:55,Business Flex,7074000,53
2025-07-24T15:23:56.810Z,QH272,Boeing 737 All Series Passenger,SGN,HAN,2025-09-15,20:00,22:10,Business Flex,7074000,53
2025-07-24T15:24:41.885Z,QH204,Airbus A321,SGN,HAN,2025-09-16,07:30,09:40,Economy Smart,1750000,54
2025-07-24T15:24:41.885Z,QH224,Boeing 737 All Series Passenger,SGN,HAN,2025-09-16,10:40,12:50,Economy Smart,1750000,54
2025-07-24T15:24:41.885Z,QH242,Boeing 737 All Series Passenger,SGN,HAN,2025-09-16,13:15,15:25,Economy Smart,1750000,54
2025-07-24T15:24:41.885Z,QH254,Airbus A321,SGN,HAN,2025-09-16,15:45,17:55,Economy Smart,1750000,54
2025-07-24T15:24:41.885Z,QH268,Airbus A321,SGN,HAN,2025-09-16,18:55,21:05,Economy Smart,1750000,54
2025-07-24T15:24:41.885Z,QH272,Boeing 737 All Series Passenger,SGN,HAN,2025-09-16,20:00,22:10,Economy Smart,1750000,54
2025-07-24T15:24:41.885Z,QH204,Airbus A321,SGN,HAN,2025-09-16,07:30,09:40,Economy Flex,3068000,54
2025-07-24T15:24:41.885Z,QH224,Boeing 737 All Series Passenger,SGN,HAN,2025-09-16,10:40,12:50,Economy Flex,3068000,54
2025-07-24T15:24:41.885Z,QH242,Boeing 737 All Series Passenger,SGN,HAN,2025-09-16,13:15,15:25,Economy Flex,3068000,54
2025-07-24T15:24:41.885Z,QH254,Airbus A321,SGN,HAN,2025-09-16,15:45,17:55,Economy Flex,3068000,54
2025-07-24T15:24:41.885Z,QH268,Airbus A321,SGN,HAN,2025-09-16,18:55,21:05,Economy Flex,3068000,54
2025-07-24T15:24:41.885Z,QH272,Boeing 737 All Series Passenger,SGN,HAN,2025-09-16,20:00,22:10,Economy Flex,3068000,54
2025-07-24T15:24:41.885Z,QH224,Boeing 737 All Series Passenger,SGN,HAN,2025-09-16,10:40,12:50,Business Smart,4158000,54
2025-07-24T15:24:41.885Z,QH254,Airbus A321,SGN,HAN,2025-09-16,15:45,17:55,Business Smart,4158000,54
2025-07-24T15:24:41.885Z,QH272,Boeing 737 All Series Passenger,SGN,HAN,2025-09-16,20:00,22:10,Business Smart,4158000,54
2025-07-24T15:24:41.885Z,QH224,Boeing 737 All Series Passenger,SGN,HAN,2025-09-16,10:40,12:50,Business Flex,7074000,54
2025-07-24T15:24:41.885Z,QH254,Airbus A321,SGN,HAN,2025-09-16,15:45,17:55,Business Flex,7074000,54
2025-07-24T15:24:41.885Z,QH272,Boeing 737 All Series Passenger,SGN,HAN,2025-09-16,20:00,22:10,Business Flex,7074000,54
2025-07-24T15:25:24.038Z,QH242,Boeing 737 All Series Passenger,SGN,HAN,2025-09-17,13:15,15:25,Economy Smart,1750000,55
2025-07-24T15:25:24.038Z,QH268,Airbus A321,SGN,HAN,2025-09-17,18:55,21:05,Economy Smart,1750000,55
2025-07-24T15:25:24.038Z,QH272,Boeing 737 All Series Passenger,SGN,HAN,2025-09-17,20:00,22:10,Economy Smart,1750000,55
2025-07-24T15:25:24.038Z,QH284,Airbus A321,SGN,HAN,2025-09-17,21:30,23:40,Economy Smart,1750000,55
2025-07-24T15:25:24.038Z,QH224,Boeing 737 All Series Passenger,SGN,HAN,2025-09-17,10:40,12:50,Economy Smart,1944000,55
2025-07-24T15:25:24.038Z,QH204,Airbus A321,SGN,HAN,2025-09-17,07:30,09:40,Economy Smart,2128000,55
2025-07-24T15:25:24.038Z,QH204,Airbus A321,SGN,HAN,2025-09-17,07:30,09:40,Economy Flex,3068000,55
2025-07-24T15:25:24.038Z,QH224,Boeing 737 All Series Passenger,SGN,HAN,2025-09-17,10:40,12:50,Economy Flex,3068000,55
2025-07-24T15:25:24.038Z,QH242,Boeing 737 All Series Passenger,SGN,HAN,2025-09-17,13:15,15:25,Economy Flex,3068000,55
2025-07-24T15:25:24.038Z,QH268,Airbus A321,SGN,HAN,2025-09-17,18:55,21:05,Economy Flex,3068000,55
2025-07-24T15:25:24.038Z,QH272,Boeing 737 All Series Passenger,SGN,HAN,2025-09-17,20:00,22:10,Economy Flex,3068000,55
2025-07-24T15:25:24.038Z,QH284,Airbus A321,SGN,HAN,2025-09-17,21:30,23:40,Economy Flex,3068000,55
2025-07-24T15:25:24.038Z,QH224,Boeing 737 All Series Passenger,SGN,HAN,2025-09-17,10:40,12:50,Business Smart,4158000,55
2025-07-24T15:25:24.038Z,QH272,Boeing 737 All Series Passenger,SGN,HAN,2025-09-17,20:00,22:10,Business Smart,4158000,55
2025-07-24T15:25:24.038Z,QH284,Airbus A321,SGN,HAN,2025-09-17,21:30,23:40,Business Smart,4158000,55
2025-07-24T15:25:24.038Z,QH224,Boeing 737 All Series Passenger,SGN,HAN,2025-09-17,10:40,12:50,Business Flex,7074000,55
2025-07-24T15:25:24.038Z,QH272,Boeing 737 All Series Passenger,SGN,HAN,2025-09-17,20:00,22:10,Business Flex,7074000,55
2025-07-24T15:25:24.038Z,QH284,Airbus A321,SGN,HAN,2025-09-17,21:30,23:40,Business Flex,7074000,55
2025-07-24T15:25:59.608Z,QH204,Airbus A321,SGN,HAN,2025-09-18,07:30,09:40,Economy Smart,1944000,56
2025-07-24T15:25:59.608Z,QH242,Boeing 737 All Series Passenger,SGN,HAN,2025-09-18,13:15,15:25,Economy Smart,1944000,56
2025-07-24T15:25:59.608Z,QH254,Airbus A321,SGN,HAN,2025-09-18,15:45,17:55,Economy Smart,1944000,56
2025-07-24T15:25:59.608Z,QH268,Airbus A321,SGN,HAN,2025-09-18,18:55,21:05,Economy Smart,1944000,56
2025-07-24T15:25:59.608Z,QH272,Boeing 737 All Series Passenger,SGN,HAN,2025-09-18,20:00,22:10,Economy Smart,1944000,56
2025-07-24T15:25:59.608Z,QH224,Boeing 737 All Series Passenger,SGN,HAN,2025-09-18,10:40,12:50,Economy Smart,2355000,56
2025-07-24T15:25:59.608Z,QH204,Airbus A321,SGN,HAN,2025-09-18,07:30,09:40,Economy Flex,3068000,56
2025-07-24T15:25:59.608Z,QH224,Boeing 737 All Series Passenger,SGN,HAN,2025-09-18,10:40,12:50,Economy Flex,3068000,56
2025-07-24T15:25:59.608Z,QH242,Boeing 737 All Series Passenger,SGN,HAN,2025-09-18,13:15,15:25,Economy Flex,3068000,56
2025-07-24T15:25:59.608Z,QH254,Airbus A321,SGN,HAN,2025-09-18,15:45,17:55,Economy Flex,3068000,56
2025-07-24T15:25:59.608Z,QH268,Airbus A321,SGN,HAN,2025-09-18,18:55,21:05,Economy Flex,3068000,56
2025-07-24T15:25:59.608Z,QH272,Boeing 737 All Series Passenger,SGN,HAN,2025-09-18,20:00,22:10,Economy Flex,3068000,56
2025-07-24T15:25:59.608Z,QH224,Boeing 737 All Series Passenger,SGN,HAN,2025-09-18,10:40,12:50,Business Smart,4158000,56
2025-07-24T15:25:59.608Z,QH254,Airbus A321,SGN,HAN,2025-09-18,15:45,17:55,Business Smart,4158000,56
2025-07-24T15:25:59.608Z,QH272,Boeing 737 All Series Passenger,SGN,HAN,2025-09-18,20:00,22:10,Business Smart,4158000,56
2025-07-24T15:25:59.608Z,QH224,Boeing 737 All Series Passenger,SGN,HAN,2025-09-18,10:40,12:50,Business Flex,7074000,56
2025-07-24T15:25:59.608Z,QH254,Airbus A321,SGN,HAN,2025-09-18,15:45,17:55,Business Flex,7074000,56
2025-07-24T15:25:59.608Z,QH272,Boeing 737 All Series Passenger,SGN,HAN,2025-09-18,20:00,22:10,Business Flex,7074000,56
2025-07-24T15:26:55.650Z,QH204,Airbus A321,SGN,HAN,2025-09-19,07:30,09:40,Economy Smart,1944000,57
2025-07-24T15:26:55.650Z,QH224,Boeing 737 All Series Passenger,SGN,HAN,2025-09-19,10:40,12:50,Economy Smart,1944000,57
2025-07-24T15:26:55.650Z,QH242,Boeing 737 All Series Passenger,SGN,HAN,2025-09-19,13:15,15:25,Economy Smart,1944000,57
2025-07-24T15:26:55.650Z,QH268,Airbus A321,SGN,HAN,2025-09-19,18:55,21:05,Economy Smart,1944000,57
2025-07-24T15:26:55.650Z,QH272,Boeing 737 All Series Passenger,SGN,HAN,2025-09-19,20:00,22:10,Economy Smart,1944000,57
2025-07-24T15:26:55.650Z,QH284,Airbus A321,SGN,HAN,2025-09-19,21:30,23:40,Economy Smart,1944000,57
2025-07-24T15:26:55.650Z,QH204,Airbus A321,SGN,HAN,2025-09-19,07:30,09:40,Economy Flex,3068000,57
2025-07-24T15:26:55.650Z,QH224,Boeing 737 All Series Passenger,SGN,HAN,2025-09-19,10:40,12:50,Economy Flex,3068000,57
2025-07-24T15:26:55.650Z,QH242,Boeing 737 All Series Passenger,SGN,HAN,2025-09-19,13:15,15:25,Economy Flex,3068000,57
2025-07-24T15:26:55.650Z,QH268,Airbus A321,SGN,HAN,2025-09-19,18:55,21:05,Economy Flex,3068000,57
2025-07-24T15:26:55.650Z,QH272,Boeing 737 All Series Passenger,SGN,HAN,2025-09-19,20:00,22:10,Economy Flex,3068000,57
2025-07-24T15:26:55.650Z,QH284,Airbus A321,SGN,HAN,2025-09-19,21:30,23:40,Economy Flex,3068000,57
2025-07-24T15:26:55.650Z,QH272,Boeing 737 All Series Passenger,SGN,HAN,2025-09-19,20:00,22:10,Business Smart,4158000,57
2025-07-24T15:26:55.650Z,QH284,Airbus A321,SGN,HAN,2025-09-19,21:30,23:40,Business Smart,4158000,57
2025-07-24T15:26:55.650Z,QH224,Boeing 737 All Series Passenger,SGN,HAN,2025-09-19,10:40,12:50,Business Smart,5541000,57
2025-07-24T15:26:55.650Z,QH224,Boeing 737 All Series Passenger,SGN,HAN,2025-09-19,10:40,12:50,Business Flex,7074000,57
2025-07-24T15:26:55.650Z,QH272,Boeing 737 All Series Passenger,SGN,HAN,2025-09-19,20:00,22:10,Business Flex,7074000,57
2025-07-24T15:26:55.650Z,QH284,Airbus A321,SGN,HAN,2025-09-19,21:30,23:40,Business Flex,7074000,57
2025-07-24T15:27:46.803Z,QH204,Airbus A321,SGN,HAN,2025-09-20,07:30,09:40,Economy Smart,1750000,58
2025-07-24T15:27:46.803Z,QH224,Boeing 737 All Series Passenger,SGN,HAN,2025-09-20,10:40,12:50,Economy Smart,1750000,58
2025-07-24T15:27:46.803Z,QH242,Boeing 737 All Series Passenger,SGN,HAN,2025-09-20,13:15,15:25,Economy Smart,1750000,58
2025-07-24T15:27:46.803Z,QH254,Airbus A321,SGN,HAN,2025-09-20,15:45,17:55,Economy Smart,1750000,58
2025-07-24T15:27:46.803Z,QH268,Airbus A321,SGN,HAN,2025-09-20,18:55,21:05,Economy Smart,1750000,58
2025-07-24T15:27:46.803Z,QH272,Boeing 737 All Series Passenger,SGN,HAN,2025-09-20,20:00,22:10,Economy Smart,1750000,58
2025-07-24T15:27:46.803Z,QH204,Airbus A321,SGN,HAN,2025-09-20,07:30,09:40,Economy Flex,3068000,58
2025-07-24T15:27:46.803Z,QH224,Boeing 737 All Series Passenger,SGN,HAN,2025-09-20,10:40,12:50,Economy Flex,3068000,58
2025-07-24T15:27:46.803Z,QH242,Boeing 737 All Series Passenger,SGN,HAN,2025-09-20,13:15,15:25,Economy Flex,3068000,58
2025-07-24T15:27:46.803Z,QH254,Airbus A321,SGN,HAN,2025-09-20,15:45,17:55,Economy Flex,3068000,58
2025-07-24T15:27:46.803Z,QH268,Airbus A321,SGN,HAN,2025-09-20,18:55,21:05,Economy Flex,3068000,58
2025-07-24T15:27:46.803Z,QH272,Boeing 737 All Series Passenger,SGN,HAN,2025-09-20,20:00,22:10,Economy Flex,3068000,58
2025-07-24T15:27:46.803Z,QH224,Boeing 737 All Series Passenger,SGN,HAN,2025-09-20,10:40,12:50,Business Smart,4158000,58
2025-07-24T15:27:46.803Z,QH254,Airbus A321,SGN,HAN,2025-09-20,15:45,17:55,Business Smart,4158000,58
2025-07-24T15:27:46.803Z,QH272,Boeing 737 All Series Passenger,SGN,HAN,2025-09-20,20:00,22:10,Business Smart,4158000,58
2025-07-24T15:27:46.803Z,QH224,Boeing 737 All Series Passenger,SGN,HAN,2025-09-20,10:40,12:50,Business Flex,7074000,58
2025-07-24T15:27:46.803Z,QH254,Airbus A321,SGN,HAN,2025-09-20,15:45,17:55,Business Flex,7074000,58
2025-07-24T15:27:46.803Z,QH272,Boeing 737 All Series Passenger,SGN,HAN,2025-09-20,20:00,22:10,Business Flex,7074000,58
2025-07-24T15:28:30.638Z,QH204,Airbus A321,SGN,HAN,2025-09-21,07:30,09:40,Economy Smart,1944000,59
2025-07-24T15:28:30.638Z,QH224,Boeing 737 All Series Passenger,SGN,HAN,2025-09-21,10:40,12:50,Economy Smart,1944000,59
2025-07-24T15:28:30.638Z,QH242,Boeing 737 All Series Passenger,SGN,HAN,2025-09-21,13:15,15:25,Economy Smart,1944000,59
2025-07-24T15:28:30.638Z,QH268,Airbus A321,SGN,HAN,2025-09-21,18:55,21:05,Economy Smart,1944000,59
2025-07-24T15:28:30.638Z,QH272,Boeing 737 All Series Passenger,SGN,HAN,2025-09-21,20:00,22:10,Economy Smart,1944000,59
2025-07-24T15:28:30.638Z,QH284,Airbus A321,SGN,HAN,2025-09-21,21:30,23:40,Economy Smart,1944000,59
2025-07-24T15:28:30.638Z,QH204,Airbus A321,SGN,HAN,2025-09-21,07:30,09:40,Economy Flex,3068000,59
2025-07-24T15:28:30.638Z,QH224,Boeing 737 All Series Passenger,SGN,HAN,2025-09-21,10:40,12:50,Economy Flex,3068000,59
2025-07-24T15:28:30.638Z,QH242,Boeing 737 All Series Passenger,SGN,HAN,2025-09-21,13:15,15:25,Economy Flex,3068000,59
2025-07-24T15:28:30.638Z,QH268,Airbus A321,SGN,HAN,2025-09-21,18:55,21:05,Economy Flex,3068000,59
2025-07-24T15:28:30.638Z,QH272,Boeing 737 All Series Passenger,SGN,HAN,2025-09-21,20:00,22:10,Economy Flex,3068000,59
2025-07-24T15:28:30.638Z,QH284,Airbus A321,SGN,HAN,2025-09-21,21:30,23:40,Economy Flex,3068000,59
2025-07-24T15:28:30.638Z,QH224,Boeing 737 All Series Passenger,SGN,HAN,2025-09-21,10:40,12:50,Business Smart,4158000,59
2025-07-24T15:28:30.638Z,QH272,Boeing 737 All Series Passenger,SGN,HAN,2025-09-21,20:00,22:10,Business Smart,4158000,59
2025-07-24T15:28:30.638Z,QH284,Airbus A321,SGN,HAN,2025-09-21,21:30,23:40,Business Smart,4158000,59
2025-07-24T15:28:30.638Z,QH224,Boeing 737 All Series Passenger,SGN,HAN,2025-09-21,10:40,12:50,Business Flex,7074000,59
2025-07-24T15:28:30.638Z,QH272,Boeing 737 All Series Passenger,SGN,HAN,2025-09-21,20:00,22:10,Business Flex,7074000,59
2025-07-24T15:28:30.638Z,QH284,Airbus A321,SGN,HAN,2025-09-21,21:30,23:40,Business Flex,7074000,59
2025-07-24T15:31:17.734Z,QH204,Airbus A321,SGN,HAN,2025-09-22,07:30,09:40,Economy Smart,1750000,60
2025-07-24T15:31:17.734Z,QH224,Boeing 737 All Series Passenger,SGN,HAN,2025-09-22,10:40,12:50,Economy Smart,1750000,60
2025-07-24T15:31:17.734Z,QH242,Boeing 737 All Series Passenger,SGN,HAN,2025-09-22,13:15,15:25,Economy Smart,1750000,60
2025-07-24T15:31:17.734Z,QH254,Airbus A321,SGN,HAN,2025-09-22,15:45,17:55,Economy Smart,1750000,60
2025-07-24T15:31:17.734Z,QH268,Airbus A321,SGN,HAN,2025-09-22,18:55,21:05,Economy Smart,1750000,60
2025-07-24T15:31:17.734Z,QH272,Boeing 737 All Series Passenger,SGN,HAN,2025-09-22,20:00,22:10,Economy Smart,1750000,60
2025-07-24T15:31:17.734Z,QH204,Airbus A321,SGN,HAN,2025-09-22,07:30,09:40,Economy Flex,3068000,60
2025-07-24T15:31:17.734Z,QH224,Boeing 737 All Series Passenger,SGN,HAN,2025-09-22,10:40,12:50,Economy Flex,3068000,60
2025-07-24T15:31:17.734Z,QH242,Boeing 737 All Series Passenger,SGN,HAN,2025-09-22,13:15,15:25,Economy Flex,3068000,60
2025-07-24T15:31:17.734Z,QH254,Airbus A321,SGN,HAN,2025-09-22,15:45,17:55,Economy Flex,3068000,60
2025-07-24T15:31:17.734Z,QH268,Airbus A321,SGN,HAN,2025-09-22,18:55,21:05,Economy Flex,3068000,60
2025-07-24T15:31:17.734Z,QH272,Boeing 737 All Series Passenger,SGN,HAN,2025-09-22,20:00,22:10,Economy Flex,3068000,60
2025-07-24T15:31:17.734Z,QH224,Boeing 737 All Series Passenger,SGN,HAN,2025-09-22,10:40,12:50,Business Smart,4158000,60
2025-07-24T15:31:17.734Z,QH254,Airbus A321,SGN,HAN,2025-09-22,15:45,17:55,Business Smart,4158000,60
2025-07-24T15:31:17.734Z,QH272,Boeing 737 All Series Passenger,SGN,HAN,2025-09-22,20:00,22:10,Business Smart,4158000,60
2025-07-24T15:31:17.734Z,QH224,Boeing 737 All Series Passenger,SGN,HAN,2025-09-22,10:40,12:50,Business Flex,7074000,60
2025-07-24T15:31:17.734Z,QH254,Airbus A321,SGN,HAN,2025-09-22,15:45,17:55,Business Flex,7074000,60
2025-07-24T15:31:17.734Z,QH272,Boeing 737 All Series Passenger,SGN,HAN,2025-09-22,20:00,22:10,Business Flex,7074000,60
2025-07-24T15:31:56.540Z,QH204,Airbus A321,SGN,HAN,2025-09-23,07:30,09:40,Economy Smart,1750000,61
2025-07-24T15:31:56.540Z,QH224,Boeing 737 All Series Passenger,SGN,HAN,2025-09-23,10:40,12:50,Economy Smart,1750000,61
2025-07-24T15:31:56.540Z,QH242,Boeing 737 All Series Passenger,SGN,HAN,2025-09-23,13:15,15:25,Economy Smart,1750000,61
2025-07-24T15:31:56.540Z,QH254,Airbus A321,SGN,HAN,2025-09-23,15:45,17:55,Economy Smart,1750000,61
2025-07-24T15:31:56.540Z,QH268,Airbus A321,SGN,HAN,2025-09-23,18:55,21:05,Economy Smart,1750000,61
2025-07-24T15:31:56.540Z,QH272,Boeing 737 All Series Passenger,SGN,HAN,2025-09-23,20:00,22:10,Economy Smart,1750000,61
2025-07-24T15:31:56.540Z,QH204,Airbus A321,SGN,HAN,2025-09-23,07:30,09:40,Economy Flex,3068000,61
2025-07-24T15:31:56.540Z,QH224,Boeing 737 All Series Passenger,SGN,HAN,2025-09-23,10:40,12:50,Economy Flex,3068000,61
2025-07-24T15:31:56.540Z,QH242,Boeing 737 All Series Passenger,SGN,HAN,2025-09-23,13:15,15:25,Economy Flex,3068000,61
2025-07-24T15:31:56.540Z,QH254,Airbus A321,SGN,HAN,2025-09-23,15:45,17:55,Economy Flex,3068000,61
2025-07-24T15:31:56.540Z,QH268,Airbus A321,SGN,HAN,2025-09-23,18:55,21:05,Economy Flex,3068000,61
2025-07-24T15:31:56.540Z,QH272,Boeing 737 All Series Passenger,SGN,HAN,2025-09-23,20:00,22:10,Economy Flex,3068000,61
2025-07-24T15:31:56.540Z,QH224,Boeing 737 All Series Passenger,SGN,HAN,2025-09-23,10:40,12:50,Business Smart,4158000,61
2025-07-24T15:31:56.540Z,QH254,Airbus A321,SGN,HAN,2025-09-23,15:45,17:55,Business Smart,4158000,61
2025-07-24T15:31:56.540Z,QH272,Boeing 737 All Series Passenger,SGN,HAN,2025-09-23,20:00,22:10,Business Smart,4158000,61
2025-07-24T15:31:56.540Z,QH224,Boeing 737 All Series Passenger,SGN,HAN,2025-09-23,10:40,12:50,Business Flex,7074000,61
2025-07-24T15:31:56.540Z,QH254,Airbus A321,SGN,HAN,2025-09-23,15:45,17:55,Business Flex,7074000,61
2025-07-24T15:31:56.540Z,QH272,Boeing 737 All Series Passenger,SGN,HAN,2025-09-23,20:00,22:10,Business Flex,7074000,61
2025-07-24T15:32:38.131Z,QH224,Boeing 737 All Series Passenger,SGN,HAN,2025-09-24,10:40,12:50,Economy Smart,1750000,62
2025-07-24T15:32:38.131Z,QH242,Boeing 737 All Series Passenger,SGN,HAN,2025-09-24,13:15,15:25,Economy Smart,1750000,62
2025-07-24T15:32:38.131Z,QH268,Airbus A321,SGN,HAN,2025-09-24,18:55,21:05,Economy Smart,1750000,62
2025-07-24T15:32:38.131Z,QH272,Boeing 737 All Series Passenger,SGN,HAN,2025-09-24,20:00,22:10,Economy Smart,1750000,62
2025-07-24T15:32:38.131Z,QH284,Airbus A321,SGN,HAN,2025-09-24,21:30,23:40,Economy Smart,1750000,62
2025-07-24T15:32:38.131Z,QH204,Airbus A321,SGN,HAN,2025-09-24,07:30,09:40,Economy Smart,2128000,62
2025-07-24T15:32:38.131Z,QH204,Airbus A321,SGN,HAN,2025-09-24,07:30,09:40,Economy Flex,3068000,62
2025-07-24T15:32:38.131Z,QH224,Boeing 737 All Series Passenger,SGN,HAN,2025-09-24,10:40,12:50,Economy Flex,3068000,62
2025-07-24T15:32:38.131Z,QH242,Boeing 737 All Series Passenger,SGN,HAN,2025-09-24,13:15,15:25,Economy Flex,3068000,62
2025-07-24T15:32:38.131Z,QH268,Airbus A321,SGN,HAN,2025-09-24,18:55,21:05,Economy Flex,3068000,62
2025-07-24T15:32:38.131Z,QH272,Boeing 737 All Series Passenger,SGN,HAN,2025-09-24,20:00,22:10,Economy Flex,3068000,62
2025-07-24T15:32:38.131Z,QH284,Airbus A321,SGN,HAN,2025-09-24,21:30,23:40,Economy Flex,3068000,62
2025-07-24T15:32:38.131Z,QH224,Boeing 737 All Series Passenger,SGN,HAN,2025-09-24,10:40,12:50,Business Smart,4158000,62
2025-07-24T15:32:38.131Z,QH272,Boeing 737 All Series Passenger,SGN,HAN,2025-09-24,20:00,22:10,Business Smart,4158000,62
2025-07-24T15:32:38.131Z,QH284,Airbus A321,SGN,HAN,2025-09-24,21:30,23:40,Business Smart,4158000,62
2025-07-24T15:32:38.131Z,QH224,Boeing 737 All Series Passenger,SGN,HAN,2025-09-24,10:40,12:50,Business Flex,7074000,62
2025-07-24T15:32:38.131Z,QH272,Boeing 737 All Series Passenger,SGN,HAN,2025-09-24,20:00,22:10,Business Flex,7074000,62
2025-07-24T15:32:38.131Z,QH284,Airbus A321,SGN,HAN,2025-09-24,21:30,23:40,Business Flex,7074000,62
2025-09-25T14:31:37.474Z,QH224,Boeing 737 All Series Passenger,SGN,HAN,2025-09-26,10:40,12:50,Economy Smart,1577000,1
2025-09-25T14:31:37.474Z,QH272,Boeing 737 All Series Passenger,SGN,HAN,2025-09-26,20:20,22:30,Economy Smart,1750000,1
2025-09-25T14:31:37.474Z,QH202,Airbus A321,SGN,HAN,2025-09-26,06:10,08:20,Economy Smart,1944000,1
2025-09-25T14:31:37.474Z,QH268,Airbus A321,SGN,HAN,2025-09-26,19:15,21:25,Economy Smart,1944000,1
2025-09-25T14:31:37.474Z,QH204,Airbus A321,SGN,HAN,2025-09-26,07:10,09:20,Economy Smart,2128000,1
2025-09-25T14:31:37.474Z,QH242,Boeing 737 All Series Passenger,SGN,HAN,2025-09-26,13:10,15:20,Economy Smart,2128000,1
2025-09-25T14:31:37.474Z,QH202,Airbus A321,SGN,HAN,2025-09-26,06:10,08:20,Economy Flex,3068000,1
2025-09-25T14:31:37.474Z,QH204,Airbus A321,SGN,HAN,2025-09-26,07:10,09:20,Economy Flex,3068000,1
2025-09-25T14:31:37.474Z,QH224,Boeing 737 All Series Passenger,SGN,HAN,2025-09-26,10:40,12:50,Economy Flex,3068000,1
2025-09-25T14:31:37.474Z,QH242,Boeing 737 All Series Passenger,SGN,HAN,2025-09-26,13:10,15:20,Economy Flex,3068000,1
2025-09-25T14:31:37.474Z,QH268,Airbus A321,SGN,HAN,2025-09-26,19:15,21:25,Economy Flex,3068000,1
2025-09-25T14:31:37.474Z,QH272,Boeing 737 All Series Passenger,SGN,HAN,2025-09-26,20:20,22:30,Economy Flex,3068000,1
2025-09-25T14:31:37.474Z,QH202,Airbus A321,SGN,HAN,2025-09-26,06:10,08:20,Business Smart,5346000,1
2025-09-25T14:31:37.474Z,QH202,Airbus A321,SGN,HAN,2025-09-26,06:10,08:20,Business Flex,7398000,1
2025-09-25T14:32:32.597Z,QH268,Airbus A321,SGN,HAN,2025-09-27,19:15,21:25,Economy Smart,1577000,2
2025-09-25T14:32:32.597Z,QH204,Airbus A321,SGN,HAN,2025-09-27,07:10,09:20,Economy Smart,1750000,2
2025-09-25T14:32:32.597Z,QH254,Airbus A321,SGN,HAN,2025-09-27,16:10,18:20,Economy Smart,1750000,2
2025-09-25T14:32:32.597Z,QH224,Boeing 737 All Series Passenger,SGN,HAN,2025-09-27,10:40,12:50,Economy Smart,1944000,2
2025-09-25T14:32:32.597Z,QH242,Boeing 737 All Series Passenger,SGN,HAN,2025-09-27,13:10,15:20,Economy Smart,1944000,2
2025-09-25T14:32:32.597Z,QH204,Airbus A321,SGN,HAN,2025-09-27,07:10,09:20,Economy Flex,3068000,2
2025-09-25T14:32:32.597Z,QH224,Boeing 737 All Series Passenger,SGN,HAN,2025-09-27,10:40,12:50,Economy Flex,3068000,2
2025-09-25T14:32:32.597Z,QH242,Boeing 737 All Series Passenger,SGN,HAN,2025-09-27,13:10,15:20,Economy Flex,3068000,2
2025-09-25T14:32:32.597Z,QH254,Airbus A321,SGN,HAN,2025-09-27,16:10,18:20,Economy Flex,3068000,2
2025-09-25T14:32:32.597Z,QH268,Airbus A321,SGN,HAN,2025-09-27,19:15,21:25,Economy Flex,3068000,2
2025-09-25T14:32:32.597Z,QH204,Airbus A321,SGN,HAN,2025-09-27,07:10,09:20,Business Smart,5022000,2
2025-09-25T14:32:32.597Z,QH254,Airbus A321,SGN,HAN,2025-09-27,16:10,18:20,Business Smart,5022000,2
2025-09-25T14:32:32.597Z,QH204,Airbus A321,SGN,HAN,2025-09-27,07:10,09:20,Business Flex,7074000,2
2025-09-25T14:32:32.597Z,QH254,Airbus A321,SGN,HAN,2025-09-27,16:10,18:20,Business Flex,7074000,2
2025-09-25T15:02:58.266Z,QH202,Airbus A321,SGN,HAN,2025-09-28,06:10,08:20,Economy Smart,1577000,3
2025-09-25T15:02:58.266Z,QH204,Airbus A321,SGN,HAN,2025-09-28,07:10,09:20,Economy Smart,1577000,3
2025-09-25T15:02:58.266Z,QH224,Boeing 737 All Series Passenger,SGN,HAN,2025-09-28,10:40,12:50,Economy Smart,1750000,3
2025-09-25T15:02:58.266Z,QH268,Airbus A321,SGN,HAN,2025-09-28,19:15,21:25,Economy Smart,1750000,3
2025-09-25T15:02:58.266Z,QH272,Boeing 737 All Series Passenger,SGN,HAN,2025-09-28,20:20,22:30,Economy Smart,1750000,3
2025-09-25T15:02:58.266Z,QH242,Boeing 737 All Series Passenger,SGN,HAN,2025-09-28,13:10,15:20,Economy Smart,1944000,3
2025-09-25T15:02:58.266Z,QH202,Airbus A321,SGN,HAN,2025-09-28,06:10,08:20,Economy Flex,3068000,3
2025-09-25T15:02:58.266Z,QH204,Airbus A321,SGN,HAN,2025-09-28,07:10,09:20,Economy Flex,3068000,3
2025-09-25T15:02:58.266Z,QH224,Boeing 737 All Series Passenger,SGN,HAN,2025-09-28,10:40,12:50,Economy Flex,3068000,3
2025-09-25T15:02:58.266Z,QH242,Boeing 737 All Series Passenger,SGN,HAN,2025-09-28,13:10,15:20,Economy Flex,3068000,3
2025-09-25T15:02:58.266Z,QH268,Airbus A321,SGN,HAN,2025-09-28,19:15,21:25,Economy Flex,3068000,3
2025-09-25T15:02:58.266Z,QH272,Boeing 737 All Series Passenger,SGN,HAN,2025-09-28,20:20,22:30,Economy Flex,3068000,3
2025-09-25T15:02:58.266Z,QH202,Airbus A321,SGN,HAN,2025-09-28,06:10,08:20,Business Smart,4634000,3
2025-09-25T15:02:58.266Z,QH202,Airbus A321,SGN,HAN,2025-09-28,06:10,08:20,Business Flex,7074000,3
2025-09-25T15:04:04.514Z,QH268,Airbus A321,SGN,HAN,2025-09-29,19:15,21:25,Economy Smart,1577000,4
2025-09-25T15:04:04.514Z,QH272,Boeing 737 All Series Passenger,SGN,HAN,2025-09-29,20:20,22:30,Economy Smart,1577000,4
2025-09-25T15:04:04.514Z,QH204,Airbus A321,SGN,HAN,2025-09-29,07:10,09:20,Economy Smart,1944000,4
2025-09-25T15:04:04.514Z,QH224,Boeing 737 All Series Passenger,SGN,HAN,2025-09-29,10:40,12:50,Economy Smart,1944000,4
2025-09-25T15:04:04.514Z,QH242,Boeing 737 All Series Passenger,SGN,HAN,2025-09-29,13:15,15:25,Economy Smart,1944000,4
2025-09-25T15:04:04.514Z,QH204,Airbus A321,SGN,HAN,2025-09-29,07:10,09:20,Economy Flex,3068000,4
2025-09-25T15:04:04.514Z,QH224,Boeing 737 All Series Passenger,SGN,HAN,2025-09-29,10:40,12:50,Economy Flex,3068000,4
2025-09-25T15:04:04.514Z,QH242,Boeing 737 All Series Passenger,SGN,HAN,2025-09-29,13:15,15:25,Economy Flex,3068000,4
2025-09-25T15:04:04.514Z,QH268,Airbus A321,SGN,HAN,2025-09-29,19:15,21:25,Economy Flex,3068000,4
2025-09-25T15:04:04.514Z,QH272,Boeing 737 All Series Passenger,SGN,HAN,2025-09-29,20:20,22:30,Economy Flex,3068000,4
2025-09-25T15:04:04.514Z,QH272,Boeing 737 All Series Passenger,SGN,HAN,2025-09-29,20:20,22:30,Business Smart,4634000,4
2025-09-25T15:04:04.514Z,QH272,Boeing 737 All Series Passenger,SGN,HAN,2025-09-29,20:20,22:30,Business Flex,7074000,4
2025-09-25T15:07:10.932Z,QH268,Airbus A321,SGN,HAN,2025-09-30,19:15,21:25,Economy Smart,1577000,5
2025-09-25T15:07:10.932Z,QH242,Boeing 737 All Series Passenger,SGN,HAN,2025-09-30,13:15,15:25,Economy Smart,1750000,5
2025-09-25T15:07:10.932Z,QH204,Airbus A321,SGN,HAN,2025-09-30,07:10,09:20,Economy Smart,1944000,5
2025-09-25T15:07:10.932Z,QH224,Boeing 737 All Series Passenger,SGN,HAN,2025-09-30,10:40,12:50,Economy Smart,1944000,5
2025-09-25T15:07:10.932Z,QH204,Airbus A321,SGN,HAN,2025-09-30,07:10,09:20,Economy Flex,3068000,5
2025-09-25T15:07:10.932Z,QH224,Boeing 737 All Series Passenger,SGN,HAN,2025-09-30,10:40,12:50,Economy Flex,3068000,5
2025-09-25T15:07:10.932Z,QH242,Boeing 737 All Series Passenger,SGN,HAN,2025-09-30,13:15,15:25,Economy Flex,3068000,5
2025-09-25T15:07:10.932Z,QH268,Airbus A321,SGN,HAN,2025-09-30,19:15,21:25,Economy Flex,3068000,5
2025-09-25T15:07:10.932Z,QH204,Airbus A321,SGN,HAN,2025-09-30,07:10,09:20,Business Smart,4634000,5
2025-09-25T15:07:10.932Z,QH204,Airbus A321,SGN,HAN,2025-09-30,07:10,09:20,Business Flex,7074000,5
2025-09-25T15:09:46.658Z,QH268,Airbus A321,SGN,HAN,2025-01-10,19:15,21:25,Economy Smart,1577000,-258
2025-09-25T15:09:46.658Z,QH284,Airbus A321,SGN,HAN,2025-01-10,21:15,23:25,Economy Smart,1577000,-258
2025-09-25T15:09:46.658Z,QH204,Airbus A321,SGN,HAN,2025-01-10,07:10,09:20,Economy Smart,1750000,-258
2025-09-25T15:09:46.658Z,QH224,Boeing 737 All Series Passenger,SGN,HAN,2025-01-10,10:40,12:50,Economy Smart,1750000,-258
2025-09-25T15:09:46.658Z,QH242,Boeing 737 All Series Passenger,SGN,HAN,2025-01-10,13:10,15:20,Economy Smart,1750000,-258
2025-09-25T15:09:46.658Z,QH204,Airbus A321,SGN,HAN,2025-01-10,07:10,09:20,Economy Flex,3068000,-258
2025-09-25T15:09:46.658Z,QH224,Boeing 737 All Series Passenger,SGN,HAN,2025-01-10,10:40,12:50,Economy Flex,3068000,-258
2025-09-25T15:09:46.658Z,QH242,Boeing 737 All Series Passenger,SGN,HAN,2025-01-10,13:10,15:20,Economy Flex,3068000,-258
2025-09-25T15:09:46.658Z,QH268,Airbus A321,SGN,HAN,2025-01-10,19:15,21:25,Economy Flex,3068000,-258
2025-09-25T15:09:46.658Z,QH284,Airbus A321,SGN,HAN,2025-01-10,21:15,23:25,Economy Flex,3068000,-258
2025-09-25T15:09:46.658Z,QH284,Airbus A321,SGN,HAN,2025-01-10,21:15,23:25,Business Smart,4634000,-258
2025-09-25T15:09:46.658Z,QH284,Airbus A321,SGN,HAN,2025-01-10,21:15,23:25,Business Flex,7074000,-258
2025-09-25T15:10:51.054Z,QH204,Airbus A321,SGN,HAN,2025-02-10,07:10,09:20,Economy Smart,1750000,-227
2025-09-25T15:10:51.054Z,QH224,Boeing 737 All Series Passenger,SGN,HAN,2025-02-10,10:40,12:50,Economy Smart,1750000,-227
2025-09-25T15:10:51.054Z,QH242,Boeing 737 All Series Passenger,SGN,HAN,2025-02-10,13:15,15:25,Economy Smart,1750000,-227
2025-09-25T15:10:51.054Z,QH268,Airbus A321,SGN,HAN,2025-02-10,19:15,21:25,Economy Smart,1750000,-227
2025-09-25T15:10:51.054Z,QH204,Airbus A321,SGN,HAN,2025-02-10,07:10,09:20,Economy Flex,3068000,-227
2025-09-25T15:10:51.054Z,QH224,Boeing 737 All Series Passenger,SGN,HAN,2025-02-10,10:40,12:50,Economy Flex,3068000,-227
2025-09-25T15:10:51.054Z,QH242,Boeing 737 All Series Passenger,SGN,HAN,2025-02-10,13:15,15:25,Economy Flex,3068000,-227
2025-09-25T15:10:51.054Z,QH268,Airbus A321,SGN,HAN,2025-02-10,19:15,21:25,Economy Flex,3068000,-227
2025-09-25T15:12:06.256Z,QH204,Airbus A321,SGN,HAN,2025-03-10,07:10,09:20,Economy Smart,1750000,-199
2025-09-25T15:12:06.256Z,QH224,Boeing 737 All Series Passenger,SGN,HAN,2025-03-10,10:40,12:50,Economy Smart,1750000,-199
2025-09-25T15:12:06.256Z,QH242,Boeing 737 All Series Passenger,SGN,HAN,2025-03-10,13:10,15:20,Economy Smart,1750000,-199
2025-09-25T15:12:06.256Z,QH268,Airbus A321,SGN,HAN,2025-03-10,19:15,21:25,Economy Smart,1750000,-199
2025-09-25T15:12:06.256Z,QH284,Airbus A321,SGN,HAN,2025-03-10,21:15,23:25,Economy Smart,1750000,-199
2025-09-25T15:12:06.256Z,QH204,Airbus A321,SGN,HAN,2025-03-10,07:10,09:20,Economy Flex,3068000,-199
2025-09-25T15:12:06.256Z,QH224,Boeing 737 All Series Passenger,SGN,HAN,2025-03-10,10:40,12:50,Economy Flex,3068000,-199
2025-09-25T15:12:06.256Z,QH242,Boeing 737 All Series Passenger,SGN,HAN,2025-03-10,13:10,15:20,Economy Flex,3068000,-199
2025-09-25T15:12:06.256Z,QH268,Airbus A321,SGN,HAN,2025-03-10,19:15,21:25,Economy Flex,3068000,-199
2025-09-25T15:12:06.256Z,QH284,Airbus A321,SGN,HAN,2025-03-10,21:15,23:25,Economy Flex,3068000,-199
2025-09-25T15:12:06.256Z,QH284,Airbus A321,SGN,HAN,2025-03-10,21:15,23:25,Business Smart,4158000,-199
2025-09-25T15:12:06.256Z,QH284,Airbus A321,SGN,HAN,2025-03-10,21:15,23:25,Business Flex,7074000,-199
2025-11-12T14:49:07.271Z,QH268,Airbus A321,SGN,HAN,2025-12-20,19:20,21:30,Economy Smart,1232000,38
2025-11-12T14:49:07.271Z,QH268,Airbus A321,SGN,HAN,2025-12-20,19:20,21:30,Economy Smart,1577000,38
2025-11-12T14:49:07.271Z,QH204,Airbus A321,SGN,HAN,2025-12-20,07:10,09:20,Economy Smart,1750000,38
2025-11-12T14:49:07.271Z,QH242,Boeing 737 All Series Passenger,SGN,HAN,2025-12-20,13:15,15:25,Economy Smart,1750000,38
2025-11-12T14:49:07.271Z,QH224,Boeing 737 All Series Passenger,SGN,HAN,2025-12-20,10:40,12:50,Economy Smart,1944000,38
2025-11-12T14:49:07.271Z,QH204,Airbus A321,SGN,HAN,2025-12-20,07:10,09:20,Economy Flex,3068000,38
2025-11-12T14:49:07.271Z,QH224,Boeing 737 All Series Passenger,SGN,HAN,2025-12-20,10:40,12:50,Economy Flex,3068000,38
2025-11-12T14:49:07.271Z,QH242,Boeing 737 All Series Passenger,SGN,HAN,2025-12-20,13:15,15:25,Economy Flex,3068000,38
2025-11-12T14:49:07.271Z,QH268,Airbus A321,SGN,HAN,2025-12-20,19:20,21:30,Economy Flex,3068000,38
2025-11-16T14:19:17.480Z,QH204,Airbus A321,SGN,HAN,2025-11-17,07:10,09:20,Economy Smart,1340000,1
2025-11-16T14:19:17.480Z,QH268,Airbus A321,SGN,HAN,2025-11-17,19:35,21:45,Economy Smart,1340000,1
2025-11-16T14:19:17.480Z,QH204,Airbus A321,SGN,HAN,2025-11-17,07:10,09:20,Economy Smart,1577000,1
2025-11-16T14:19:17.480Z,QH242,Boeing 737 All Series Passenger,SGN,HAN,2025-11-17,13:15,15:25,Economy Smart,1577000,1
2025-11-16T14:19:17.480Z,QH268,Airbus A321,SGN,HAN,2025-11-17,19:35,21:45,Economy Smart,1577000,1
2025-11-16T14:19:17.480Z,QH224,Boeing 737 All Series Passenger,SGN,HAN,2025-11-17,10:20,12:30,Economy Smart,1750000,1
2025-11-16T14:19:17.480Z,QH204,Airbus A321,SGN,HAN,2025-11-17,07:10,09:20,Economy Flex,3068000,1
2025-11-16T14:19:17.480Z,QH224,Boeing 737 All Series Passenger,SGN,HAN,2025-11-17,10:20,12:30,Economy Flex,3068000,1
2025-11-16T14:19:17.480Z,QH242,Boeing 737 All Series Passenger,SGN,HAN,2025-11-17,13:15,15:25,Economy Flex,3068000,1
2025-11-16T14:19:17.480Z,QH268,Airbus A321,SGN,HAN,2025-11-17,19:35,21:45,Economy Flex,3068000,1
2025-11-16T14:19:17.480Z,QH224,Boeing 737 All Series Passenger,SGN,HAN,2025-11-17,10:20,12:30,Business Smart,5346000,1
2025-11-16T14:19:17.480Z,QH224,Boeing 737 All Series Passenger,SGN,HAN,2025-11-17,10:20,12:30,Business Flex,7398000,1
2025-11-16T14:26:51.038Z,QH268,Airbus A321,SGN,HAN,2025-11-18,19:35,21:45,Economy Smart,1340000,2
2025-11-16T14:26:51.038Z,QH204,Airbus A321,SGN,HAN,2025-11-18,07:10,09:20,Economy Smart,1448000,2
2025-11-16T14:26:51.038Z,QH204,Airbus A321,SGN,HAN,2025-11-18,07:10,09:20,Economy Smart,1577000,2
2025-11-16T14:26:51.038Z,QH268,Airbus A321,SGN,HAN,2025-11-18,19:35,21:45,Economy Smart,1577000,2
2025-11-16T14:26:51.038Z,QH242,Boeing 737 All Series Passenger,SGN,HAN,2025-11-18,13:15,15:25,Economy Smart,1750000,2
2025-11-16T14:26:51.038Z,QH204,Airbus A321,SGN,HAN,2025-11-18,07:10,09:20,Economy Flex,3068000,2
2025-11-16T14:26:51.038Z,QH242,Boeing 737 All Series Passenger,SGN,HAN,2025-11-18,13:15,15:25,Economy Flex,3068000,2
2025-11-16T14:26:51.038Z,QH268,Airbus A321,SGN,HAN,2025-11-18,19:35,21:45,Economy Flex,3068000,2
2025-11-16T14:26:51.038Z,QH204,Airbus A321,SGN,HAN,2025-11-18,07:10,09:20,Business Smart,5022000,2
2025-11-16T14:26:51.038Z,QH204,Airbus A321,SGN,HAN,2025-11-18,07:10,09:20,Business Flex,7074000,2
2025-11-16T14:28:13.683Z,QH204,Airbus A321,SGN,HAN,2025-11-17,07:10,09:20,Economy Smart,1340000,1
2025-11-16T14:28:13.683Z,QH268,Airbus A321,SGN,HAN,2025-11-17,19:35,21:45,Economy Smart,1340000,1
2025-11-16T14:28:13.683Z,QH204,Airbus A321,SGN,HAN,2025-11-17,07:10,09:20,Economy Smart,1577000,1
2025-11-16T14:28:13.683Z,QH242,Boeing 737 All Series Passenger,SGN,HAN,2025-11-17,13:15,15:25,Economy Smart,1577000,1
2025-11-16T14:28:13.683Z,QH268,Airbus A321,SGN,HAN,2025-11-17,19:35,21:45,Economy Smart,1577000,1
2025-11-16T14:28:13.683Z,QH224,Boeing 737 All Series Passenger,SGN,HAN,2025-11-17,10:20,12:30,Economy Smart,1750000,1
2025-11-16T14:28:13.683Z,QH204,Airbus A321,SGN,HAN,2025-11-17,07:10,09:20,Economy Flex,3068000,1
2025-11-16T14:28:13.683Z,QH224,Boeing 737 All Series Passenger,SGN,HAN,2025-11-17,10:20,12:30,Economy Flex,3068000,1
2025-11-16T14:28:13.683Z,QH242,Boeing 737 All Series Passenger,SGN,HAN,2025-11-17,13:15,15:25,Economy Flex,3068000,1
2025-11-16T14:28:13.683Z,QH268,Airbus A321,SGN,HAN,2025-11-17,19:35,21:45,Economy Flex,3068000,1
2025-11-16T14:28:13.683Z,QH224,Boeing 737 All Series Passenger,SGN,HAN,2025-11-17,10:20,12:30,Business Smart,5346000,1
2025-11-16T14:28:13.683Z,QH224,Boeing 737 All Series Passenger,SGN,HAN,2025-11-17,10:20,12:30,Business Flex,7398000,1
2025-11-16T14:29:52.418Z,QH204,Airbus A321,SGN,HAN,2025-11-19,07:10,09:20,Economy Smart,1340000,3
2025-11-16T14:29:52.418Z,QH268,Airbus A321,SGN,HAN,2025-11-19,19:35,21:45,Economy Smart,1448000,3
2025-11-16T14:29:52.418Z,QH204,Airbus A321,SGN,HAN,2025-11-19,07:10,09:20,Economy Smart,1577000,3
2025-11-16T14:29:52.418Z,QH224,Boeing 737 All Series Passenger,SGN,HAN,2025-11-19,08:50,11:00,Economy Smart,1577000,3
2025-11-16T14:29:52.418Z,QH242,Boeing 737 All Series Passenger,SGN,HAN,2025-11-19,13:15,15:25,Economy Smart,1577000,3
2025-11-16T14:29:52.418Z,QH268,Airbus A321,SGN,HAN,2025-11-19,19:35,21:45,Economy Smart,1577000,3
2025-11-16T14:29:52.418Z,QH204,Airbus A321,SGN,HAN,2025-11-19,07:10,09:20,Economy Flex,3068000,3
2025-11-16T14:29:52.418Z,QH224,Boeing 737 All Series Passenger,SGN,HAN,2025-11-19,08:50,11:00,Economy Flex,3068000,3
2025-11-16T14:29:52.418Z,QH242,Boeing 737 All Series Passenger,SGN,HAN,2025-11-19,13:15,15:25,Economy Flex,3068000,3
2025-11-16T14:29:52.418Z,QH268,Airbus A321,SGN,HAN,2025-11-19,19:35,21:45,Economy Flex,3068000,3
2025-11-16T14:29:52.418Z,QH224,Boeing 737 All Series Passenger,SGN,HAN,2025-11-19,08:50,11:00,Business Smart,4634000,3
2025-11-16T14:29:52.418Z,QH224,Boeing 737 All Series Passenger,SGN,HAN,2025-11-19,08:50,11:00,Business Flex,7074000,3
2025-11-16T14:33:13.865Z,QH204,Airbus A321,SGN,HAN,2025-11-19,07:10,09:20,Economy Smart,1340000,3
2025-11-16T14:33:13.865Z,QH268,Airbus A321,SGN,HAN,2025-11-19,19:35,21:45,Economy Smart,1448000,3
2025-11-16T14:33:13.865Z,QH204,Airbus A321,SGN,HAN,2025-11-19,07:10,09:20,Economy Smart,1577000,3
2025-11-16T14:33:13.865Z,QH224,Boeing 737 All Series Passenger,SGN,HAN,2025-11-19,08:50,11:00,Economy Smart,1577000,3
2025-11-16T14:33:13.865Z,QH242,Boeing 737 All Series Passenger,SGN,HAN,2025-11-19,13:15,15:25,Economy Smart,1577000,3
2025-11-16T14:33:13.865Z,QH268,Airbus A321,SGN,HAN,2025-11-19,19:35,21:45,Economy Smart,1577000,3
2025-11-16T14:33:13.865Z,QH204,Airbus A321,SGN,HAN,2025-11-19,07:10,09:20,Economy Flex,3068000,3
2025-11-16T14:33:13.865Z,QH224,Boeing 737 All Series Passenger,SGN,HAN,2025-11-19,08:50,11:00,Economy Flex,3068000,3
2025-11-16T14:33:13.865Z,QH242,Boeing 737 All Series Passenger,SGN,HAN,2025-11-19,13:15,15:25,Economy Flex,3068000,3
2025-11-16T14:33:13.865Z,QH268,Airbus A321,SGN,HAN,2025-11-19,19:35,21:45,Economy Flex,3068000,3
2025-11-16T14:33:13.865Z,QH224,Boeing 737 All Series Passenger,SGN,HAN,2025-11-19,08:50,11:00,Business Smart,4634000,3
2025-11-16T14:33:13.865Z,QH224,Boeing 737 All Series Passenger,SGN,HAN,2025-11-19,08:50,11:00,Business Flex,7074000,3
2025-11-16T14:35:39.535Z,QH204,Airbus A321,SGN,HAN,2025-11-20,07:10,09:20,Economy Smart,1577000,4
2025-11-16T14:35:39.535Z,QH268,Airbus A321,SGN,HAN,2025-11-20,19:35,21:45,Economy Smart,1577000,4
2025-11-16T14:35:39.535Z,QH242,Boeing 737 All Series Passenger,SGN,HAN,2025-11-20,13:15,15:25,Economy Smart,1750000,4
2025-11-16T14:35:39.535Z,QH204,Airbus A321,SGN,HAN,2025-11-20,07:10,09:20,Economy Flex,3068000,4
2025-11-16T14:35:39.535Z,QH242,Boeing 737 All Series Passenger,SGN,HAN,2025-11-20,13:15,15:25,Economy Flex,3068000,4
2025-11-16T14:35:39.535Z,QH268,Airbus A321,SGN,HAN,2025-11-20,19:35,21:45,Economy Flex,3068000,4
2025-11-16T14:36:11.234Z,QH204,Airbus A321,SGN,HAN,2025-11-21,07:10,09:20,Economy Smart,1577000,5
2025-11-16T14:36:11.234Z,QH268,Airbus A321,SGN,HAN,2025-11-21,19:35,21:45,Economy Smart,1577000,5
2025-11-16T14:36:11.234Z,QH224,Boeing 737 All Series Passenger,SGN,HAN,2025-11-21,10:20,12:30,Economy Smart,1750000,5
2025-11-16T14:36:11.234Z,QH242,Boeing 737 All Series Passenger,SGN,HAN,2025-11-21,13:15,15:25,Economy Smart,1750000,5
2025-11-16T14:36:11.234Z,QH204,Airbus A321,SGN,HAN,2025-11-21,07:10,09:20,Economy Flex,3068000,5
2025-11-16T14:36:11.234Z,QH224,Boeing 737 All Series Passenger,SGN,HAN,2025-11-21,10:20,12:30,Economy Flex,3068000,5
2025-11-16T14:36:11.234Z,QH242,Boeing 737 All Series Passenger,SGN,HAN,2025-11-21,13:15,15:25,Economy Flex,3068000,5
2025-11-16T14:36:11.234Z,QH268,Airbus A321,SGN,HAN,2025-11-21,19:35,21:45,Economy Flex,3068000,5
2025-11-16T14:36:46.432Z,QH204,Airbus A321,SGN,HAN,2025-11-22,07:10,09:20,Economy Smart,1448000,6
2025-11-16T14:36:46.432Z,QH268,Airbus A321,SGN,HAN,2025-11-22,19:35,21:45,Economy Smart,1448000,6
2025-11-16T14:36:46.432Z,QH204,Airbus A321,SGN,HAN,2025-11-22,07:10,09:20,Economy Smart,1577000,6
2025-11-16T14:36:46.432Z,QH224,Boeing 737 All Series Passenger,SGN,HAN,2025-11-22,10:20,12:30,Economy Smart,1577000,6
2025-11-16T14:36:46.432Z,QH242,Boeing 737 All Series Passenger,SGN,HAN,2025-11-22,13:15,15:25,Economy Smart,1577000,6
2025-11-16T14:36:46.432Z,QH268,Airbus A321,SGN,HAN,2025-11-22,19:35,21:45,Economy Smart,1577000,6
2025-11-16T14:36:46.432Z,QH204,Airbus A321,SGN,HAN,2025-11-22,07:10,09:20,Economy Flex,3068000,6
2025-11-16T14:36:46.432Z,QH224,Boeing 737 All Series Passenger,SGN,HAN,2025-11-22,10:20,12:30,Economy Flex,3068000,6
2025-11-16T14:36:46.432Z,QH242,Boeing 737 All Series Passenger,SGN,HAN,2025-11-22,13:15,15:25,Economy Flex,3068000,6
2025-11-16T14:36:46.432Z,QH268,Airbus A321,SGN,HAN,2025-11-22,19:35,21:45,Economy Flex,3068000,6
2025-11-16T14:36:46.432Z,QH204,Airbus A321,SGN,HAN,2025-11-22,07:10,09:20,Business Smart,4634000,6
2025-11-16T14:36:46.432Z,QH204,Airbus A321,SGN,HAN,2025-11-22,07:10,09:20,Business Flex,7074000,6
2025-11-16T14:37:20.627Z,QH204,Airbus A321,SGN,HAN,2025-11-23,07:10,09:20,Economy Smart,1577000,7
2025-11-16T14:37:20.627Z,QH268,Airbus A321,SGN,HAN,2025-11-23,19:35,21:45,Economy Smart,1577000,7
2025-11-16T14:37:20.627Z,QH224,Boeing 737 All Series Passenger,SGN,HAN,2025-11-23,10:20,12:30,Economy Smart,1750000,7
2025-11-16T14:37:20.627Z,QH242,Boeing 737 All Series Passenger,SGN,HAN,2025-11-23,13:15,15:25,Economy Smart,1750000,7
2025-11-16T14:37:20.627Z,QH204,Airbus A321,SGN,HAN,2025-11-23,07:10,09:20,Economy Flex,3068000,7
2025-11-16T14:37:20.627Z,QH224,Boeing 737 All Series Passenger,SGN,HAN,2025-11-23,10:20,12:30,Economy Flex,3068000,7
2025-11-16T14:37:20.627Z,QH242,Boeing 737 All Series Passenger,SGN,HAN,2025-11-23,13:15,15:25,Economy Flex,3068000,7
2025-11-16T14:37:20.627Z,QH268,Airbus A321,SGN,HAN,2025-11-23,19:35,21:45,Economy Flex,3068000,7
2025-11-16T14:37:54.691Z,QH204,Airbus A321,SGN,HAN,2025-11-24,07:10,09:20,Economy Smart,1577000,8
2025-11-16T14:37:54.691Z,QH268,Airbus A321,SGN,HAN,2025-11-24,19:35,21:45,Economy Smart,1577000,8
2025-11-16T14:37:54.691Z,QH224,Boeing 737 All Series Passenger,SGN,HAN,2025-11-24,10:20,12:30,Economy Smart,1750000,8
2025-11-16T14:37:54.691Z,QH242,Boeing 737 All Series Passenger,SGN,HAN,2025-11-24,13:15,15:25,Economy Smart,1750000,8
2025-11-16T14:37:54.691Z,QH204,Airbus A321,SGN,HAN,2025-11-24,07:10,09:20,Economy Flex,3068000,8
2025-11-16T14:37:54.691Z,QH224,Boeing 737 All Series Passenger,SGN,HAN,2025-11-24,10:20,12:30,Economy Flex,3068000,8
2025-11-16T14:37:54.691Z,QH242,Boeing 737 All Series Passenger,SGN,HAN,2025-11-24,13:15,15:25,Economy Flex,3068000,8
2025-11-16T14:37:54.691Z,QH268,Airbus A321,SGN,HAN,2025-11-24,19:35,21:45,Economy Flex,3068000,8
2025-11-16T14:38:29.790Z,QH204,Airbus A321,SGN,HAN,2025-11-25,07:10,09:20,Economy Smart,1577000,9
2025-11-16T14:38:29.790Z,QH268,Airbus A321,SGN,HAN,2025-11-25,19:35,21:45,Economy Smart,1577000,9
2025-11-16T14:38:29.790Z,QH224,Boeing 737 All Series Passenger,SGN,HAN,2025-11-25,10:20,12:30,Economy Smart,1750000,9
2025-11-16T14:38:29.790Z,QH242,Boeing 737 All Series Passenger,SGN,HAN,2025-11-25,13:15,15:25,Economy Smart,1750000,9
2025-11-16T14:38:29.790Z,QH204,Airbus A321,SGN,HAN,2025-11-25,07:10,09:20,Economy Flex,3068000,9
2025-11-16T14:38:29.790Z,QH224,Boeing 737 All Series Passenger,SGN,HAN,2025-11-25,10:20,12:30,Economy Flex,3068000,9
2025-11-16T14:38:29.790Z,QH242,Boeing 737 All Series Passenger,SGN,HAN,2025-11-25,13:15,15:25,Economy Flex,3068000,9
2025-11-16T14:38:29.790Z,QH268,Airbus A321,SGN,HAN,2025-11-25,19:35,21:45,Economy Flex,3068000,9
2025-11-16T14:39:00.839Z,QH268,Airbus A321,SGN,HAN,2025-11-26,19:35,21:45,Economy Smart,1448000,10
2025-11-16T14:39:00.839Z,QH204,Airbus A321,SGN,HAN,2025-11-26,07:10,09:20,Economy Smart,1577000,10
2025-11-16T14:39:00.839Z,QH268,Airbus A321,SGN,HAN,2025-11-26,19:35,21:45,Economy Smart,1577000,10
2025-11-16T14:39:00.839Z,QH224,Boeing 737 All Series Passenger,SGN,HAN,2025-11-26,10:20,12:30,Economy Smart,1750000,10
2025-11-16T14:39:00.839Z,QH242,Boeing 737 All Series Passenger,SGN,HAN,2025-11-26,13:15,15:25,Economy Smart,1750000,10
2025-11-16T14:39:00.839Z,QH204,Airbus A321,SGN,HAN,2025-11-26,07:10,09:20,Economy Flex,3068000,10
2025-11-16T14:39:00.839Z,QH224,Boeing 737 All Series Passenger,SGN,HAN,2025-11-26,10:20,12:30,Economy Flex,3068000,10
2025-11-16T14:39:00.839Z,QH242,Boeing 737 All Series Passenger,SGN,HAN,2025-11-26,13:15,15:25,Economy Flex,3068000,10
2025-11-16T14:39:00.839Z,QH268,Airbus A321,SGN,HAN,2025-11-26,19:35,21:45,Economy Flex,3068000,10
2025-11-16T14:39:32.108Z,QH204,Airbus A321,SGN,HAN,2025-11-27,07:10,09:20,Economy Smart,1750000,11
2025-11-16T14:39:32.108Z,QH268,Airbus A321,SGN,HAN,2025-11-27,19:35,21:45,Economy Smart,1750000,11
2025-11-16T14:39:32.108Z,QH224,Boeing 737 All Series Passenger,SGN,HAN,2025-11-27,10:20,12:30,Economy Smart,1944000,11
2025-11-16T14:39:32.108Z,QH242,Boeing 737 All Series Passenger,SGN,HAN,2025-11-27,13:15,15:25,Economy Smart,1944000,11
2025-11-16T14:39:32.108Z,QH204,Airbus A321,SGN,HAN,2025-11-27,07:10,09:20,Economy Flex,3068000,11
2025-11-16T14:39:32.108Z,QH224,Boeing 737 All Series Passenger,SGN,HAN,2025-11-27,10:20,12:30,Economy Flex,3068000,11
2025-11-16T14:39:32.108Z,QH242,Boeing 737 All Series Passenger,SGN,HAN,2025-11-27,13:15,15:25,Economy Flex,3068000,11
2025-11-16T14:39:32.108Z,QH268,Airbus A321,SGN,HAN,2025-11-27,19:35,21:45,Economy Flex,3068000,11
2025-11-16T14:40:01.603Z,QH204,Airbus A321,SGN,HAN,2025-11-28,07:10,09:20,Economy Smart,1750000,12
2025-11-16T14:40:01.603Z,QH268,Airbus A321,SGN,HAN,2025-11-28,19:35,21:45,Economy Smart,1750000,12
2025-11-16T14:40:01.603Z,QH224,Boeing 737 All Series Passenger,SGN,HAN,2025-11-28,10:20,12:30,Economy Smart,1944000,12
2025-11-16T14:40:01.603Z,QH242,Boeing 737 All Series Passenger,SGN,HAN,2025-11-28,13:15,15:25,Economy Smart,1944000,12
2025-11-16T14:40:01.603Z,QH204,Airbus A321,SGN,HAN,2025-11-28,07:10,09:20,Economy Flex,3068000,12
2025-11-16T14:40:01.603Z,QH224,Boeing 737 All Series Passenger,SGN,HAN,2025-11-28,10:20,12:30,Economy Flex,3068000,12
2025-11-16T14:40:01.603Z,QH242,Boeing 737 All Series Passenger,SGN,HAN,2025-11-28,13:15,15:25,Economy Flex,3068000,12
2025-11-16T14:40:01.603Z,QH268,Airbus A321,SGN,HAN,2025-11-28,19:35,21:45,Economy Flex,3068000,12
2025-11-16T14:40:32.357Z,QH204,Airbus A321,SGN,HAN,2025-11-29,07:10,09:20,Economy Smart,1577000,13
2025-11-16T14:40:32.357Z,QH268,Airbus A321,SGN,HAN,2025-11-29,19:35,21:45,Economy Smart,1577000,13
2025-11-16T14:40:32.357Z,QH224,Boeing 737 All Series Passenger,SGN,HAN,2025-11-29,10:20,12:30,Economy Smart,1750000,13
2025-11-16T14:40:32.357Z,QH242,Boeing 737 All Series Passenger,SGN,HAN,2025-11-29,13:15,15:25,Economy Smart,1750000,13
2025-11-16T14:40:32.357Z,QH204,Airbus A321,SGN,HAN,2025-11-29,07:10,09:20,Economy Flex,3068000,13
2025-11-16T14:40:32.357Z,QH224,Boeing 737 All Series Passenger,SGN,HAN,2025-11-29,10:20,12:30,Economy Flex,3068000,13
2025-11-16T14:40:32.357Z,QH242,Boeing 737 All Series Passenger,SGN,HAN,2025-11-29,13:15,15:25,Economy Flex,3068000,13
2025-11-16T14:40:32.357Z,QH268,Airbus A321,SGN,HAN,2025-11-29,19:35,21:45,Economy Flex,3068000,13
2025-11-16T14:41:03.054Z,QH204,Airbus A321,SGN,HAN,2025-11-30,07:10,09:20,Economy Smart,1577000,14
2025-11-16T14:41:03.054Z,QH268,Airbus A321,SGN,HAN,2025-11-30,19:35,21:45,Economy Smart,1750000,14
2025-11-16T14:41:03.054Z,QH224,Boeing 737 All Series Passenger,SGN,HAN,2025-11-30,10:20,12:30,Economy Smart,1944000,14
2025-11-16T14:41:03.054Z,QH242,Boeing 737 All Series Passenger,SGN,HAN,2025-11-30,13:15,15:25,Economy Smart,1944000,14
2025-11-16T14:41:03.054Z,QH204,Airbus A321,SGN,HAN,2025-11-30,07:10,09:20,Economy Flex,3068000,14
2025-11-16T14:41:03.054Z,QH224,Boeing 737 All Series Passenger,SGN,HAN,2025-11-30,10:20,12:30,Economy Flex,3068000,14
2025-11-16T14:41:03.054Z,QH242,Boeing 737 All Series Passenger,SGN,HAN,2025-11-30,13:15,15:25,Economy Flex,3068000,14
2025-11-16T14:41:03.054Z,QH268,Airbus A321,SGN,HAN,2025-11-30,19:35,21:45,Economy Flex,3068000,14
2025-11-16T14:42:15.349Z,QH204,Airbus A321,SGN,HAN,2025-02-12,07:10,09:20,Economy Smart,1577000,-277
2025-11-16T14:42:15.349Z,QH268,Airbus A321,SGN,HAN,2025-02-12,19:20,21:30,Economy Smart,1577000,-277
2025-11-16T14:42:15.349Z,QH224,Boeing 737 All Series Passenger,SGN,HAN,2025-02-12,10:40,12:50,Economy Smart,1750000,-277
2025-11-16T14:42:15.349Z,QH242,Boeing 737 All Series Passenger,SGN,HAN,2025-02-12,13:15,15:25,Economy Smart,1750000,-277
2025-11-16T14:42:15.349Z,QH204,Airbus A321,SGN,HAN,2025-02-12,07:10,09:20,Economy Flex,3068000,-277
2025-11-16T14:42:15.349Z,QH224,Boeing 737 All Series Passenger,SGN,HAN,2025-02-12,10:40,12:50,Economy Flex,3068000,-277
2025-11-16T14:42:15.349Z,QH242,Boeing 737 All Series Passenger,SGN,HAN,2025-02-12,13:15,15:25,Economy Flex,3068000,-277
2025-11-16T14:42:15.349Z,QH268,Airbus A321,SGN,HAN,2025-02-12,19:20,21:30,Economy Flex,3068000,-277
2025-11-16T14:42:46.032Z,QH204,Airbus A321,SGN,HAN,2025-03-12,07:10,09:20,Economy Smart,1577000,-249
2025-11-16T14:42:46.032Z,QH268,Airbus A321,SGN,HAN,2025-03-12,19:20,21:30,Economy Smart,1750000,-249
2025-11-16T14:42:46.032Z,QH224,Boeing 737 All Series Passenger,SGN,HAN,2025-03-12,10:40,12:50,Economy Smart,1944000,-249
2025-11-16T14:42:46.032Z,QH242,Boeing 737 All Series Passenger,SGN,HAN,2025-03-12,13:15,15:25,Economy Smart,1944000,-249
2025-11-16T14:42:46.032Z,QH204,Airbus A321,SGN,HAN,2025-03-12,07:10,09:20,Economy Flex,3068000,-249
2025-11-16T14:42:46.032Z,QH224,Boeing 737 All Series Passenger,SGN,HAN,2025-03-12,10:40,12:50,Economy Flex,3068000,-249
2025-11-16T14:42:46.032Z,QH242,Boeing 737 All Series Passenger,SGN,HAN,2025-03-12,13:15,15:25,Economy Flex,3068000,-249
2025-11-16T14:42:46.032Z,QH268,Airbus A321,SGN,HAN,2025-03-12,19:20,21:30,Economy Flex,3068000,-249
2025-11-16T14:43:20.142Z,QH204,Airbus A321,SGN,HAN,2025-04-12,07:10,09:20,Economy Smart,1750000,-218
2025-11-16T14:43:20.142Z,QH268,Airbus A321,SGN,HAN,2025-04-12,19:20,21:30,Economy Smart,1750000,-218
2025-11-16T14:43:20.142Z,QH224,Boeing 737 All Series Passenger,SGN,HAN,2025-04-12,10:40,12:50,Economy Smart,2128000,-218
2025-11-16T14:43:20.142Z,QH242,Boeing 737 All Series Passenger,SGN,HAN,2025-04-12,13:15,15:25,Economy Smart,2128000,-218
2025-11-16T14:43:20.142Z,QH204,Airbus A321,SGN,HAN,2025-04-12,07:10,09:20,Economy Flex,3068000,-218
2025-11-16T14:43:20.142Z,QH224,Boeing 737 All Series Passenger,SGN,HAN,2025-04-12,10:40,12:50,Economy Flex,3068000,-218
2025-11-16T14:43:20.142Z,QH242,Boeing 737 All Series Passenger,SGN,HAN,2025-04-12,13:15,15:25,Economy Flex,3068000,-218
2025-11-16T14:43:20.142Z,QH268,Airbus A321,SGN,HAN,2025-04-12,19:20,21:30,Economy Flex,3068000,-218
2025-11-16T14:43:50.641Z,QH268,Airbus A321,SGN,HAN,2025-05-12,19:20,21:30,Economy Smart,1750000,-188
2025-11-16T14:43:50.641Z,QH204,Airbus A321,SGN,HAN,2025-05-12,07:10,09:20,Economy Smart,1944000,-188
2025-11-16T14:43:50.641Z,QH242,Boeing 737 All Series Passenger,SGN,HAN,2025-05-12,13:15,15:25,Economy Smart,1944000,-188
2025-11-16T14:43:50.641Z,QH224,Boeing 737 All Series Passenger,SGN,HAN,2025-05-12,10:40,12:50,Economy Smart,2128000,-188
2025-11-16T14:43:50.641Z,QH204,Airbus A321,SGN,HAN,2025-05-12,07:10,09:20,Economy Flex,3068000,-188
2025-11-16T14:43:50.641Z,QH224,Boeing 737 All Series Passenger,SGN,HAN,2025-05-12,10:40,12:50,Economy Flex,3068000,-188
2025-11-16T14:43:50.641Z,QH242,Boeing 737 All Series Passenger,SGN,HAN,2025-05-12,13:15,15:25,Economy Flex,3068000,-188
2025-11-16T14:43:50.641Z,QH268,Airbus A321,SGN,HAN,2025-05-12,19:20,21:30,Economy Flex,3068000,-188
2025-11-16T14:46:24.127Z,QH268,Airbus A321,SGN,HAN,2025-06-12,19:20,21:30,Economy Smart,1577000,-157
2025-11-16T14:46:24.127Z,QH204,Airbus A321,SGN,HAN,2025-06-12,07:10,09:20,Economy Smart,1750000,-157
2025-11-16T14:46:24.127Z,QH242,Boeing 737 All Series Passenger,SGN,HAN,2025-06-12,13:15,15:25,Economy Smart,1750000,-157
2025-11-16T14:46:24.127Z,QH224,Boeing 737 All Series Passenger,SGN,HAN,2025-06-12,10:40,12:50,Economy Smart,1944000,-157
2025-11-16T14:46:24.127Z,QH204,Airbus A321,SGN,HAN,2025-06-12,07:10,09:20,Economy Flex,3068000,-157
2025-11-16T14:46:24.127Z,QH224,Boeing 737 All Series Passenger,SGN,HAN,2025-06-12,10:40,12:50,Economy Flex,3068000,-157
2025-11-16T14:46:24.127Z,QH242,Boeing 737 All Series Passenger,SGN,HAN,2025-06-12,13:15,15:25,Economy Flex,3068000,-157
2025-11-16T14:46:24.127Z,QH268,Airbus A321,SGN,HAN,2025-06-12,19:20,21:30,Economy Flex,3068000,-157
2025-11-16T14:46:57.169Z,QH204,Airbus A321,SGN,HAN,2025-07-12,07:10,09:20,Economy Smart,1750000,-127
2025-11-16T14:46:57.169Z,QH224,Boeing 737 All Series Passenger,SGN,HAN,2025-07-12,10:40,12:50,Economy Smart,1944000,-127
2025-11-16T14:46:57.169Z,QH242,Boeing 737 All Series Passenger,SGN,HAN,2025-07-12,13:15,15:25,Economy Smart,1944000,-127
2025-11-16T14:46:57.169Z,QH268,Airbus A321,SGN,HAN,2025-07-12,19:20,21:30,Economy Smart,1944000,-127
2025-11-16T14:46:57.169Z,QH204,Airbus A321,SGN,HAN,2025-07-12,07:10,09:20,Economy Flex,3068000,-127
2025-11-16T14:46:57.169Z,QH224,Boeing 737 All Series Passenger,SGN,HAN,2025-07-12,10:40,12:50,Economy Flex,3068000,-127
2025-11-16T14:46:57.169Z,QH242,Boeing 737 All Series Passenger,SGN,HAN,2025-07-12,13:15,15:25,Economy Flex,3068000,-127
2025-11-16T14:46:57.169Z,QH268,Airbus A321,SGN,HAN,2025-07-12,19:20,21:30,Economy Flex,3068000,-127
2025-11-16T14:47:30.860Z,QH204,Airbus A321,SGN,HAN,2025-08-12,07:10,09:20,Economy Smart,1577000,-96
2025-11-16T14:47:30.860Z,QH268,Airbus A321,SGN,HAN,2025-08-12,19:20,21:30,Economy Smart,1577000,-96
2025-11-16T14:47:30.860Z,QH224,Boeing 737 All Series Passenger,SGN,HAN,2025-08-12,10:40,12:50,Economy Smart,1750000,-96
2025-11-16T14:47:30.860Z,QH242,Boeing 737 All Series Passenger,SGN,HAN,2025-08-12,13:15,15:25,Economy Smart,1750000,-96
2025-11-16T14:47:30.860Z,QH204,Airbus A321,SGN,HAN,2025-08-12,07:10,09:20,Economy Flex,3068000,-96
2025-11-16T14:47:30.860Z,QH224,Boeing 737 All Series Passenger,SGN,HAN,2025-08-12,10:40,12:50,Economy Flex,3068000,-96
2025-11-16T14:47:30.860Z,QH242,Boeing 737 All Series Passenger,SGN,HAN,2025-08-12,13:15,15:25,Economy Flex,3068000,-96
2025-11-16T14:47:30.860Z,QH268,Airbus A321,SGN,HAN,2025-08-12,19:20,21:30,Economy Flex,3068000,-96
2025-11-16T14:48:03.683Z,QH204,Airbus A321,SGN,HAN,2025-09-12,07:10,09:20,Economy Smart,1577000,-65
2025-11-16T14:48:03.683Z,QH268,Airbus A321,SGN,HAN,2025-09-12,19:20,21:30,Economy Smart,1577000,-65
2025-11-16T14:48:03.683Z,QH224,Boeing 737 All Series Passenger,SGN,HAN,2025-09-12,10:40,12:50,Economy Smart,1750000,-65
2025-11-16T14:48:03.683Z,QH242,Boeing 737 All Series Passenger,SGN,HAN,2025-09-12,13:15,15:25,Economy Smart,1750000,-65
2025-11-16T14:48:03.683Z,QH204,Airbus A321,SGN,HAN,2025-09-12,07:10,09:20,Economy Flex,3068000,-65
2025-11-16T14:48:03.683Z,QH224,Boeing 737 All Series Passenger,SGN,HAN,2025-09-12,10:40,12:50,Economy Flex,3068000,-65
2025-11-16T14:48:03.683Z,QH242,Boeing 737 All Series Passenger,SGN,HAN,2025-09-12,13:15,15:25,Economy Flex,3068000,-65
2025-11-16T14:48:03.683Z,QH268,Airbus A321,SGN,HAN,2025-09-12,19:20,21:30,Economy Flex,3068000,-65
2025-11-16T14:48:39.853Z,QH204,Airbus A321,SGN,HAN,2025-10-12,07:10,09:20,Economy Smart,1577000,-35
2025-11-16T14:48:39.853Z,QH268,Airbus A321,SGN,HAN,2025-10-12,19:20,21:30,Economy Smart,1577000,-35
2025-11-16T14:48:39.853Z,QH242,Boeing 737 All Series Passenger,SGN,HAN,2025-10-12,13:15,15:25,Economy Smart,1750000,-35
2025-11-16T14:48:39.853Z,QH224,Boeing 737 All Series Passenger,SGN,HAN,2025-10-12,10:40,12:50,Economy Smart,1944000,-35
2025-11-16T14:48:39.853Z,QH204,Airbus A321,SGN,HAN,2025-10-12,07:10,09:20,Economy Flex,3068000,-35
2025-11-16T14:48:39.853Z,QH224,Boeing 737 All Series Passenger,SGN,HAN,2025-10-12,10:40,12:50,Economy Flex,3068000,-35
2025-11-16T14:48:39.853Z,QH242,Boeing 737 All Series Passenger,SGN,HAN,2025-10-12,13:15,15:25,Economy Flex,3068000,-35
2025-11-16T14:48:39.853Z,QH268,Airbus A321,SGN,HAN,2025-10-12,19:20,21:30,Economy Flex,3068000,-35
2025-11-16T14:49:11.961Z,QH268,Airbus A321,SGN,HAN,2025-11-12,19:20,21:30,Economy Smart,1750000,-4
2025-11-16T14:49:11.961Z,QH204,Airbus A321,SGN,HAN,2025-11-12,07:10,09:20,Economy Smart,1944000,-4
2025-11-16T14:49:11.961Z,QH242,Boeing 737 All Series Passenger,SGN,HAN,2025-11-12,13:15,15:25,Economy Smart,1944000,-4
2025-11-16T14:49:11.961Z,QH224,Boeing 737 All Series Passenger,SGN,HAN,2025-11-12,10:40,12:50,Economy Smart,2128000,-4
2025-11-16T14:49:11.961Z,QH204,Airbus A321,SGN,HAN,2025-11-12,07:10,09:20,Economy Flex,3068000,-4
2025-11-16T14:49:11.961Z,QH224,Boeing 737 All Series Passenger,SGN,HAN,2025-11-12,10:40,12:50,Economy Flex,3068000,-4
2025-11-16T14:49:11.961Z,QH242,Boeing 737 All Series Passenger,SGN,HAN,2025-11-12,13:15,15:25,Economy Flex,3068000,-4
2025-11-16T14:49:11.961Z,QH268,Airbus A321,SGN,HAN,2025-11-12,19:20,21:30,Economy Flex,3068000,-4
2025-11-16T14:49:45.340Z,QH204,Airbus A321,SGN,HAN,2025-12-12,07:10,09:20,Economy Smart,1750000,26
2025-11-16T14:49:45.340Z,QH268,Airbus A321,SGN,HAN,2025-12-12,19:20,21:30,Economy Smart,1750000,26
2025-11-16T14:49:45.340Z,QH242,Boeing 737 All Series Passenger,SGN,HAN,2025-12-12,13:15,15:25,Economy Smart,2355000,26
2025-11-16T14:49:45.340Z,QH224,Boeing 737 All Series Passenger,SGN,HAN,2025-12-12,10:40,12:50,Economy Smart,2808000,26
2025-11-16T14:49:45.340Z,QH204,Airbus A321,SGN,HAN,2025-12-12,07:10,09:20,Economy Flex,3068000,26
2025-11-16T14:49:45.340Z,QH224,Boeing 737 All Series Passenger,SGN,HAN,2025-12-12,10:40,12:50,Economy Flex,3068000,26
2025-11-16T14:49:45.340Z,QH242,Boeing 737 All Series Passenger,SGN,HAN,2025-12-12,13:15,15:25,Economy Flex,3068000,26
2025-11-16T14:49:45.340Z,QH268,Airbus A321,SGN,HAN,2025-12-12,19:20,21:30,Economy Flex,3068000,26
2025-11-16T14:50:19.183Z,QH268,Airbus A321,SGN,HAN,2025-12-13,19:20,21:30,Economy Smart,1232000,27
2025-11-16T14:50:19.183Z,QH204,Airbus A321,SGN,HAN,2025-12-13,07:10,09:20,Economy Smart,1577000,27
2025-11-16T14:50:19.183Z,QH268,Airbus A321,SGN,HAN,2025-12-13,19:20,21:30,Economy Smart,1577000,27
2025-11-16T14:50:19.183Z,QH224,Boeing 737 All Series Passenger,SGN,HAN,2025-12-13,10:40,12:50,Economy Smart,1750000,27
2025-11-16T14:50:19.183Z,QH242,Boeing 737 All Series Passenger,SGN,HAN,2025-12-13,13:15,15:25,Economy Smart,1750000,27
2025-11-16T14:50:19.183Z,QH204,Airbus A321,SGN,HAN,2025-12-13,07:10,09:20,Economy Flex,3068000,27
2025-11-16T14:50:19.183Z,QH224,Boeing 737 All Series Passenger,SGN,HAN,2025-12-13,10:40,12:50,Economy Flex,3068000,27
2025-11-16T14:50:19.183Z,QH242,Boeing 737 All Series Passenger,SGN,HAN,2025-12-13,13:15,15:25,Economy Flex,3068000,27
2025-11-16T14:50:19.183Z,QH268,Airbus A321,SGN,HAN,2025-12-13,19:20,21:30,Economy Flex,3068000,27
2025-11-16T14:50:49.564Z,QH204,Airbus A321,SGN,HAN,2025-12-14,07:10,09:20,Economy Smart,1750000,28
2025-11-16T14:50:49.564Z,QH268,Airbus A321,SGN,HAN,2025-12-14,19:20,21:30,Economy Smart,1750000,28
2025-11-16T14:50:49.564Z,QH224,Boeing 737 All Series Passenger,SGN,HAN,2025-12-14,10:40,12:50,Economy Smart,1944000,28
2025-11-16T14:50:49.564Z,QH242,Boeing 737 All Series Passenger,SGN,HAN,2025-12-14,13:15,15:25,Economy Smart,1944000,28
2025-11-16T14:50:49.564Z,QH204,Airbus A321,SGN,HAN,2025-12-14,07:10,09:20,Economy Flex,3068000,28
2025-11-16T14:50:49.564Z,QH224,Boeing 737 All Series Passenger,SGN,HAN,2025-12-14,10:40,12:50,Economy Flex,3068000,28
2025-11-16T14:50:49.564Z,QH242,Boeing 737 All Series Passenger,SGN,HAN,2025-12-14,13:15,15:25,Economy Flex,3068000,28
2025-11-16T14:50:49.564Z,QH268,Airbus A321,SGN,HAN,2025-12-14,19:20,21:30,Economy Flex,3068000,28
2025-11-16T14:51:49.342Z,QH204,Airbus A321,SGN,HAN,2025-12-16,07:10,09:20,Economy Smart,1577000,30
2025-11-16T14:51:49.342Z,QH268,Airbus A321,SGN,HAN,2025-12-16,19:20,21:30,Economy Smart,1577000,30
2025-11-16T14:51:49.342Z,QH224,Boeing 737 All Series Passenger,SGN,HAN,2025-12-16,10:40,12:50,Economy Smart,1750000,30
2025-11-16T14:51:49.342Z,QH242,Boeing 737 All Series Passenger,SGN,HAN,2025-12-16,13:15,15:25,Economy Smart,1750000,30
2025-11-16T14:51:49.342Z,QH204,Airbus A321,SGN,HAN,2025-12-16,07:10,09:20,Economy Flex,3068000,30
2025-11-16T14:51:49.342Z,QH224,Boeing 737 All Series Passenger,SGN,HAN,2025-12-16,10:40,12:50,Economy Flex,3068000,30
2025-11-16T14:51:49.342Z,QH242,Boeing 737 All Series Passenger,SGN,HAN,2025-12-16,13:15,15:25,Economy Flex,3068000,30
2025-11-16T14:51:49.342Z,QH268,Airbus A321,SGN,HAN,2025-12-16,19:20,21:30,Economy Flex,3068000,30
2025-11-16T14:52:21.570Z,QH268,Airbus A321,SGN,HAN,2025-12-17,19:20,21:30,Economy Smart,1577000,31
2025-11-16T14:52:21.570Z,QH204,Airbus A321,SGN,HAN,2025-12-17,07:10,09:20,Economy Smart,1750000,31
2025-11-16T14:52:21.570Z,QH224,Boeing 737 All Series Passenger,SGN,HAN,2025-12-17,10:40,12:50,Economy Smart,1750000,31
2025-11-16T14:52:21.570Z,QH242,Boeing 737 All Series Passenger,SGN,HAN,2025-12-17,13:15,15:25,Economy Smart,1750000,31
2025-11-16T14:52:21.570Z,QH204,Airbus A321,SGN,HAN,2025-12-17,07:10,09:20,Economy Flex,3068000,31
2025-11-16T14:52:21.570Z,QH224,Boeing 737 All Series Passenger,SGN,HAN,2025-12-17,10:40,12:50,Economy Flex,3068000,31
2025-11-16T14:52:21.570Z,QH242,Boeing 737 All Series Passenger,SGN,HAN,2025-12-17,13:15,15:25,Economy Flex,3068000,31
2025-11-16T14:52:21.570Z,QH268,Airbus A321,SGN,HAN,2025-12-17,19:20,21:30,Economy Flex,3068000,31
2025-11-16T14:52:56.244Z,QH204,Airbus A321,SGN,HAN,2025-12-18,07:10,09:20,Economy Smart,1750000,32
2025-11-16T14:52:56.244Z,QH268,Airbus A321,SGN,HAN,2025-12-18,19:20,21:30,Economy Smart,1750000,32
2025-11-16T14:52:56.244Z,QH224,Boeing 737 All Series Passenger,SGN,HAN,2025-12-18,10:40,12:50,Economy Smart,1944000,32
2025-11-16T14:52:56.244Z,QH242,Boeing 737 All Series Passenger,SGN,HAN,2025-12-18,13:15,15:25,Economy Smart,1944000,32
2025-11-16T14:52:56.244Z,QH204,Airbus A321,SGN,HAN,2025-12-18,07:10,09:20,Economy Flex,3068000,32
2025-11-16T14:52:56.244Z,QH224,Boeing 737 All Series Passenger,SGN,HAN,2025-12-18,10:40,12:50,Economy Flex,3068000,32
2025-11-16T14:52:56.244Z,QH242,Boeing 737 All Series Passenger,SGN,HAN,2025-12-18,13:15,15:25,Economy Flex,3068000,32
2025-11-16T14:52:56.244Z,QH268,Airbus A321,SGN,HAN,2025-12-18,19:20,21:30,Economy Flex,3068000,32
2025-11-16T14:53:27.700Z,QH204,Airbus A321,SGN,HAN,2025-12-19,07:10,09:20,Economy Smart,1944000,33
2025-11-16T14:53:27.700Z,QH242,Boeing 737 All Series Passenger,SGN,HAN,2025-12-19,13:15,15:25,Economy Smart,1944000,33
2025-11-16T14:53:27.700Z,QH268,Airbus A321,SGN,HAN,2025-12-19,19:20,21:30,Economy Smart,1944000,33
2025-11-16T14:53:27.700Z,QH224,Boeing 737 All Series Passenger,SGN,HAN,2025-12-19,10:40,12:50,Economy Smart,2128000,33
2025-11-16T14:53:27.700Z,QH204,Airbus A321,SGN,HAN,2025-12-19,07:10,09:20,Economy Flex,3068000,33
2025-11-16T14:53:27.700Z,QH224,Boeing 737 All Series Passenger,SGN,HAN,2025-12-19,10:40,12:50,Economy Flex,3068000,33
2025-11-16T14:53:27.700Z,QH242,Boeing 737 All Series Passenger,SGN,HAN,2025-12-19,13:15,15:25,Economy Flex,3068000,33
2025-11-16T14:53:27.700Z,QH268,Airbus A321,SGN,HAN,2025-12-19,19:20,21:30,Economy Flex,3068000,33
2025-11-16T14:53:58.533Z,QH268,Airbus A321,SGN,HAN,2025-12-20,19:20,21:30,Economy Smart,1232000,34
2025-11-16T14:53:58.533Z,QH204,Airbus A321,SGN,HAN,2025-12-20,07:10,09:20,Economy Smart,1750000,34
2025-11-16T14:53:58.533Z,QH242,Boeing 737 All Series Passenger,SGN,HAN,2025-12-20,13:15,15:25,Economy Smart,1750000,34
2025-11-16T14:53:58.533Z,QH268,Airbus A321,SGN,HAN,2025-12-20,19:20,21:30,Economy Smart,1750000,34
2025-11-16T14:53:58.533Z,QH224,Boeing 737 All Series Passenger,SGN,HAN,2025-12-20,10:40,12:50,Economy Smart,1944000,34
2025-11-16T14:53:58.533Z,QH204,Airbus A321,SGN,HAN,2025-12-20,07:10,09:20,Economy Flex,3068000,34
2025-11-16T14:53:58.533Z,QH224,Boeing 737 All Series Passenger,SGN,HAN,2025-12-20,10:40,12:50,Economy Flex,3068000,34
2025-11-16T14:53:58.533Z,QH242,Boeing 737 All Series Passenger,SGN,HAN,2025-12-20,13:15,15:25,Economy Flex,3068000,34
2025-11-16T14:53:58.533Z,QH268,Airbus A321,SGN,HAN,2025-12-20,19:20,21:30,Economy Flex,3068000,34
2025-11-16T14:54:28.324Z,QH204,Airbus A321,SGN,HAN,2025-12-21,07:10,09:20,Economy Smart,1750000,35
2025-11-16T14:54:28.324Z,QH268,Airbus A321,SGN,HAN,2025-12-21,19:20,21:30,Economy Smart,1750000,35
2025-11-16T14:54:28.324Z,QH242,Boeing 737 All Series Passenger,SGN,HAN,2025-12-21,13:15,15:25,Economy Smart,1944000,35
2025-11-16T14:54:28.324Z,QH224,Boeing 737 All Series Passenger,SGN,HAN,2025-12-21,10:40,12:50,Economy Smart,2128000,35
2025-11-16T14:54:28.324Z,QH204,Airbus A321,SGN,HAN,2025-12-21,07:10,09:20,Economy Flex,3068000,35
2025-11-16T14:54:28.324Z,QH224,Boeing 737 All Series Passenger,SGN,HAN,2025-12-21,10:40,12:50,Economy Flex,3068000,35
2025-11-16T14:54:28.324Z,QH242,Boeing 737 All Series Passenger,SGN,HAN,2025-12-21,13:15,15:25,Economy Flex,3068000,35
2025-11-16T14:54:28.324Z,QH268,Airbus A321,SGN,HAN,2025-12-21,19:20,21:30,Economy Flex,3068000,35
2025-11-16T15:03:19.131Z,QH204,Airbus A321,SGN,HAN,2025-12-22,07:10,09:20,Economy Smart,1577000,36
2025-11-16T15:03:19.131Z,QH268,Airbus A321,SGN,HAN,2025-12-22,19:20,21:30,Economy Smart,1577000,36
2025-11-16T15:03:19.131Z,QH242,Boeing 737 All Series Passenger,SGN,HAN,2025-12-22,13:15,15:25,Economy Smart,1750000,36
2025-11-16T15:03:19.131Z,QH224,Boeing 737 All Series Passenger,SGN,HAN,2025-12-22,10:40,12:50,Economy Smart,1944000,36
2025-11-16T15:03:19.131Z,QH204,Airbus A321,SGN,HAN,2025-12-22,07:10,09:20,Economy Flex,3068000,36
2025-11-16T15:03:19.131Z,QH224,Boeing 737 All Series Passenger,SGN,HAN,2025-12-22,10:40,12:50,Economy Flex,3068000,36
2025-11-16T15:03:19.131Z,QH242,Boeing 737 All Series Passenger,SGN,HAN,2025-12-22,13:15,15:25,Economy Flex,3068000,36
2025-11-16T15:03:19.131Z,QH268,Airbus A321,SGN,HAN,2025-12-22,19:20,21:30,Economy Flex,3068000,36
2025-11-16T15:03:55.772Z,QH204,Airbus A321,SGN,HAN,2025-12-23,07:10,09:20,Economy Smart,1577000,37
2025-11-16T15:03:55.772Z,QH268,Airbus A321,SGN,HAN,2025-12-23,19:20,21:30,Economy Smart,1577000,37
2025-11-16T15:03:55.772Z,QH224,Boeing 737 All Series Passenger,SGN,HAN,2025-12-23,10:40,12:50,Economy Smart,1750000,37
2025-11-16T15:03:55.772Z,QH242,Boeing 737 All Series Passenger,SGN,HAN,2025-12-23,13:15,15:25,Economy Smart,1750000,37
2025-11-16T15:03:55.772Z,QH204,Airbus A321,SGN,HAN,2025-12-23,07:10,09:20,Economy Flex,3068000,37
2025-11-16T15:03:55.772Z,QH224,Boeing 737 All Series Passenger,SGN,HAN,2025-12-23,10:40,12:50,Economy Flex,3068000,37
2025-11-16T15:03:55.772Z,QH242,Boeing 737 All Series Passenger,SGN,HAN,2025-12-23,13:15,15:25,Economy Flex,3068000,37
2025-11-16T15:03:55.772Z,QH268,Airbus A321,SGN,HAN,2025-12-23,19:20,21:30,Economy Flex,3068000,37
2025-11-16T15:04:26.972Z,QH204,Airbus A321,SGN,HAN,2025-12-24,07:10,09:20,Economy Smart,1577000,38
2025-11-16T15:04:26.972Z,QH268,Airbus A321,SGN,HAN,2025-12-24,19:20,21:30,Economy Smart,1577000,38
2025-11-16T15:04:26.972Z,QH224,Boeing 737 All Series Passenger,SGN,HAN,2025-12-24,10:40,12:50,Economy Smart,1750000,38
2025-11-16T15:04:26.972Z,QH242,Boeing 737 All Series Passenger,SGN,HAN,2025-12-24,13:15,15:25,Economy Smart,1750000,38
2025-11-16T15:04:26.972Z,QH204,Airbus A321,SGN,HAN,2025-12-24,07:10,09:20,Economy Flex,3068000,38
2025-11-16T15:04:26.972Z,QH224,Boeing 737 All Series Passenger,SGN,HAN,2025-12-24,10:40,12:50,Economy Flex,3068000,38
2025-11-16T15:04:26.972Z,QH242,Boeing 737 All Series Passenger,SGN,HAN,2025-12-24,13:15,15:25,Economy Flex,3068000,38
2025-11-16T15:04:26.972Z,QH268,Airbus A321,SGN,HAN,2025-12-24,19:20,21:30,Economy Flex,3068000,38
2025-11-16T15:05:00.020Z,QH268,Airbus A321,SGN,HAN,2025-12-25,19:20,21:30,Economy Smart,1750000,39
2025-11-16T15:05:00.020Z,QH204,Airbus A321,SGN,HAN,2025-12-25,07:10,09:20,Economy Smart,1944000,39
2025-11-16T15:05:00.020Z,QH224,Boeing 737 All Series Passenger,SGN,HAN,2025-12-25,10:40,12:50,Economy Smart,1944000,39
2025-11-16T15:05:00.020Z,QH242,Boeing 737 All Series Passenger,SGN,HAN,2025-12-25,13:15,15:25,Economy Smart,1944000,39
2025-11-16T15:05:00.020Z,QH204,Airbus A321,SGN,HAN,2025-12-25,07:10,09:20,Economy Flex,3068000,39
2025-11-16T15:05:00.020Z,QH224,Boeing 737 All Series Passenger,SGN,HAN,2025-12-25,10:40,12:50,Economy Flex,3068000,39
2025-11-16T15:05:00.020Z,QH242,Boeing 737 All Series Passenger,SGN,HAN,2025-12-25,13:15,15:25,Economy Flex,3068000,39
2025-11-16T15:05:00.020Z,QH268,Airbus A321,SGN,HAN,2025-12-25,19:20,21:30,Economy Flex,3068000,39
2025-11-16T15:05:33.145Z,QH204,Airbus A321,SGN,HAN,2025-12-26,07:10,09:20,Economy Smart,1750000,40
2025-11-16T15:05:33.145Z,QH268,Airbus A321,SGN,HAN,2025-12-26,19:20,21:30,Economy Smart,1750000,40
2025-11-16T15:05:33.145Z,QH242,Boeing 737 All Series Passenger,SGN,HAN,2025-12-26,13:15,15:25,Economy Smart,1944000,40
2025-11-16T15:05:33.145Z,QH224,Boeing 737 All Series Passenger,SGN,HAN,2025-12-26,10:40,12:50,Economy Smart,2128000,40
2025-11-16T15:05:33.145Z,QH204,Airbus A321,SGN,HAN,2025-12-26,07:10,09:20,Economy Flex,3068000,40
2025-11-16T15:05:33.145Z,QH224,Boeing 737 All Series Passenger,SGN,HAN,2025-12-26,10:40,12:50,Economy Flex,3068000,40
2025-11-16T15:05:33.145Z,QH242,Boeing 737 All Series Passenger,SGN,HAN,2025-12-26,13:15,15:25,Economy Flex,3068000,40
2025-11-16T15:05:33.145Z,QH268,Airbus A321,SGN,HAN,2025-12-26,19:20,21:30,Economy Flex,3068000,40
2025-11-16T15:06:04.869Z,QH268,Airbus A321,SGN,HAN,2025-12-27,19:20,21:30,Economy Smart,1750000,41
2025-11-16T15:06:04.869Z,QH204,Airbus A321,SGN,HAN,2025-12-27,07:10,09:20,Economy Smart,1944000,41
2025-11-16T15:06:04.869Z,QH224,Boeing 737 All Series Passenger,SGN,HAN,2025-12-27,10:40,12:50,Economy Smart,2128000,41
2025-11-16T15:06:04.869Z,QH242,Boeing 737 All Series Passenger,SGN,HAN,2025-12-27,13:15,15:25,Economy Smart,2128000,41
2025-11-16T15:06:04.869Z,QH204,Airbus A321,SGN,HAN,2025-12-27,07:10,09:20,Economy Flex,3068000,41
2025-11-16T15:06:04.869Z,QH224,Boeing 737 All Series Passenger,SGN,HAN,2025-12-27,10:40,12:50,Economy Flex,3068000,41
2025-11-16T15:06:04.869Z,QH242,Boeing 737 All Series Passenger,SGN,HAN,2025-12-27,13:15,15:25,Economy Flex,3068000,41
2025-11-16T15:06:04.869Z,QH268,Airbus A321,SGN,HAN,2025-12-27,19:20,21:30,Economy Flex,3068000,41
2025-11-16T15:06:36.950Z,QH268,Airbus A321,SGN,HAN,2025-12-28,19:20,21:30,Economy Smart,1750000,42
2025-11-16T15:06:36.950Z,QH204,Airbus A321,SGN,HAN,2025-12-28,07:10,09:20,Economy Smart,1944000,42
2025-11-16T15:06:36.950Z,QH224,Boeing 737 All Series Passenger,SGN,HAN,2025-12-28,10:40,12:50,Economy Smart,1944000,42
2025-11-16T15:06:36.950Z,QH242,Boeing 737 All Series Passenger,SGN,HAN,2025-12-28,13:15,15:25,Economy Smart,2128000,42
2025-11-16T15:06:36.950Z,QH204,Airbus A321,SGN,HAN,2025-12-28,07:10,09:20,Economy Flex,3068000,42
2025-11-16T15:06:36.950Z,QH224,Boeing 737 All Series Passenger,SGN,HAN,2025-12-28,10:40,12:50,Economy Flex,3068000,42
2025-11-16T15:06:36.950Z,QH242,Boeing 737 All Series Passenger,SGN,HAN,2025-12-28,13:15,15:25,Economy Flex,3068000,42
2025-11-16T15:06:36.950Z,QH268,Airbus A321,SGN,HAN,2025-12-28,19:20,21:30,Economy Flex,3068000,42
2025-11-16T15:07:10.511Z,QH204,Airbus A321,SGN,HAN,2025-12-29,07:10,09:20,Economy Smart,1577000,43
2025-11-16T15:07:10.511Z,QH224,Boeing 737 All Series Passenger,SGN,HAN,2025-12-29,10:40,12:50,Economy Smart,1750000,43
2025-11-16T15:07:10.511Z,QH242,Boeing 737 All Series Passenger,SGN,HAN,2025-12-29,13:15,15:25,Economy Smart,1944000,43
2025-11-16T15:07:10.511Z,QH268,Airbus A321,SGN,HAN,2025-12-29,19:20,21:30,Economy Smart,1944000,43
2025-11-16T15:07:10.511Z,QH204,Airbus A321,SGN,HAN,2025-12-29,07:10,09:20,Economy Flex,3068000,43
2025-11-16T15:07:10.511Z,QH224,Boeing 737 All Series Passenger,SGN,HAN,2025-12-29,10:40,12:50,Economy Flex,3068000,43
2025-11-16T15:07:10.511Z,QH242,Boeing 737 All Series Passenger,SGN,HAN,2025-12-29,13:15,15:25,Economy Flex,3068000,43
2025-11-16T15:07:10.511Z,QH268,Airbus A321,SGN,HAN,2025-12-29,19:20,21:30,Economy Flex,3068000,43
2025-11-16T15:07:44.768Z,QH204,Airbus A321,SGN,HAN,2025-12-30,07:10,09:20,Economy Smart,1577000,44
2025-11-16T15:07:44.768Z,QH268,Airbus A321,SGN,HAN,2025-12-30,19:20,21:30,Economy Smart,1577000,44
2025-11-16T15:07:44.768Z,QH224,Boeing 737 All Series Passenger,SGN,HAN,2025-12-30,10:40,12:50,Economy Smart,1750000,44
2025-11-16T15:07:44.768Z,QH242,Boeing 737 All Series Passenger,SGN,HAN,2025-12-30,13:15,15:25,Economy Smart,1750000,44
2025-11-16T15:07:44.768Z,QH204,Airbus A321,SGN,HAN,2025-12-30,07:10,09:20,Economy Flex,3068000,44
2025-11-16T15:07:44.768Z,QH224,Boeing 737 All Series Passenger,SGN,HAN,2025-12-30,10:40,12:50,Economy Flex,3068000,44
2025-11-16T15:07:44.768Z,QH242,Boeing 737 All Series Passenger,SGN,HAN,2025-12-30,13:15,15:25,Economy Flex,3068000,44
2025-11-16T15:07:44.768Z,QH268,Airbus A321,SGN,HAN,2025-12-30,19:20,21:30,Economy Flex,3068000,44
2025-11-16T15:08:18.573Z,QH204,Airbus A321,SGN,HAN,2025-12-31,07:10,09:20,Economy Smart,1944000,45
2025-11-16T15:08:18.573Z,QH224,Boeing 737 All Series Passenger,SGN,HAN,2025-12-31,10:40,12:50,Economy Smart,1944000,45
2025-11-16T15:08:18.573Z,QH242,Boeing 737 All Series Passenger,SGN,HAN,2025-12-31,13:15,15:25,Economy Smart,1944000,45
2025-11-16T15:08:18.573Z,QH268,Airbus A321,SGN,HAN,2025-12-31,19:20,21:30,Economy Smart,2355000,45
2025-11-16T15:08:18.573Z,QH204,Airbus A321,SGN,HAN,2025-12-31,07:10,09:20,Economy Flex,3068000,45
2025-11-16T15:08:18.573Z,QH224,Boeing 737 All Series Passenger,SGN,HAN,2025-12-31,10:40,12:50,Economy Flex,3068000,45
2025-11-16T15:08:18.573Z,QH242,Boeing 737 All Series Passenger,SGN,HAN,2025-12-31,13:15,15:25,Economy Flex,3068000,45
2025-11-16T15:08:18.573Z,QH268,Airbus A321,SGN,HAN,2025-12-31,19:20,21:30,Economy Flex,3068000,45
2025-11-16T15:08:51.877Z,QH204,Airbus A321,SGN,HAN,2026-01-01,07:10,09:20,Economy Smart,1944000,46
2025-11-16T15:08:51.877Z,QH224,Boeing 737 All Series Passenger,SGN,HAN,2026-01-01,10:40,12:50,Economy Smart,1944000,46
2025-11-16T15:08:51.877Z,QH242,Boeing 737 All Series Passenger,SGN,HAN,2026-01-01,13:15,15:25,Economy Smart,1944000,46
2025-11-16T15:08:51.877Z,QH268,Airbus A321,SGN,HAN,2026-01-01,19:20,21:30,Economy Smart,1944000,46
2025-11-16T15:08:51.877Z,QH204,Airbus A321,SGN,HAN,2026-01-01,07:10,09:20,Economy Flex,3068000,46
2025-11-16T15:08:51.877Z,QH224,Boeing 737 All Series Passenger,SGN,HAN,2026-01-01,10:40,12:50,Economy Flex,3068000,46
2025-11-16T15:08:51.877Z,QH242,Boeing 737 All Series Passenger,SGN,HAN,2026-01-01,13:15,15:25,Economy Flex,3068000,46
2025-11-16T15:08:51.877Z,QH268,Airbus A321,SGN,HAN,2026-01-01,19:20,21:30,Economy Flex,3068000,46
2025-11-16T15:09:22.519Z,QH204,Airbus A321,SGN,HAN,2026-02-01,07:10,09:20,Economy Smart,1944000,77
2025-11-16T15:09:22.519Z,QH242,Boeing 737 All Series Passenger,SGN,HAN,2026-02-01,13:15,15:25,Economy Smart,1944000,77
2025-11-16T15:09:22.519Z,QH268,Airbus A321,SGN,HAN,2026-02-01,19:20,21:30,Economy Smart,1944000,77
2025-11-16T15:09:22.519Z,QH224,Boeing 737 All Series Passenger,SGN,HAN,2026-02-01,10:40,12:50,Economy Smart,2128000,77
2025-11-16T15:09:22.519Z,QH204,Airbus A321,SGN,HAN,2026-02-01,07:10,09:20,Economy Flex,3068000,77
2025-11-16T15:09:22.519Z,QH224,Boeing 737 All Series Passenger,SGN,HAN,2026-02-01,10:40,12:50,Economy Flex,3068000,77
2025-11-16T15:09:22.519Z,QH242,Boeing 737 All Series Passenger,SGN,HAN,2026-02-01,13:15,15:25,Economy Flex,3068000,77
2025-11-16T15:09:22.519Z,QH268,Airbus A321,SGN,HAN,2026-02-01,19:20,21:30,Economy Flex,3068000,77
2025-11-16T15:09:51.935Z,QH204,Airbus A321,SGN,HAN,2026-03-01,07:10,09:20,Economy Smart,1944000,105
2025-11-16T15:09:51.935Z,QH224,Boeing 737 All Series Passenger,SGN,HAN,2026-03-01,10:40,12:50,Economy Smart,1944000,105
2025-11-16T15:09:51.935Z,QH242,Boeing 737 All Series Passenger,SGN,HAN,2026-03-01,13:15,15:25,Economy Smart,1944000,105
2025-11-16T15:09:51.935Z,QH268,Airbus A321,SGN,HAN,2026-03-01,19:20,21:30,Economy Smart,1944000,105
2025-11-16T15:09:51.935Z,QH204,Airbus A321,SGN,HAN,2026-03-01,07:10,09:20,Economy Flex,3068000,105
2025-11-16T15:09:51.935Z,QH224,Boeing 737 All Series Passenger,SGN,HAN,2026-03-01,10:40,12:50,Economy Flex,3068000,105
2025-11-16T15:09:51.935Z,QH242,Boeing 737 All Series Passenger,SGN,HAN,2026-03-01,13:15,15:25,Economy Flex,3068000,105
2025-11-16T15:09:51.935Z,QH268,Airbus A321,SGN,HAN,2026-03-01,19:20,21:30,Economy Flex,3068000,105
2025-11-16T15:10:22.714Z,QH204,Airbus A321,SGN,HAN,2026-04-01,07:10,09:20,Economy Smart,1944000,136
2025-11-16T15:10:22.714Z,QH224,Boeing 737 All Series Passenger,SGN,HAN,2026-04-01,10:40,12:50,Economy Smart,1944000,136
2025-11-16T15:10:22.714Z,QH268,Airbus A321,SGN,HAN,2026-04-01,19:20,21:30,Economy Smart,1944000,136
2025-11-16T15:10:22.714Z,QH242,Boeing 737 All Series Passenger,SGN,HAN,2026-04-01,13:15,15:25,Economy Smart,2128000,136
2025-11-16T15:10:22.714Z,QH204,Airbus A321,SGN,HAN,2026-04-01,07:10,09:20,Economy Flex,3068000,136
2025-11-16T15:10:22.714Z,QH224,Boeing 737 All Series Passenger,SGN,HAN,2026-04-01,10:40,12:50,Economy Flex,3068000,136
2025-11-16T15:10:22.714Z,QH242,Boeing 737 All Series Passenger,SGN,HAN,2026-04-01,13:15,15:25,Economy Flex,3068000,136
2025-11-16T15:10:22.714Z,QH268,Airbus A321,SGN,HAN,2026-04-01,19:20,21:30,Economy Flex,3068000,136
2025-11-16T15:10:57.457Z,QH204,Airbus A321,SGN,HAN,2026-05-01,07:10,09:20,Economy Smart,1944000,166
2025-11-16T15:10:57.457Z,QH224,Boeing 737 All Series Passenger,SGN,HAN,2026-05-01,10:40,12:50,Economy Smart,1944000,166
2025-11-16T15:10:57.457Z,QH242,Boeing 737 All Series Passenger,SGN,HAN,2026-05-01,13:15,15:25,Economy Smart,1944000,166
2025-11-16T15:10:57.457Z,QH268,Airbus A321,SGN,HAN,2026-05-01,19:20,21:30,Economy Smart,1944000,166
2025-11-16T15:10:57.457Z,QH204,Airbus A321,SGN,HAN,2026-05-01,07:10,09:20,Economy Flex,3068000,166
2025-11-16T15:10:57.457Z,QH224,Boeing 737 All Series Passenger,SGN,HAN,2026-05-01,10:40,12:50,Economy Flex,3068000,166
2025-11-16T15:10:57.457Z,QH242,Boeing 737 All Series Passenger,SGN,HAN,2026-05-01,13:15,15:25,Economy Flex,3068000,166
2025-11-16T15:10:57.457Z,QH268,Airbus A321,SGN,HAN,2026-05-01,19:20,21:30,Economy Flex,3068000,166
2025-11-16T15:16:18.921Z,QH268,Airbus A321,SGN,HAN,2026-07-01,19:20,21:30,Economy Smart,1750000,227
2025-11-16T15:16:18.921Z,QH204,Airbus A321,SGN,HAN,2026-07-01,07:10,09:20,Economy Smart,1944000,227
2025-11-16T15:16:18.921Z,QH224,Boeing 737 All Series Passenger,SGN,HAN,2026-07-01,10:40,12:50,Economy Smart,1944000,227
2025-11-16T15:16:18.921Z,QH242,Boeing 737 All Series Passenger,SGN,HAN,2026-07-01,13:15,15:25,Economy Smart,1944000,227
2025-11-16T15:16:18.921Z,QH204,Airbus A321,SGN,HAN,2026-07-01,07:10,09:20,Economy Flex,3068000,227
2025-11-16T15:16:18.921Z,QH224,Boeing 737 All Series Passenger,SGN,HAN,2026-07-01,10:40,12:50,Economy Flex,3068000,227
2025-11-16T15:16:18.921Z,QH242,Boeing 737 All Series Passenger,SGN,HAN,2026-07-01,13:15,15:25,Economy Flex,3068000,227
2025-11-16T15:16:18.921Z,QH268,Airbus A321,SGN,HAN,2026-07-01,19:20,21:30,Economy Flex,3068000,227
2025-11-16T15:16:49.254Z,QH268,Airbus A321,SGN,HAN,2026-08-01,19:20,21:30,Economy Smart,1750000,258
2025-11-16T15:16:49.254Z,QH204,Airbus A321,SGN,HAN,2026-08-01,07:10,09:20,Economy Smart,1944000,258
2025-11-16T15:16:49.254Z,QH242,Boeing 737 All Series Passenger,SGN,HAN,2026-08-01,13:15,15:25,Economy Smart,1944000,258
2025-11-16T15:16:49.254Z,QH224,Boeing 737 All Series Passenger,SGN,HAN,2026-08-01,10:40,12:50,Economy Smart,2128000,258
2025-11-16T15:16:49.254Z,QH204,Airbus A321,SGN,HAN,2026-08-01,07:10,09:20,Economy Flex,3068000,258
2025-11-16T15:16:49.254Z,QH224,Boeing 737 All Series Passenger,SGN,HAN,2026-08-01,10:40,12:50,Economy Flex,3068000,258
2025-11-16T15:16:49.254Z,QH242,Boeing 737 All Series Passenger,SGN,HAN,2026-08-01,13:15,15:25,Economy Flex,3068000,258
2025-11-16T15:16:49.254Z,QH268,Airbus A321,SGN,HAN,2026-08-01,19:20,21:30,Economy Flex,3068000,258
2025-11-16T15:17:19.455Z,QH268,Airbus A321,SGN,HAN,2026-09-01,19:20,21:30,Economy Smart,1750000,289
2025-11-16T15:17:19.455Z,QH204,Airbus A321,SGN,HAN,2026-09-01,07:10,09:20,Economy Smart,1944000,289
2025-11-16T15:17:19.455Z,QH224,Boeing 737 All Series Passenger,SGN,HAN,2026-09-01,10:40,12:50,Economy Smart,1944000,289
2025-11-16T15:17:19.455Z,QH242,Boeing 737 All Series Passenger,SGN,HAN,2026-09-01,13:15,15:25,Economy Smart,1944000,289
2025-11-16T15:17:19.455Z,QH204,Airbus A321,SGN,HAN,2026-09-01,07:10,09:20,Economy Flex,3068000,289
2025-11-16T15:17:19.455Z,QH224,Boeing 737 All Series Passenger,SGN,HAN,2026-09-01,10:40,12:50,Economy Flex,3068000,289
2025-11-16T15:17:19.455Z,QH242,Boeing 737 All Series Passenger,SGN,HAN,2026-09-01,13:15,15:25,Economy Flex,3068000,289
2025-11-16T15:17:19.455Z,QH268,Airbus A321,SGN,HAN,2026-09-01,19:20,21:30,Economy Flex,3068000,289
2025-11-16T15:17:50.912Z,QH268,Airbus A321,SGN,HAN,2026-10-01,19:20,21:30,Economy Smart,1750000,319
2025-11-16T15:17:50.912Z,QH204,Airbus A321,SGN,HAN,2026-10-01,07:10,09:20,Economy Smart,1944000,319
2025-11-16T15:17:50.912Z,QH224,Boeing 737 All Series Passenger,SGN,HAN,2026-10-01,10:40,12:50,Economy Smart,1944000,319
2025-11-16T15:17:50.912Z,QH242,Boeing 737 All Series Passenger,SGN,HAN,2026-10-01,13:15,15:25,Economy Smart,1944000,319
2025-11-16T15:17:50.912Z,QH204,Airbus A321,SGN,HAN,2026-10-01,07:10,09:20,Economy Flex,3068000,319
2025-11-16T15:17:50.912Z,QH224,Boeing 737 All Series Passenger,SGN,HAN,2026-10-01,10:40,12:50,Economy Flex,3068000,319
2025-11-16T15:17:50.912Z,QH242,Boeing 737 All Series Passenger,SGN,HAN,2026-10-01,13:15,15:25,Economy Flex,3068000,319
2025-11-16T15:17:50.912Z,QH268,Airbus A321,SGN,HAN,2026-10-01,19:20,21:30,Economy Flex,3068000,319
2025-11-16T15:18:24.691Z,QH268,Airbus A321,SGN,HAN,2026-11-01,19:20,21:30,Economy Smart,1750000,350
2025-11-16T15:18:24.691Z,QH204,Airbus A321,SGN,HAN,2026-11-01,07:10,09:20,Economy Smart,1944000,350
2025-11-16T15:18:24.691Z,QH224,Boeing 737 All Series Passenger,SGN,HAN,2026-11-01,10:40,12:50,Economy Smart,1944000,350
2025-11-16T15:18:24.691Z,QH242,Boeing 737 All Series Passenger,SGN,HAN,2026-11-01,13:15,15:25,Economy Smart,1944000,350
2025-11-16T15:18:24.691Z,QH204,Airbus A321,SGN,HAN,2026-11-01,07:10,09:20,Economy Flex,3068000,350
2025-11-16T15:18:24.691Z,QH224,Boeing 737 All Series Passenger,SGN,HAN,2026-11-01,10:40,12:50,Economy Flex,3068000,350
2025-11-16T15:18:24.691Z,QH242,Boeing 737 All Series Passenger,SGN,HAN,2026-11-01,13:15,15:25,Economy Flex,3068000,350
2025-11-16T15:18:24.691Z,QH268,Airbus A321,SGN,HAN,2026-11-01,19:20,21:30,Economy Flex,3068000,350
2025-11-16T15:19:02.077Z,QH268,Airbus A321,SGN,HAN,2026-12-01,19:20,21:30,Economy Smart,1750000,380
2025-11-16T15:19:02.077Z,QH204,Airbus A321,SGN,HAN,2026-12-01,07:10,09:20,Economy Smart,1944000,380
2025-11-16T15:19:02.077Z,QH224,Boeing 737 All Series Passenger,SGN,HAN,2026-12-01,10:40,12:50,Economy Smart,1944000,380
2025-11-16T15:19:02.077Z,QH242,Boeing 737 All Series Passenger,SGN,HAN,2026-12-01,13:15,15:25,Economy Smart,1944000,380
2025-11-16T15:19:02.077Z,QH204,Airbus A321,SGN,HAN,2026-12-01,07:10,09:20,Economy Flex,3068000,380
2025-11-16T15:19:02.077Z,QH224,Boeing 737 All Series Passenger,SGN,HAN,2026-12-01,10:40,12:50,Economy Flex,3068000,380
2025-11-16T15:19:02.077Z,QH242,Boeing 737 All Series Passenger,SGN,HAN,2026-12-01,13:15,15:25,Economy Flex,3068000,380
2025-11-16T15:19:02.077Z,QH268,Airbus A321,SGN,HAN,2026-12-01,19:20,21:30,Economy Flex,3068000,380
2025-11-16T15:19:40.194Z,QH268,Airbus A321,SGN,HAN,2026-01-13,19:20,21:30,Economy Smart,1750000,58
2025-11-16T15:19:40.194Z,QH204,Airbus A321,SGN,HAN,2026-01-13,07:10,09:20,Economy Smart,1944000,58
2025-11-16T15:19:40.194Z,QH224,Boeing 737 All Series Passenger,SGN,HAN,2026-01-13,10:40,12:50,Economy Smart,1944000,58
2025-11-16T15:19:40.194Z,QH242,Boeing 737 All Series Passenger,SGN,HAN,2026-01-13,13:15,15:25,Economy Smart,1944000,58
2025-11-16T15:19:40.194Z,QH204,Airbus A321,SGN,HAN,2026-01-13,07:10,09:20,Economy Flex,3068000,58
2025-11-16T15:19:40.194Z,QH224,Boeing 737 All Series Passenger,SGN,HAN,2026-01-13,10:40,12:50,Economy Flex,3068000,58
2025-11-16T15:19:40.194Z,QH242,Boeing 737 All Series Passenger,SGN,HAN,2026-01-13,13:15,15:25,Economy Flex,3068000,58
2025-11-16T15:19:40.194Z,QH268,Airbus A321,SGN,HAN,2026-01-13,19:20,21:30,Economy Flex,3068000,58
2025-11-16T15:20:13.469Z,QH268,Airbus A321,SGN,HAN,2026-01-14,19:20,21:30,Economy Smart,1750000,59
2025-11-16T15:20:13.469Z,QH204,Airbus A321,SGN,HAN,2026-01-14,07:10,09:20,Economy Smart,1944000,59
2025-11-16T15:20:13.469Z,QH224,Boeing 737 All Series Passenger,SGN,HAN,2026-01-14,10:40,12:50,Economy Smart,1944000,59
2025-11-16T15:20:13.469Z,QH242,Boeing 737 All Series Passenger,SGN,HAN,2026-01-14,13:15,15:25,Economy Smart,1944000,59
2025-11-16T15:20:13.469Z,QH204,Airbus A321,SGN,HAN,2026-01-14,07:10,09:20,Economy Flex,3068000,59
2025-11-16T15:20:13.469Z,QH224,Boeing 737 All Series Passenger,SGN,HAN,2026-01-14,10:40,12:50,Economy Flex,3068000,59
2025-11-16T15:20:13.469Z,QH242,Boeing 737 All Series Passenger,SGN,HAN,2026-01-14,13:15,15:25,Economy Flex,3068000,59
2025-11-16T15:20:13.469Z,QH268,Airbus A321,SGN,HAN,2026-01-14,19:20,21:30,Economy Flex,3068000,59
2025-11-16T15:20:46.752Z,QH268,Airbus A321,SGN,HAN,2026-01-15,19:20,21:30,Economy Smart,1750000,60
2025-11-16T15:20:46.752Z,QH204,Airbus A321,SGN,HAN,2026-01-15,07:10,09:20,Economy Smart,1944000,60
2025-11-16T15:20:46.752Z,QH224,Boeing 737 All Series Passenger,SGN,HAN,2026-01-15,10:40,12:50,Economy Smart,1944000,60
2025-11-16T15:20:46.752Z,QH242,Boeing 737 All Series Passenger,SGN,HAN,2026-01-15,13:15,15:25,Economy Smart,1944000,60
2025-11-16T15:20:46.752Z,QH204,Airbus A321,SGN,HAN,2026-01-15,07:10,09:20,Economy Flex,3068000,60
2025-11-16T15:20:46.752Z,QH224,Boeing 737 All Series Passenger,SGN,HAN,2026-01-15,10:40,12:50,Economy Flex,3068000,60
2025-11-16T15:20:46.752Z,QH242,Boeing 737 All Series Passenger,SGN,HAN,2026-01-15,13:15,15:25,Economy Flex,3068000,60
2025-11-16T15:20:46.752Z,QH268,Airbus A321,SGN,HAN,2026-01-15,19:20,21:30,Economy Flex,3068000,60
2025-11-16T15:21:21.666Z,QH268,Airbus A321,SGN,HAN,2026-01-16,19:20,21:30,Economy Smart,1750000,61
2025-11-16T15:21:21.666Z,QH204,Airbus A321,SGN,HAN,2026-01-16,07:10,09:20,Economy Smart,1944000,61
2025-11-16T15:21:21.666Z,QH224,Boeing 737 All Series Passenger,SGN,HAN,2026-01-16,10:40,12:50,Economy Smart,1944000,61
2025-11-16T15:21:21.666Z,QH242,Boeing 737 All Series Passenger,SGN,HAN,2026-01-16,13:15,15:25,Economy Smart,1944000,61
2025-11-16T15:21:21.666Z,QH204,Airbus A321,SGN,HAN,2026-01-16,07:10,09:20,Economy Flex,3068000,61
2025-11-16T15:21:21.666Z,QH224,Boeing 737 All Series Passenger,SGN,HAN,2026-01-16,10:40,12:50,Economy Flex,3068000,61
2025-11-16T15:21:21.666Z,QH242,Boeing 737 All Series Passenger,SGN,HAN,2026-01-16,13:15,15:25,Economy Flex,3068000,61
2025-11-16T15:21:21.666Z,QH268,Airbus A321,SGN,HAN,2026-01-16,19:20,21:30,Economy Flex,3068000,61
2025-11-16T15:21:54.308Z,QH268,Airbus A321,SGN,HAN,2026-01-17,19:20,21:30,Economy Smart,1750000,62
2025-11-16T15:21:54.308Z,QH204,Airbus A321,SGN,HAN,2026-01-17,07:10,09:20,Economy Smart,1944000,62
2025-11-16T15:21:54.308Z,QH224,Boeing 737 All Series Passenger,SGN,HAN,2026-01-17,10:40,12:50,Economy Smart,1944000,62
2025-11-16T15:21:54.308Z,QH242,Boeing 737 All Series Passenger,SGN,HAN,2026-01-17,13:15,15:25,Economy Smart,1944000,62
2025-11-16T15:21:54.308Z,QH204,Airbus A321,SGN,HAN,2026-01-17,07:10,09:20,Economy Flex,3068000,62
2025-11-16T15:21:54.308Z,QH224,Boeing 737 All Series Passenger,SGN,HAN,2026-01-17,10:40,12:50,Economy Flex,3068000,62
2025-11-16T15:21:54.308Z,QH242,Boeing 737 All Series Passenger,SGN,HAN,2026-01-17,13:15,15:25,Economy Flex,3068000,62
2025-11-16T15:21:54.308Z,QH268,Airbus A321,SGN,HAN,2026-01-17,19:20,21:30,Economy Flex,3068000,62
2025-11-16T15:22:25.868Z,QH268,Airbus A321,SGN,HAN,2026-01-18,19:20,21:30,Economy Smart,1750000,63
2025-11-16T15:22:25.868Z,QH204,Airbus A321,SGN,HAN,2026-01-18,07:10,09:20,Economy Smart,1944000,63
2025-11-16T15:22:25.868Z,QH242,Boeing 737 All Series Passenger,SGN,HAN,2026-01-18,13:15,15:25,Economy Smart,1944000,63
2025-11-16T15:22:25.868Z,QH224,Boeing 737 All Series Passenger,SGN,HAN,2026-01-18,10:40,12:50,Economy Smart,2128000,63
2025-11-16T15:22:25.868Z,QH204,Airbus A321,SGN,HAN,2026-01-18,07:10,09:20,Economy Flex,3068000,63
2025-11-16T15:22:25.868Z,QH224,Boeing 737 All Series Passenger,SGN,HAN,2026-01-18,10:40,12:50,Economy Flex,3068000,63
2025-11-16T15:22:25.868Z,QH242,Boeing 737 All Series Passenger,SGN,HAN,2026-01-18,13:15,15:25,Economy Flex,3068000,63
2025-11-16T15:22:25.868Z,QH268,Airbus A321,SGN,HAN,2026-01-18,19:20,21:30,Economy Flex,3068000,63
2025-11-16T15:22:57.406Z,QH268,Airbus A321,SGN,HAN,2026-01-19,19:20,21:30,Economy Smart,1750000,64
2025-11-16T15:22:57.406Z,QH204,Airbus A321,SGN,HAN,2026-01-19,07:10,09:20,Economy Smart,1944000,64
2025-11-16T15:22:57.406Z,QH224,Boeing 737 All Series Passenger,SGN,HAN,2026-01-19,10:40,12:50,Economy Smart,1944000,64
2025-11-16T15:22:57.406Z,QH242,Boeing 737 All Series Passenger,SGN,HAN,2026-01-19,13:15,15:25,Economy Smart,1944000,64
2025-11-16T15:22:57.406Z,QH204,Airbus A321,SGN,HAN,2026-01-19,07:10,09:20,Economy Flex,3068000,64
2025-11-16T15:22:57.406Z,QH224,Boeing 737 All Series Passenger,SGN,HAN,2026-01-19,10:40,12:50,Economy Flex,3068000,64
2025-11-16T15:22:57.406Z,QH242,Boeing 737 All Series Passenger,SGN,HAN,2026-01-19,13:15,15:25,Economy Flex,3068000,64
2025-11-16T15:22:57.406Z,QH268,Airbus A321,SGN,HAN,2026-01-19,19:20,21:30,Economy Flex,3068000,64
2025-11-16T15:23:28.929Z,QH268,Airbus A321,SGN,HAN,2026-01-20,19:20,21:30,Economy Smart,1750000,65
2025-11-16T15:23:28.929Z,QH204,Airbus A321,SGN,HAN,2026-01-20,07:10,09:20,Economy Smart,1944000,65
2025-11-16T15:23:28.929Z,QH224,Boeing 737 All Series Passenger,SGN,HAN,2026-01-20,10:40,12:50,Economy Smart,1944000,65
2025-11-16T15:23:28.929Z,QH242,Boeing 737 All Series Passenger,SGN,HAN,2026-01-20,13:15,15:25,Economy Smart,1944000,65
2025-11-16T15:23:28.929Z,QH204,Airbus A321,SGN,HAN,2026-01-20,07:10,09:20,Economy Flex,3068000,65
2025-11-16T15:23:28.929Z,QH224,Boeing 737 All Series Passenger,SGN,HAN,2026-01-20,10:40,12:50,Economy Flex,3068000,65
2025-11-16T15:23:28.929Z,QH242,Boeing 737 All Series Passenger,SGN,HAN,2026-01-20,13:15,15:25,Economy Flex,3068000,65
2025-11-16T15:23:28.929Z,QH268,Airbus A321,SGN,HAN,2026-01-20,19:20,21:30,Economy Flex,3068000,65
2025-11-16T15:24:00.141Z,QH268,Airbus A321,SGN,HAN,2026-01-21,19:20,21:30,Economy Smart,1750000,66
2025-11-16T15:24:00.141Z,QH204,Airbus A321,SGN,HAN,2026-01-21,07:10,09:20,Economy Smart,1944000,66
2025-11-16T15:24:00.141Z,QH224,Boeing 737 All Series Passenger,SGN,HAN,2026-01-21,10:40,12:50,Economy Smart,1944000,66
2025-11-16T15:24:00.141Z,QH242,Boeing 737 All Series Passenger,SGN,HAN,2026-01-21,13:15,15:25,Economy Smart,1944000,66
2025-11-16T15:24:00.141Z,QH204,Airbus A321,SGN,HAN,2026-01-21,07:10,09:20,Economy Flex,3068000,66
2025-11-16T15:24:00.141Z,QH224,Boeing 737 All Series Passenger,SGN,HAN,2026-01-21,10:40,12:50,Economy Flex,3068000,66
2025-11-16T15:24:00.141Z,QH242,Boeing 737 All Series Passenger,SGN,HAN,2026-01-21,13:15,15:25,Economy Flex,3068000,66
2025-11-16T15:24:00.141Z,QH268,Airbus A321,SGN,HAN,2026-01-21,19:20,21:30,Economy Flex,3068000,66
2025-11-16T15:24:30.831Z,QH268,Airbus A321,SGN,HAN,2026-01-22,19:20,21:30,Economy Smart,1750000,67
2025-11-16T15:24:30.831Z,QH224,Boeing 737 All Series Passenger,SGN,HAN,2026-01-22,10:40,12:50,Economy Smart,1944000,67
2025-11-16T15:24:30.831Z,QH242,Boeing 737 All Series Passenger,SGN,HAN,2026-01-22,13:15,15:25,Economy Smart,1944000,67
2025-11-16T15:24:30.831Z,QH204,Airbus A321,SGN,HAN,2026-01-22,07:10,09:20,Economy Smart,2128000,67
2025-11-16T15:24:30.831Z,QH204,Airbus A321,SGN,HAN,2026-01-22,07:10,09:20,Economy Flex,3068000,67
2025-11-16T15:24:30.831Z,QH224,Boeing 737 All Series Passenger,SGN,HAN,2026-01-22,10:40,12:50,Economy Flex,3068000,67
2025-11-16T15:24:30.831Z,QH242,Boeing 737 All Series Passenger,SGN,HAN,2026-01-22,13:15,15:25,Economy Flex,3068000,67
2025-11-16T15:24:30.831Z,QH268,Airbus A321,SGN,HAN,2026-01-22,19:20,21:30,Economy Flex,3068000,67
2025-11-16T15:26:19.864Z,QH268,Airbus A321,SGN,HAN,2026-01-23,19:20,21:30,Economy Smart,1750000,68
2025-11-16T15:26:19.864Z,QH204,Airbus A321,SGN,HAN,2026-01-23,07:10,09:20,Economy Smart,1944000,68
2025-11-16T15:26:19.864Z,QH224,Boeing 737 All Series Passenger,SGN,HAN,2026-01-23,10:40,12:50,Economy Smart,1944000,68
2025-11-16T15:26:19.864Z,QH242,Boeing 737 All Series Passenger,SGN,HAN,2026-01-23,13:15,15:25,Economy Smart,1944000,68
2025-11-16T15:26:19.864Z,QH204,Airbus A321,SGN,HAN,2026-01-23,07:10,09:20,Economy Flex,3068000,68
2025-11-16T15:26:19.864Z,QH224,Boeing 737 All Series Passenger,SGN,HAN,2026-01-23,10:40,12:50,Economy Flex,3068000,68
2025-11-16T15:26:19.864Z,QH242,Boeing 737 All Series Passenger,SGN,HAN,2026-01-23,13:15,15:25,Economy Flex,3068000,68
2025-11-16T15:26:19.864Z,QH268,Airbus A321,SGN,HAN,2026-01-23,19:20,21:30,Economy Flex,3068000,68
2025-11-16T15:26:54.238Z,QH204,Airbus A321,SGN,HAN,2026-01-24,07:10,09:20,Economy Smart,2355000,69
2025-11-16T15:26:54.238Z,QH224,Boeing 737 All Series Passenger,SGN,HAN,2026-01-24,10:40,12:50,Economy Smart,2355000,69
2025-11-16T15:26:54.238Z,QH242,Boeing 737 All Series Passenger,SGN,HAN,2026-01-24,13:15,15:25,Economy Smart,2355000,69
2025-11-16T15:26:54.238Z,QH268,Airbus A321,SGN,HAN,2026-01-24,19:20,21:30,Economy Smart,2355000,69
2025-11-16T15:26:54.238Z,QH204,Airbus A321,SGN,HAN,2026-01-24,07:10,09:20,Economy Flex,3068000,69
2025-11-16T15:26:54.238Z,QH224,Boeing 737 All Series Passenger,SGN,HAN,2026-01-24,10:40,12:50,Economy Flex,3068000,69
2025-11-16T15:26:54.238Z,QH242,Boeing 737 All Series Passenger,SGN,HAN,2026-01-24,13:15,15:25,Economy Flex,3068000,69
2025-11-16T15:26:54.238Z,QH268,Airbus A321,SGN,HAN,2026-01-24,19:20,21:30,Economy Flex,3068000,69
2025-11-16T15:27:34.085Z,QH204,Airbus A321,SGN,HAN,2026-01-25,07:10,09:20,Economy Smart,2355000,70
2025-11-16T15:27:34.085Z,QH224,Boeing 737 All Series Passenger,SGN,HAN,2026-01-25,10:40,12:50,Economy Smart,2355000,70
2025-11-16T15:27:34.085Z,QH268,Airbus A321,SGN,HAN,2026-01-25,19:20,21:30,Economy Smart,2355000,70
2025-11-16T15:27:34.085Z,QH242,Boeing 737 All Series Passenger,SGN,HAN,2026-01-25,13:15,15:25,Economy Smart,2582000,70
2025-11-16T15:27:34.085Z,QH204,Airbus A321,SGN,HAN,2026-01-25,07:10,09:20,Economy Flex,3068000,70
2025-11-16T15:27:34.085Z,QH224,Boeing 737 All Series Passenger,SGN,HAN,2026-01-25,10:40,12:50,Economy Flex,3068000,70
2025-11-16T15:27:34.085Z,QH242,Boeing 737 All Series Passenger,SGN,HAN,2026-01-25,13:15,15:25,Economy Flex,3068000,70
2025-11-16T15:27:34.085Z,QH268,Airbus A321,SGN,HAN,2026-01-25,19:20,21:30,Economy Flex,3068000,70
2025-11-16T15:28:07.211Z,QH204,Airbus A321,SGN,HAN,2026-01-26,07:10,09:20,Economy Smart,2355000,71
2025-11-16T15:28:07.211Z,QH224,Boeing 737 All Series Passenger,SGN,HAN,2026-01-26,10:40,12:50,Economy Smart,2355000,71
2025-11-16T15:28:07.211Z,QH242,Boeing 737 All Series Passenger,SGN,HAN,2026-01-26,13:15,15:25,Economy Smart,2355000,71
2025-11-16T15:28:07.211Z,QH268,Airbus A321,SGN,HAN,2026-01-26,19:20,21:30,Economy Smart,2355000,71
2025-11-16T15:28:07.211Z,QH204,Airbus A321,SGN,HAN,2026-01-26,07:10,09:20,Economy Flex,3068000,71
2025-11-16T15:28:07.211Z,QH224,Boeing 737 All Series Passenger,SGN,HAN,2026-01-26,10:40,12:50,Economy Flex,3068000,71
2025-11-16T15:28:07.211Z,QH242,Boeing 737 All Series Passenger,SGN,HAN,2026-01-26,13:15,15:25,Economy Flex,3068000,71
2025-11-16T15:28:07.211Z,QH268,Airbus A321,SGN,HAN,2026-01-26,19:20,21:30,Economy Flex,3068000,71
2025-11-16T15:28:43.509Z,QH204,Airbus A321,SGN,HAN,2026-01-27,07:10,09:20,Economy Smart,2355000,72
2025-11-16T15:28:43.509Z,QH224,Boeing 737 All Series Passenger,SGN,HAN,2026-01-27,10:40,12:50,Economy Smart,2355000,72
2025-11-16T15:28:43.509Z,QH242,Boeing 737 All Series Passenger,SGN,HAN,2026-01-27,13:15,15:25,Economy Smart,2355000,72
2025-11-16T15:28:43.509Z,QH268,Airbus A321,SGN,HAN,2026-01-27,19:20,21:30,Economy Smart,2355000,72
2025-11-16T15:28:43.509Z,QH204,Airbus A321,SGN,HAN,2026-01-27,07:10,09:20,Economy Flex,3068000,72
2025-11-16T15:28:43.509Z,QH224,Boeing 737 All Series Passenger,SGN,HAN,2026-01-27,10:40,12:50,Economy Flex,3068000,72
2025-11-16T15:28:43.509Z,QH242,Boeing 737 All Series Passenger,SGN,HAN,2026-01-27,13:15,15:25,Economy Flex,3068000,72
2025-11-16T15:28:43.509Z,QH268,Airbus A321,SGN,HAN,2026-01-27,19:20,21:30,Economy Flex,3068000,72
2025-11-16T15:29:18.618Z,QH204,Airbus A321,SGN,HAN,2026-01-28,07:10,09:20,Economy Smart,2355000,73
2025-11-16T15:29:18.618Z,QH224,Boeing 737 All Series Passenger,SGN,HAN,2026-01-28,10:40,12:50,Economy Smart,2355000,73
2025-11-16T15:29:18.618Z,QH242,Boeing 737 All Series Passenger,SGN,HAN,2026-01-28,13:15,15:25,Economy Smart,2355000,73
2025-11-16T15:29:18.618Z,QH268,Airbus A321,SGN,HAN,2026-01-28,19:20,21:30,Economy Smart,2355000,73
2025-11-16T15:29:18.618Z,QH204,Airbus A321,SGN,HAN,2026-01-28,07:10,09:20,Economy Flex,3068000,73
2025-11-16T15:29:18.618Z,QH224,Boeing 737 All Series Passenger,SGN,HAN,2026-01-28,10:40,12:50,Economy Flex,3068000,73
2025-11-16T15:29:18.618Z,QH242,Boeing 737 All Series Passenger,SGN,HAN,2026-01-28,13:15,15:25,Economy Flex,3068000,73
2025-11-16T15:29:18.618Z,QH268,Airbus A321,SGN,HAN,2026-01-28,19:20,21:30,Economy Flex,3068000,73
2025-11-16T15:29:50.490Z,QH204,Airbus A321,SGN,HAN,2026-01-29,07:10,09:20,Economy Smart,2355000,74
2025-11-16T15:29:50.490Z,QH224,Boeing 737 All Series Passenger,SGN,HAN,2026-01-29,10:40,12:50,Economy Smart,2355000,74
2025-11-16T15:29:50.490Z,QH242,Boeing 737 All Series Passenger,SGN,HAN,2026-01-29,13:15,15:25,Economy Smart,2355000,74
2025-11-16T15:29:50.490Z,QH268,Airbus A321,SGN,HAN,2026-01-29,19:20,21:30,Economy Smart,2355000,74
2025-11-16T15:29:50.490Z,QH204,Airbus A321,SGN,HAN,2026-01-29,07:10,09:20,Economy Flex,3068000,74
2025-11-16T15:29:50.490Z,QH224,Boeing 737 All Series Passenger,SGN,HAN,2026-01-29,10:40,12:50,Economy Flex,3068000,74
2025-11-16T15:29:50.490Z,QH242,Boeing 737 All Series Passenger,SGN,HAN,2026-01-29,13:15,15:25,Economy Flex,3068000,74
2025-11-16T15:29:50.490Z,QH268,Airbus A321,SGN,HAN,2026-01-29,19:20,21:30,Economy Flex,3068000,74
2025-11-16T15:31:01.530Z,QH204,Airbus A321,SGN,HAN,2026-01-31,07:10,09:20,Economy Smart,2355000,76
2025-11-16T15:31:01.530Z,QH224,Boeing 737 All Series Passenger,SGN,HAN,2026-01-31,10:40,12:50,Economy Smart,2355000,76
2025-11-16T15:31:01.530Z,QH242,Boeing 737 All Series Passenger,SGN,HAN,2026-01-31,13:15,15:25,Economy Smart,2355000,76
2025-11-16T15:31:01.530Z,QH268,Airbus A321,SGN,HAN,2026-01-31,19:20,21:30,Economy Smart,2355000,76
2025-11-16T15:31:01.530Z,QH204,Airbus A321,SGN,HAN,2026-01-31,07:10,09:20,Economy Flex,3068000,76
2025-11-16T15:31:01.530Z,QH224,Boeing 737 All Series Passenger,SGN,HAN,2026-01-31,10:40,12:50,Economy Flex,3068000,76
2025-11-16T15:31:01.530Z,QH242,Boeing 737 All Series Passenger,SGN,HAN,2026-01-31,13:15,15:25,Economy Flex,3068000,76
2025-11-16T15:31:01.530Z,QH268,Airbus A321,SGN,HAN,2026-01-31,19:20,21:30,Economy Flex,3068000,76
2025-11-16T15:31:50.760Z,QH204,Airbus A321,SGN,HAN,2026-01-02,07:10,09:20,Economy Smart,2582000,47
2025-11-16T15:31:50.760Z,QH224,Boeing 737 All Series Passenger,SGN,HAN,2026-01-02,10:40,12:50,Economy Smart,2582000,47
2025-11-16T15:31:50.760Z,QH242,Boeing 737 All Series Passenger,SGN,HAN,2026-01-02,13:15,15:25,Economy Smart,2582000,47
2025-11-16T15:31:50.760Z,QH268,Airbus A321,SGN,HAN,2026-01-02,19:20,21:30,Economy Smart,2582000,47
2025-11-16T15:31:50.760Z,QH204,Airbus A321,SGN,HAN,2026-01-02,07:10,09:20,Economy Flex,3068000,47
2025-11-16T15:31:50.760Z,QH224,Boeing 737 All Series Passenger,SGN,HAN,2026-01-02,10:40,12:50,Economy Flex,3068000,47
2025-11-16T15:31:50.760Z,QH242,Boeing 737 All Series Passenger,SGN,HAN,2026-01-02,13:15,15:25,Economy Flex,3068000,47
2025-11-16T15:31:50.760Z,QH268,Airbus A321,SGN,HAN,2026-01-02,19:20,21:30,Economy Flex,3068000,47
2025-11-16T15:32:19.273Z,QH204,Airbus A321,SGN,HAN,2026-02-02,07:10,09:20,Economy Smart,2582000,78
2025-11-16T15:32:19.273Z,QH224,Boeing 737 All Series Passenger,SGN,HAN,2026-02-02,10:40,12:50,Economy Smart,2582000,78
2025-11-16T15:32:19.273Z,QH242,Boeing 737 All Series Passenger,SGN,HAN,2026-02-02,13:15,15:25,Economy Smart,2582000,78
2025-11-16T15:32:19.273Z,QH268,Airbus A321,SGN,HAN,2026-02-02,19:20,21:30,Economy Smart,2582000,78
2025-11-16T15:32:19.273Z,QH204,Airbus A321,SGN,HAN,2026-02-02,07:10,09:20,Economy Flex,3068000,78
2025-11-16T15:32:19.273Z,QH224,Boeing 737 All Series Passenger,SGN,HAN,2026-02-02,10:40,12:50,Economy Flex,3068000,78
2025-11-16T15:32:19.273Z,QH242,Boeing 737 All Series Passenger,SGN,HAN,2026-02-02,13:15,15:25,Economy Flex,3068000,78
2025-11-16T15:32:19.273Z,QH268,Airbus A321,SGN,HAN,2026-02-02,19:20,21:30,Economy Flex,3068000,78
2025-11-16T15:32:54.927Z,QH204,Airbus A321,SGN,HAN,2026-03-02,07:10,09:20,Economy Smart,2808000,106
2025-11-16T15:32:54.927Z,QH224,Boeing 737 All Series Passenger,SGN,HAN,2026-03-02,10:40,12:50,Economy Smart,2808000,106
2025-11-16T15:32:54.927Z,QH242,Boeing 737 All Series Passenger,SGN,HAN,2026-03-02,13:15,15:25,Economy Smart,2808000,106
2025-11-16T15:32:54.927Z,QH268,Airbus A321,SGN,HAN,2026-03-02,19:20,21:30,Economy Smart,2808000,106
2025-11-16T15:32:54.927Z,QH204,Airbus A321,SGN,HAN,2026-03-02,07:10,09:20,Economy Flex,3068000,106
2025-11-16T15:32:54.927Z,QH224,Boeing 737 All Series Passenger,SGN,HAN,2026-03-02,10:40,12:50,Economy Flex,3068000,106
2025-11-16T15:32:54.927Z,QH242,Boeing 737 All Series Passenger,SGN,HAN,2026-03-02,13:15,15:25,Economy Flex,3068000,106
2025-11-16T15:32:54.927Z,QH268,Airbus A321,SGN,HAN,2026-03-02,19:20,21:30,Economy Flex,3068000,106
2025-11-16T15:33:30.699Z,QH204,Airbus A321,SGN,HAN,2026-04-02,07:10,09:20,Economy Flex,3068000,137
2025-11-16T15:33:30.699Z,QH224,Boeing 737 All Series Passenger,SGN,HAN,2026-04-02,10:40,12:50,Economy Flex,3068000,137
2025-11-16T15:33:30.699Z,QH242,Boeing 737 All Series Passenger,SGN,HAN,2026-04-02,13:15,15:25,Economy Flex,3068000,137
2025-11-16T15:33:30.699Z,QH268,Airbus A321,SGN,HAN,2026-04-02,19:20,21:30,Economy Flex,3068000,137
2025-11-16T15:34:39.683Z,QH204,Airbus A321,SGN,HAN,2026-06-02,07:10,09:20,Economy Flex,3733000,198
2025-11-16T15:34:39.683Z,QH224,Boeing 737 All Series Passenger,SGN,HAN,2026-06-02,10:40,12:50,Economy Flex,3733000,198
2025-11-16T15:34:39.683Z,QH242,Boeing 737 All Series Passenger,SGN,HAN,2026-06-02,13:15,15:25,Economy Flex,3733000,198
2025-11-16T15:34:39.683Z,QH268,Airbus A321,SGN,HAN,2026-06-02,19:20,21:30,Economy Flex,3733000,198
2025-11-16T15:35:12.588Z,QH204,Airbus A321,SGN,HAN,2026-07-02,07:10,09:20,Economy Flex,3733000,228
2025-11-16T15:35:12.588Z,QH224,Boeing 737 All Series Passenger,SGN,HAN,2026-07-02,10:40,12:50,Economy Flex,3733000,228
2025-11-16T15:35:12.588Z,QH242,Boeing 737 All Series Passenger,SGN,HAN,2026-07-02,13:15,15:25,Economy Flex,3733000,228
2025-11-16T15:35:12.588Z,QH268,Airbus A321,SGN,HAN,2026-07-02,19:20,21:30,Economy Flex,3733000,228
2025-11-16T15:43:12.737Z,QH204,Airbus A321,SGN,HAN,2026-06-02,07:10,09:20,Economy Flex,3733000,198
2025-11-16T15:43:12.737Z,QH224,Boeing 737 All Series Passenger,SGN,HAN,2026-06-02,10:40,12:50,Economy Flex,3733000,198
2025-11-16T15:43:12.737Z,QH242,Boeing 737 All Series Passenger,SGN,HAN,2026-06-02,13:15,15:25,Economy Flex,3733000,198
2025-11-16T15:43:12.737Z,QH268,Airbus A321,SGN,HAN,2026-06-02,19:20,21:30,Economy Flex,3733000,198
2025-11-16T15:43:47.234Z,QH204,Airbus A321,SGN,HAN,2026-07-02,07:10,09:20,Economy Flex,3733000,228
2025-11-16T15:43:47.234Z,QH224,Boeing 737 All Series Passenger,SGN,HAN,2026-07-02,10:40,12:50,Economy Flex,3733000,228
2025-11-16T15:43:47.234Z,QH242,Boeing 737 All Series Passenger,SGN,HAN,2026-07-02,13:15,15:25,Economy Flex,3733000,228
2025-11-16T15:43:47.234Z,QH268,Airbus A321,SGN,HAN,2026-07-02,19:20,21:30,Economy Flex,3733000,228
2025-11-16T15:44:20.403Z,QH204,Airbus A321,SGN,HAN,2026-08-02,07:10,09:20,Economy Flex,3733000,259
2025-11-16T15:44:20.403Z,QH224,Boeing 737 All Series Passenger,SGN,HAN,2026-08-02,10:40,12:50,Economy Flex,3733000,259
2025-11-16T15:44:20.403Z,QH242,Boeing 737 All Series Passenger,SGN,HAN,2026-08-02,13:15,15:25,Economy Flex,3733000,259
2025-11-16T15:44:20.403Z,QH268,Airbus A321,SGN,HAN,2026-08-02,19:20,21:30,Economy Flex,3733000,259
2025-11-16T15:44:54.110Z,QH204,Airbus A321,SGN,HAN,2026-09-02,07:10,09:20,Economy Flex,3733000,290
2025-11-16T15:44:54.110Z,QH224,Boeing 737 All Series Passenger,SGN,HAN,2026-09-02,10:40,12:50,Economy Flex,3733000,290
2025-11-16T15:44:54.110Z,QH242,Boeing 737 All Series Passenger,SGN,HAN,2026-09-02,13:15,15:25,Economy Flex,3733000,290
2025-11-16T15:44:54.110Z,QH268,Airbus A321,SGN,HAN,2026-09-02,19:20,21:30,Economy Flex,3733000,290
2025-11-16T15:45:25.139Z,QH204,Airbus A321,SGN,HAN,2026-10-02,07:10,09:20,Economy Flex,3733000,320
2025-11-16T15:45:25.139Z,QH224,Boeing 737 All Series Passenger,SGN,HAN,2026-10-02,10:40,12:50,Economy Flex,3733000,320
2025-11-16T15:45:25.139Z,QH242,Boeing 737 All Series Passenger,SGN,HAN,2026-10-02,13:15,15:25,Economy Flex,3733000,320
2025-11-16T15:45:25.139Z,QH268,Airbus A321,SGN,HAN,2026-10-02,19:20,21:30,Economy Flex,3733000,320
2025-11-16T15:45:59.799Z,QH204,Airbus A321,SGN,HAN,2026-11-02,07:10,09:20,Economy Flex,3733000,351
2025-11-16T15:45:59.799Z,QH224,Boeing 737 All Series Passenger,SGN,HAN,2026-11-02,10:40,12:50,Economy Flex,3733000,351
2025-11-16T15:45:59.799Z,QH242,Boeing 737 All Series Passenger,SGN,HAN,2026-11-02,13:15,15:25,Economy Flex,3733000,351
2025-11-16T15:45:59.799Z,QH268,Airbus A321,SGN,HAN,2026-11-02,19:20,21:30,Economy Flex,3733000,351
2025-11-16T15:46:32.717Z,QH204,Airbus A321,SGN,HAN,2026-12-02,07:10,09:20,Economy Flex,3733000,381
2025-11-16T15:46:32.717Z,QH224,Boeing 737 All Series Passenger,SGN,HAN,2026-12-02,10:40,12:50,Economy Flex,3733000,381
2025-11-16T15:46:32.717Z,QH242,Boeing 737 All Series Passenger,SGN,HAN,2026-12-02,13:15,15:25,Economy Flex,3733000,381
2025-11-16T15:46:32.717Z,QH268,Airbus A321,SGN,HAN,2026-12-02,19:20,21:30,Economy Flex,3733000,381
2025-11-16T15:47:05.454Z,QH204,Airbus A321,SGN,HAN,2026-02-13,07:10,09:20,Economy Flex,3733000,89
2025-11-16T15:47:05.454Z,QH224,Boeing 737 All Series Passenger,SGN,HAN,2026-02-13,10:40,12:50,Economy Flex,3733000,89
2025-11-16T15:47:05.454Z,QH242,Boeing 737 All Series Passenger,SGN,HAN,2026-02-13,13:15,15:25,Economy Flex,3733000,89
2025-11-16T15:47:05.454Z,QH268,Airbus A321,SGN,HAN,2026-02-13,19:20,21:30,Economy Flex,3733000,89
2025-11-16T15:47:38.973Z,QH204,Airbus A321,SGN,HAN,2026-02-14,07:10,09:20,Economy Flex,3733000,90
2025-11-16T15:47:38.973Z,QH224,Boeing 737 All Series Passenger,SGN,HAN,2026-02-14,10:40,12:50,Economy Flex,3733000,90
2025-11-16T15:47:38.973Z,QH242,Boeing 737 All Series Passenger,SGN,HAN,2026-02-14,13:15,15:25,Economy Flex,3733000,90
2025-11-16T15:47:38.973Z,QH268,Airbus A321,SGN,HAN,2026-02-14,19:20,21:30,Economy Flex,3733000,90
2025-11-16T15:48:09.854Z,QH204,Airbus A321,SGN,HAN,2026-02-15,07:10,09:20,Economy Flex,3733000,91
2025-11-16T15:48:09.854Z,QH224,Boeing 737 All Series Passenger,SGN,HAN,2026-02-15,10:40,12:50,Economy Flex,3733000,91
2025-11-16T15:48:09.854Z,QH242,Boeing 737 All Series Passenger,SGN,HAN,2026-02-15,13:15,15:25,Economy Flex,3733000,91
2025-11-16T15:48:09.854Z,QH268,Airbus A321,SGN,HAN,2026-02-15,19:20,21:30,Economy Flex,3733000,91
2025-11-16T15:48:43.321Z,QH204,Airbus A321,SGN,HAN,2026-02-16,07:10,09:20,Economy Flex,3733000,92
2025-11-16T15:48:43.321Z,QH224,Boeing 737 All Series Passenger,SGN,HAN,2026-02-16,10:40,12:50,Economy Flex,3733000,92
2025-11-16T15:48:43.321Z,QH242,Boeing 737 All Series Passenger,SGN,HAN,2026-02-16,13:15,15:25,Economy Flex,3733000,92
2025-11-16T15:48:43.321Z,QH268,Airbus A321,SGN,HAN,2026-02-16,19:20,21:30,Economy Flex,3733000,92
2025-11-16T15:49:14.303Z,QH204,Airbus A321,SGN,HAN,2026-02-17,07:10,09:20,Economy Flex,3068000,93
2025-11-16T15:49:14.303Z,QH224,Boeing 737 All Series Passenger,SGN,HAN,2026-02-17,10:40,12:50,Economy Flex,3068000,93
2025-11-16T15:49:14.303Z,QH242,Boeing 737 All Series Passenger,SGN,HAN,2026-02-17,13:15,15:25,Economy Flex,3068000,93
2025-11-16T15:49:14.303Z,QH268,Airbus A321,SGN,HAN,2026-02-17,19:20,21:30,Economy Flex,3068000,93
2025-11-16T15:49:46.758Z,QH204,Airbus A321,SGN,HAN,2026-02-18,07:10,09:20,Economy Flex,3068000,94
2025-11-16T15:49:46.758Z,QH224,Boeing 737 All Series Passenger,SGN,HAN,2026-02-18,10:40,12:50,Economy Flex,3068000,94
2025-11-16T15:49:46.758Z,QH242,Boeing 737 All Series Passenger,SGN,HAN,2026-02-18,13:15,15:25,Economy Flex,3068000,94
2025-11-16T15:49:46.758Z,QH268,Airbus A321,SGN,HAN,2026-02-18,19:20,21:30,Economy Flex,3068000,94
2025-11-16T15:50:20.331Z,QH224,Boeing 737 All Series Passenger,SGN,HAN,2026-02-19,10:40,12:50,Economy Smart,2582000,95
2025-11-16T15:50:20.331Z,QH242,Boeing 737 All Series Passenger,SGN,HAN,2026-02-19,13:15,15:25,Economy Smart,2582000,95
2025-11-16T15:50:20.331Z,QH268,Airbus A321,SGN,HAN,2026-02-19,19:20,21:30,Economy Smart,2582000,95
2025-11-16T15:50:20.331Z,QH204,Airbus A321,SGN,HAN,2026-02-19,07:10,09:20,Economy Flex,3068000,95
2025-11-16T15:50:20.331Z,QH224,Boeing 737 All Series Passenger,SGN,HAN,2026-02-19,10:40,12:50,Economy Flex,3068000,95
2025-11-16T15:50:20.331Z,QH242,Boeing 737 All Series Passenger,SGN,HAN,2026-02-19,13:15,15:25,Economy Flex,3068000,95
2025-11-16T15:50:20.331Z,QH268,Airbus A321,SGN,HAN,2026-02-19,19:20,21:30,Economy Flex,3068000,95
2025-11-16T15:50:50.870Z,QH204,Airbus A321,SGN,HAN,2026-02-20,07:10,09:20,Economy Smart,2128000,96
2025-11-16T15:50:50.870Z,QH224,Boeing 737 All Series Passenger,SGN,HAN,2026-02-20,10:40,12:50,Economy Smart,2128000,96
2025-11-16T15:50:50.870Z,QH242,Boeing 737 All Series Passenger,SGN,HAN,2026-02-20,13:15,15:25,Economy Smart,2128000,96
2025-11-16T15:50:50.870Z,QH268,Airbus A321,SGN,HAN,2026-02-20,19:20,21:30,Economy Smart,2128000,96
2025-11-16T15:50:50.870Z,QH204,Airbus A321,SGN,HAN,2026-02-20,07:10,09:20,Economy Flex,3068000,96
2025-11-16T15:50:50.870Z,QH224,Boeing 737 All Series Passenger,SGN,HAN,2026-02-20,10:40,12:50,Economy Flex,3068000,96
2025-11-16T15:50:50.870Z,QH242,Boeing 737 All Series Passenger,SGN,HAN,2026-02-20,13:15,15:25,Economy Flex,3068000,96
2025-11-16T15:50:50.870Z,QH268,Airbus A321,SGN,HAN,2026-02-20,19:20,21:30,Economy Flex,3068000,96
2025-11-16T15:51:22.132Z,QH204,Airbus A321,SGN,HAN,2026-02-21,07:10,09:20,Economy Smart,1944000,97
2025-11-16T15:51:22.132Z,QH224,Boeing 737 All Series Passenger,SGN,HAN,2026-02-21,10:40,12:50,Economy Smart,1944000,97
2025-11-16T15:51:22.132Z,QH242,Boeing 737 All Series Passenger,SGN,HAN,2026-02-21,13:15,15:25,Economy Smart,1944000,97
2025-11-16T15:51:22.132Z,QH268,Airbus A321,SGN,HAN,2026-02-21,19:20,21:30,Economy Smart,1944000,97
2025-11-16T15:51:22.132Z,QH204,Airbus A321,SGN,HAN,2026-02-21,07:10,09:20,Economy Flex,3068000,97
2025-11-16T15:51:22.132Z,QH224,Boeing 737 All Series Passenger,SGN,HAN,2026-02-21,10:40,12:50,Economy Flex,3068000,97
2025-11-16T15:51:22.132Z,QH242,Boeing 737 All Series Passenger,SGN,HAN,2026-02-21,13:15,15:25,Economy Flex,3068000,97
2025-11-16T15:51:22.132Z,QH268,Airbus A321,SGN,HAN,2026-02-21,19:20,21:30,Economy Flex,3068000,97
2025-11-16T15:53:57.777Z,QH204,Airbus A321,SGN,HAN,2026-02-22,07:10,09:20,Economy Smart,1944000,98
2025-11-16T15:53:57.777Z,QH224,Boeing 737 All Series Passenger,SGN,HAN,2026-02-22,10:40,12:50,Economy Smart,1944000,98
2025-11-16T15:53:57.777Z,QH242,Boeing 737 All Series Passenger,SGN,HAN,2026-02-22,13:15,15:25,Economy Smart,1944000,98
2025-11-16T15:53:57.777Z,QH268,Airbus A321,SGN,HAN,2026-02-22,19:20,21:30,Economy Smart,2128000,98
2025-11-16T15:53:57.777Z,QH204,Airbus A321,SGN,HAN,2026-02-22,07:10,09:20,Economy Flex,3068000,98
2025-11-16T15:53:57.777Z,QH224,Boeing 737 All Series Passenger,SGN,HAN,2026-02-22,10:40,12:50,Economy Flex,3068000,98
2025-11-16T15:53:57.777Z,QH242,Boeing 737 All Series Passenger,SGN,HAN,2026-02-22,13:15,15:25,Economy Flex,3068000,98
2025-11-16T15:53:57.777Z,QH268,Airbus A321,SGN,HAN,2026-02-22,19:20,21:30,Economy Flex,3068000,98
2025-11-16T15:54:30.411Z,QH204,Airbus A321,SGN,HAN,2026-02-23,07:10,09:20,Economy Smart,1577000,99
2025-11-16T15:54:30.411Z,QH224,Boeing 737 All Series Passenger,SGN,HAN,2026-02-23,10:40,12:50,Economy Smart,1577000,99
2025-11-16T15:54:30.411Z,QH242,Boeing 737 All Series Passenger,SGN,HAN,2026-02-23,13:15,15:25,Economy Smart,1577000,99
2025-11-16T15:54:30.411Z,QH268,Airbus A321,SGN,HAN,2026-02-23,19:20,21:30,Economy Smart,1577000,99
2025-11-16T15:54:30.411Z,QH204,Airbus A321,SGN,HAN,2026-02-23,07:10,09:20,Economy Flex,3068000,99
2025-11-16T15:54:30.411Z,QH224,Boeing 737 All Series Passenger,SGN,HAN,2026-02-23,10:40,12:50,Economy Flex,3068000,99
2025-11-16T15:54:30.411Z,QH242,Boeing 737 All Series Passenger,SGN,HAN,2026-02-23,13:15,15:25,Economy Flex,3068000,99
2025-11-16T15:54:30.411Z,QH268,Airbus A321,SGN,HAN,2026-02-23,19:20,21:30,Economy Flex,3068000,99
2025-11-16T15:55:01.392Z,QH204,Airbus A321,SGN,HAN,2026-02-24,07:10,09:20,Economy Smart,1448000,100
2025-11-16T15:55:01.392Z,QH224,Boeing 737 All Series Passenger,SGN,HAN,2026-02-24,10:40,12:50,Economy Smart,1448000,100
2025-11-16T15:55:01.392Z,QH242,Boeing 737 All Series Passenger,SGN,HAN,2026-02-24,13:15,15:25,Economy Smart,1448000,100
2025-11-16T15:55:01.392Z,QH268,Airbus A321,SGN,HAN,2026-02-24,19:20,21:30,Economy Smart,1448000,100
2025-11-16T15:55:01.392Z,QH204,Airbus A321,SGN,HAN,2026-02-24,07:10,09:20,Economy Smart,1577000,100
2025-11-16T15:55:01.392Z,QH224,Boeing 737 All Series Passenger,SGN,HAN,2026-02-24,10:40,12:50,Economy Smart,1577000,100
2025-11-16T15:55:01.392Z,QH242,Boeing 737 All Series Passenger,SGN,HAN,2026-02-24,13:15,15:25,Economy Smart,1577000,100
2025-11-16T15:55:01.392Z,QH268,Airbus A321,SGN,HAN,2026-02-24,19:20,21:30,Economy Smart,1577000,100
2025-11-16T15:55:01.392Z,QH204,Airbus A321,SGN,HAN,2026-02-24,07:10,09:20,Economy Flex,3068000,100
2025-11-16T15:55:01.392Z,QH224,Boeing 737 All Series Passenger,SGN,HAN,2026-02-24,10:40,12:50,Economy Flex,3068000,100
2025-11-16T15:55:01.392Z,QH242,Boeing 737 All Series Passenger,SGN,HAN,2026-02-24,13:15,15:25,Economy Flex,3068000,100
2025-11-16T15:55:01.392Z,QH268,Airbus A321,SGN,HAN,2026-02-24,19:20,21:30,Economy Flex,3068000,100
2025-11-16T15:55:34.263Z,QH204,Airbus A321,SGN,HAN,2026-02-25,07:10,09:20,Economy Smart,1340000,101
2025-11-16T15:55:34.263Z,QH224,Boeing 737 All Series Passenger,SGN,HAN,2026-02-25,10:40,12:50,Economy Smart,1340000,101
2025-11-16T15:55:34.263Z,QH242,Boeing 737 All Series Passenger,SGN,HAN,2026-02-25,13:15,15:25,Economy Smart,1340000,101
2025-11-16T15:55:34.263Z,QH268,Airbus A321,SGN,HAN,2026-02-25,19:20,21:30,Economy Smart,1340000,101
2025-11-16T15:55:34.263Z,QH204,Airbus A321,SGN,HAN,2026-02-25,07:10,09:20,Economy Smart,1577000,101
2025-11-16T15:55:34.263Z,QH224,Boeing 737 All Series Passenger,SGN,HAN,2026-02-25,10:40,12:50,Economy Smart,1577000,101
2025-11-16T15:55:34.263Z,QH242,Boeing 737 All Series Passenger,SGN,HAN,2026-02-25,13:15,15:25,Economy Smart,1577000,101
2025-11-16T15:55:34.263Z,QH268,Airbus A321,SGN,HAN,2026-02-25,19:20,21:30,Economy Smart,1577000,101
2025-11-16T15:55:34.263Z,QH204,Airbus A321,SGN,HAN,2026-02-25,07:10,09:20,Economy Flex,3068000,101
2025-11-16T15:55:34.263Z,QH224,Boeing 737 All Series Passenger,SGN,HAN,2026-02-25,10:40,12:50,Economy Flex,3068000,101
2025-11-16T15:55:34.263Z,QH242,Boeing 737 All Series Passenger,SGN,HAN,2026-02-25,13:15,15:25,Economy Flex,3068000,101
2025-11-16T15:55:34.263Z,QH268,Airbus A321,SGN,HAN,2026-02-25,19:20,21:30,Economy Flex,3068000,101
2025-11-16T15:56:43.831Z,QH204,Airbus A321,SGN,HAN,2026-02-27,07:10,09:20,Economy Smart,962000,103
2025-11-16T15:56:43.831Z,QH224,Boeing 737 All Series Passenger,SGN,HAN,2026-02-27,10:40,12:50,Economy Smart,962000,103
2025-11-16T15:56:43.831Z,QH242,Boeing 737 All Series Passenger,SGN,HAN,2026-02-27,13:15,15:25,Economy Smart,962000,103
2025-11-16T15:56:43.831Z,QH268,Airbus A321,SGN,HAN,2026-02-27,19:20,21:30,Economy Smart,962000,103
2025-11-16T15:56:43.831Z,QH204,Airbus A321,SGN,HAN,2026-02-27,07:10,09:20,Economy Smart,1091000,103
2025-11-16T15:56:43.831Z,QH224,Boeing 737 All Series Passenger,SGN,HAN,2026-02-27,10:40,12:50,Economy Smart,1091000,103
2025-11-16T15:56:43.831Z,QH242,Boeing 737 All Series Passenger,SGN,HAN,2026-02-27,13:15,15:25,Economy Smart,1091000,103
2025-11-16T15:56:43.831Z,QH268,Airbus A321,SGN,HAN,2026-02-27,19:20,21:30,Economy Smart,1091000,103
2025-11-16T15:56:43.831Z,QH204,Airbus A321,SGN,HAN,2026-02-27,07:10,09:20,Economy Smart,1577000,103
2025-11-16T15:56:43.831Z,QH224,Boeing 737 All Series Passenger,SGN,HAN,2026-02-27,10:40,12:50,Economy Smart,1577000,103
2025-11-16T15:56:43.831Z,QH242,Boeing 737 All Series Passenger,SGN,HAN,2026-02-27,13:15,15:25,Economy Smart,1577000,103
2025-11-16T15:56:43.831Z,QH268,Airbus A321,SGN,HAN,2026-02-27,19:20,21:30,Economy Smart,1577000,103
2025-11-16T15:56:43.831Z,QH204,Airbus A321,SGN,HAN,2026-02-27,07:10,09:20,Economy Flex,3068000,103
2025-11-16T15:56:43.831Z,QH224,Boeing 737 All Series Passenger,SGN,HAN,2026-02-27,10:40,12:50,Economy Flex,3068000,103
2025-11-16T15:56:43.831Z,QH242,Boeing 737 All Series Passenger,SGN,HAN,2026-02-27,13:15,15:25,Economy Flex,3068000,103
2025-11-16T15:56:43.831Z,QH268,Airbus A321,SGN,HAN,2026-02-27,19:20,21:30,Economy Flex,3068000,103
2025-11-16T15:57:18.390Z,QH204,Airbus A321,SGN,HAN,2026-02-28,07:10,09:20,Economy Smart,962000,104
2025-11-16T15:57:18.390Z,QH224,Boeing 737 All Series Passenger,SGN,HAN,2026-02-28,10:40,12:50,Economy Smart,962000,104
2025-11-16T15:57:18.390Z,QH242,Boeing 737 All Series Passenger,SGN,HAN,2026-02-28,13:15,15:25,Economy Smart,962000,104
2025-11-16T15:57:18.390Z,QH268,Airbus A321,SGN,HAN,2026-02-28,19:20,21:30,Economy Smart,962000,104
2025-11-16T15:57:18.390Z,QH204,Airbus A321,SGN,HAN,2026-02-28,07:10,09:20,Economy Smart,1091000,104
2025-11-16T15:57:18.390Z,QH224,Boeing 737 All Series Passenger,SGN,HAN,2026-02-28,10:40,12:50,Economy Smart,1091000,104
2025-11-16T15:57:18.390Z,QH242,Boeing 737 All Series Passenger,SGN,HAN,2026-02-28,13:15,15:25,Economy Smart,1091000,104
2025-11-16T15:57:18.390Z,QH268,Airbus A321,SGN,HAN,2026-02-28,19:20,21:30,Economy Smart,1091000,104
2025-11-16T15:57:18.390Z,QH204,Airbus A321,SGN,HAN,2026-02-28,07:10,09:20,Economy Smart,1577000,104
2025-11-16T15:57:18.390Z,QH224,Boeing 737 All Series Passenger,SGN,HAN,2026-02-28,10:40,12:50,Economy Smart,1577000,104
2025-11-16T15:57:18.390Z,QH242,Boeing 737 All Series Passenger,SGN,HAN,2026-02-28,13:15,15:25,Economy Smart,1577000,104
2025-11-16T15:57:18.390Z,QH268,Airbus A321,SGN,HAN,2026-02-28,19:20,21:30,Economy Smart,1577000,104
2025-11-16T15:57:18.390Z,QH204,Airbus A321,SGN,HAN,2026-02-28,07:10,09:20,Economy Flex,3068000,104
2025-11-16T15:57:18.390Z,QH224,Boeing 737 All Series Passenger,SGN,HAN,2026-02-28,10:40,12:50,Economy Flex,3068000,104
2025-11-16T15:57:18.390Z,QH242,Boeing 737 All Series Passenger,SGN,HAN,2026-02-28,13:15,15:25,Economy Flex,3068000,104
2025-11-16T15:57:18.390Z,QH268,Airbus A321,SGN,HAN,2026-02-28,19:20,21:30,Economy Flex,3068000,104
2025-11-16T15:57:54.247Z,QH204,Airbus A321,SGN,HAN,2026-01-03,07:10,09:20,Economy Smart,962000,48
2025-11-16T15:57:54.247Z,QH224,Boeing 737 All Series Passenger,SGN,HAN,2026-01-03,10:40,12:50,Economy Smart,962000,48
2025-11-16T15:57:54.247Z,QH242,Boeing 737 All Series Passenger,SGN,HAN,2026-01-03,13:15,15:25,Economy Smart,962000,48
2025-11-16T15:57:54.247Z,QH268,Airbus A321,SGN,HAN,2026-01-03,19:20,21:30,Economy Smart,962000,48
2025-11-16T15:57:54.247Z,QH204,Airbus A321,SGN,HAN,2026-01-03,07:10,09:20,Economy Smart,1091000,48
2025-11-16T15:57:54.247Z,QH224,Boeing 737 All Series Passenger,SGN,HAN,2026-01-03,10:40,12:50,Economy Smart,1091000,48
2025-11-16T15:57:54.247Z,QH242,Boeing 737 All Series Passenger,SGN,HAN,2026-01-03,13:15,15:25,Economy Smart,1091000,48
2025-11-16T15:57:54.247Z,QH268,Airbus A321,SGN,HAN,2026-01-03,19:20,21:30,Economy Smart,1091000,48
2025-11-16T15:57:54.247Z,QH204,Airbus A321,SGN,HAN,2026-01-03,07:10,09:20,Economy Smart,1577000,48
2025-11-16T15:57:54.247Z,QH224,Boeing 737 All Series Passenger,SGN,HAN,2026-01-03,10:40,12:50,Economy Smart,1577000,48
2025-11-16T15:57:54.247Z,QH242,Boeing 737 All Series Passenger,SGN,HAN,2026-01-03,13:15,15:25,Economy Smart,1577000,48
2025-11-16T15:57:54.247Z,QH268,Airbus A321,SGN,HAN,2026-01-03,19:20,21:30,Economy Smart,1577000,48
2025-11-16T15:57:54.247Z,QH204,Airbus A321,SGN,HAN,2026-01-03,07:10,09:20,Economy Flex,3068000,48
2025-11-16T15:57:54.247Z,QH224,Boeing 737 All Series Passenger,SGN,HAN,2026-01-03,10:40,12:50,Economy Flex,3068000,48
2025-11-16T15:57:54.247Z,QH242,Boeing 737 All Series Passenger,SGN,HAN,2026-01-03,13:15,15:25,Economy Flex,3068000,48
2025-11-16T15:57:54.247Z,QH268,Airbus A321,SGN,HAN,2026-01-03,19:20,21:30,Economy Flex,3068000,48
2025-11-16T15:58:30.126Z,QH204,Airbus A321,SGN,HAN,2026-02-03,07:10,09:20,Economy Smart,962000,79
2025-11-16T15:58:30.126Z,QH224,Boeing 737 All Series Passenger,SGN,HAN,2026-02-03,10:40,12:50,Economy Smart,962000,79
2025-11-16T15:58:30.126Z,QH242,Boeing 737 All Series Passenger,SGN,HAN,2026-02-03,13:15,15:25,Economy Smart,962000,79
2025-11-16T15:58:30.126Z,QH268,Airbus A321,SGN,HAN,2026-02-03,19:20,21:30,Economy Smart,962000,79
2025-11-16T15:58:30.126Z,QH204,Airbus A321,SGN,HAN,2026-02-03,07:10,09:20,Economy Smart,1091000,79
2025-11-16T15:58:30.126Z,QH224,Boeing 737 All Series Passenger,SGN,HAN,2026-02-03,10:40,12:50,Economy Smart,1091000,79
2025-11-16T15:58:30.126Z,QH242,Boeing 737 All Series Passenger,SGN,HAN,2026-02-03,13:15,15:25,Economy Smart,1091000,79
2025-11-16T15:58:30.126Z,QH268,Airbus A321,SGN,HAN,2026-02-03,19:20,21:30,Economy Smart,1091000,79
2025-11-16T15:58:30.126Z,QH204,Airbus A321,SGN,HAN,2026-02-03,07:10,09:20,Economy Smart,1577000,79
2025-11-16T15:58:30.126Z,QH224,Boeing 737 All Series Passenger,SGN,HAN,2026-02-03,10:40,12:50,Economy Smart,1577000,79
2025-11-16T15:58:30.126Z,QH242,Boeing 737 All Series Passenger,SGN,HAN,2026-02-03,13:15,15:25,Economy Smart,1577000,79
2025-11-16T15:58:30.126Z,QH268,Airbus A321,SGN,HAN,2026-02-03,19:20,21:30,Economy Smart,1577000,79
2025-11-16T15:58:30.126Z,QH204,Airbus A321,SGN,HAN,2026-02-03,07:10,09:20,Economy Flex,3068000,79
2025-11-16T15:58:30.126Z,QH224,Boeing 737 All Series Passenger,SGN,HAN,2026-02-03,10:40,12:50,Economy Flex,3068000,79
2025-11-16T15:58:30.126Z,QH242,Boeing 737 All Series Passenger,SGN,HAN,2026-02-03,13:15,15:25,Economy Flex,3068000,79
2025-11-16T15:58:30.126Z,QH268,Airbus A321,SGN,HAN,2026-02-03,19:20,21:30,Economy Flex,3068000,79
2025-11-16T15:59:02.637Z,QH204,Airbus A321,SGN,HAN,2026-03-03,07:10,09:20,Economy Smart,962000,107
2025-11-16T15:59:02.637Z,QH224,Boeing 737 All Series Passenger,SGN,HAN,2026-03-03,10:40,12:50,Economy Smart,962000,107
2025-11-16T15:59:02.637Z,QH242,Boeing 737 All Series Passenger,SGN,HAN,2026-03-03,13:15,15:25,Economy Smart,962000,107
2025-11-16T15:59:02.637Z,QH268,Airbus A321,SGN,HAN,2026-03-03,19:20,21:30,Economy Smart,962000,107
2025-11-16T15:59:02.637Z,QH204,Airbus A321,SGN,HAN,2026-03-03,07:10,09:20,Economy Smart,1091000,107
2025-11-16T15:59:02.637Z,QH224,Boeing 737 All Series Passenger,SGN,HAN,2026-03-03,10:40,12:50,Economy Smart,1091000,107
2025-11-16T15:59:02.637Z,QH242,Boeing 737 All Series Passenger,SGN,HAN,2026-03-03,13:15,15:25,Economy Smart,1091000,107
2025-11-16T15:59:02.637Z,QH268,Airbus A321,SGN,HAN,2026-03-03,19:20,21:30,Economy Smart,1091000,107
2025-11-16T15:59:02.637Z,QH204,Airbus A321,SGN,HAN,2026-03-03,07:10,09:20,Economy Smart,1577000,107
2025-11-16T15:59:02.637Z,QH224,Boeing 737 All Series Passenger,SGN,HAN,2026-03-03,10:40,12:50,Economy Smart,1577000,107
2025-11-16T15:59:02.637Z,QH242,Boeing 737 All Series Passenger,SGN,HAN,2026-03-03,13:15,15:25,Economy Smart,1577000,107
2025-11-16T15:59:02.637Z,QH268,Airbus A321,SGN,HAN,2026-03-03,19:20,21:30,Economy Smart,1577000,107
2025-11-16T15:59:02.637Z,QH204,Airbus A321,SGN,HAN,2026-03-03,07:10,09:20,Economy Flex,3068000,107
2025-11-16T15:59:02.637Z,QH224,Boeing 737 All Series Passenger,SGN,HAN,2026-03-03,10:40,12:50,Economy Flex,3068000,107
2025-11-16T15:59:02.637Z,QH242,Boeing 737 All Series Passenger,SGN,HAN,2026-03-03,13:15,15:25,Economy Flex,3068000,107
2025-11-16T15:59:02.637Z,QH268,Airbus A321,SGN,HAN,2026-03-03,19:20,21:30,Economy Flex,3068000,107
2025-11-16T15:59:38.857Z,QH204,Airbus A321,SGN,HAN,2026-04-03,07:10,09:20,Economy Smart,1059000,138
2025-11-16T15:59:38.857Z,QH224,Boeing 737 All Series Passenger,SGN,HAN,2026-04-03,10:40,12:50,Economy Smart,1059000,138
2025-11-16T15:59:38.857Z,QH242,Boeing 737 All Series Passenger,SGN,HAN,2026-04-03,13:15,15:25,Economy Smart,1059000,138
2025-11-16T15:59:38.857Z,QH268,Airbus A321,SGN,HAN,2026-04-03,19:20,21:30,Economy Smart,1059000,138
2025-11-16T15:59:38.857Z,QH204,Airbus A321,SGN,HAN,2026-04-03,07:10,09:20,Economy Smart,1577000,138
2025-11-16T15:59:38.857Z,QH224,Boeing 737 All Series Passenger,SGN,HAN,2026-04-03,10:40,12:50,Economy Smart,1577000,138
2025-11-16T15:59:38.857Z,QH242,Boeing 737 All Series Passenger,SGN,HAN,2026-04-03,13:15,15:25,Economy Smart,1577000,138
2025-11-16T15:59:38.857Z,QH268,Airbus A321,SGN,HAN,2026-04-03,19:20,21:30,Economy Smart,1577000,138
2025-11-16T15:59:38.857Z,QH204,Airbus A321,SGN,HAN,2026-04-03,07:10,09:20,Economy Flex,3068000,138
2025-11-16T15:59:38.857Z,QH224,Boeing 737 All Series Passenger,SGN,HAN,2026-04-03,10:40,12:50,Economy Flex,3068000,138
2025-11-16T15:59:38.857Z,QH242,Boeing 737 All Series Passenger,SGN,HAN,2026-04-03,13:15,15:25,Economy Flex,3068000,138
2025-11-16T15:59:38.857Z,QH268,Airbus A321,SGN,HAN,2026-04-03,19:20,21:30,Economy Flex,3068000,138
2025-11-16T16:00:10.095Z,QH204,Airbus A321,SGN,HAN,2026-05-03,07:10,09:20,Economy Smart,2128000,168
2025-11-16T16:00:10.095Z,QH224,Boeing 737 All Series Passenger,SGN,HAN,2026-05-03,10:40,12:50,Economy Smart,2128000,168
2025-11-16T16:00:10.095Z,QH242,Boeing 737 All Series Passenger,SGN,HAN,2026-05-03,13:15,15:25,Economy Smart,2128000,168
2025-11-16T16:00:10.095Z,QH268,Airbus A321,SGN,HAN,2026-05-03,19:20,21:30,Economy Smart,2128000,168
2025-11-16T16:00:10.095Z,QH204,Airbus A321,SGN,HAN,2026-05-03,07:10,09:20,Economy Flex,3068000,168
2025-11-16T16:00:10.095Z,QH224,Boeing 737 All Series Passenger,SGN,HAN,2026-05-03,10:40,12:50,Economy Flex,3068000,168
2025-11-16T16:00:10.095Z,QH242,Boeing 737 All Series Passenger,SGN,HAN,2026-05-03,13:15,15:25,Economy Flex,3068000,168
2025-11-16T16:00:10.095Z,QH268,Airbus A321,SGN,HAN,2026-05-03,19:20,21:30,Economy Flex,3068000,168
2025-11-16T16:00:41.458Z,QH204,Airbus A321,SGN,HAN,2026-06-03,07:10,09:20,Economy Smart,2128000,199
2025-11-16T16:00:41.458Z,QH224,Boeing 737 All Series Passenger,SGN,HAN,2026-06-03,10:40,12:50,Economy Smart,2128000,199
2025-11-16T16:00:41.458Z,QH242,Boeing 737 All Series Passenger,SGN,HAN,2026-06-03,13:15,15:25,Economy Smart,2128000,199
2025-11-16T16:00:41.458Z,QH268,Airbus A321,SGN,HAN,2026-06-03,19:20,21:30,Economy Smart,2128000,199
2025-11-16T16:00:41.458Z,QH204,Airbus A321,SGN,HAN,2026-06-03,07:10,09:20,Economy Flex,3068000,199
2025-11-16T16:00:41.458Z,QH224,Boeing 737 All Series Passenger,SGN,HAN,2026-06-03,10:40,12:50,Economy Flex,3068000,199
2025-11-16T16:00:41.458Z,QH242,Boeing 737 All Series Passenger,SGN,HAN,2026-06-03,13:15,15:25,Economy Flex,3068000,199
2025-11-16T16:00:41.458Z,QH268,Airbus A321,SGN,HAN,2026-06-03,19:20,21:30,Economy Flex,3068000,199
2025-11-16T16:01:18.277Z,QH204,Airbus A321,SGN,HAN,2026-07-03,07:10,09:20,Economy Smart,2128000,229
2025-11-16T16:01:18.277Z,QH224,Boeing 737 All Series Passenger,SGN,HAN,2026-07-03,10:40,12:50,Economy Smart,2128000,229
2025-11-16T16:01:18.277Z,QH242,Boeing 737 All Series Passenger,SGN,HAN,2026-07-03,13:15,15:25,Economy Smart,2128000,229
2025-11-16T16:01:18.277Z,QH268,Airbus A321,SGN,HAN,2026-07-03,19:20,21:30,Economy Smart,2128000,229
2025-11-16T16:01:18.277Z,QH204,Airbus A321,SGN,HAN,2026-07-03,07:10,09:20,Economy Flex,3068000,229
2025-11-16T16:01:18.277Z,QH224,Boeing 737 All Series Passenger,SGN,HAN,2026-07-03,10:40,12:50,Economy Flex,3068000,229
2025-11-16T16:01:18.277Z,QH242,Boeing 737 All Series Passenger,SGN,HAN,2026-07-03,13:15,15:25,Economy Flex,3068000,229
2025-11-16T16:01:18.277Z,QH268,Airbus A321,SGN,HAN,2026-07-03,19:20,21:30,Economy Flex,3068000,229
2025-11-16T16:01:51.517Z,QH204,Airbus A321,SGN,HAN,2026-08-03,07:10,09:20,Economy Smart,2128000,260
2025-11-16T16:01:51.517Z,QH224,Boeing 737 All Series Passenger,SGN,HAN,2026-08-03,10:40,12:50,Economy Smart,2128000,260
2025-11-16T16:01:51.517Z,QH242,Boeing 737 All Series Passenger,SGN,HAN,2026-08-03,13:15,15:25,Economy Smart,2128000,260
2025-11-16T16:01:51.517Z,QH268,Airbus A321,SGN,HAN,2026-08-03,19:20,21:30,Economy Smart,2128000,260
2025-11-16T16:01:51.517Z,QH204,Airbus A321,SGN,HAN,2026-08-03,07:10,09:20,Economy Flex,3068000,260
2025-11-16T16:01:51.517Z,QH224,Boeing 737 All Series Passenger,SGN,HAN,2026-08-03,10:40,12:50,Economy Flex,3068000,260
2025-11-16T16:01:51.517Z,QH242,Boeing 737 All Series Passenger,SGN,HAN,2026-08-03,13:15,15:25,Economy Flex,3068000,260
2025-11-16T16:01:51.517Z,QH268,Airbus A321,SGN,HAN,2026-08-03,19:20,21:30,Economy Flex,3068000,260
2025-11-16T16:24:45.037Z,QH204,Airbus A321,SGN,HAN,2026-10-03,07:10,09:20,Economy Smart,2128000,321
2025-11-16T16:24:45.037Z,QH224,Boeing 737 All Series Passenger,SGN,HAN,2026-10-03,10:40,12:50,Economy Smart,2128000,321
2025-11-16T16:24:45.037Z,QH242,Boeing 737 All Series Passenger,SGN,HAN,2026-10-03,13:15,15:25,Economy Smart,2128000,321
2025-11-16T16:24:45.037Z,QH268,Airbus A321,SGN,HAN,2026-10-03,19:20,21:30,Economy Smart,2128000,321
2025-11-16T16:24:45.037Z,QH204,Airbus A321,SGN,HAN,2026-10-03,07:10,09:20,Economy Flex,3068000,321
2025-11-16T16:24:45.037Z,QH224,Boeing 737 All Series Passenger,SGN,HAN,2026-10-03,10:40,12:50,Economy Flex,3068000,321
2025-11-16T16:24:45.037Z,QH242,Boeing 737 All Series Passenger,SGN,HAN,2026-10-03,13:15,15:25,Economy Flex,3068000,321
2025-11-16T16:24:45.037Z,QH268,Airbus A321,SGN,HAN,2026-10-03,19:20,21:30,Economy Flex,3068000,321
2025-11-16T16:25:16.626Z,QH204,Airbus A321,SGN,HAN,2026-11-03,07:10,09:20,Economy Smart,2128000,352
2025-11-16T16:25:16.626Z,QH224,Boeing 737 All Series Passenger,SGN,HAN,2026-11-03,10:40,12:50,Economy Smart,2128000,352
2025-11-16T16:25:16.626Z,QH242,Boeing 737 All Series Passenger,SGN,HAN,2026-11-03,13:15,15:25,Economy Smart,2128000,352
2025-11-16T16:25:16.626Z,QH268,Airbus A321,SGN,HAN,2026-11-03,19:20,21:30,Economy Smart,2128000,352
2025-11-16T16:25:16.626Z,QH204,Airbus A321,SGN,HAN,2026-11-03,07:10,09:20,Economy Flex,3068000,352
2025-11-16T16:25:16.626Z,QH224,Boeing 737 All Series Passenger,SGN,HAN,2026-11-03,10:40,12:50,Economy Flex,3068000,352
2025-11-16T16:25:16.626Z,QH242,Boeing 737 All Series Passenger,SGN,HAN,2026-11-03,13:15,15:25,Economy Flex,3068000,352
2025-11-16T16:25:16.626Z,QH268,Airbus A321,SGN,HAN,2026-11-03,19:20,21:30,Economy Flex,3068000,352
2025-11-16T16:25:48.374Z,QH204,Airbus A321,SGN,HAN,2026-12-03,07:10,09:20,Economy Smart,2128000,382
2025-11-16T16:25:48.374Z,QH224,Boeing 737 All Series Passenger,SGN,HAN,2026-12-03,10:40,12:50,Economy Smart,2128000,382
2025-11-16T16:25:48.374Z,QH242,Boeing 737 All Series Passenger,SGN,HAN,2026-12-03,13:15,15:25,Economy Smart,2128000,382
2025-11-16T16:25:48.374Z,QH268,Airbus A321,SGN,HAN,2026-12-03,19:20,21:30,Economy Smart,2128000,382
2025-11-16T16:25:48.374Z,QH204,Airbus A321,SGN,HAN,2026-12-03,07:10,09:20,Economy Flex,3068000,382
2025-11-16T16:25:48.374Z,QH224,Boeing 737 All Series Passenger,SGN,HAN,2026-12-03,10:40,12:50,Economy Flex,3068000,382
2025-11-16T16:25:48.374Z,QH242,Boeing 737 All Series Passenger,SGN,HAN,2026-12-03,13:15,15:25,Economy Flex,3068000,382
2025-11-16T16:25:48.374Z,QH268,Airbus A321,SGN,HAN,2026-12-03,19:20,21:30,Economy Flex,3068000,382
2025-11-16T16:26:21.085Z,QH204,Airbus A321,SGN,HAN,2026-03-13,07:10,09:20,Economy Smart,2128000,117
2025-11-16T16:26:21.085Z,QH224,Boeing 737 All Series Passenger,SGN,HAN,2026-03-13,10:40,12:50,Economy Smart,2128000,117
2025-11-16T16:26:21.085Z,QH242,Boeing 737 All Series Passenger,SGN,HAN,2026-03-13,13:15,15:25,Economy Smart,2128000,117
2025-11-16T16:26:21.085Z,QH268,Airbus A321,SGN,HAN,2026-03-13,19:20,21:30,Economy Smart,2128000,117
2025-11-16T16:26:21.085Z,QH204,Airbus A321,SGN,HAN,2026-03-13,07:10,09:20,Economy Flex,3068000,117
2025-11-16T16:26:21.085Z,QH224,Boeing 737 All Series Passenger,SGN,HAN,2026-03-13,10:40,12:50,Economy Flex,3068000,117
2025-11-16T16:26:21.085Z,QH242,Boeing 737 All Series Passenger,SGN,HAN,2026-03-13,13:15,15:25,Economy Flex,3068000,117
2025-11-16T16:26:21.085Z,QH268,Airbus A321,SGN,HAN,2026-03-13,19:20,21:30,Economy Flex,3068000,117
2025-11-16T16:26:57.823Z,QH204,Airbus A321,SGN,HAN,2026-03-14,07:10,09:20,Economy Smart,2128000,118
2025-11-16T16:26:57.823Z,QH224,Boeing 737 All Series Passenger,SGN,HAN,2026-03-14,10:40,12:50,Economy Smart,2128000,118
2025-11-16T16:26:57.823Z,QH242,Boeing 737 All Series Passenger,SGN,HAN,2026-03-14,13:15,15:25,Economy Smart,2128000,118
2025-11-16T16:26:57.823Z,QH268,Airbus A321,SGN,HAN,2026-03-14,19:20,21:30,Economy Smart,2128000,118
2025-11-16T16:26:57.823Z,QH204,Airbus A321,SGN,HAN,2026-03-14,07:10,09:20,Economy Flex,3068000,118
2025-11-16T16:26:57.823Z,QH224,Boeing 737 All Series Passenger,SGN,HAN,2026-03-14,10:40,12:50,Economy Flex,3068000,118
2025-11-16T16:26:57.823Z,QH242,Boeing 737 All Series Passenger,SGN,HAN,2026-03-14,13:15,15:25,Economy Flex,3068000,118
2025-11-16T16:26:57.823Z,QH268,Airbus A321,SGN,HAN,2026-03-14,19:20,21:30,Economy Flex,3068000,118
2025-11-16T16:27:30.966Z,QH204,Airbus A321,SGN,HAN,2026-03-15,07:10,09:20,Economy Smart,2128000,119
2025-11-16T16:27:30.966Z,QH224,Boeing 737 All Series Passenger,SGN,HAN,2026-03-15,10:40,12:50,Economy Smart,2128000,119
2025-11-16T16:27:30.966Z,QH242,Boeing 737 All Series Passenger,SGN,HAN,2026-03-15,13:15,15:25,Economy Smart,2128000,119
2025-11-16T16:27:30.966Z,QH268,Airbus A321,SGN,HAN,2026-03-15,19:20,21:30,Economy Smart,2128000,119
2025-11-16T16:27:30.966Z,QH204,Airbus A321,SGN,HAN,2026-03-15,07:10,09:20,Economy Flex,3068000,119
2025-11-16T16:27:30.966Z,QH224,Boeing 737 All Series Passenger,SGN,HAN,2026-03-15,10:40,12:50,Economy Flex,3068000,119
2025-11-16T16:27:30.966Z,QH242,Boeing 737 All Series Passenger,SGN,HAN,2026-03-15,13:15,15:25,Economy Flex,3068000,119
2025-11-16T16:27:30.966Z,QH268,Airbus A321,SGN,HAN,2026-03-15,19:20,21:30,Economy Flex,3068000,119
2025-11-16T16:28:01.864Z,QH268,Airbus A321,SGN,HAN,2026-03-16,19:20,21:30,Economy Smart,1750000,120
2025-11-16T16:28:01.864Z,QH204,Airbus A321,SGN,HAN,2026-03-16,07:10,09:20,Economy Smart,1944000,120
2025-11-16T16:28:01.864Z,QH224,Boeing 737 All Series Passenger,SGN,HAN,2026-03-16,10:40,12:50,Economy Smart,1944000,120
2025-11-16T16:28:01.864Z,QH242,Boeing 737 All Series Passenger,SGN,HAN,2026-03-16,13:15,15:25,Economy Smart,1944000,120
2025-11-16T16:28:01.864Z,QH204,Airbus A321,SGN,HAN,2026-03-16,07:10,09:20,Economy Flex,3068000,120
2025-11-16T16:28:01.864Z,QH224,Boeing 737 All Series Passenger,SGN,HAN,2026-03-16,10:40,12:50,Economy Flex,3068000,120
2025-11-16T16:28:01.864Z,QH242,Boeing 737 All Series Passenger,SGN,HAN,2026-03-16,13:15,15:25,Economy Flex,3068000,120
2025-11-16T16:28:01.864Z,QH268,Airbus A321,SGN,HAN,2026-03-16,19:20,21:30,Economy Flex,3068000,120
2025-11-16T16:28:34.944Z,QH268,Airbus A321,SGN,HAN,2026-03-17,19:20,21:30,Economy Smart,1750000,121
2025-11-16T16:28:34.944Z,QH204,Airbus A321,SGN,HAN,2026-03-17,07:10,09:20,Economy Smart,1944000,121
2025-11-16T16:28:34.944Z,QH224,Boeing 737 All Series Passenger,SGN,HAN,2026-03-17,10:40,12:50,Economy Smart,1944000,121
2025-11-16T16:28:34.944Z,QH242,Boeing 737 All Series Passenger,SGN,HAN,2026-03-17,13:15,15:25,Economy Smart,1944000,121
2025-11-16T16:28:34.944Z,QH204,Airbus A321,SGN,HAN,2026-03-17,07:10,09:20,Economy Flex,3068000,121
2025-11-16T16:28:34.944Z,QH224,Boeing 737 All Series Passenger,SGN,HAN,2026-03-17,10:40,12:50,Economy Flex,3068000,121
2025-11-16T16:28:34.944Z,QH242,Boeing 737 All Series Passenger,SGN,HAN,2026-03-17,13:15,15:25,Economy Flex,3068000,121
2025-11-16T16:28:34.944Z,QH268,Airbus A321,SGN,HAN,2026-03-17,19:20,21:30,Economy Flex,3068000,121
2025-11-16T16:29:07.670Z,QH268,Airbus A321,SGN,HAN,2026-03-18,19:20,21:30,Economy Smart,1750000,122
2025-11-16T16:29:07.670Z,QH204,Airbus A321,SGN,HAN,2026-03-18,07:10,09:20,Economy Smart,1944000,122
2025-11-16T16:29:07.670Z,QH224,Boeing 737 All Series Passenger,SGN,HAN,2026-03-18,10:40,12:50,Economy Smart,1944000,122
2025-11-16T16:29:07.670Z,QH242,Boeing 737 All Series Passenger,SGN,HAN,2026-03-18,13:15,15:25,Economy Smart,1944000,122
2025-11-16T16:29:07.670Z,QH204,Airbus A321,SGN,HAN,2026-03-18,07:10,09:20,Economy Flex,3068000,122
2025-11-16T16:29:07.670Z,QH224,Boeing 737 All Series Passenger,SGN,HAN,2026-03-18,10:40,12:50,Economy Flex,3068000,122
2025-11-16T16:29:07.670Z,QH242,Boeing 737 All Series Passenger,SGN,HAN,2026-03-18,13:15,15:25,Economy Flex,3068000,122
2025-11-16T16:29:07.670Z,QH268,Airbus A321,SGN,HAN,2026-03-18,19:20,21:30,Economy Flex,3068000,122
2025-11-16T16:29:45.254Z,QH268,Airbus A321,SGN,HAN,2026-03-19,19:20,21:30,Economy Smart,1944000,123
2025-11-16T16:29:45.254Z,QH204,Airbus A321,SGN,HAN,2026-03-19,07:10,09:20,Economy Smart,2128000,123
2025-11-16T16:29:45.254Z,QH224,Boeing 737 All Series Passenger,SGN,HAN,2026-03-19,10:40,12:50,Economy Smart,2128000,123
2025-11-16T16:29:45.254Z,QH242,Boeing 737 All Series Passenger,SGN,HAN,2026-03-19,13:15,15:25,Economy Smart,2128000,123
2025-11-16T16:29:45.254Z,QH204,Airbus A321,SGN,HAN,2026-03-19,07:10,09:20,Economy Flex,3068000,123
2025-11-16T16:29:45.254Z,QH224,Boeing 737 All Series Passenger,SGN,HAN,2026-03-19,10:40,12:50,Economy Flex,3068000,123
2025-11-16T16:29:45.254Z,QH242,Boeing 737 All Series Passenger,SGN,HAN,2026-03-19,13:15,15:25,Economy Flex,3068000,123
2025-11-16T16:29:45.254Z,QH268,Airbus A321,SGN,HAN,2026-03-19,19:20,21:30,Economy Flex,3068000,123
2025-11-16T16:30:18.098Z,QH268,Airbus A321,SGN,HAN,2026-03-20,19:20,21:30,Economy Smart,1944000,124
2025-11-16T16:30:18.098Z,QH204,Airbus A321,SGN,HAN,2026-03-20,07:10,09:20,Economy Smart,2128000,124
2025-11-16T16:30:18.098Z,QH224,Boeing 737 All Series Passenger,SGN,HAN,2026-03-20,10:40,12:50,Economy Smart,2128000,124
2025-11-16T16:30:18.098Z,QH242,Boeing 737 All Series Passenger,SGN,HAN,2026-03-20,13:15,15:25,Economy Smart,2128000,124
2025-11-16T16:30:18.098Z,QH204,Airbus A321,SGN,HAN,2026-03-20,07:10,09:20,Economy Flex,3068000,124
2025-11-16T16:30:18.098Z,QH224,Boeing 737 All Series Passenger,SGN,HAN,2026-03-20,10:40,12:50,Economy Flex,3068000,124
2025-11-16T16:30:18.098Z,QH242,Boeing 737 All Series Passenger,SGN,HAN,2026-03-20,13:15,15:25,Economy Flex,3068000,124
2025-11-16T16:30:18.098Z,QH268,Airbus A321,SGN,HAN,2026-03-20,19:20,21:30,Economy Flex,3068000,124
2025-11-16T16:30:52.336Z,QH268,Airbus A321,SGN,HAN,2026-03-21,19:20,21:30,Economy Smart,1750000,125
2025-11-16T16:30:52.336Z,QH204,Airbus A321,SGN,HAN,2026-03-21,07:10,09:20,Economy Smart,1944000,125
2025-11-16T16:30:52.336Z,QH224,Boeing 737 All Series Passenger,SGN,HAN,2026-03-21,10:40,12:50,Economy Smart,1944000,125
2025-11-16T16:30:52.336Z,QH242,Boeing 737 All Series Passenger,SGN,HAN,2026-03-21,13:15,15:25,Economy Smart,1944000,125
2025-11-16T16:30:52.336Z,QH204,Airbus A321,SGN,HAN,2026-03-21,07:10,09:20,Economy Flex,3068000,125
2025-11-16T16:30:52.336Z,QH224,Boeing 737 All Series Passenger,SGN,HAN,2026-03-21,10:40,12:50,Economy Flex,3068000,125
2025-11-16T16:30:52.336Z,QH242,Boeing 737 All Series Passenger,SGN,HAN,2026-03-21,13:15,15:25,Economy Flex,3068000,125
2025-11-16T16:30:52.336Z,QH268,Airbus A321,SGN,HAN,2026-03-21,19:20,21:30,Economy Flex,3068000,125
2025-11-16T16:31:28.057Z,QH268,Airbus A321,SGN,HAN,2026-03-22,19:20,21:30,Economy Smart,1944000,126
2025-11-16T16:31:28.057Z,QH204,Airbus A321,SGN,HAN,2026-03-22,07:10,09:20,Economy Smart,2128000,126
2025-11-16T16:31:28.057Z,QH224,Boeing 737 All Series Passenger,SGN,HAN,2026-03-22,10:40,12:50,Economy Smart,2128000,126
2025-11-16T16:31:28.057Z,QH242,Boeing 737 All Series Passenger,SGN,HAN,2026-03-22,13:15,15:25,Economy Smart,2128000,126
2025-11-16T16:31:28.057Z,QH204,Airbus A321,SGN,HAN,2026-03-22,07:10,09:20,Economy Flex,3068000,126
2025-11-16T16:31:28.057Z,QH224,Boeing 737 All Series Passenger,SGN,HAN,2026-03-22,10:40,12:50,Economy Flex,3068000,126
2025-11-16T16:31:28.057Z,QH242,Boeing 737 All Series Passenger,SGN,HAN,2026-03-22,13:15,15:25,Economy Flex,3068000,126
2025-11-16T16:31:28.057Z,QH268,Airbus A321,SGN,HAN,2026-03-22,19:20,21:30,Economy Flex,3068000,126
2025-11-16T16:32:01.532Z,QH268,Airbus A321,SGN,HAN,2026-03-23,19:20,21:30,Economy Smart,1750000,127
2025-11-16T16:32:01.532Z,QH204,Airbus A321,SGN,HAN,2026-03-23,07:10,09:20,Economy Smart,1944000,127
2025-11-16T16:32:01.532Z,QH224,Boeing 737 All Series Passenger,SGN,HAN,2026-03-23,10:40,12:50,Economy Smart,1944000,127
2025-11-16T16:32:01.532Z,QH242,Boeing 737 All Series Passenger,SGN,HAN,2026-03-23,13:15,15:25,Economy Smart,1944000,127
2025-11-16T16:32:01.532Z,QH204,Airbus A321,SGN,HAN,2026-03-23,07:10,09:20,Economy Flex,3068000,127
2025-11-16T16:32:01.532Z,QH224,Boeing 737 All Series Passenger,SGN,HAN,2026-03-23,10:40,12:50,Economy Flex,3068000,127
2025-11-16T16:32:01.532Z,QH242,Boeing 737 All Series Passenger,SGN,HAN,2026-03-23,13:15,15:25,Economy Flex,3068000,127
2025-11-16T16:32:01.532Z,QH268,Airbus A321,SGN,HAN,2026-03-23,19:20,21:30,Economy Flex,3068000,127
2025-11-16T16:32:37.804Z,QH268,Airbus A321,SGN,HAN,2026-03-24,19:20,21:30,Economy Smart,1750000,128
2025-11-16T16:32:37.804Z,QH204,Airbus A321,SGN,HAN,2026-03-24,07:10,09:20,Economy Smart,1944000,128
2025-11-16T16:32:37.804Z,QH224,Boeing 737 All Series Passenger,SGN,HAN,2026-03-24,10:40,12:50,Economy Smart,1944000,128
2025-11-16T16:32:37.804Z,QH242,Boeing 737 All Series Passenger,SGN,HAN,2026-03-24,13:15,15:25,Economy Smart,1944000,128
2025-11-16T16:32:37.804Z,QH204,Airbus A321,SGN,HAN,2026-03-24,07:10,09:20,Economy Flex,3068000,128
2025-11-16T16:32:37.804Z,QH224,Boeing 737 All Series Passenger,SGN,HAN,2026-03-24,10:40,12:50,Economy Flex,3068000,128
2025-11-16T16:32:37.804Z,QH242,Boeing 737 All Series Passenger,SGN,HAN,2026-03-24,13:15,15:25,Economy Flex,3068000,128
2025-11-16T16:32:37.804Z,QH268,Airbus A321,SGN,HAN,2026-03-24,19:20,21:30,Economy Flex,3068000,128
2025-11-16T16:33:13.000Z,QH268,Airbus A321,SGN,HAN,2026-03-25,19:20,21:30,Economy Smart,1750000,129
2025-11-16T16:33:13.000Z,QH204,Airbus A321,SGN,HAN,2026-03-25,07:10,09:20,Economy Smart,1944000,129
2025-11-16T16:33:13.000Z,QH224,Boeing 737 All Series Passenger,SGN,HAN,2026-03-25,10:40,12:50,Economy Smart,1944000,129
2025-11-16T16:33:13.000Z,QH242,Boeing 737 All Series Passenger,SGN,HAN,2026-03-25,13:15,15:25,Economy Smart,1944000,129
2025-11-16T16:33:13.000Z,QH204,Airbus A321,SGN,HAN,2026-03-25,07:10,09:20,Economy Flex,3068000,129
2025-11-16T16:33:13.000Z,QH224,Boeing 737 All Series Passenger,SGN,HAN,2026-03-25,10:40,12:50,Economy Flex,3068000,129
2025-11-16T16:33:13.000Z,QH242,Boeing 737 All Series Passenger,SGN,HAN,2026-03-25,13:15,15:25,Economy Flex,3068000,129
2025-11-16T16:33:13.000Z,QH268,Airbus A321,SGN,HAN,2026-03-25,19:20,21:30,Economy Flex,3068000,129
2025-11-16T16:34:59.686Z,QH268,Airbus A321,SGN,HAN,2026-03-28,19:20,21:30,Economy Smart,1750000,132
2025-11-16T16:34:59.686Z,QH204,Airbus A321,SGN,HAN,2026-03-28,07:10,09:20,Economy Smart,1944000,132
2025-11-16T16:34:59.686Z,QH224,Boeing 737 All Series Passenger,SGN,HAN,2026-03-28,10:40,12:50,Economy Smart,1944000,132
2025-11-16T16:34:59.686Z,QH242,Boeing 737 All Series Passenger,SGN,HAN,2026-03-28,13:15,15:25,Economy Smart,1944000,132
2025-11-16T16:34:59.686Z,QH204,Airbus A321,SGN,HAN,2026-03-28,07:10,09:20,Economy Flex,3068000,132
2025-11-16T16:34:59.686Z,QH224,Boeing 737 All Series Passenger,SGN,HAN,2026-03-28,10:40,12:50,Economy Flex,3068000,132
2025-11-16T16:34:59.686Z,QH242,Boeing 737 All Series Passenger,SGN,HAN,2026-03-28,13:15,15:25,Economy Flex,3068000,132
2025-11-16T16:34:59.686Z,QH268,Airbus A321,SGN,HAN,2026-03-28,19:20,21:30,Economy Flex,3068000,132
2025-11-17T05:59:32.181Z,QH268,Airbus A321,SGN,HAN,2025-11-17,19:35,21:45,Economy Smart,1340000,0
2025-11-17T05:59:32.181Z,QH268,Airbus A321,SGN,HAN,2025-11-17,19:35,21:45,Economy Smart,1577000,0
2025-11-17T05:59:32.181Z,QH242,Boeing 737 All Series Passenger,SGN,HAN,2025-11-17,13:15,15:25,Economy Smart,2128000,0
2025-11-17T05:59:32.181Z,QH242,Boeing 737 All Series Passenger,SGN,HAN,2025-11-17,13:15,15:25,Economy Flex,3068000,0
2025-11-17T05:59:32.181Z,QH268,Airbus A321,SGN,HAN,2025-11-17,19:35,21:45,Economy Flex,3068000,0
2025-11-17T06:00:07.198Z,QH204,Airbus A321,SGN,HAN,2025-11-18,07:10,09:20,Economy Smart,1340000,1
2025-11-17T06:00:07.198Z,QH268,Airbus A321,SGN,HAN,2025-11-18,19:35,21:45,Economy Smart,1448000,1
2025-11-17T06:00:07.198Z,QH204,Airbus A321,SGN,HAN,2025-11-18,07:10,09:20,Economy Smart,1577000,1
2025-11-17T06:00:07.198Z,QH242,Boeing 737 All Series Passenger,SGN,HAN,2025-11-18,13:15,15:25,Economy Smart,1577000,1
2025-11-17T06:00:07.198Z,QH268,Airbus A321,SGN,HAN,2025-11-18,19:35,21:45,Economy Smart,1577000,1
2025-11-17T06:00:07.198Z,QH204,Airbus A321,SGN,HAN,2025-11-18,07:10,09:20,Economy Flex,3068000,1
2025-11-17T06:00:07.198Z,QH242,Boeing 737 All Series Passenger,SGN,HAN,2025-11-18,13:15,15:25,Economy Flex,3068000,1
2025-11-17T06:00:07.198Z,QH268,Airbus A321,SGN,HAN,2025-11-18,19:35,21:45,Economy Flex,3068000,1
2025-11-17T06:00:07.198Z,QH204,Airbus A321,SGN,HAN,2025-11-18,07:10,09:20,Business Smart,5346000,1
2025-11-17T06:00:07.198Z,QH204,Airbus A321,SGN,HAN,2025-11-18,07:10,09:20,Business Flex,7398000,1
2025-11-17T06:00:42.640Z,QH204,Airbus A321,SGN,HAN,2025-11-19,07:10,09:20,Economy Smart,1340000,2
2025-11-17T06:00:42.640Z,QH268,Airbus A321,SGN,HAN,2025-11-19,19:35,21:45,Economy Smart,1340000,2
2025-11-17T06:00:42.640Z,QH204,Airbus A321,SGN,HAN,2025-11-19,07:10,09:20,Economy Smart,1577000,2
2025-11-17T06:00:42.640Z,QH224,Boeing 737 All Series Passenger,SGN,HAN,2025-11-19,08:50,11:00,Economy Smart,1577000,2
2025-11-17T06:00:42.640Z,QH242,Boeing 737 All Series Passenger,SGN,HAN,2025-11-19,13:15,15:25,Economy Smart,1577000,2
2025-11-17T06:00:42.640Z,QH268,Airbus A321,SGN,HAN,2025-11-19,19:35,21:45,Economy Smart,1577000,2
2025-11-17T06:00:42.640Z,QH204,Airbus A321,SGN,HAN,2025-11-19,07:10,09:20,Economy Flex,3068000,2
2025-11-17T06:00:42.640Z,QH224,Boeing 737 All Series Passenger,SGN,HAN,2025-11-19,08:50,11:00,Economy Flex,3068000,2
2025-11-17T06:00:42.640Z,QH242,Boeing 737 All Series Passenger,SGN,HAN,2025-11-19,13:15,15:25,Economy Flex,3068000,2
2025-11-17T06:00:42.640Z,QH268,Airbus A321,SGN,HAN,2025-11-19,19:35,21:45,Economy Flex,3068000,2
2025-11-17T06:00:42.640Z,QH224,Boeing 737 All Series Passenger,SGN,HAN,2025-11-19,08:50,11:00,Business Smart,5022000,2
2025-11-17T06:00:42.640Z,QH224,Boeing 737 All Series Passenger,SGN,HAN,2025-11-19,08:50,11:00,Business Flex,7074000,2
2025-11-17T06:01:55.081Z,QH204,Airbus A321,SGN,HAN,2025-11-21,07:10,09:20,Economy Smart,1577000,4
2025-11-17T06:01:55.081Z,QH268,Airbus A321,SGN,HAN,2025-11-21,19:35,21:45,Economy Smart,1577000,4
2025-11-17T06:01:55.081Z,QH224,Boeing 737 All Series Passenger,SGN,HAN,2025-11-21,10:20,12:30,Economy Smart,1750000,4
2025-11-17T06:01:55.081Z,QH242,Boeing 737 All Series Passenger,SGN,HAN,2025-11-21,13:15,15:25,Economy Smart,1750000,4
2025-11-17T06:01:55.081Z,QH204,Airbus A321,SGN,HAN,2025-11-21,07:10,09:20,Economy Flex,3068000,4
2025-11-17T06:01:55.081Z,QH224,Boeing 737 All Series Passenger,SGN,HAN,2025-11-21,10:20,12:30,Economy Flex,3068000,4
2025-11-17T06:01:55.081Z,QH242,Boeing 737 All Series Passenger,SGN,HAN,2025-11-21,13:15,15:25,Economy Flex,3068000,4
2025-11-17T06:01:55.081Z,QH268,Airbus A321,SGN,HAN,2025-11-21,19:35,21:45,Economy Flex,3068000,4
2025-11-17T06:02:33.156Z,QH204,Airbus A321,SGN,HAN,2025-11-22,07:10,09:20,Economy Smart,1448000,5
2025-11-17T06:02:33.156Z,QH268,Airbus A321,SGN,HAN,2025-11-22,19:35,21:45,Economy Smart,1448000,5
2025-11-17T06:02:33.156Z,QH204,Airbus A321,SGN,HAN,2025-11-22,07:10,09:20,Economy Smart,1577000,5
2025-11-17T06:02:33.156Z,QH224,Boeing 737 All Series Passenger,SGN,HAN,2025-11-22,10:20,12:30,Economy Smart,1577000,5
2025-11-17T06:02:33.156Z,QH242,Boeing 737 All Series Passenger,SGN,HAN,2025-11-22,13:15,15:25,Economy Smart,1577000,5
2025-11-17T06:02:33.156Z,QH268,Airbus A321,SGN,HAN,2025-11-22,19:35,21:45,Economy Smart,1577000,5
2025-11-17T06:02:33.156Z,QH204,Airbus A321,SGN,HAN,2025-11-22,07:10,09:20,Economy Flex,3068000,5
2025-11-17T06:02:33.156Z,QH224,Boeing 737 All Series Passenger,SGN,HAN,2025-11-22,10:20,12:30,Economy Flex,3068000,5
2025-11-17T06:02:33.156Z,QH242,Boeing 737 All Series Passenger,SGN,HAN,2025-11-22,13:15,15:25,Economy Flex,3068000,5
2025-11-17T06:02:33.156Z,QH268,Airbus A321,SGN,HAN,2025-11-22,19:35,21:45,Economy Flex,3068000,5
2025-11-17T06:02:33.156Z,QH204,Airbus A321,SGN,HAN,2025-11-22,07:10,09:20,Business Smart,4634000,5
2025-11-17T06:02:33.156Z,QH204,Airbus A321,SGN,HAN,2025-11-22,07:10,09:20,Business Flex,7074000,5
2025-11-17T06:03:09.406Z,QH204,Airbus A321,SGN,HAN,2025-11-23,07:10,09:20,Economy Smart,1577000,6
2025-11-17T06:03:09.406Z,QH268,Airbus A321,SGN,HAN,2025-11-23,19:35,21:45,Economy Smart,1577000,6
2025-11-17T06:03:09.406Z,QH224,Boeing 737 All Series Passenger,SGN,HAN,2025-11-23,10:20,12:30,Economy Smart,1750000,6
2025-11-17T06:03:09.406Z,QH242,Boeing 737 All Series Passenger,SGN,HAN,2025-11-23,13:15,15:25,Economy Smart,1944000,6
2025-11-17T06:03:09.406Z,QH204,Airbus A321,SGN,HAN,2025-11-23,07:10,09:20,Economy Flex,3068000,6
2025-11-17T06:03:09.406Z,QH224,Boeing 737 All Series Passenger,SGN,HAN,2025-11-23,10:20,12:30,Economy Flex,3068000,6
2025-11-17T06:03:09.406Z,QH242,Boeing 737 All Series Passenger,SGN,HAN,2025-11-23,13:15,15:25,Economy Flex,3068000,6
2025-11-17T06:03:09.406Z,QH268,Airbus A321,SGN,HAN,2025-11-23,19:35,21:45,Economy Flex,3068000,6
2025-11-17T06:03:43.898Z,QH204,Airbus A321,SGN,HAN,2025-11-24,07:10,09:20,Economy Smart,1577000,7
2025-11-17T06:03:43.898Z,QH268,Airbus A321,SGN,HAN,2025-11-24,19:35,21:45,Economy Smart,1577000,7
2025-11-17T06:03:43.898Z,QH224,Boeing 737 All Series Passenger,SGN,HAN,2025-11-24,10:20,12:30,Economy Smart,1750000,7
2025-11-17T06:03:43.898Z,QH242,Boeing 737 All Series Passenger,SGN,HAN,2025-11-24,13:15,15:25,Economy Smart,1750000,7
2025-11-17T06:03:43.898Z,QH204,Airbus A321,SGN,HAN,2025-11-24,07:10,09:20,Economy Flex,3068000,7
2025-11-17T06:03:43.898Z,QH224,Boeing 737 All Series Passenger,SGN,HAN,2025-11-24,10:20,12:30,Economy Flex,3068000,7
2025-11-17T06:03:43.898Z,QH242,Boeing 737 All Series Passenger,SGN,HAN,2025-11-24,13:15,15:25,Economy Flex,3068000,7
2025-11-17T06:03:43.898Z,QH268,Airbus A321,SGN,HAN,2025-11-24,19:35,21:45,Economy Flex,3068000,7
2025-11-17T06:04:17.619Z,QH204,Airbus A321,SGN,HAN,2025-11-25,07:10,09:20,Economy Smart,1577000,8
2025-11-17T06:04:17.619Z,QH268,Airbus A321,SGN,HAN,2025-11-25,19:35,21:45,Economy Smart,1577000,8
2025-11-17T06:04:17.619Z,QH224,Boeing 737 All Series Passenger,SGN,HAN,2025-11-25,10:20,12:30,Economy Smart,1750000,8
2025-11-17T06:04:17.619Z,QH242,Boeing 737 All Series Passenger,SGN,HAN,2025-11-25,13:15,15:25,Economy Smart,1750000,8
2025-11-17T06:04:17.619Z,QH204,Airbus A321,SGN,HAN,2025-11-25,07:10,09:20,Economy Flex,3068000,8
2025-11-17T06:04:17.619Z,QH224,Boeing 737 All Series Passenger,SGN,HAN,2025-11-25,10:20,12:30,Economy Flex,3068000,8
2025-11-17T06:04:17.619Z,QH242,Boeing 737 All Series Passenger,SGN,HAN,2025-11-25,13:15,15:25,Economy Flex,3068000,8
2025-11-17T06:04:17.619Z,QH268,Airbus A321,SGN,HAN,2025-11-25,19:35,21:45,Economy Flex,3068000,8
2025-11-17T06:04:53.012Z,QH204,Airbus A321,SGN,HAN,2025-11-26,07:10,09:20,Economy Smart,1577000,9
2025-11-17T06:04:53.012Z,QH268,Airbus A321,SGN,HAN,2025-11-26,19:35,21:45,Economy Smart,1577000,9
2025-11-17T06:04:53.012Z,QH224,Boeing 737 All Series Passenger,SGN,HAN,2025-11-26,10:20,12:30,Economy Smart,1750000,9
2025-11-17T06:04:53.012Z,QH242,Boeing 737 All Series Passenger,SGN,HAN,2025-11-26,13:15,15:25,Economy Smart,1750000,9
2025-11-17T06:04:53.012Z,QH204,Airbus A321,SGN,HAN,2025-11-26,07:10,09:20,Economy Flex,3068000,9
2025-11-17T06:04:53.012Z,QH224,Boeing 737 All Series Passenger,SGN,HAN,2025-11-26,10:20,12:30,Economy Flex,3068000,9
2025-11-17T06:04:53.012Z,QH242,Boeing 737 All Series Passenger,SGN,HAN,2025-11-26,13:15,15:25,Economy Flex,3068000,9
2025-11-17T06:04:53.012Z,QH268,Airbus A321,SGN,HAN,2025-11-26,19:35,21:45,Economy Flex,3068000,9
2025-11-17T06:05:28.769Z,QH204,Airbus A321,SGN,HAN,2025-11-27,07:10,09:20,Economy Smart,1750000,10
2025-11-17T06:05:28.769Z,QH268,Airbus A321,SGN,HAN,2025-11-27,19:35,21:45,Economy Smart,1750000,10
2025-11-17T06:05:28.769Z,QH224,Boeing 737 All Series Passenger,SGN,HAN,2025-11-27,10:20,12:30,Economy Smart,1944000,10
2025-11-17T06:05:28.769Z,QH242,Boeing 737 All Series Passenger,SGN,HAN,2025-11-27,13:15,15:25,Economy Smart,1944000,10
2025-11-17T06:05:28.769Z,QH204,Airbus A321,SGN,HAN,2025-11-27,07:10,09:20,Economy Flex,3068000,10
2025-11-17T06:05:28.769Z,QH224,Boeing 737 All Series Passenger,SGN,HAN,2025-11-27,10:20,12:30,Economy Flex,3068000,10
2025-11-17T06:05:28.769Z,QH242,Boeing 737 All Series Passenger,SGN,HAN,2025-11-27,13:15,15:25,Economy Flex,3068000,10
2025-11-17T06:05:28.769Z,QH268,Airbus A321,SGN,HAN,2025-11-27,19:35,21:45,Economy Flex,3068000,10
2025-11-17T06:06:03.822Z,QH204,Airbus A321,SGN,HAN,2025-11-28,07:10,09:20,Economy Smart,1750000,11
2025-11-17T06:06:03.822Z,QH268,Airbus A321,SGN,HAN,2025-11-28,19:35,21:45,Economy Smart,1750000,11
2025-11-17T06:06:03.822Z,QH224,Boeing 737 All Series Passenger,SGN,HAN,2025-11-28,10:20,12:30,Economy Smart,1944000,11
2025-11-17T06:06:03.822Z,QH242,Boeing 737 All Series Passenger,SGN,HAN,2025-11-28,13:15,15:25,Economy Smart,1944000,11
2025-11-17T06:06:03.822Z,QH204,Airbus A321,SGN,HAN,2025-11-28,07:10,09:20,Economy Flex,3068000,11
2025-11-17T06:06:03.822Z,QH224,Boeing 737 All Series Passenger,SGN,HAN,2025-11-28,10:20,12:30,Economy Flex,3068000,11
2025-11-17T06:06:03.822Z,QH242,Boeing 737 All Series Passenger,SGN,HAN,2025-11-28,13:15,15:25,Economy Flex,3068000,11
2025-11-17T06:06:03.822Z,QH268,Airbus A321,SGN,HAN,2025-11-28,19:35,21:45,Economy Flex,3068000,11
2025-11-17T06:06:37.848Z,QH268,Airbus A321,SGN,HAN,2025-11-29,19:35,21:45,Economy Smart,1577000,12
2025-11-17T06:06:37.848Z,QH204,Airbus A321,SGN,HAN,2025-11-29,07:10,09:20,Economy Smart,1750000,12
2025-11-17T06:06:37.848Z,QH224,Boeing 737 All Series Passenger,SGN,HAN,2025-11-29,10:20,12:30,Economy Smart,1750000,12
2025-11-17T06:06:37.848Z,QH242,Boeing 737 All Series Passenger,SGN,HAN,2025-11-29,13:15,15:25,Economy Smart,1750000,12
2025-11-17T06:06:37.848Z,QH204,Airbus A321,SGN,HAN,2025-11-29,07:10,09:20,Economy Flex,3068000,12
2025-11-17T06:06:37.848Z,QH224,Boeing 737 All Series Passenger,SGN,HAN,2025-11-29,10:20,12:30,Economy Flex,3068000,12
2025-11-17T06:06:37.848Z,QH242,Boeing 737 All Series Passenger,SGN,HAN,2025-11-29,13:15,15:25,Economy Flex,3068000,12
2025-11-17T06:06:37.848Z,QH268,Airbus A321,SGN,HAN,2025-11-29,19:35,21:45,Economy Flex,3068000,12
2025-11-17T06:07:12.675Z,QH204,Airbus A321,SGN,HAN,2025-11-30,07:10,09:20,Economy Smart,1577000,13
2025-11-17T06:07:12.675Z,QH224,Boeing 737 All Series Passenger,SGN,HAN,2025-11-30,10:20,12:30,Economy Smart,1944000,13
2025-11-17T06:07:12.675Z,QH242,Boeing 737 All Series Passenger,SGN,HAN,2025-11-30,13:15,15:25,Economy Smart,1944000,13
2025-11-17T06:07:12.675Z,QH268,Airbus A321,SGN,HAN,2025-11-30,19:35,21:45,Economy Smart,1944000,13
2025-11-17T06:07:12.675Z,QH204,Airbus A321,SGN,HAN,2025-11-30,07:10,09:20,Economy Flex,3068000,13
2025-11-17T06:07:12.675Z,QH224,Boeing 737 All Series Passenger,SGN,HAN,2025-11-30,10:20,12:30,Economy Flex,3068000,13
2025-11-17T06:07:12.675Z,QH242,Boeing 737 All Series Passenger,SGN,HAN,2025-11-30,13:15,15:25,Economy Flex,3068000,13
2025-11-17T06:07:12.675Z,QH268,Airbus A321,SGN,HAN,2025-11-30,19:35,21:45,Economy Flex,3068000,13
2025-11-17T06:07:49.357Z,QH268,Airbus A321,SGN,HAN,2025-01-12,19:20,21:30,Economy Smart,1577000,-309
2025-11-17T06:07:49.357Z,QH204,Airbus A321,SGN,HAN,2025-01-12,07:10,09:20,Economy Smart,1750000,-309
2025-11-17T06:07:49.357Z,QH242,Boeing 737 All Series Passenger,SGN,HAN,2025-01-12,13:15,15:25,Economy Smart,1944000,-309
2025-11-17T06:07:49.357Z,QH224,Boeing 737 All Series Passenger,SGN,HAN,2025-01-12,10:40,12:50,Economy Smart,2128000,-309
2025-11-17T06:07:49.357Z,QH204,Airbus A321,SGN,HAN,2025-01-12,07:10,09:20,Economy Flex,3068000,-309
2025-11-17T06:07:49.357Z,QH224,Boeing 737 All Series Passenger,SGN,HAN,2025-01-12,10:40,12:50,Economy Flex,3068000,-309
2025-11-17T06:07:49.357Z,QH242,Boeing 737 All Series Passenger,SGN,HAN,2025-01-12,13:15,15:25,Economy Flex,3068000,-309
2025-11-17T06:07:49.357Z,QH268,Airbus A321,SGN,HAN,2025-01-12,19:20,21:30,Economy Flex,3068000,-309
2025-11-17T06:08:23.168Z,QH204,Airbus A321,SGN,HAN,2025-02-12,07:10,09:20,Economy Smart,1577000,-278
2025-11-17T06:08:23.168Z,QH268,Airbus A321,SGN,HAN,2025-02-12,19:20,21:30,Economy Smart,1577000,-278
2025-11-17T06:08:23.168Z,QH224,Boeing 737 All Series Passenger,SGN,HAN,2025-02-12,10:40,12:50,Economy Smart,1750000,-278
2025-11-17T06:08:23.168Z,QH242,Boeing 737 All Series Passenger,SGN,HAN,2025-02-12,13:15,15:25,Economy Smart,1750000,-278
2025-11-17T06:08:23.168Z,QH204,Airbus A321,SGN,HAN,2025-02-12,07:10,09:20,Economy Flex,3068000,-278
2025-11-17T06:08:23.168Z,QH224,Boeing 737 All Series Passenger,SGN,HAN,2025-02-12,10:40,12:50,Economy Flex,3068000,-278
2025-11-17T06:08:23.168Z,QH242,Boeing 737 All Series Passenger,SGN,HAN,2025-02-12,13:15,15:25,Economy Flex,3068000,-278
2025-11-17T06:08:23.168Z,QH268,Airbus A321,SGN,HAN,2025-02-12,19:20,21:30,Economy Flex,3068000,-278
2025-11-17T06:08:58.678Z,QH204,Airbus A321,SGN,HAN,2025-03-12,07:10,09:20,Economy Smart,1577000,-250
2025-11-17T06:08:58.678Z,QH224,Boeing 737 All Series Passenger,SGN,HAN,2025-03-12,10:40,12:50,Economy Smart,1750000,-250
2025-11-17T06:08:58.678Z,QH268,Airbus A321,SGN,HAN,2025-03-12,19:20,21:30,Economy Smart,1750000,-250
2025-11-17T06:08:58.678Z,QH242,Boeing 737 All Series Passenger,SGN,HAN,2025-03-12,13:15,15:25,Economy Smart,1944000,-250
2025-11-17T06:08:58.678Z,QH204,Airbus A321,SGN,HAN,2025-03-12,07:10,09:20,Economy Flex,3068000,-250
2025-11-17T06:08:58.678Z,QH224,Boeing 737 All Series Passenger,SGN,HAN,2025-03-12,10:40,12:50,Economy Flex,3068000,-250
2025-11-17T06:08:58.678Z,QH242,Boeing 737 All Series Passenger,SGN,HAN,2025-03-12,13:15,15:25,Economy Flex,3068000,-250
2025-11-17T06:08:58.678Z,QH268,Airbus A321,SGN,HAN,2025-03-12,19:20,21:30,Economy Flex,3068000,-250
2025-11-17T06:09:34.953Z,QH204,Airbus A321,SGN,HAN,2025-04-12,07:10,09:20,Economy Smart,1750000,-219
2025-11-17T06:09:34.953Z,QH268,Airbus A321,SGN,HAN,2025-04-12,19:20,21:30,Economy Smart,1750000,-219
2025-11-17T06:09:34.953Z,QH224,Boeing 737 All Series Passenger,SGN,HAN,2025-04-12,10:40,12:50,Economy Smart,2128000,-219
2025-11-17T06:09:34.953Z,QH242,Boeing 737 All Series Passenger,SGN,HAN,2025-04-12,13:15,15:25,Economy Smart,2128000,-219
2025-11-17T06:09:34.953Z,QH204,Airbus A321,SGN,HAN,2025-04-12,07:10,09:20,Economy Flex,3068000,-219
2025-11-17T06:09:34.953Z,QH224,Boeing 737 All Series Passenger,SGN,HAN,2025-04-12,10:40,12:50,Economy Flex,3068000,-219
2025-11-17T06:09:34.953Z,QH242,Boeing 737 All Series Passenger,SGN,HAN,2025-04-12,13:15,15:25,Economy Flex,3068000,-219
2025-11-17T06:09:34.953Z,QH268,Airbus A321,SGN,HAN,2025-04-12,19:20,21:30,Economy Flex,3068000,-219
2025-11-17T06:10:06.432Z,QH268,Airbus A321,SGN,HAN,2025-05-12,19:20,21:30,Economy Smart,1750000,-189
2025-11-17T06:10:06.432Z,QH204,Airbus A321,SGN,HAN,2025-05-12,07:10,09:20,Economy Smart,1944000,-189
2025-11-17T06:10:06.432Z,QH242,Boeing 737 All Series Passenger,SGN,HAN,2025-05-12,13:15,15:25,Economy Smart,1944000,-189
2025-11-17T06:10:06.432Z,QH224,Boeing 737 All Series Passenger,SGN,HAN,2025-05-12,10:40,12:50,Economy Smart,2128000,-189
2025-11-17T06:10:06.432Z,QH204,Airbus A321,SGN,HAN,2025-05-12,07:10,09:20,Economy Flex,3068000,-189
2025-11-17T06:10:06.432Z,QH224,Boeing 737 All Series Passenger,SGN,HAN,2025-05-12,10:40,12:50,Economy Flex,3068000,-189
2025-11-17T06:10:06.432Z,QH242,Boeing 737 All Series Passenger,SGN,HAN,2025-05-12,13:15,15:25,Economy Flex,3068000,-189
2025-11-17T06:10:06.432Z,QH268,Airbus A321,SGN,HAN,2025-05-12,19:20,21:30,Economy Flex,3068000,-189
2025-11-17T06:10:40.242Z,QH268,Airbus A321,SGN,HAN,2025-06-12,19:20,21:30,Economy Smart,1577000,-158
2025-11-17T06:10:40.242Z,QH204,Airbus A321,SGN,HAN,2025-06-12,07:10,09:20,Economy Smart,1750000,-158
2025-11-17T06:10:40.242Z,QH242,Boeing 737 All Series Passenger,SGN,HAN,2025-06-12,13:15,15:25,Economy Smart,1750000,-158
2025-11-17T06:10:40.242Z,QH224,Boeing 737 All Series Passenger,SGN,HAN,2025-06-12,10:40,12:50,Economy Smart,1944000,-158
2025-11-17T06:10:40.242Z,QH204,Airbus A321,SGN,HAN,2025-06-12,07:10,09:20,Economy Flex,3068000,-158
2025-11-17T06:10:40.242Z,QH224,Boeing 737 All Series Passenger,SGN,HAN,2025-06-12,10:40,12:50,Economy Flex,3068000,-158
2025-11-17T06:10:40.242Z,QH242,Boeing 737 All Series Passenger,SGN,HAN,2025-06-12,13:15,15:25,Economy Flex,3068000,-158
2025-11-17T06:10:40.242Z,QH268,Airbus A321,SGN,HAN,2025-06-12,19:20,21:30,Economy Flex,3068000,-158
2025-11-17T06:11:16.383Z,QH204,Airbus A321,SGN,HAN,2025-07-12,07:10,09:20,Economy Smart,1750000,-128
2025-11-17T06:11:16.383Z,QH224,Boeing 737 All Series Passenger,SGN,HAN,2025-07-12,10:40,12:50,Economy Smart,1944000,-128
2025-11-17T06:11:16.383Z,QH242,Boeing 737 All Series Passenger,SGN,HAN,2025-07-12,13:15,15:25,Economy Smart,1944000,-128
2025-11-17T06:11:16.383Z,QH268,Airbus A321,SGN,HAN,2025-07-12,19:20,21:30,Economy Smart,1944000,-128
2025-11-17T06:11:16.383Z,QH204,Airbus A321,SGN,HAN,2025-07-12,07:10,09:20,Economy Flex,3068000,-128
2025-11-17T06:11:16.383Z,QH224,Boeing 737 All Series Passenger,SGN,HAN,2025-07-12,10:40,12:50,Economy Flex,3068000,-128
2025-11-17T06:11:16.383Z,QH242,Boeing 737 All Series Passenger,SGN,HAN,2025-07-12,13:15,15:25,Economy Flex,3068000,-128
2025-11-17T06:11:16.383Z,QH268,Airbus A321,SGN,HAN,2025-07-12,19:20,21:30,Economy Flex,3068000,-128
2025-11-17T06:11:52.984Z,QH204,Airbus A321,SGN,HAN,2025-08-12,07:10,09:20,Economy Smart,1577000,-97
2025-11-17T06:11:52.984Z,QH268,Airbus A321,SGN,HAN,2025-08-12,19:20,21:30,Economy Smart,1577000,-97
2025-11-17T06:11:52.984Z,QH224,Boeing 737 All Series Passenger,SGN,HAN,2025-08-12,10:40,12:50,Economy Smart,1750000,-97
2025-11-17T06:11:52.984Z,QH242,Boeing 737 All Series Passenger,SGN,HAN,2025-08-12,13:15,15:25,Economy Smart,1750000,-97
2025-11-17T06:11:52.984Z,QH204,Airbus A321,SGN,HAN,2025-08-12,07:10,09:20,Economy Flex,3068000,-97
2025-11-17T06:11:52.984Z,QH224,Boeing 737 All Series Passenger,SGN,HAN,2025-08-12,10:40,12:50,Economy Flex,3068000,-97
2025-11-17T06:11:52.984Z,QH242,Boeing 737 All Series Passenger,SGN,HAN,2025-08-12,13:15,15:25,Economy Flex,3068000,-97
2025-11-17T06:11:52.984Z,QH268,Airbus A321,SGN,HAN,2025-08-12,19:20,21:30,Economy Flex,3068000,-97
2025-11-17T06:12:32.044Z,QH204,Airbus A321,SGN,HAN,2025-09-12,07:10,09:20,Economy Smart,1577000,-66
2025-11-17T06:12:32.044Z,QH268,Airbus A321,SGN,HAN,2025-09-12,19:20,21:30,Economy Smart,1577000,-66
2025-11-17T06:12:32.044Z,QH224,Boeing 737 All Series Passenger,SGN,HAN,2025-09-12,10:40,12:50,Economy Smart,1750000,-66
2025-11-17T06:12:32.044Z,QH242,Boeing 737 All Series Passenger,SGN,HAN,2025-09-12,13:15,15:25,Economy Smart,1750000,-66
2025-11-17T06:12:32.044Z,QH204,Airbus A321,SGN,HAN,2025-09-12,07:10,09:20,Economy Flex,3068000,-66
2025-11-17T06:12:32.044Z,QH224,Boeing 737 All Series Passenger,SGN,HAN,2025-09-12,10:40,12:50,Economy Flex,3068000,-66
2025-11-17T06:12:32.044Z,QH242,Boeing 737 All Series Passenger,SGN,HAN,2025-09-12,13:15,15:25,Economy Flex,3068000,-66
2025-11-17T06:12:32.044Z,QH268,Airbus A321,SGN,HAN,2025-09-12,19:20,21:30,Economy Flex,3068000,-66
2025-11-17T06:13:07.879Z,QH204,Airbus A321,SGN,HAN,2025-10-12,07:10,09:20,Economy Smart,1577000,-36
2025-11-17T06:13:07.879Z,QH268,Airbus A321,SGN,HAN,2025-10-12,19:20,21:30,Economy Smart,1577000,-36
2025-11-17T06:13:07.879Z,QH242,Boeing 737 All Series Passenger,SGN,HAN,2025-10-12,13:15,15:25,Economy Smart,1750000,-36
2025-11-17T06:13:07.879Z,QH224,Boeing 737 All Series Passenger,SGN,HAN,2025-10-12,10:40,12:50,Economy Smart,1944000,-36
2025-11-17T06:13:07.879Z,QH204,Airbus A321,SGN,HAN,2025-10-12,07:10,09:20,Economy Flex,3068000,-36
2025-11-17T06:13:07.879Z,QH224,Boeing 737 All Series Passenger,SGN,HAN,2025-10-12,10:40,12:50,Economy Flex,3068000,-36
2025-11-17T06:13:07.879Z,QH242,Boeing 737 All Series Passenger,SGN,HAN,2025-10-12,13:15,15:25,Economy Flex,3068000,-36
2025-11-17T06:13:07.879Z,QH268,Airbus A321,SGN,HAN,2025-10-12,19:20,21:30,Economy Flex,3068000,-36
2025-11-17T06:13:43.418Z,QH268,Airbus A321,SGN,HAN,2025-11-12,19:20,21:30,Economy Smart,1750000,-5
2025-11-17T06:13:43.418Z,QH204,Airbus A321,SGN,HAN,2025-11-12,07:10,09:20,Economy Smart,1944000,-5
2025-11-17T06:13:43.418Z,QH242,Boeing 737 All Series Passenger,SGN,HAN,2025-11-12,13:15,15:25,Economy Smart,1944000,-5
2025-11-17T06:13:43.418Z,QH224,Boeing 737 All Series Passenger,SGN,HAN,2025-11-12,10:40,12:50,Economy Smart,2128000,-5
2025-11-17T06:13:43.418Z,QH204,Airbus A321,SGN,HAN,2025-11-12,07:10,09:20,Economy Flex,3068000,-5
2025-11-17T06:13:43.418Z,QH224,Boeing 737 All Series Passenger,SGN,HAN,2025-11-12,10:40,12:50,Economy Flex,3068000,-5
2025-11-17T06:13:43.418Z,QH242,Boeing 737 All Series Passenger,SGN,HAN,2025-11-12,13:15,15:25,Economy Flex,3068000,-5
2025-11-17T06:13:43.418Z,QH268,Airbus A321,SGN,HAN,2025-11-12,19:20,21:30,Economy Flex,3068000,-5
2025-11-17T06:14:20.613Z,QH204,Airbus A321,SGN,HAN,2025-12-12,07:10,09:20,Economy Smart,1750000,25
2025-11-17T06:14:20.613Z,QH268,Airbus A321,SGN,HAN,2025-12-12,19:20,21:30,Economy Smart,1750000,25
2025-11-17T06:14:20.613Z,QH224,Boeing 737 All Series Passenger,SGN,HAN,2025-12-12,10:40,12:50,Economy Smart,2128000,25
2025-11-17T06:14:20.613Z,QH242,Boeing 737 All Series Passenger,SGN,HAN,2025-12-12,13:15,15:25,Economy Smart,2355000,25
2025-11-17T06:14:20.613Z,QH204,Airbus A321,SGN,HAN,2025-12-12,07:10,09:20,Economy Flex,3068000,25
2025-11-17T06:14:20.613Z,QH224,Boeing 737 All Series Passenger,SGN,HAN,2025-12-12,10:40,12:50,Economy Flex,3068000,25
2025-11-17T06:14:20.613Z,QH242,Boeing 737 All Series Passenger,SGN,HAN,2025-12-12,13:15,15:25,Economy Flex,3068000,25
2025-11-17T06:14:20.613Z,QH268,Airbus A321,SGN,HAN,2025-12-12,19:20,21:30,Economy Flex,3068000,25
2025-11-17T06:14:51.051Z,QH268,Airbus A321,SGN,HAN,2025-12-13,19:20,21:30,Economy Smart,1232000,26
2025-11-17T06:14:51.051Z,QH204,Airbus A321,SGN,HAN,2025-12-13,07:10,09:20,Economy Smart,1577000,26
2025-11-17T06:14:51.051Z,QH242,Boeing 737 All Series Passenger,SGN,HAN,2025-12-13,13:15,15:25,Economy Smart,1750000,26
2025-11-17T06:14:51.051Z,QH268,Airbus A321,SGN,HAN,2025-12-13,19:20,21:30,Economy Smart,1750000,26
2025-11-17T06:14:51.051Z,QH224,Boeing 737 All Series Passenger,SGN,HAN,2025-12-13,10:40,12:50,Economy Smart,1944000,26
2025-11-17T06:14:51.051Z,QH204,Airbus A321,SGN,HAN,2025-12-13,07:10,09:20,Economy Flex,3068000,26
2025-11-17T06:14:51.051Z,QH224,Boeing 737 All Series Passenger,SGN,HAN,2025-12-13,10:40,12:50,Economy Flex,3068000,26
2025-11-17T06:14:51.051Z,QH242,Boeing 737 All Series Passenger,SGN,HAN,2025-12-13,13:15,15:25,Economy Flex,3068000,26
2025-11-17T06:14:51.051Z,QH268,Airbus A321,SGN,HAN,2025-12-13,19:20,21:30,Economy Flex,3068000,26
2025-11-17T06:15:28.797Z,QH204,Airbus A321,SGN,HAN,2025-12-14,07:10,09:20,Economy Smart,1750000,27
2025-11-17T06:15:28.797Z,QH268,Airbus A321,SGN,HAN,2025-12-14,19:20,21:30,Economy Smart,1750000,27
2025-11-17T06:15:28.797Z,QH224,Boeing 737 All Series Passenger,SGN,HAN,2025-12-14,10:40,12:50,Economy Smart,1944000,27
2025-11-17T06:15:28.797Z,QH242,Boeing 737 All Series Passenger,SGN,HAN,2025-12-14,13:15,15:25,Economy Smart,1944000,27
2025-11-17T06:15:28.797Z,QH204,Airbus A321,SGN,HAN,2025-12-14,07:10,09:20,Economy Flex,3068000,27
2025-11-17T06:15:28.797Z,QH224,Boeing 737 All Series Passenger,SGN,HAN,2025-12-14,10:40,12:50,Economy Flex,3068000,27
2025-11-17T06:15:28.797Z,QH242,Boeing 737 All Series Passenger,SGN,HAN,2025-12-14,13:15,15:25,Economy Flex,3068000,27
2025-11-17T06:15:28.797Z,QH268,Airbus A321,SGN,HAN,2025-12-14,19:20,21:30,Economy Flex,3068000,27
2025-11-17T06:16:03.320Z,QH242,Boeing 737 All Series Passenger,SGN,HAN,2025-12-15,13:15,15:25,Economy Smart,1750000,28
2025-11-17T06:16:03.320Z,QH204,Airbus A321,SGN,HAN,2025-12-15,07:10,09:20,Economy Smart,1944000,28
2025-11-17T06:16:03.320Z,QH268,Airbus A321,SGN,HAN,2025-12-15,19:20,21:30,Economy Smart,1944000,28
2025-11-17T06:16:03.320Z,QH224,Boeing 737 All Series Passenger,SGN,HAN,2025-12-15,10:40,12:50,Economy Smart,2128000,28
2025-11-17T06:16:03.320Z,QH204,Airbus A321,SGN,HAN,2025-12-15,07:10,09:20,Economy Flex,3068000,28
2025-11-17T06:16:03.320Z,QH224,Boeing 737 All Series Passenger,SGN,HAN,2025-12-15,10:40,12:50,Economy Flex,3068000,28
2025-11-17T06:16:03.320Z,QH242,Boeing 737 All Series Passenger,SGN,HAN,2025-12-15,13:15,15:25,Economy Flex,3068000,28
2025-11-17T06:16:03.320Z,QH268,Airbus A321,SGN,HAN,2025-12-15,19:20,21:30,Economy Flex,3068000,28
2025-11-17T06:16:37.718Z,QH204,Airbus A321,SGN,HAN,2025-12-16,07:10,09:20,Economy Smart,1340000,29
2025-11-17T06:16:37.718Z,QH204,Airbus A321,SGN,HAN,2025-12-16,07:10,09:20,Economy Smart,1577000,29
2025-11-17T06:16:37.718Z,QH268,Airbus A321,SGN,HAN,2025-12-16,19:20,21:30,Economy Smart,1577000,29
2025-11-17T06:16:37.718Z,QH224,Boeing 737 All Series Passenger,SGN,HAN,2025-12-16,10:40,12:50,Economy Smart,1750000,29
2025-11-17T06:16:37.718Z,QH242,Boeing 737 All Series Passenger,SGN,HAN,2025-12-16,13:15,15:25,Economy Smart,1750000,29
2025-11-17T06:16:37.718Z,QH204,Airbus A321,SGN,HAN,2025-12-16,07:10,09:20,Economy Flex,3068000,29
2025-11-17T06:16:37.718Z,QH224,Boeing 737 All Series Passenger,SGN,HAN,2025-12-16,10:40,12:50,Economy Flex,3068000,29
2025-11-17T06:16:37.718Z,QH242,Boeing 737 All Series Passenger,SGN,HAN,2025-12-16,13:15,15:25,Economy Flex,3068000,29
2025-11-17T06:16:37.718Z,QH268,Airbus A321,SGN,HAN,2025-12-16,19:20,21:30,Economy Flex,3068000,29
2025-11-17T06:29:37.188Z,QH204,Airbus A321,SGN,HAN,2025-12-18,07:10,09:20,Economy Smart,1750000,31
2025-11-17T06:29:37.188Z,QH268,Airbus A321,SGN,HAN,2025-12-18,19:20,21:30,Economy Smart,1750000,31
2025-11-17T06:29:37.188Z,QH224,Boeing 737 All Series Passenger,SGN,HAN,2025-12-18,10:40,12:50,Economy Smart,1944000,31
2025-11-17T06:29:37.188Z,QH242,Boeing 737 All Series Passenger,SGN,HAN,2025-12-18,13:15,15:25,Economy Smart,1944000,31
2025-11-17T06:29:37.188Z,QH204,Airbus A321,SGN,HAN,2025-12-18,07:10,09:20,Economy Flex,3068000,31
2025-11-17T06:29:37.188Z,QH224,Boeing 737 All Series Passenger,SGN,HAN,2025-12-18,10:40,12:50,Economy Flex,3068000,31
2025-11-17T06:29:37.188Z,QH242,Boeing 737 All Series Passenger,SGN,HAN,2025-12-18,13:15,15:25,Economy Flex,3068000,31
2025-11-17T06:29:37.188Z,QH268,Airbus A321,SGN,HAN,2025-12-18,19:20,21:30,Economy Flex,3068000,31
2025-11-17T06:30:14.934Z,QH204,Airbus A321,SGN,HAN,2025-12-19,07:10,09:20,Economy Smart,1944000,32
2025-11-17T06:30:14.934Z,QH242,Boeing 737 All Series Passenger,SGN,HAN,2025-12-19,13:15,15:25,Economy Smart,1944000,32
2025-11-17T06:30:14.934Z,QH268,Airbus A321,SGN,HAN,2025-12-19,19:20,21:30,Economy Smart,1944000,32
2025-11-17T06:30:14.934Z,QH224,Boeing 737 All Series Passenger,SGN,HAN,2025-12-19,10:40,12:50,Economy Smart,2128000,32
2025-11-17T06:30:14.934Z,QH204,Airbus A321,SGN,HAN,2025-12-19,07:10,09:20,Economy Flex,3068000,32
2025-11-17T06:30:14.934Z,QH224,Boeing 737 All Series Passenger,SGN,HAN,2025-12-19,10:40,12:50,Economy Flex,3068000,32
2025-11-17T06:30:14.934Z,QH242,Boeing 737 All Series Passenger,SGN,HAN,2025-12-19,13:15,15:25,Economy Flex,3068000,32
2025-11-17T06:30:14.934Z,QH268,Airbus A321,SGN,HAN,2025-12-19,19:20,21:30,Economy Flex,3068000,32
2025-11-17T06:30:53.028Z,QH268,Airbus A321,SGN,HAN,2025-12-20,19:20,21:30,Economy Smart,1232000,33
2025-11-17T06:30:53.028Z,QH204,Airbus A321,SGN,HAN,2025-12-20,07:10,09:20,Economy Smart,1750000,33
2025-11-17T06:30:53.028Z,QH242,Boeing 737 All Series Passenger,SGN,HAN,2025-12-20,13:15,15:25,Economy Smart,1750000,33
2025-11-17T06:30:53.028Z,QH268,Airbus A321,SGN,HAN,2025-12-20,19:20,21:30,Economy Smart,1750000,33
2025-11-17T06:30:53.028Z,QH224,Boeing 737 All Series Passenger,SGN,HAN,2025-12-20,10:40,12:50,Economy Smart,1944000,33
2025-11-17T06:30:53.028Z,QH204,Airbus A321,SGN,HAN,2025-12-20,07:10,09:20,Economy Flex,3068000,33
2025-11-17T06:30:53.028Z,QH224,Boeing 737 All Series Passenger,SGN,HAN,2025-12-20,10:40,12:50,Economy Flex,3068000,33
2025-11-17T06:30:53.028Z,QH242,Boeing 737 All Series Passenger,SGN,HAN,2025-12-20,13:15,15:25,Economy Flex,3068000,33
2025-11-17T06:30:53.028Z,QH268,Airbus A321,SGN,HAN,2025-12-20,19:20,21:30,Economy Flex,3068000,33
2025-11-17T06:31:27.696Z,QH204,Airbus A321,SGN,HAN,2025-12-21,07:10,09:20,Economy Smart,1750000,34
2025-11-17T06:31:27.696Z,QH268,Airbus A321,SGN,HAN,2025-12-21,19:20,21:30,Economy Smart,1750000,34
2025-11-17T06:31:27.696Z,QH242,Boeing 737 All Series Passenger,SGN,HAN,2025-12-21,13:15,15:25,Economy Smart,1944000,34
2025-11-17T06:31:27.696Z,QH224,Boeing 737 All Series Passenger,SGN,HAN,2025-12-21,10:40,12:50,Economy Smart,2128000,34
2025-11-17T06:31:27.696Z,QH204,Airbus A321,SGN,HAN,2025-12-21,07:10,09:20,Economy Flex,3068000,34
2025-11-17T06:31:27.696Z,QH224,Boeing 737 All Series Passenger,SGN,HAN,2025-12-21,10:40,12:50,Economy Flex,3068000,34
2025-11-17T06:31:27.696Z,QH242,Boeing 737 All Series Passenger,SGN,HAN,2025-12-21,13:15,15:25,Economy Flex,3068000,34
2025-11-17T06:31:27.696Z,QH268,Airbus A321,SGN,HAN,2025-12-21,19:20,21:30,Economy Flex,3068000,34
2025-11-17T06:32:01.514Z,QH268,Airbus A321,SGN,HAN,2025-12-22,19:20,21:30,Economy Smart,1340000,35
2025-11-17T06:32:01.514Z,QH204,Airbus A321,SGN,HAN,2025-12-22,07:10,09:20,Economy Smart,1577000,35
2025-11-17T06:32:01.514Z,QH268,Airbus A321,SGN,HAN,2025-12-22,19:20,21:30,Economy Smart,1577000,35
2025-11-17T06:32:01.514Z,QH242,Boeing 737 All Series Passenger,SGN,HAN,2025-12-22,13:15,15:25,Economy Smart,1750000,35
2025-11-17T06:32:01.514Z,QH224,Boeing 737 All Series Passenger,SGN,HAN,2025-12-22,10:40,12:50,Economy Smart,1944000,35
2025-11-17T06:32:01.514Z,QH204,Airbus A321,SGN,HAN,2025-12-22,07:10,09:20,Economy Flex,3068000,35
2025-11-17T06:32:01.514Z,QH224,Boeing 737 All Series Passenger,SGN,HAN,2025-12-22,10:40,12:50,Economy Flex,3068000,35
2025-11-17T06:32:01.514Z,QH242,Boeing 737 All Series Passenger,SGN,HAN,2025-12-22,13:15,15:25,Economy Flex,3068000,35
2025-11-17T06:32:01.514Z,QH268,Airbus A321,SGN,HAN,2025-12-22,19:20,21:30,Economy Flex,3068000,35
2025-11-17T06:32:37.012Z,QH204,Airbus A321,SGN,HAN,2025-12-23,07:10,09:20,Economy Smart,1577000,36
2025-11-17T06:32:37.012Z,QH268,Airbus A321,SGN,HAN,2025-12-23,19:20,21:30,Economy Smart,1577000,36
2025-11-17T06:32:37.012Z,QH224,Boeing 737 All Series Passenger,SGN,HAN,2025-12-23,10:40,12:50,Economy Smart,1750000,36
2025-11-17T06:32:37.012Z,QH242,Boeing 737 All Series Passenger,SGN,HAN,2025-12-23,13:15,15:25,Economy Smart,1750000,36
2025-11-17T06:32:37.012Z,QH204,Airbus A321,SGN,HAN,2025-12-23,07:10,09:20,Economy Flex,3068000,36
2025-11-17T06:32:37.012Z,QH224,Boeing 737 All Series Passenger,SGN,HAN,2025-12-23,10:40,12:50,Economy Flex,3068000,36
2025-11-17T06:32:37.012Z,QH242,Boeing 737 All Series Passenger,SGN,HAN,2025-12-23,13:15,15:25,Economy Flex,3068000,36
2025-11-17T06:32:37.012Z,QH268,Airbus A321,SGN,HAN,2025-12-23,19:20,21:30,Economy Flex,3068000,36
2025-11-17T06:33:13.257Z,QH204,Airbus A321,SGN,HAN,2025-12-24,07:10,09:20,Economy Smart,1577000,37
2025-11-17T06:33:13.257Z,QH268,Airbus A321,SGN,HAN,2025-12-24,19:20,21:30,Economy Smart,1577000,37
2025-11-17T06:33:13.257Z,QH224,Boeing 737 All Series Passenger,SGN,HAN,2025-12-24,10:40,12:50,Economy Smart,1750000,37
2025-11-17T06:33:13.257Z,QH242,Boeing 737 All Series Passenger,SGN,HAN,2025-12-24,13:15,15:25,Economy Smart,1750000,37
2025-11-17T06:33:13.257Z,QH204,Airbus A321,SGN,HAN,2025-12-24,07:10,09:20,Economy Flex,3068000,37
2025-11-17T06:33:13.257Z,QH224,Boeing 737 All Series Passenger,SGN,HAN,2025-12-24,10:40,12:50,Economy Flex,3068000,37
2025-11-17T06:33:13.257Z,QH242,Boeing 737 All Series Passenger,SGN,HAN,2025-12-24,13:15,15:25,Economy Flex,3068000,37
2025-11-17T06:33:13.257Z,QH268,Airbus A321,SGN,HAN,2025-12-24,19:20,21:30,Economy Flex,3068000,37
2025-11-17T06:34:20.656Z,QH204,Airbus A321,SGN,HAN,2025-12-26,07:10,09:20,Economy Smart,1750000,39
2025-11-17T06:34:20.656Z,QH268,Airbus A321,SGN,HAN,2025-12-26,19:20,21:30,Economy Smart,1750000,39
2025-11-17T06:34:20.656Z,QH224,Boeing 737 All Series Passenger,SGN,HAN,2025-12-26,10:40,12:50,Economy Smart,2128000,39
2025-11-17T06:34:20.656Z,QH242,Boeing 737 All Series Passenger,SGN,HAN,2025-12-26,13:15,15:25,Economy Smart,2128000,39
2025-11-17T06:34:20.656Z,QH204,Airbus A321,SGN,HAN,2025-12-26,07:10,09:20,Economy Flex,3068000,39
2025-11-17T06:34:20.656Z,QH224,Boeing 737 All Series Passenger,SGN,HAN,2025-12-26,10:40,12:50,Economy Flex,3068000,39
2025-11-17T06:34:20.656Z,QH242,Boeing 737 All Series Passenger,SGN,HAN,2025-12-26,13:15,15:25,Economy Flex,3068000,39
2025-11-17T06:34:20.656Z,QH268,Airbus A321,SGN,HAN,2025-12-26,19:20,21:30,Economy Flex,3068000,39
2025-11-17T06:34:58.461Z,QH204,Airbus A321,SGN,HAN,2025-12-27,07:10,09:20,Economy Smart,1577000,40
2025-11-17T06:34:58.461Z,QH268,Airbus A321,SGN,HAN,2025-12-27,19:20,21:30,Economy Smart,1577000,40
2025-11-17T06:34:58.461Z,QH242,Boeing 737 All Series Passenger,SGN,HAN,2025-12-27,13:15,15:25,Economy Smart,1944000,40
2025-11-17T06:34:58.461Z,QH224,Boeing 737 All Series Passenger,SGN,HAN,2025-12-27,10:40,12:50,Economy Smart,2128000,40
2025-11-17T06:34:58.461Z,QH204,Airbus A321,SGN,HAN,2025-12-27,07:10,09:20,Economy Flex,3068000,40
2025-11-17T06:34:58.461Z,QH224,Boeing 737 All Series Passenger,SGN,HAN,2025-12-27,10:40,12:50,Economy Flex,3068000,40
2025-11-17T06:34:58.461Z,QH242,Boeing 737 All Series Passenger,SGN,HAN,2025-12-27,13:15,15:25,Economy Flex,3068000,40
2025-11-17T06:34:58.461Z,QH268,Airbus A321,SGN,HAN,2025-12-27,19:20,21:30,Economy Flex,3068000,40
2025-11-17T06:35:36.165Z,QH268,Airbus A321,SGN,HAN,2025-12-28,19:20,21:30,Economy Smart,1750000,41
2025-11-17T06:35:36.165Z,QH204,Airbus A321,SGN,HAN,2025-12-28,07:10,09:20,Economy Smart,1944000,41
2025-11-17T06:35:36.165Z,QH224,Boeing 737 All Series Passenger,SGN,HAN,2025-12-28,10:40,12:50,Economy Smart,1944000,41
2025-11-17T06:35:36.165Z,QH242,Boeing 737 All Series Passenger,SGN,HAN,2025-12-28,13:15,15:25,Economy Smart,2128000,41
2025-11-17T06:35:36.165Z,QH204,Airbus A321,SGN,HAN,2025-12-28,07:10,09:20,Economy Flex,3068000,41
2025-11-17T06:35:36.165Z,QH224,Boeing 737 All Series Passenger,SGN,HAN,2025-12-28,10:40,12:50,Economy Flex,3068000,41
2025-11-17T06:35:36.165Z,QH242,Boeing 737 All Series Passenger,SGN,HAN,2025-12-28,13:15,15:25,Economy Flex,3068000,41
2025-11-17T06:35:36.165Z,QH268,Airbus A321,SGN,HAN,2025-12-28,19:20,21:30,Economy Flex,3068000,41
2025-11-17T06:36:11.869Z,QH204,Airbus A321,SGN,HAN,2025-12-29,07:10,09:20,Economy Smart,1577000,42
2025-11-17T06:36:11.869Z,QH224,Boeing 737 All Series Passenger,SGN,HAN,2025-12-29,10:40,12:50,Economy Smart,1750000,42
2025-11-17T06:36:11.869Z,QH242,Boeing 737 All Series Passenger,SGN,HAN,2025-12-29,13:15,15:25,Economy Smart,1944000,42
2025-11-17T06:36:11.869Z,QH268,Airbus A321,SGN,HAN,2025-12-29,19:20,21:30,Economy Smart,1944000,42
2025-11-17T06:36:11.869Z,QH204,Airbus A321,SGN,HAN,2025-12-29,07:10,09:20,Economy Flex,3068000,42
2025-11-17T06:36:11.869Z,QH224,Boeing 737 All Series Passenger,SGN,HAN,2025-12-29,10:40,12:50,Economy Flex,3068000,42
2025-11-17T06:36:11.869Z,QH242,Boeing 737 All Series Passenger,SGN,HAN,2025-12-29,13:15,15:25,Economy Flex,3068000,42
2025-11-17T06:36:11.869Z,QH268,Airbus A321,SGN,HAN,2025-12-29,19:20,21:30,Economy Flex,3068000,42
2025-11-17T06:36:48.580Z,QH204,Airbus A321,SGN,HAN,2025-12-30,07:10,09:20,Economy Smart,1577000,43
2025-11-17T06:36:48.580Z,QH268,Airbus A321,SGN,HAN,2025-12-30,19:20,21:30,Economy Smart,1577000,43
2025-11-17T06:36:48.580Z,QH224,Boeing 737 All Series Passenger,SGN,HAN,2025-12-30,10:40,12:50,Economy Smart,1750000,43
2025-11-17T06:36:48.580Z,QH242,Boeing 737 All Series Passenger,SGN,HAN,2025-12-30,13:15,15:25,Economy Smart,1750000,43
2025-11-17T06:36:48.580Z,QH204,Airbus A321,SGN,HAN,2025-12-30,07:10,09:20,Economy Flex,3068000,43
2025-11-17T06:36:48.580Z,QH224,Boeing 737 All Series Passenger,SGN,HAN,2025-12-30,10:40,12:50,Economy Flex,3068000,43
2025-11-17T06:36:48.580Z,QH242,Boeing 737 All Series Passenger,SGN,HAN,2025-12-30,13:15,15:25,Economy Flex,3068000,43
2025-11-17T06:36:48.580Z,QH268,Airbus A321,SGN,HAN,2025-12-30,19:20,21:30,Economy Flex,3068000,43
2025-11-17T06:37:24.073Z,QH204,Airbus A321,SGN,HAN,2025-12-31,07:10,09:20,Economy Smart,1448000,44
2025-11-17T06:37:24.073Z,QH204,Airbus A321,SGN,HAN,2025-12-31,07:10,09:20,Economy Smart,1577000,44
2025-11-17T06:37:24.073Z,QH224,Boeing 737 All Series Passenger,SGN,HAN,2025-12-31,10:40,12:50,Economy Smart,1944000,44
2025-11-17T06:37:24.073Z,QH242,Boeing 737 All Series Passenger,SGN,HAN,2025-12-31,13:15,15:25,Economy Smart,1944000,44
2025-11-17T06:37:24.073Z,QH268,Airbus A321,SGN,HAN,2025-12-31,19:20,21:30,Economy Smart,2355000,44
2025-11-17T06:37:24.073Z,QH204,Airbus A321,SGN,HAN,2025-12-31,07:10,09:20,Economy Flex,3068000,44
2025-11-17T06:37:24.073Z,QH224,Boeing 737 All Series Passenger,SGN,HAN,2025-12-31,10:40,12:50,Economy Flex,3068000,44
2025-11-17T06:37:24.073Z,QH242,Boeing 737 All Series Passenger,SGN,HAN,2025-12-31,13:15,15:25,Economy Flex,3068000,44
2025-11-17T06:37:24.073Z,QH268,Airbus A321,SGN,HAN,2025-12-31,19:20,21:30,Economy Flex,3068000,44
2025-11-17T06:37:58.422Z,QH204,Airbus A321,SGN,HAN,2026-01-01,07:10,09:20,Economy Smart,1944000,45
2025-11-17T06:37:58.422Z,QH224,Boeing 737 All Series Passenger,SGN,HAN,2026-01-01,10:40,12:50,Economy Smart,1944000,45
2025-11-17T06:37:58.422Z,QH242,Boeing 737 All Series Passenger,SGN,HAN,2026-01-01,13:15,15:25,Economy Smart,1944000,45
2025-11-17T06:37:58.422Z,QH268,Airbus A321,SGN,HAN,2026-01-01,19:20,21:30,Economy Smart,1944000,45
2025-11-17T06:37:58.422Z,QH204,Airbus A321,SGN,HAN,2026-01-01,07:10,09:20,Economy Flex,3068000,45
2025-11-17T06:37:58.422Z,QH224,Boeing 737 All Series Passenger,SGN,HAN,2026-01-01,10:40,12:50,Economy Flex,3068000,45
2025-11-17T06:37:58.422Z,QH242,Boeing 737 All Series Passenger,SGN,HAN,2026-01-01,13:15,15:25,Economy Flex,3068000,45
2025-11-17T06:37:58.422Z,QH268,Airbus A321,SGN,HAN,2026-01-01,19:20,21:30,Economy Flex,3068000,45
2025-11-17T06:38:35.412Z,QH204,Airbus A321,SGN,HAN,2026-02-01,07:10,09:20,Economy Smart,1448000,76
2025-11-17T06:38:35.412Z,QH204,Airbus A321,SGN,HAN,2026-02-01,07:10,09:20,Economy Smart,1577000,76
2025-11-17T06:38:35.412Z,QH242,Boeing 737 All Series Passenger,SGN,HAN,2026-02-01,13:15,15:25,Economy Smart,1944000,76
2025-11-17T06:38:35.412Z,QH268,Airbus A321,SGN,HAN,2026-02-01,19:20,21:30,Economy Smart,1944000,76
2025-11-17T06:38:35.412Z,QH224,Boeing 737 All Series Passenger,SGN,HAN,2026-02-01,10:40,12:50,Economy Smart,2128000,76
2025-11-17T06:38:35.412Z,QH204,Airbus A321,SGN,HAN,2026-02-01,07:10,09:20,Economy Flex,3068000,76
2025-11-17T06:38:35.412Z,QH224,Boeing 737 All Series Passenger,SGN,HAN,2026-02-01,10:40,12:50,Economy Flex,3068000,76
2025-11-17T06:38:35.412Z,QH242,Boeing 737 All Series Passenger,SGN,HAN,2026-02-01,13:15,15:25,Economy Flex,3068000,76
2025-11-17T06:38:35.412Z,QH268,Airbus A321,SGN,HAN,2026-02-01,19:20,21:30,Economy Flex,3068000,76
2025-11-17T06:39:14.402Z,QH224,Boeing 737 All Series Passenger,SGN,HAN,2026-03-01,10:40,12:50,Economy Smart,1750000,104
2025-11-17T06:39:14.402Z,QH204,Airbus A321,SGN,HAN,2026-03-01,07:10,09:20,Economy Smart,1944000,104
2025-11-17T06:39:14.402Z,QH242,Boeing 737 All Series Passenger,SGN,HAN,2026-03-01,13:15,15:25,Economy Smart,1944000,104
2025-11-17T06:39:14.402Z,QH268,Airbus A321,SGN,HAN,2026-03-01,19:20,21:30,Economy Smart,1944000,104
2025-11-17T06:39:14.402Z,QH204,Airbus A321,SGN,HAN,2026-03-01,07:10,09:20,Economy Flex,3068000,104
2025-11-17T06:39:14.402Z,QH224,Boeing 737 All Series Passenger,SGN,HAN,2026-03-01,10:40,12:50,Economy Flex,3068000,104
2025-11-17T06:39:14.402Z,QH242,Boeing 737 All Series Passenger,SGN,HAN,2026-03-01,13:15,15:25,Economy Flex,3068000,104
2025-11-17T06:39:14.402Z,QH268,Airbus A321,SGN,HAN,2026-03-01,19:20,21:30,Economy Flex,3068000,104
2025-11-17T06:39:53.429Z,QH204,Airbus A321,SGN,HAN,2026-04-01,07:10,09:20,Economy Smart,1448000,135
2025-11-17T06:39:53.429Z,QH204,Airbus A321,SGN,HAN,2026-04-01,07:10,09:20,Economy Smart,1577000,135
2025-11-17T06:39:53.429Z,QH224,Boeing 737 All Series Passenger,SGN,HAN,2026-04-01,10:40,12:50,Economy Smart,1944000,135
2025-11-17T06:39:53.429Z,QH268,Airbus A321,SGN,HAN,2026-04-01,19:20,21:30,Economy Smart,1944000,135
2025-11-17T06:39:53.429Z,QH242,Boeing 737 All Series Passenger,SGN,HAN,2026-04-01,13:15,15:25,Economy Smart,2128000,135
2025-11-17T06:39:53.429Z,QH204,Airbus A321,SGN,HAN,2026-04-01,07:10,09:20,Economy Flex,3068000,135
2025-11-17T06:39:53.429Z,QH224,Boeing 737 All Series Passenger,SGN,HAN,2026-04-01,10:40,12:50,Economy Flex,3068000,135
2025-11-17T06:39:53.429Z,QH242,Boeing 737 All Series Passenger,SGN,HAN,2026-04-01,13:15,15:25,Economy Flex,3068000,135
2025-11-17T06:39:53.429Z,QH268,Airbus A321,SGN,HAN,2026-04-01,19:20,21:30,Economy Flex,3068000,135
2025-11-17T06:41:05.001Z,QH268,Airbus A321,SGN,HAN,2026-06-01,19:20,21:30,Economy Smart,1750000,196
2025-11-17T06:41:05.001Z,QH204,Airbus A321,SGN,HAN,2026-06-01,07:10,09:20,Economy Smart,1944000,196
2025-11-17T06:41:05.001Z,QH224,Boeing 737 All Series Passenger,SGN,HAN,2026-06-01,10:40,12:50,Economy Smart,1944000,196
2025-11-17T06:41:05.001Z,QH242,Boeing 737 All Series Passenger,SGN,HAN,2026-06-01,13:15,15:25,Economy Smart,1944000,196
2025-11-17T06:41:05.001Z,QH204,Airbus A321,SGN,HAN,2026-06-01,07:10,09:20,Economy Flex,3068000,196
2025-11-17T06:41:05.001Z,QH224,Boeing 737 All Series Passenger,SGN,HAN,2026-06-01,10:40,12:50,Economy Flex,3068000,196
2025-11-17T06:41:05.001Z,QH242,Boeing 737 All Series Passenger,SGN,HAN,2026-06-01,13:15,15:25,Economy Flex,3068000,196
2025-11-17T06:41:05.001Z,QH268,Airbus A321,SGN,HAN,2026-06-01,19:20,21:30,Economy Flex,3068000,196
2025-11-17T06:41:42.747Z,QH268,Airbus A321,SGN,HAN,2026-07-01,19:20,21:30,Economy Smart,1750000,226
2025-11-17T06:41:42.747Z,QH204,Airbus A321,SGN,HAN,2026-07-01,07:10,09:20,Economy Smart,1944000,226
2025-11-17T06:41:42.747Z,QH224,Boeing 737 All Series Passenger,SGN,HAN,2026-07-01,10:40,12:50,Economy Smart,1944000,226
2025-11-17T06:41:42.747Z,QH242,Boeing 737 All Series Passenger,SGN,HAN,2026-07-01,13:15,15:25,Economy Smart,1944000,226
2025-11-17T06:41:42.747Z,QH204,Airbus A321,SGN,HAN,2026-07-01,07:10,09:20,Economy Flex,3068000,226
2025-11-17T06:41:42.747Z,QH224,Boeing 737 All Series Passenger,SGN,HAN,2026-07-01,10:40,12:50,Economy Flex,3068000,226
2025-11-17T06:41:42.747Z,QH242,Boeing 737 All Series Passenger,SGN,HAN,2026-07-01,13:15,15:25,Economy Flex,3068000,226
2025-11-17T06:41:42.747Z,QH268,Airbus A321,SGN,HAN,2026-07-01,19:20,21:30,Economy Flex,3068000,226
2025-11-17T06:42:18.322Z,QH268,Airbus A321,SGN,HAN,2026-08-01,19:20,21:30,Economy Smart,1750000,257
2025-11-17T06:42:18.322Z,QH204,Airbus A321,SGN,HAN,2026-08-01,07:10,09:20,Economy Smart,1944000,257
2025-11-17T06:42:18.322Z,QH224,Boeing 737 All Series Passenger,SGN,HAN,2026-08-01,10:40,12:50,Economy Smart,2128000,257
2025-11-17T06:42:18.322Z,QH242,Boeing 737 All Series Passenger,SGN,HAN,2026-08-01,13:15,15:25,Economy Smart,2128000,257
2025-11-17T06:42:18.322Z,QH204,Airbus A321,SGN,HAN,2026-08-01,07:10,09:20,Economy Flex,3068000,257
2025-11-17T06:42:18.322Z,QH224,Boeing 737 All Series Passenger,SGN,HAN,2026-08-01,10:40,12:50,Economy Flex,3068000,257
2025-11-17T06:42:18.322Z,QH242,Boeing 737 All Series Passenger,SGN,HAN,2026-08-01,13:15,15:25,Economy Flex,3068000,257
2025-11-17T06:42:18.322Z,QH268,Airbus A321,SGN,HAN,2026-08-01,19:20,21:30,Economy Flex,3068000,257
2025-11-17T06:42:51.700Z,QH268,Airbus A321,SGN,HAN,2026-09-01,19:20,21:30,Economy Smart,1750000,288
2025-11-17T06:42:51.700Z,QH204,Airbus A321,SGN,HAN,2026-09-01,07:10,09:20,Economy Smart,1944000,288
2025-11-17T06:42:51.700Z,QH224,Boeing 737 All Series Passenger,SGN,HAN,2026-09-01,10:40,12:50,Economy Smart,1944000,288
2025-11-17T06:42:51.700Z,QH242,Boeing 737 All Series Passenger,SGN,HAN,2026-09-01,13:15,15:25,Economy Smart,1944000,288
2025-11-17T06:42:51.700Z,QH204,Airbus A321,SGN,HAN,2026-09-01,07:10,09:20,Economy Flex,3068000,288
2025-11-17T06:42:51.700Z,QH224,Boeing 737 All Series Passenger,SGN,HAN,2026-09-01,10:40,12:50,Economy Flex,3068000,288
2025-11-17T06:42:51.700Z,QH242,Boeing 737 All Series Passenger,SGN,HAN,2026-09-01,13:15,15:25,Economy Flex,3068000,288
2025-11-17T06:42:51.700Z,QH268,Airbus A321,SGN,HAN,2026-09-01,19:20,21:30,Economy Flex,3068000,288
2025-11-17T06:43:26.687Z,QH268,Airbus A321,SGN,HAN,2026-10-01,19:20,21:30,Economy Smart,1750000,318
2025-11-17T06:43:26.687Z,QH204,Airbus A321,SGN,HAN,2026-10-01,07:10,09:20,Economy Smart,1944000,318
2025-11-17T06:43:26.687Z,QH224,Boeing 737 All Series Passenger,SGN,HAN,2026-10-01,10:40,12:50,Economy Smart,1944000,318
2025-11-17T06:43:26.687Z,QH242,Boeing 737 All Series Passenger,SGN,HAN,2026-10-01,13:15,15:25,Economy Smart,1944000,318
2025-11-17T06:43:26.687Z,QH204,Airbus A321,SGN,HAN,2026-10-01,07:10,09:20,Economy Flex,3068000,318
2025-11-17T06:43:26.687Z,QH224,Boeing 737 All Series Passenger,SGN,HAN,2026-10-01,10:40,12:50,Economy Flex,3068000,318
2025-11-17T06:43:26.687Z,QH242,Boeing 737 All Series Passenger,SGN,HAN,2026-10-01,13:15,15:25,Economy Flex,3068000,318
2025-11-17T06:43:26.687Z,QH268,Airbus A321,SGN,HAN,2026-10-01,19:20,21:30,Economy Flex,3068000,318
2025-11-17T06:44:01.502Z,QH204,Airbus A321,SGN,HAN,2026-11-01,07:10,09:20,Economy Smart,1750000,349
2025-11-17T06:44:01.502Z,QH268,Airbus A321,SGN,HAN,2026-11-01,19:20,21:30,Economy Smart,1750000,349
2025-11-17T06:44:01.502Z,QH224,Boeing 737 All Series Passenger,SGN,HAN,2026-11-01,10:40,12:50,Economy Smart,1944000,349
2025-11-17T06:44:01.502Z,QH242,Boeing 737 All Series Passenger,SGN,HAN,2026-11-01,13:15,15:25,Economy Smart,1944000,349
2025-11-17T06:44:01.502Z,QH204,Airbus A321,SGN,HAN,2026-11-01,07:10,09:20,Economy Flex,3068000,349
2025-11-17T06:44:01.502Z,QH224,Boeing 737 All Series Passenger,SGN,HAN,2026-11-01,10:40,12:50,Economy Flex,3068000,349
2025-11-17T06:44:01.502Z,QH242,Boeing 737 All Series Passenger,SGN,HAN,2026-11-01,13:15,15:25,Economy Flex,3068000,349
2025-11-17T06:44:01.502Z,QH268,Airbus A321,SGN,HAN,2026-11-01,19:20,21:30,Economy Flex,3068000,349
2025-11-17T06:44:37.543Z,QH268,Airbus A321,SGN,HAN,2026-12-01,19:20,21:30,Economy Smart,1750000,379
2025-11-17T06:44:37.543Z,QH204,Airbus A321,SGN,HAN,2026-12-01,07:10,09:20,Economy Smart,1944000,379
2025-11-17T06:44:37.543Z,QH224,Boeing 737 All Series Passenger,SGN,HAN,2026-12-01,10:40,12:50,Economy Smart,1944000,379
2025-11-17T06:44:37.543Z,QH242,Boeing 737 All Series Passenger,SGN,HAN,2026-12-01,13:15,15:25,Economy Smart,1944000,379
2025-11-17T06:44:37.543Z,QH204,Airbus A321,SGN,HAN,2026-12-01,07:10,09:20,Economy Flex,3068000,379
2025-11-17T06:44:37.543Z,QH224,Boeing 737 All Series Passenger,SGN,HAN,2026-12-01,10:40,12:50,Economy Flex,3068000,379
2025-11-17T06:44:37.543Z,QH242,Boeing 737 All Series Passenger,SGN,HAN,2026-12-01,13:15,15:25,Economy Flex,3068000,379
2025-11-17T06:44:37.543Z,QH268,Airbus A321,SGN,HAN,2026-12-01,19:20,21:30,Economy Flex,3068000,379
2025-11-17T06:45:13.847Z,QH268,Airbus A321,SGN,HAN,2026-01-13,19:20,21:30,Economy Smart,1750000,57
2025-11-17T06:45:13.847Z,QH204,Airbus A321,SGN,HAN,2026-01-13,07:10,09:20,Economy Smart,1944000,57
2025-11-17T06:45:13.847Z,QH224,Boeing 737 All Series Passenger,SGN,HAN,2026-01-13,10:40,12:50,Economy Smart,1944000,57
2025-11-17T06:45:13.847Z,QH242,Boeing 737 All Series Passenger,SGN,HAN,2026-01-13,13:15,15:25,Economy Smart,1944000,57
2025-11-17T06:45:13.847Z,QH204,Airbus A321,SGN,HAN,2026-01-13,07:10,09:20,Economy Flex,3068000,57
2025-11-17T06:45:13.847Z,QH224,Boeing 737 All Series Passenger,SGN,HAN,2026-01-13,10:40,12:50,Economy Flex,3068000,57
2025-11-17T06:45:13.847Z,QH242,Boeing 737 All Series Passenger,SGN,HAN,2026-01-13,13:15,15:25,Economy Flex,3068000,57
2025-11-17T06:45:13.847Z,QH268,Airbus A321,SGN,HAN,2026-01-13,19:20,21:30,Economy Flex,3068000,57
2025-11-17T06:46:22.324Z,QH268,Airbus A321,SGN,HAN,2026-01-15,19:20,21:30,Economy Smart,1750000,59
2025-11-17T06:46:22.324Z,QH204,Airbus A321,SGN,HAN,2026-01-15,07:10,09:20,Economy Smart,1944000,59
2025-11-17T06:46:22.324Z,QH224,Boeing 737 All Series Passenger,SGN,HAN,2026-01-15,10:40,12:50,Economy Smart,1944000,59
2025-11-17T06:46:22.324Z,QH242,Boeing 737 All Series Passenger,SGN,HAN,2026-01-15,13:15,15:25,Economy Smart,1944000,59
2025-11-17T06:46:22.324Z,QH204,Airbus A321,SGN,HAN,2026-01-15,07:10,09:20,Economy Flex,3068000,59
2025-11-17T06:46:22.324Z,QH224,Boeing 737 All Series Passenger,SGN,HAN,2026-01-15,10:40,12:50,Economy Flex,3068000,59
2025-11-17T06:46:22.324Z,QH242,Boeing 737 All Series Passenger,SGN,HAN,2026-01-15,13:15,15:25,Economy Flex,3068000,59
2025-11-17T06:46:22.324Z,QH268,Airbus A321,SGN,HAN,2026-01-15,19:20,21:30,Economy Flex,3068000,59
2025-11-17T06:46:57.617Z,QH268,Airbus A321,SGN,HAN,2026-01-16,19:20,21:30,Economy Smart,1750000,60
2025-11-17T06:46:57.617Z,QH204,Airbus A321,SGN,HAN,2026-01-16,07:10,09:20,Economy Smart,1944000,60
2025-11-17T06:46:57.617Z,QH224,Boeing 737 All Series Passenger,SGN,HAN,2026-01-16,10:40,12:50,Economy Smart,1944000,60
2025-11-17T06:46:57.617Z,QH242,Boeing 737 All Series Passenger,SGN,HAN,2026-01-16,13:15,15:25,Economy Smart,1944000,60
2025-11-17T06:46:57.617Z,QH204,Airbus A321,SGN,HAN,2026-01-16,07:10,09:20,Economy Flex,3068000,60
2025-11-17T06:46:57.617Z,QH224,Boeing 737 All Series Passenger,SGN,HAN,2026-01-16,10:40,12:50,Economy Flex,3068000,60
2025-11-17T06:46:57.617Z,QH242,Boeing 737 All Series Passenger,SGN,HAN,2026-01-16,13:15,15:25,Economy Flex,3068000,60
2025-11-17T06:46:57.617Z,QH268,Airbus A321,SGN,HAN,2026-01-16,19:20,21:30,Economy Flex,3068000,60
2025-11-17T06:47:30.807Z,QH268,Airbus A321,SGN,HAN,2026-01-17,19:20,21:30,Economy Smart,1750000,61
2025-11-17T06:47:30.807Z,QH204,Airbus A321,SGN,HAN,2026-01-17,07:10,09:20,Economy Smart,1944000,61
2025-11-17T06:47:30.807Z,QH224,Boeing 737 All Series Passenger,SGN,HAN,2026-01-17,10:40,12:50,Economy Smart,1944000,61
2025-11-17T06:47:30.807Z,QH242,Boeing 737 All Series Passenger,SGN,HAN,2026-01-17,13:15,15:25,Economy Smart,1944000,61
2025-11-17T06:47:30.807Z,QH204,Airbus A321,SGN,HAN,2026-01-17,07:10,09:20,Economy Flex,3068000,61
2025-11-17T06:47:30.807Z,QH224,Boeing 737 All Series Passenger,SGN,HAN,2026-01-17,10:40,12:50,Economy Flex,3068000,61
2025-11-17T06:47:30.807Z,QH242,Boeing 737 All Series Passenger,SGN,HAN,2026-01-17,13:15,15:25,Economy Flex,3068000,61
2025-11-17T06:47:30.807Z,QH268,Airbus A321,SGN,HAN,2026-01-17,19:20,21:30,Economy Flex,3068000,61
2025-11-17T06:48:19.041Z,QH268,Airbus A321,SGN,HAN,2025-11-17,19:35,21:45,Economy Smart,596114,0
2025-11-17T06:48:19.041Z,QH268,Airbus A321,SGN,HAN,2025-11-17,19:35,21:45,Economy Smart,731543,0
2025-11-17T06:48:19.041Z,QH268,Airbus A321,SGN,HAN,2025-11-17,19:35,21:45,Economy Flex,1583543,0
2025-11-17T06:48:54.159Z,QH268,Airbus A321,SGN,HAN,2025-11-18,19:35,21:45,Economy Smart,657829,1
2025-11-17T06:48:54.159Z,QH204,Airbus A321,SGN,HAN,2025-11-18,07:10,09:20,Economy Smart,731543,1
2025-11-17T06:48:54.159Z,QH268,Airbus A321,SGN,HAN,2025-11-18,19:35,21:45,Economy Smart,731543,1
2025-11-17T06:48:54.159Z,QH242,Boeing 737 All Series Passenger,SGN,HAN,2025-11-18,13:15,15:25,Economy Smart,830400,1
2025-11-17T06:48:54.159Z,QH204,Airbus A321,SGN,HAN,2025-11-18,07:10,09:20,Economy Flex,1583543,1
2025-11-17T06:48:54.159Z,QH242,Boeing 737 All Series Passenger,SGN,HAN,2025-11-18,13:15,15:25,Economy Flex,1583543,1
2025-11-17T06:48:54.159Z,QH268,Airbus A321,SGN,HAN,2025-11-18,19:35,21:45,Economy Flex,1583543,1
2025-11-17T06:48:54.159Z,QH204,Airbus A321,SGN,HAN,2025-11-18,07:10,09:20,Business Smart,2885257,1
2025-11-17T06:48:54.159Z,QH204,Airbus A321,SGN,HAN,2025-11-18,07:10,09:20,Business Flex,4057829,1
2025-11-17T06:49:28.534Z,QH268,Airbus A321,SGN,HAN,2025-11-19,19:35,21:45,Economy Smart,596114,2
2025-11-17T06:49:28.534Z,QH204,Airbus A321,SGN,HAN,2025-11-19,07:10,09:20,Economy Smart,657829,2
2025-11-17T06:49:28.534Z,QH204,Airbus A321,SGN,HAN,2025-11-19,07:10,09:20,Economy Smart,731543,2
2025-11-17T06:49:28.534Z,QH224,Boeing 737 All Series Passenger,SGN,HAN,2025-11-19,08:50,11:00,Economy Smart,731543,2
2025-11-17T06:49:28.534Z,QH242,Boeing 737 All Series Passenger,SGN,HAN,2025-11-19,13:15,15:25,Economy Smart,731543,2
2025-11-17T06:49:28.534Z,QH268,Airbus A321,SGN,HAN,2025-11-19,19:35,21:45,Economy Smart,731543,2
2025-11-17T06:49:28.534Z,QH204,Airbus A321,SGN,HAN,2025-11-19,07:10,09:20,Economy Flex,1583543,2
2025-11-17T06:49:28.534Z,QH224,Boeing 737 All Series Passenger,SGN,HAN,2025-11-19,08:50,11:00,Economy Flex,1583543,2
2025-11-17T06:49:28.534Z,QH242,Boeing 737 All Series Passenger,SGN,HAN,2025-11-19,13:15,15:25,Economy Flex,1583543,2
2025-11-17T06:49:28.534Z,QH268,Airbus A321,SGN,HAN,2025-11-19,19:35,21:45,Economy Flex,1583543,2
2025-11-17T06:49:28.534Z,QH224,Boeing 737 All Series Passenger,SGN,HAN,2025-11-19,08:50,11:00,Business Smart,2700114,2
2025-11-17T06:49:28.534Z,QH224,Boeing 737 All Series Passenger,SGN,HAN,2025-11-19,08:50,11:00,Business Flex,3872686,2
2025-11-17T06:50:02.154Z,QH204,Airbus A321,SGN,HAN,2025-11-20,07:10,09:20,Economy Smart,731543,3
2025-11-17T06:50:02.154Z,QH268,Airbus A321,SGN,HAN,2025-11-20,19:35,21:45,Economy Smart,731543,3
2025-11-17T06:50:02.154Z,QH242,Boeing 737 All Series Passenger,SGN,HAN,2025-11-20,13:15,15:25,Economy Smart,830400,3
2025-11-17T06:50:02.154Z,QH204,Airbus A321,SGN,HAN,2025-11-20,07:10,09:20,Economy Flex,1583543,3
2025-11-17T06:50:02.154Z,QH242,Boeing 737 All Series Passenger,SGN,HAN,2025-11-20,13:15,15:25,Economy Flex,1583543,3
2025-11-17T06:50:02.154Z,QH268,Airbus A321,SGN,HAN,2025-11-20,19:35,21:45,Economy Flex,1583543,3
2025-11-17T06:50:35.193Z,QH204,Airbus A321,SGN,HAN,2025-11-21,07:10,09:20,Economy Smart,731543,4
2025-11-17T06:50:35.193Z,QH268,Airbus A321,SGN,HAN,2025-11-21,19:35,21:45,Economy Smart,731543,4
2025-11-17T06:50:35.193Z,QH224,Boeing 737 All Series Passenger,SGN,HAN,2025-11-21,10:20,12:30,Economy Smart,830400,4
2025-11-17T06:50:35.193Z,QH242,Boeing 737 All Series Passenger,SGN,HAN,2025-11-21,13:15,15:25,Economy Smart,830400,4
2025-11-17T06:50:35.193Z,QH204,Airbus A321,SGN,HAN,2025-11-21,07:10,09:20,Economy Flex,1583543,4
2025-11-17T06:50:35.193Z,QH224,Boeing 737 All Series Passenger,SGN,HAN,2025-11-21,10:20,12:30,Economy Flex,1583543,4
2025-11-17T06:50:35.193Z,QH242,Boeing 737 All Series Passenger,SGN,HAN,2025-11-21,13:15,15:25,Economy Flex,1583543,4
2025-11-17T06:50:35.193Z,QH268,Airbus A321,SGN,HAN,2025-11-21,19:35,21:45,Economy Flex,1583543,4
2025-11-17T06:51:08.562Z,QH268,Airbus A321,SGN,HAN,2025-11-22,19:35,21:45,Economy Smart,657829,5
2025-11-17T06:51:08.562Z,QH204,Airbus A321,SGN,HAN,2025-11-22,07:10,09:20,Economy Smart,731543,5
2025-11-17T06:51:08.562Z,QH224,Boeing 737 All Series Passenger,SGN,HAN,2025-11-22,10:20,12:30,Economy Smart,731543,5
2025-11-17T06:51:08.562Z,QH242,Boeing 737 All Series Passenger,SGN,HAN,2025-11-22,13:15,15:25,Economy Smart,731543,5
2025-11-17T06:51:08.562Z,QH268,Airbus A321,SGN,HAN,2025-11-22,19:35,21:45,Economy Smart,731543,5
2025-11-17T06:51:08.562Z,QH204,Airbus A321,SGN,HAN,2025-11-22,07:10,09:20,Economy Flex,1583543,5
2025-11-17T06:51:08.562Z,QH224,Boeing 737 All Series Passenger,SGN,HAN,2025-11-22,10:20,12:30,Economy Flex,1583543,5
2025-11-17T06:51:08.562Z,QH242,Boeing 737 All Series Passenger,SGN,HAN,2025-11-22,13:15,15:25,Economy Flex,1583543,5
2025-11-17T06:51:08.562Z,QH268,Airbus A321,SGN,HAN,2025-11-22,19:35,21:45,Economy Flex,1583543,5
2025-11-17T06:51:08.562Z,QH204,Airbus A321,SGN,HAN,2025-11-22,07:10,09:20,Business Smart,2478400,5
2025-11-17T06:51:08.562Z,QH204,Airbus A321,SGN,HAN,2025-11-22,07:10,09:20,Business Flex,3872686,5
2025-11-17T06:51:41.958Z,QH204,Airbus A321,SGN,HAN,2025-11-23,07:10,09:20,Economy Smart,731543,6
2025-11-17T06:51:41.958Z,QH224,Boeing 737 All Series Passenger,SGN,HAN,2025-11-23,10:20,12:30,Economy Smart,830400,6
2025-11-17T06:51:41.958Z,QH268,Airbus A321,SGN,HAN,2025-11-23,19:35,21:45,Economy Smart,830400,6
2025-11-17T06:51:41.958Z,QH242,Boeing 737 All Series Passenger,SGN,HAN,2025-11-23,13:15,15:25,Economy Smart,941257,6
2025-11-17T06:51:41.958Z,QH204,Airbus A321,SGN,HAN,2025-11-23,07:10,09:20,Economy Flex,1583543,6
2025-11-17T06:51:41.958Z,QH224,Boeing 737 All Series Passenger,SGN,HAN,2025-11-23,10:20,12:30,Economy Flex,1583543,6
2025-11-17T06:51:41.958Z,QH242,Boeing 737 All Series Passenger,SGN,HAN,2025-11-23,13:15,15:25,Economy Flex,1583543,6
2025-11-17T06:51:41.958Z,QH268,Airbus A321,SGN,HAN,2025-11-23,19:35,21:45,Economy Flex,1583543,6
2025-11-17T06:52:16.587Z,QH204,Airbus A321,SGN,HAN,2025-11-24,07:10,09:20,Economy Smart,731543,7
2025-11-17T06:52:16.587Z,QH268,Airbus A321,SGN,HAN,2025-11-24,19:35,21:45,Economy Smart,731543,7
2025-11-17T06:52:16.587Z,QH224,Boeing 737 All Series Passenger,SGN,HAN,2025-11-24,10:20,12:30,Economy Smart,830400,7
2025-11-17T06:52:16.587Z,QH242,Boeing 737 All Series Passenger,SGN,HAN,2025-11-24,13:15,15:25,Economy Smart,830400,7
2025-11-17T06:52:16.587Z,QH204,Airbus A321,SGN,HAN,2025-11-24,07:10,09:20,Economy Flex,1583543,7
2025-11-17T06:52:16.587Z,QH224,Boeing 737 All Series Passenger,SGN,HAN,2025-11-24,10:20,12:30,Economy Flex,1583543,7
2025-11-17T06:52:16.587Z,QH242,Boeing 737 All Series Passenger,SGN,HAN,2025-11-24,13:15,15:25,Economy Flex,1583543,7
2025-11-17T06:52:16.587Z,QH268,Airbus A321,SGN,HAN,2025-11-24,19:35,21:45,Economy Flex,1583543,7
2025-11-17T06:52:50.812Z,QH204,Airbus A321,SGN,HAN,2025-11-25,07:10,09:20,Economy Smart,731543,8
2025-11-17T06:52:50.812Z,QH268,Airbus A321,SGN,HAN,2025-11-25,19:35,21:45,Economy Smart,731543,8
2025-11-17T06:52:50.812Z,QH224,Boeing 737 All Series Passenger,SGN,HAN,2025-11-25,10:20,12:30,Economy Smart,830400,8
2025-11-17T06:52:50.812Z,QH242,Boeing 737 All Series Passenger,SGN,HAN,2025-11-25,13:15,15:25,Economy Smart,830400,8
2025-11-17T06:52:50.812Z,QH204,Airbus A321,SGN,HAN,2025-11-25,07:10,09:20,Economy Flex,1583543,8
2025-11-17T06:52:50.812Z,QH224,Boeing 737 All Series Passenger,SGN,HAN,2025-11-25,10:20,12:30,Economy Flex,1583543,8
2025-11-17T06:52:50.812Z,QH242,Boeing 737 All Series Passenger,SGN,HAN,2025-11-25,13:15,15:25,Economy Flex,1583543,8
2025-11-17T06:52:50.812Z,QH268,Airbus A321,SGN,HAN,2025-11-25,19:35,21:45,Economy Flex,1583543,8
2025-11-17T06:53:23.930Z,QH204,Airbus A321,SGN,HAN,2025-11-26,07:10,09:20,Economy Smart,731543,9
2025-11-17T06:53:23.930Z,QH268,Airbus A321,SGN,HAN,2025-11-26,19:35,21:45,Economy Smart,731543,9
2025-11-17T06:53:23.930Z,QH224,Boeing 737 All Series Passenger,SGN,HAN,2025-11-26,10:20,12:30,Economy Smart,830400,9
2025-11-17T06:53:23.930Z,QH242,Boeing 737 All Series Passenger,SGN,HAN,2025-11-26,13:15,15:25,Economy Smart,830400,9
2025-11-17T06:53:23.930Z,QH204,Airbus A321,SGN,HAN,2025-11-26,07:10,09:20,Economy Flex,1583543,9
2025-11-17T06:53:23.930Z,QH224,Boeing 737 All Series Passenger,SGN,HAN,2025-11-26,10:20,12:30,Economy Flex,1583543,9
2025-11-17T06:53:23.930Z,QH242,Boeing 737 All Series Passenger,SGN,HAN,2025-11-26,13:15,15:25,Economy Flex,1583543,9
2025-11-17T06:53:23.930Z,QH268,Airbus A321,SGN,HAN,2025-11-26,19:35,21:45,Economy Flex,1583543,9
2025-11-17T06:53:56.227Z,QH204,Airbus A321,SGN,HAN,2025-11-27,07:10,09:20,Economy Smart,830400,10
2025-11-17T06:53:56.227Z,QH268,Airbus A321,SGN,HAN,2025-11-27,19:35,21:45,Economy Smart,830400,10
2025-11-17T06:53:56.227Z,QH242,Boeing 737 All Series Passenger,SGN,HAN,2025-11-27,13:15,15:25,Economy Smart,941257,10
2025-11-17T06:53:56.227Z,QH224,Boeing 737 All Series Passenger,SGN,HAN,2025-11-27,10:20,12:30,Economy Smart,1046400,10
2025-11-17T06:53:56.227Z,QH204,Airbus A321,SGN,HAN,2025-11-27,07:10,09:20,Economy Flex,1583543,10
2025-11-17T06:53:56.227Z,QH224,Boeing 737 All Series Passenger,SGN,HAN,2025-11-27,10:20,12:30,Economy Flex,1583543,10
2025-11-17T06:53:56.227Z,QH242,Boeing 737 All Series Passenger,SGN,HAN,2025-11-27,13:15,15:25,Economy Flex,1583543,10
2025-11-17T06:53:56.227Z,QH268,Airbus A321,SGN,HAN,2025-11-27,19:35,21:45,Economy Flex,1583543,10
2025-11-17T06:54:34.213Z,QH204,Airbus A321,SGN,HAN,2025-11-28,07:10,09:20,Economy Smart,830400,11
2025-11-17T06:54:34.213Z,QH268,Airbus A321,SGN,HAN,2025-11-28,19:35,21:45,Economy Smart,830400,11
2025-11-17T06:54:34.213Z,QH224,Boeing 737 All Series Passenger,SGN,HAN,2025-11-28,10:20,12:30,Economy Smart,941257,11
2025-11-17T06:54:34.213Z,QH242,Boeing 737 All Series Passenger,SGN,HAN,2025-11-28,13:15,15:25,Economy Smart,941257,11
2025-11-17T06:54:34.213Z,QH204,Airbus A321,SGN,HAN,2025-11-28,07:10,09:20,Economy Flex,1583543,11
2025-11-17T06:54:34.213Z,QH224,Boeing 737 All Series Passenger,SGN,HAN,2025-11-28,10:20,12:30,Economy Flex,1583543,11
2025-11-17T06:54:34.213Z,QH242,Boeing 737 All Series Passenger,SGN,HAN,2025-11-28,13:15,15:25,Economy Flex,1583543,11
2025-11-17T06:54:34.213Z,QH268,Airbus A321,SGN,HAN,2025-11-28,19:35,21:45,Economy Flex,1583543,11
2025-11-17T06:55:11.528Z,QH268,Airbus A321,SGN,HAN,2025-11-29,19:35,21:45,Economy Smart,731543,12
2025-11-17T06:55:11.528Z,QH204,Airbus A321,SGN,HAN,2025-11-29,07:10,09:20,Economy Smart,830400,12
2025-11-17T06:55:11.528Z,QH224,Boeing 737 All Series Passenger,SGN,HAN,2025-11-29,10:20,12:30,Economy Smart,830400,12
2025-11-17T06:55:11.528Z,QH242,Boeing 737 All Series Passenger,SGN,HAN,2025-11-29,13:15,15:25,Economy Smart,830400,12
2025-11-17T06:55:11.528Z,QH204,Airbus A321,SGN,HAN,2025-11-29,07:10,09:20,Economy Flex,1583543,12
2025-11-17T06:55:11.528Z,QH224,Boeing 737 All Series Passenger,SGN,HAN,2025-11-29,10:20,12:30,Economy Flex,1583543,12
2025-11-17T06:55:11.528Z,QH242,Boeing 737 All Series Passenger,SGN,HAN,2025-11-29,13:15,15:25,Economy Flex,1583543,12
2025-11-17T06:55:11.528Z,QH268,Airbus A321,SGN,HAN,2025-11-29,19:35,21:45,Economy Flex,1583543,12
2025-11-17T06:55:45.426Z,QH204,Airbus A321,SGN,HAN,2025-11-30,07:10,09:20,Economy Smart,830400,13
2025-11-17T06:55:45.426Z,QH224,Boeing 737 All Series Passenger,SGN,HAN,2025-11-30,10:20,12:30,Economy Smart,941257,13
2025-11-17T06:55:45.426Z,QH242,Boeing 737 All Series Passenger,SGN,HAN,2025-11-30,13:15,15:25,Economy Smart,941257,13
2025-11-17T06:55:45.426Z,QH268,Airbus A321,SGN,HAN,2025-11-30,19:35,21:45,Economy Smart,941257,13
2025-11-17T06:55:45.426Z,QH204,Airbus A321,SGN,HAN,2025-11-30,07:10,09:20,Economy Flex,1583543,13
2025-11-17T06:55:45.426Z,QH224,Boeing 737 All Series Passenger,SGN,HAN,2025-11-30,10:20,12:30,Economy Flex,1583543,13
2025-11-17T06:55:45.426Z,QH242,Boeing 737 All Series Passenger,SGN,HAN,2025-11-30,13:15,15:25,Economy Flex,1583543,13
2025-11-17T06:55:45.426Z,QH268,Airbus A321,SGN,HAN,2025-11-30,19:35,21:45,Economy Flex,1583543,13
2025-11-17T06:56:19.300Z,QH268,Airbus A321,SGN,HAN,2025-01-12,19:20,21:30,Economy Smart,731543,-309
2025-11-17T06:56:19.300Z,QH204,Airbus A321,SGN,HAN,2025-01-12,07:10,09:20,Economy Smart,830400,-309
2025-11-17T06:56:19.300Z,QH242,Boeing 737 All Series Passenger,SGN,HAN,2025-01-12,13:15,15:25,Economy Smart,941257,-309
2025-11-17T06:56:19.300Z,QH224,Boeing 737 All Series Passenger,SGN,HAN,2025-01-12,10:40,12:50,Economy Smart,1046400,-309
2025-11-17T06:56:19.300Z,QH204,Airbus A321,SGN,HAN,2025-01-12,07:10,09:20,Economy Flex,1583543,-309
2025-11-17T06:56:19.300Z,QH224,Boeing 737 All Series Passenger,SGN,HAN,2025-01-12,10:40,12:50,Economy Flex,1583543,-309
2025-11-17T06:56:19.300Z,QH242,Boeing 737 All Series Passenger,SGN,HAN,2025-01-12,13:15,15:25,Economy Flex,1583543,-309
2025-11-17T06:56:19.300Z,QH268,Airbus A321,SGN,HAN,2025-01-12,19:20,21:30,Economy Flex,1583543,-309
2025-11-17T06:56:54.090Z,QH204,Airbus A321,SGN,HAN,2025-02-12,07:10,09:20,Economy Smart,731543,-278
2025-11-17T06:56:54.090Z,QH268,Airbus A321,SGN,HAN,2025-02-12,19:20,21:30,Economy Smart,731543,-278
2025-11-17T06:56:54.090Z,QH242,Boeing 737 All Series Passenger,SGN,HAN,2025-02-12,13:15,15:25,Economy Smart,830400,-278
2025-11-17T06:56:54.090Z,QH224,Boeing 737 All Series Passenger,SGN,HAN,2025-02-12,10:40,12:50,Economy Smart,941257,-278
2025-11-17T06:56:54.090Z,QH204,Airbus A321,SGN,HAN,2025-02-12,07:10,09:20,Economy Flex,1583543,-278
2025-11-17T06:56:54.090Z,QH224,Boeing 737 All Series Passenger,SGN,HAN,2025-02-12,10:40,12:50,Economy Flex,1583543,-278
2025-11-17T06:56:54.090Z,QH242,Boeing 737 All Series Passenger,SGN,HAN,2025-02-12,13:15,15:25,Economy Flex,1583543,-278
2025-11-17T06:56:54.090Z,QH268,Airbus A321,SGN,HAN,2025-02-12,19:20,21:30,Economy Flex,1583543,-278
2025-11-17T06:57:28.023Z,QH204,Airbus A321,SGN,HAN,2025-03-12,07:10,09:20,Economy Smart,731543,-250
2025-11-17T06:57:28.023Z,QH268,Airbus A321,SGN,HAN,2025-03-12,19:20,21:30,Economy Smart,830400,-250
2025-11-17T06:57:28.023Z,QH224,Boeing 737 All Series Passenger,SGN,HAN,2025-03-12,10:40,12:50,Economy Smart,941257,-250
2025-11-17T06:57:28.023Z,QH242,Boeing 737 All Series Passenger,SGN,HAN,2025-03-12,13:15,15:25,Economy Smart,941257,-250
2025-11-17T06:57:28.023Z,QH204,Airbus A321,SGN,HAN,2025-03-12,07:10,09:20,Economy Flex,1583543,-250
2025-11-17T06:57:28.023Z,QH224,Boeing 737 All Series Passenger,SGN,HAN,2025-03-12,10:40,12:50,Economy Flex,1583543,-250
2025-11-17T06:57:28.023Z,QH242,Boeing 737 All Series Passenger,SGN,HAN,2025-03-12,13:15,15:25,Economy Flex,1583543,-250
2025-11-17T06:57:28.023Z,QH268,Airbus A321,SGN,HAN,2025-03-12,19:20,21:30,Economy Flex,1583543,-250
2025-11-17T06:58:02.557Z,QH204,Airbus A321,SGN,HAN,2025-04-12,07:10,09:20,Economy Smart,830400,-219
2025-11-17T06:58:02.557Z,QH268,Airbus A321,SGN,HAN,2025-04-12,19:20,21:30,Economy Smart,830400,-219
2025-11-17T06:58:02.557Z,QH224,Boeing 737 All Series Passenger,SGN,HAN,2025-04-12,10:40,12:50,Economy Smart,1046400,-219
2025-11-17T06:58:02.557Z,QH242,Boeing 737 All Series Passenger,SGN,HAN,2025-04-12,13:15,15:25,Economy Smart,1046400,-219
2025-11-17T06:58:02.557Z,QH204,Airbus A321,SGN,HAN,2025-04-12,07:10,09:20,Economy Flex,1583543,-219
2025-11-17T06:58:02.557Z,QH224,Boeing 737 All Series Passenger,SGN,HAN,2025-04-12,10:40,12:50,Economy Flex,1583543,-219
2025-11-17T06:58:02.557Z,QH242,Boeing 737 All Series Passenger,SGN,HAN,2025-04-12,13:15,15:25,Economy Flex,1583543,-219
2025-11-17T06:58:02.557Z,QH268,Airbus A321,SGN,HAN,2025-04-12,19:20,21:30,Economy Flex,1583543,-219
2025-11-17T06:58:37.538Z,QH268,Airbus A321,SGN,HAN,2025-05-12,19:20,21:30,Economy Smart,830400,-189
2025-11-17T06:58:37.538Z,QH204,Airbus A321,SGN,HAN,2025-05-12,07:10,09:20,Economy Smart,941257,-189
2025-11-17T06:58:37.538Z,QH242,Boeing 737 All Series Passenger,SGN,HAN,2025-05-12,13:15,15:25,Economy Smart,941257,-189
2025-11-17T06:58:37.538Z,QH224,Boeing 737 All Series Passenger,SGN,HAN,2025-05-12,10:40,12:50,Economy Smart,1046400,-189
2025-11-17T06:58:37.538Z,QH204,Airbus A321,SGN,HAN,2025-05-12,07:10,09:20,Economy Flex,1583543,-189
2025-11-17T06:58:37.538Z,QH224,Boeing 737 All Series Passenger,SGN,HAN,2025-05-12,10:40,12:50,Economy Flex,1583543,-189
2025-11-17T06:58:37.538Z,QH242,Boeing 737 All Series Passenger,SGN,HAN,2025-05-12,13:15,15:25,Economy Flex,1583543,-189
2025-11-17T06:58:37.538Z,QH268,Airbus A321,SGN,HAN,2025-05-12,19:20,21:30,Economy Flex,1583543,-189
2025-11-17T06:59:07.324Z,QH268,Airbus A321,SGN,HAN,2025-06-12,19:20,21:30,Economy Smart,731543,-158
2025-11-17T06:59:07.324Z,QH204,Airbus A321,SGN,HAN,2025-06-12,07:10,09:20,Economy Smart,830400,-158
2025-11-17T06:59:07.324Z,QH242,Boeing 737 All Series Passenger,SGN,HAN,2025-06-12,13:15,15:25,Economy Smart,830400,-158
2025-11-17T06:59:07.324Z,QH224,Boeing 737 All Series Passenger,SGN,HAN,2025-06-12,10:40,12:50,Economy Smart,941257,-158
2025-11-17T06:59:07.324Z,QH204,Airbus A321,SGN,HAN,2025-06-12,07:10,09:20,Economy Flex,1583543,-158
2025-11-17T06:59:07.324Z,QH224,Boeing 737 All Series Passenger,SGN,HAN,2025-06-12,10:40,12:50,Economy Flex,1583543,-158
2025-11-17T06:59:07.324Z,QH242,Boeing 737 All Series Passenger,SGN,HAN,2025-06-12,13:15,15:25,Economy Flex,1583543,-158
2025-11-17T06:59:07.324Z,QH268,Airbus A321,SGN,HAN,2025-06-12,19:20,21:30,Economy Flex,1583543,-158
2025-11-17T06:59:42.913Z,QH204,Airbus A321,SGN,HAN,2025-07-12,07:10,09:20,Economy Smart,830400,-128
2025-11-17T06:59:42.913Z,QH224,Boeing 737 All Series Passenger,SGN,HAN,2025-07-12,10:40,12:50,Economy Smart,941257,-128
2025-11-17T06:59:42.913Z,QH242,Boeing 737 All Series Passenger,SGN,HAN,2025-07-12,13:15,15:25,Economy Smart,941257,-128
2025-11-17T06:59:42.913Z,QH268,Airbus A321,SGN,HAN,2025-07-12,19:20,21:30,Economy Smart,941257,-128
2025-11-17T06:59:42.913Z,QH204,Airbus A321,SGN,HAN,2025-07-12,07:10,09:20,Economy Flex,1583543,-128
2025-11-17T06:59:42.913Z,QH224,Boeing 737 All Series Passenger,SGN,HAN,2025-07-12,10:40,12:50,Economy Flex,1583543,-128
2025-11-17T06:59:42.913Z,QH242,Boeing 737 All Series Passenger,SGN,HAN,2025-07-12,13:15,15:25,Economy Flex,1583543,-128
2025-11-17T06:59:42.913Z,QH268,Airbus A321,SGN,HAN,2025-07-12,19:20,21:30,Economy Flex,1583543,-128
2025-11-17T07:00:18.525Z,QH204,Airbus A321,SGN,HAN,2025-08-12,07:10,09:20,Economy Smart,731543,-97
2025-11-17T07:00:18.525Z,QH268,Airbus A321,SGN,HAN,2025-08-12,19:20,21:30,Economy Smart,731543,-97
2025-11-17T07:00:18.525Z,QH224,Boeing 737 All Series Passenger,SGN,HAN,2025-08-12,10:40,12:50,Economy Smart,830400,-97
2025-11-17T07:00:18.525Z,QH242,Boeing 737 All Series Passenger,SGN,HAN,2025-08-12,13:15,15:25,Economy Smart,830400,-97
2025-11-17T07:00:18.525Z,QH204,Airbus A321,SGN,HAN,2025-08-12,07:10,09:20,Economy Flex,1583543,-97
2025-11-17T07:00:18.525Z,QH224,Boeing 737 All Series Passenger,SGN,HAN,2025-08-12,10:40,12:50,Economy Flex,1583543,-97
2025-11-17T07:00:18.525Z,QH242,Boeing 737 All Series Passenger,SGN,HAN,2025-08-12,13:15,15:25,Economy Flex,1583543,-97
2025-11-17T07:00:18.525Z,QH268,Airbus A321,SGN,HAN,2025-08-12,19:20,21:30,Economy Flex,1583543,-97
2025-11-17T07:00:54.203Z,QH204,Airbus A321,SGN,HAN,2025-09-12,07:10,09:20,Economy Smart,731543,-66
2025-11-17T07:00:54.203Z,QH242,Boeing 737 All Series Passenger,SGN,HAN,2025-09-12,13:15,15:25,Economy Smart,830400,-66
2025-11-17T07:00:54.203Z,QH268,Airbus A321,SGN,HAN,2025-09-12,19:20,21:30,Economy Smart,830400,-66
2025-11-17T07:00:54.203Z,QH224,Boeing 737 All Series Passenger,SGN,HAN,2025-09-12,10:40,12:50,Economy Smart,941257,-66
2025-11-17T07:00:54.203Z,QH204,Airbus A321,SGN,HAN,2025-09-12,07:10,09:20,Economy Flex,1583543,-66
2025-11-17T07:00:54.203Z,QH224,Boeing 737 All Series Passenger,SGN,HAN,2025-09-12,10:40,12:50,Economy Flex,1583543,-66
2025-11-17T07:00:54.203Z,QH242,Boeing 737 All Series Passenger,SGN,HAN,2025-09-12,13:15,15:25,Economy Flex,1583543,-66
2025-11-17T07:00:54.203Z,QH268,Airbus A321,SGN,HAN,2025-09-12,19:20,21:30,Economy Flex,1583543,-66
2025-11-17T07:01:30.998Z,QH204,Airbus A321,SGN,HAN,2025-10-12,07:10,09:20,Economy Smart,731543,-36
2025-11-17T07:01:30.998Z,QH268,Airbus A321,SGN,HAN,2025-10-12,19:20,21:30,Economy Smart,731543,-36
2025-11-17T07:01:30.998Z,QH242,Boeing 737 All Series Passenger,SGN,HAN,2025-10-12,13:15,15:25,Economy Smart,830400,-36
2025-11-17T07:01:30.998Z,QH224,Boeing 737 All Series Passenger,SGN,HAN,2025-10-12,10:40,12:50,Economy Smart,941257,-36
2025-11-17T07:01:30.998Z,QH204,Airbus A321,SGN,HAN,2025-10-12,07:10,09:20,Economy Flex,1583543,-36
2025-11-17T07:01:30.998Z,QH224,Boeing 737 All Series Passenger,SGN,HAN,2025-10-12,10:40,12:50,Economy Flex,1583543,-36
2025-11-17T07:01:30.998Z,QH242,Boeing 737 All Series Passenger,SGN,HAN,2025-10-12,13:15,15:25,Economy Flex,1583543,-36
2025-11-17T07:01:30.998Z,QH268,Airbus A321,SGN,HAN,2025-10-12,19:20,21:30,Economy Flex,1583543,-36
2025-11-17T07:02:05.656Z,QH268,Airbus A321,SGN,HAN,2025-11-12,19:20,21:30,Economy Smart,830400,-5
2025-11-17T07:02:05.656Z,QH204,Airbus A321,SGN,HAN,2025-11-12,07:10,09:20,Economy Smart,941257,-5
2025-11-17T07:02:05.656Z,QH242,Boeing 737 All Series Passenger,SGN,HAN,2025-11-12,13:15,15:25,Economy Smart,941257,-5
2025-11-17T07:02:05.656Z,QH224,Boeing 737 All Series Passenger,SGN,HAN,2025-11-12,10:40,12:50,Economy Smart,1046400,-5
2025-11-17T07:02:05.656Z,QH204,Airbus A321,SGN,HAN,2025-11-12,07:10,09:20,Economy Flex,1583543,-5
2025-11-17T07:02:05.656Z,QH224,Boeing 737 All Series Passenger,SGN,HAN,2025-11-12,10:40,12:50,Economy Flex,1583543,-5
2025-11-17T07:02:05.656Z,QH242,Boeing 737 All Series Passenger,SGN,HAN,2025-11-12,13:15,15:25,Economy Flex,1583543,-5
2025-11-17T07:02:05.656Z,QH268,Airbus A321,SGN,HAN,2025-11-12,19:20,21:30,Economy Flex,1583543,-5
2025-11-17T07:02:39.877Z,QH204,Airbus A321,SGN,HAN,2025-12-12,07:10,09:20,Economy Smart,830400,25
2025-11-17T07:02:39.877Z,QH268,Airbus A321,SGN,HAN,2025-12-12,19:20,21:30,Economy Smart,830400,25
2025-11-17T07:02:39.877Z,QH224,Boeing 737 All Series Passenger,SGN,HAN,2025-12-12,10:40,12:50,Economy Smart,1046400,25
2025-11-17T07:02:39.877Z,QH242,Boeing 737 All Series Passenger,SGN,HAN,2025-12-12,13:15,15:25,Economy Smart,1176114,25
2025-11-17T07:02:39.877Z,QH204,Airbus A321,SGN,HAN,2025-12-12,07:10,09:20,Economy Flex,1583543,25
2025-11-17T07:02:39.877Z,QH224,Boeing 737 All Series Passenger,SGN,HAN,2025-12-12,10:40,12:50,Economy Flex,1583543,25
2025-11-17T07:02:39.877Z,QH242,Boeing 737 All Series Passenger,SGN,HAN,2025-12-12,13:15,15:25,Economy Flex,1583543,25
2025-11-17T07:02:39.877Z,QH268,Airbus A321,SGN,HAN,2025-12-12,19:20,21:30,Economy Flex,1583543,25
2025-11-17T07:03:15.960Z,QH268,Airbus A321,SGN,HAN,2025-12-13,19:20,21:30,Economy Smart,1282000,26
2025-11-17T07:03:15.960Z,QH204,Airbus A321,SGN,HAN,2025-12-13,07:10,09:20,Economy Smart,830400,26
2025-11-17T07:03:15.960Z,QH242,Boeing 737 All Series Passenger,SGN,HAN,2025-12-13,13:15,15:25,Economy Smart,830400,26
2025-11-17T07:03:15.960Z,QH268,Airbus A321,SGN,HAN,2025-12-13,19:20,21:30,Economy Smart,830400,26
2025-11-17T07:03:15.960Z,QH224,Boeing 737 All Series Passenger,SGN,HAN,2025-12-13,10:40,12:50,Economy Smart,941257,26
2025-11-17T07:03:15.960Z,QH204,Airbus A321,SGN,HAN,2025-12-13,07:10,09:20,Economy Flex,1583543,26
2025-11-17T07:03:15.960Z,QH224,Boeing 737 All Series Passenger,SGN,HAN,2025-12-13,10:40,12:50,Economy Flex,1583543,26
2025-11-17T07:03:15.960Z,QH242,Boeing 737 All Series Passenger,SGN,HAN,2025-12-13,13:15,15:25,Economy Flex,1583543,26
2025-11-17T07:03:15.960Z,QH268,Airbus A321,SGN,HAN,2025-12-13,19:20,21:30,Economy Flex,1583543,26
2025-11-17T07:03:53.808Z,QH204,Airbus A321,SGN,HAN,2025-12-14,07:10,09:20,Economy Smart,830400,27
2025-11-17T07:03:53.808Z,QH268,Airbus A321,SGN,HAN,2025-12-14,19:20,21:30,Economy Smart,830400,27
2025-11-17T07:03:53.808Z,QH224,Boeing 737 All Series Passenger,SGN,HAN,2025-12-14,10:40,12:50,Economy Smart,941257,27
2025-11-17T07:03:53.808Z,QH242,Boeing 737 All Series Passenger,SGN,HAN,2025-12-14,13:15,15:25,Economy Smart,1046400,27
2025-11-17T07:03:53.808Z,QH204,Airbus A321,SGN,HAN,2025-12-14,07:10,09:20,Economy Flex,1583543,27
2025-11-17T07:03:53.808Z,QH224,Boeing 737 All Series Passenger,SGN,HAN,2025-12-14,10:40,12:50,Economy Flex,1583543,27
2025-11-17T07:03:53.808Z,QH242,Boeing 737 All Series Passenger,SGN,HAN,2025-12-14,13:15,15:25,Economy Flex,1583543,27
2025-11-17T07:03:53.808Z,QH268,Airbus A321,SGN,HAN,2025-12-14,19:20,21:30,Economy Flex,1583543,27
2025-11-17T07:04:29.697Z,QH242,Boeing 737 All Series Passenger,SGN,HAN,2025-12-15,13:15,15:25,Economy Smart,830400,28
2025-11-17T07:04:29.697Z,QH204,Airbus A321,SGN,HAN,2025-12-15,07:10,09:20,Economy Smart,941257,28
2025-11-17T07:04:29.697Z,QH268,Airbus A321,SGN,HAN,2025-12-15,19:20,21:30,Economy Smart,941257,28
2025-11-17T07:04:29.697Z,QH224,Boeing 737 All Series Passenger,SGN,HAN,2025-12-15,10:40,12:50,Economy Smart,1046400,28
2025-11-17T07:04:29.697Z,QH204,Airbus A321,SGN,HAN,2025-12-15,07:10,09:20,Economy Flex,1583543,28
2025-11-17T07:04:29.697Z,QH224,Boeing 737 All Series Passenger,SGN,HAN,2025-12-15,10:40,12:50,Economy Flex,1583543,28
2025-11-17T07:04:29.697Z,QH242,Boeing 737 All Series Passenger,SGN,HAN,2025-12-15,13:15,15:25,Economy Flex,1583543,28
2025-11-17T07:04:29.697Z,QH268,Airbus A321,SGN,HAN,2025-12-15,19:20,21:30,Economy Flex,1583543,28
2025-11-17T07:05:05.030Z,QH204,Airbus A321,SGN,HAN,2025-12-16,07:10,09:20,Economy Smart,596114,29
2025-11-17T07:05:05.030Z,QH204,Airbus A321,SGN,HAN,2025-12-16,07:10,09:20,Economy Smart,731543,29
2025-11-17T07:05:05.030Z,QH268,Airbus A321,SGN,HAN,2025-12-16,19:20,21:30,Economy Smart,731543,29
2025-11-17T07:05:05.030Z,QH242,Boeing 737 All Series Passenger,SGN,HAN,2025-12-16,13:15,15:25,Economy Smart,830400,29
2025-11-17T07:05:05.030Z,QH224,Boeing 737 All Series Passenger,SGN,HAN,2025-12-16,10:40,12:50,Economy Smart,941257,29
2025-11-17T07:05:05.030Z,QH204,Airbus A321,SGN,HAN,2025-12-16,07:10,09:20,Economy Flex,1583543,29
2025-11-17T07:05:05.030Z,QH224,Boeing 737 All Series Passenger,SGN,HAN,2025-12-16,10:40,12:50,Economy Flex,1583543,29
2025-11-17T07:05:05.030Z,QH242,Boeing 737 All Series Passenger,SGN,HAN,2025-12-16,13:15,15:25,Economy Flex,1583543,29
2025-11-17T07:05:05.030Z,QH268,Airbus A321,SGN,HAN,2025-12-16,19:20,21:30,Economy Flex,1583543,29
2025-11-17T07:05:40.370Z,QH268,Airbus A321,SGN,HAN,2025-12-17,19:20,21:30,Economy Smart,731543,30
2025-11-17T07:05:40.370Z,QH204,Airbus A321,SGN,HAN,2025-12-17,07:10,09:20,Economy Smart,830400,30
2025-11-17T07:05:40.370Z,QH224,Boeing 737 All Series Passenger,SGN,HAN,2025-12-17,10:40,12:50,Economy Smart,830400,30
2025-11-17T07:05:40.370Z,QH242,Boeing 737 All Series Passenger,SGN,HAN,2025-12-17,13:15,15:25,Economy Smart,830400,30
2025-11-17T07:05:40.370Z,QH204,Airbus A321,SGN,HAN,2025-12-17,07:10,09:20,Economy Flex,1583543,30
2025-11-17T07:05:40.370Z,QH224,Boeing 737 All Series Passenger,SGN,HAN,2025-12-17,10:40,12:50,Economy Flex,1583543,30
2025-11-17T07:05:40.370Z,QH242,Boeing 737 All Series Passenger,SGN,HAN,2025-12-17,13:15,15:25,Economy Flex,1583543,30
2025-11-17T07:05:40.370Z,QH268,Airbus A321,SGN,HAN,2025-12-17,19:20,21:30,Economy Flex,1583543,30
2025-11-17T10:54:48.292Z,QH204,Airbus A321,SGN,HAN,2025-12-18,07:10,09:20,Economy Smart,830400,31
2025-11-17T10:54:48.292Z,QH268,Airbus A321,SGN,HAN,2025-12-18,19:20,21:30,Economy Smart,830400,31
2025-11-17T10:54:48.292Z,QH224,Boeing 737 All Series Passenger,SGN,HAN,2025-12-18,10:40,12:50,Economy Smart,941257,31
2025-11-17T10:54:48.292Z,QH242,Boeing 737 All Series Passenger,SGN,HAN,2025-12-18,13:15,15:25,Economy Smart,941257,31
2025-11-17T10:54:48.292Z,QH204,Airbus A321,SGN,HAN,2025-12-18,07:10,09:20,Economy Flex,1583543,31
2025-11-17T10:54:48.292Z,QH224,Boeing 737 All Series Passenger,SGN,HAN,2025-12-18,10:40,12:50,Economy Flex,1583543,31
2025-11-17T10:54:48.292Z,QH242,Boeing 737 All Series Passenger,SGN,HAN,2025-12-18,13:15,15:25,Economy Flex,1583543,31
2025-11-17T10:54:48.292Z,QH268,Airbus A321,SGN,HAN,2025-12-18,19:20,21:30,Economy Flex,1583543,31
2025-11-17T10:55:26.371Z,QH204,Airbus A321,SGN,HAN,2025-12-19,07:10,09:20,Economy Smart,941257,32
2025-11-17T10:55:26.371Z,QH242,Boeing 737 All Series Passenger,SGN,HAN,2025-12-19,13:15,15:25,Economy Smart,941257,32
2025-11-17T10:55:26.371Z,QH268,Airbus A321,SGN,HAN,2025-12-19,19:20,21:30,Economy Smart,941257,32
2025-11-17T10:55:26.371Z,QH224,Boeing 737 All Series Passenger,SGN,HAN,2025-12-19,10:40,12:50,Economy Smart,1046400,32
2025-11-17T10:55:26.371Z,QH204,Airbus A321,SGN,HAN,2025-12-19,07:10,09:20,Economy Flex,1583543,32
2025-11-17T10:55:26.371Z,QH224,Boeing 737 All Series Passenger,SGN,HAN,2025-12-19,10:40,12:50,Economy Flex,1583543,32
2025-11-17T10:55:26.371Z,QH242,Boeing 737 All Series Passenger,SGN,HAN,2025-12-19,13:15,15:25,Economy Flex,1583543,32
2025-11-17T10:55:26.371Z,QH268,Airbus A321,SGN,HAN,2025-12-19,19:20,21:30,Economy Flex,1583543,32
2025-11-17T10:56:04.662Z,QH268,Airbus A321,SGN,HAN,2025-12-20,19:20,21:30,Economy Smart,1282000,33
2025-11-17T10:56:04.662Z,QH204,Airbus A321,SGN,HAN,2025-12-20,07:10,09:20,Economy Smart,830400,33
2025-11-17T10:56:04.662Z,QH242,Boeing 737 All Series Passenger,SGN,HAN,2025-12-20,13:15,15:25,Economy Smart,830400,33
2025-11-17T10:56:04.662Z,QH268,Airbus A321,SGN,HAN,2025-12-20,19:20,21:30,Economy Smart,830400,33
2025-11-17T10:56:04.662Z,QH224,Boeing 737 All Series Passenger,SGN,HAN,2025-12-20,10:40,12:50,Economy Smart,941257,33
2025-11-17T10:56:04.662Z,QH204,Airbus A321,SGN,HAN,2025-12-20,07:10,09:20,Economy Flex,1583543,33
2025-11-17T10:56:04.662Z,QH224,Boeing 737 All Series Passenger,SGN,HAN,2025-12-20,10:40,12:50,Economy Flex,1583543,33
2025-11-17T10:56:04.662Z,QH242,Boeing 737 All Series Passenger,SGN,HAN,2025-12-20,13:15,15:25,Economy Flex,1583543,33
2025-11-17T10:56:04.662Z,QH268,Airbus A321,SGN,HAN,2025-12-20,19:20,21:30,Economy Flex,1583543,33
2025-11-17T10:56:43.827Z,QH204,Airbus A321,SGN,HAN,2025-12-21,07:10,09:20,Economy Smart,830400,34
2025-11-17T10:56:43.827Z,QH268,Airbus A321,SGN,HAN,2025-12-21,19:20,21:30,Economy Smart,830400,34
2025-11-17T10:56:43.827Z,QH242,Boeing 737 All Series Passenger,SGN,HAN,2025-12-21,13:15,15:25,Economy Smart,941257,34
2025-11-17T10:56:43.827Z,QH224,Boeing 737 All Series Passenger,SGN,HAN,2025-12-21,10:40,12:50,Economy Smart,1046400,34
2025-11-17T10:56:43.827Z,QH204,Airbus A321,SGN,HAN,2025-12-21,07:10,09:20,Economy Flex,1583543,34
2025-11-17T10:56:43.827Z,QH224,Boeing 737 All Series Passenger,SGN,HAN,2025-12-21,10:40,12:50,Economy Flex,1583543,34
2025-11-17T10:56:43.827Z,QH242,Boeing 737 All Series Passenger,SGN,HAN,2025-12-21,13:15,15:25,Economy Flex,1583543,34
2025-11-17T10:56:43.827Z,QH268,Airbus A321,SGN,HAN,2025-12-21,19:20,21:30,Economy Flex,1583543,34
2025-11-17T10:57:21.295Z,QH268,Airbus A321,SGN,HAN,2025-12-22,19:20,21:30,Economy Smart,596114,35
2025-11-17T10:57:21.295Z,QH204,Airbus A321,SGN,HAN,2025-12-22,07:10,09:20,Economy Smart,731543,35
2025-11-17T10:57:21.295Z,QH268,Airbus A321,SGN,HAN,2025-12-22,19:20,21:30,Economy Smart,731543,35
2025-11-17T10:57:21.295Z,QH242,Boeing 737 All Series Passenger,SGN,HAN,2025-12-22,13:15,15:25,Economy Smart,830400,35
2025-11-17T10:57:21.295Z,QH224,Boeing 737 All Series Passenger,SGN,HAN,2025-12-22,10:40,12:50,Economy Smart,941257,35
2025-11-17T10:57:21.295Z,QH204,Airbus A321,SGN,HAN,2025-12-22,07:10,09:20,Economy Flex,1583543,35
2025-11-17T10:57:21.295Z,QH224,Boeing 737 All Series Passenger,SGN,HAN,2025-12-22,10:40,12:50,Economy Flex,1583543,35
2025-11-17T10:57:21.295Z,QH242,Boeing 737 All Series Passenger,SGN,HAN,2025-12-22,13:15,15:25,Economy Flex,1583543,35
2025-11-17T10:57:21.295Z,QH268,Airbus A321,SGN,HAN,2025-12-22,19:20,21:30,Economy Flex,1583543,35
2025-11-17T10:57:59.368Z,QH204,Airbus A321,SGN,HAN,2025-12-23,07:10,09:20,Economy Smart,731543,36
2025-11-17T10:57:59.368Z,QH268,Airbus A321,SGN,HAN,2025-12-23,19:20,21:30,Economy Smart,731543,36
2025-11-17T10:57:59.368Z,QH224,Boeing 737 All Series Passenger,SGN,HAN,2025-12-23,10:40,12:50,Economy Smart,830400,36
2025-11-17T10:57:59.368Z,QH242,Boeing 737 All Series Passenger,SGN,HAN,2025-12-23,13:15,15:25,Economy Smart,830400,36
2025-11-17T10:57:59.368Z,QH204,Airbus A321,SGN,HAN,2025-12-23,07:10,09:20,Economy Flex,1583543,36
2025-11-17T10:57:59.368Z,QH224,Boeing 737 All Series Passenger,SGN,HAN,2025-12-23,10:40,12:50,Economy Flex,1583543,36
2025-11-17T10:57:59.368Z,QH242,Boeing 737 All Series Passenger,SGN,HAN,2025-12-23,13:15,15:25,Economy Flex,1583543,36
2025-11-17T10:57:59.368Z,QH268,Airbus A321,SGN,HAN,2025-12-23,19:20,21:30,Economy Flex,1583543,36
2025-11-17T10:58:35.063Z,QH268,Airbus A321,SGN,HAN,2025-12-24,19:20,21:30,Economy Smart,731543,37
2025-11-17T10:58:35.063Z,QH204,Airbus A321,SGN,HAN,2025-12-24,07:10,09:20,Economy Smart,830400,37
2025-11-17T10:58:35.063Z,QH224,Boeing 737 All Series Passenger,SGN,HAN,2025-12-24,10:40,12:50,Economy Smart,830400,37
2025-11-17T10:58:35.063Z,QH242,Boeing 737 All Series Passenger,SGN,HAN,2025-12-24,13:15,15:25,Economy Smart,830400,37
2025-11-17T10:58:35.063Z,QH204,Airbus A321,SGN,HAN,2025-12-24,07:10,09:20,Economy Flex,1583543,37
2025-11-17T10:58:35.063Z,QH224,Boeing 737 All Series Passenger,SGN,HAN,2025-12-24,10:40,12:50,Economy Flex,1583543,37
2025-11-17T10:58:35.063Z,QH242,Boeing 737 All Series Passenger,SGN,HAN,2025-12-24,13:15,15:25,Economy Flex,1583543,37
2025-11-17T10:58:35.063Z,QH268,Airbus A321,SGN,HAN,2025-12-24,19:20,21:30,Economy Flex,1583543,37
2025-11-17T10:59:10.523Z,QH268,Airbus A321,SGN,HAN,2025-12-25,19:20,21:30,Economy Smart,830400,38
2025-11-17T10:59:10.523Z,QH204,Airbus A321,SGN,HAN,2025-12-25,07:10,09:20,Economy Smart,941257,38
2025-11-17T10:59:10.523Z,QH224,Boeing 737 All Series Passenger,SGN,HAN,2025-12-25,10:40,12:50,Economy Smart,941257,38
2025-11-17T10:59:10.523Z,QH242,Boeing 737 All Series Passenger,SGN,HAN,2025-12-25,13:15,15:25,Economy Smart,941257,38
2025-11-17T10:59:10.523Z,QH204,Airbus A321,SGN,HAN,2025-12-25,07:10,09:20,Economy Flex,1583543,38
2025-11-17T10:59:10.523Z,QH224,Boeing 737 All Series Passenger,SGN,HAN,2025-12-25,10:40,12:50,Economy Flex,1583543,38
2025-11-17T10:59:10.523Z,QH242,Boeing 737 All Series Passenger,SGN,HAN,2025-12-25,13:15,15:25,Economy Flex,1583543,38
2025-11-17T10:59:10.523Z,QH268,Airbus A321,SGN,HAN,2025-12-25,19:20,21:30,Economy Flex,1583543,38
2025-11-17T10:59:48.295Z,QH268,Airbus A321,SGN,HAN,2025-12-26,19:20,21:30,Economy Smart,830400,39
2025-11-17T10:59:48.295Z,QH204,Airbus A321,SGN,HAN,2025-12-26,07:10,09:20,Economy Smart,941257,39
2025-11-17T10:59:48.295Z,QH224,Boeing 737 All Series Passenger,SGN,HAN,2025-12-26,10:40,12:50,Economy Smart,1046400,39
2025-11-17T10:59:48.295Z,QH242,Boeing 737 All Series Passenger,SGN,HAN,2025-12-26,13:15,15:25,Economy Smart,1046400,39
2025-11-17T10:59:48.295Z,QH204,Airbus A321,SGN,HAN,2025-12-26,07:10,09:20,Economy Flex,1583543,39
2025-11-17T10:59:48.295Z,QH224,Boeing 737 All Series Passenger,SGN,HAN,2025-12-26,10:40,12:50,Economy Flex,1583543,39
2025-11-17T10:59:48.295Z,QH242,Boeing 737 All Series Passenger,SGN,HAN,2025-12-26,13:15,15:25,Economy Flex,1583543,39
2025-11-17T10:59:48.295Z,QH268,Airbus A321,SGN,HAN,2025-12-26,19:20,21:30,Economy Flex,1583543,39
2025-11-17T11:00:25.542Z,QH268,Airbus A321,SGN,HAN,2025-12-27,19:20,21:30,Economy Smart,731543,40
2025-11-17T11:00:25.542Z,QH204,Airbus A321,SGN,HAN,2025-12-27,07:10,09:20,Economy Smart,830400,40
2025-11-17T11:00:25.542Z,QH242,Boeing 737 All Series Passenger,SGN,HAN,2025-12-27,13:15,15:25,Economy Smart,941257,40
2025-11-17T11:00:25.542Z,QH224,Boeing 737 All Series Passenger,SGN,HAN,2025-12-27,10:40,12:50,Economy Smart,1046400,40
2025-11-17T11:00:25.542Z,QH204,Airbus A321,SGN,HAN,2025-12-27,07:10,09:20,Economy Flex,1583543,40
2025-11-17T11:00:25.542Z,QH224,Boeing 737 All Series Passenger,SGN,HAN,2025-12-27,10:40,12:50,Economy Flex,1583543,40
2025-11-17T11:00:25.542Z,QH242,Boeing 737 All Series Passenger,SGN,HAN,2025-12-27,13:15,15:25,Economy Flex,1583543,40
2025-11-17T11:00:25.542Z,QH268,Airbus A321,SGN,HAN,2025-12-27,19:20,21:30,Economy Flex,1583543,40
2025-11-17T11:01:02.331Z,QH204,Airbus A321,SGN,HAN,2025-12-28,07:10,09:20,Economy Smart,941257,41
2025-11-17T11:01:02.331Z,QH224,Boeing 737 All Series Passenger,SGN,HAN,2025-12-28,10:40,12:50,Economy Smart,941257,41
2025-11-17T11:01:02.331Z,QH268,Airbus A321,SGN,HAN,2025-12-28,19:20,21:30,Economy Smart,941257,41
2025-11-17T11:01:02.331Z,QH242,Boeing 737 All Series Passenger,SGN,HAN,2025-12-28,13:15,15:25,Economy Smart,1046400,41
2025-11-17T11:01:02.331Z,QH204,Airbus A321,SGN,HAN,2025-12-28,07:10,09:20,Economy Flex,1583543,41
2025-11-17T11:01:02.331Z,QH224,Boeing 737 All Series Passenger,SGN,HAN,2025-12-28,10:40,12:50,Economy Flex,1583543,41
2025-11-17T11:01:02.331Z,QH242,Boeing 737 All Series Passenger,SGN,HAN,2025-12-28,13:15,15:25,Economy Flex,1583543,41
2025-11-17T11:01:02.331Z,QH268,Airbus A321,SGN,HAN,2025-12-28,19:20,21:30,Economy Flex,1583543,41
2025-11-17T11:01:43.638Z,QH204,Airbus A321,SGN,HAN,2025-12-29,07:10,09:20,Economy Smart,731543,42
2025-11-17T11:01:43.638Z,QH224,Boeing 737 All Series Passenger,SGN,HAN,2025-12-29,10:40,12:50,Economy Smart,941257,42
2025-11-17T11:01:43.638Z,QH242,Boeing 737 All Series Passenger,SGN,HAN,2025-12-29,13:15,15:25,Economy Smart,941257,42
2025-11-17T11:01:43.638Z,QH268,Airbus A321,SGN,HAN,2025-12-29,19:20,21:30,Economy Smart,941257,42
2025-11-17T11:01:43.638Z,QH204,Airbus A321,SGN,HAN,2025-12-29,07:10,09:20,Economy Flex,1583543,42
2025-11-17T11:01:43.638Z,QH224,Boeing 737 All Series Passenger,SGN,HAN,2025-12-29,10:40,12:50,Economy Flex,1583543,42
2025-11-17T11:01:43.638Z,QH242,Boeing 737 All Series Passenger,SGN,HAN,2025-12-29,13:15,15:25,Economy Flex,1583543,42
2025-11-17T11:01:43.638Z,QH268,Airbus A321,SGN,HAN,2025-12-29,19:20,21:30,Economy Flex,1583543,42
2025-11-17T11:02:23.347Z,QH204,Airbus A321,SGN,HAN,2025-12-30,07:10,09:20,Economy Smart,731543,43
2025-11-17T11:02:23.347Z,QH224,Boeing 737 All Series Passenger,SGN,HAN,2025-12-30,10:40,12:50,Economy Smart,830400,43
2025-11-17T11:02:23.347Z,QH242,Boeing 737 All Series Passenger,SGN,HAN,2025-12-30,13:15,15:25,Economy Smart,830400,43
2025-11-17T11:02:23.347Z,QH268,Airbus A321,SGN,HAN,2025-12-30,19:20,21:30,Economy Smart,830400,43
2025-11-17T11:02:23.347Z,QH204,Airbus A321,SGN,HAN,2025-12-30,07:10,09:20,Economy Flex,1583543,43
2025-11-17T11:02:23.347Z,QH224,Boeing 737 All Series Passenger,SGN,HAN,2025-12-30,10:40,12:50,Economy Flex,1583543,43
2025-11-17T11:02:23.347Z,QH242,Boeing 737 All Series Passenger,SGN,HAN,2025-12-30,13:15,15:25,Economy Flex,1583543,43
2025-11-17T11:02:23.347Z,QH268,Airbus A321,SGN,HAN,2025-12-30,19:20,21:30,Economy Flex,1583543,43
2025-11-17T11:03:04.991Z,QH204,Airbus A321,SGN,HAN,2025-12-31,07:10,09:20,Economy Smart,657829,44
2025-11-17T11:03:04.991Z,QH204,Airbus A321,SGN,HAN,2025-12-31,07:10,09:20,Economy Smart,731543,44
2025-11-17T11:03:04.991Z,QH224,Boeing 737 All Series Passenger,SGN,HAN,2025-12-31,10:40,12:50,Economy Smart,941257,44
2025-11-17T11:03:04.991Z,QH242,Boeing 737 All Series Passenger,SGN,HAN,2025-12-31,13:15,15:25,Economy Smart,941257,44
2025-11-17T11:03:04.991Z,QH268,Airbus A321,SGN,HAN,2025-12-31,19:20,21:30,Economy Smart,1176114,44
2025-11-17T11:03:04.991Z,QH204,Airbus A321,SGN,HAN,2025-12-31,07:10,09:20,Economy Flex,1583543,44
2025-11-17T11:03:04.991Z,QH224,Boeing 737 All Series Passenger,SGN,HAN,2025-12-31,10:40,12:50,Economy Flex,1583543,44
2025-11-17T11:03:04.991Z,QH242,Boeing 737 All Series Passenger,SGN,HAN,2025-12-31,13:15,15:25,Economy Flex,1583543,44
2025-11-17T11:03:04.991Z,QH268,Airbus A321,SGN,HAN,2025-12-31,19:20,21:30,Economy Flex,1583543,44
2025-11-17T11:03:45.088Z,QH204,Airbus A321,SGN,HAN,2026-01-01,07:10,09:20,Economy Smart,941257,45
2025-11-17T11:03:45.088Z,QH224,Boeing 737 All Series Passenger,SGN,HAN,2026-01-01,10:40,12:50,Economy Smart,941257,45
2025-11-17T11:03:45.088Z,QH242,Boeing 737 All Series Passenger,SGN,HAN,2026-01-01,13:15,15:25,Economy Smart,941257,45
2025-11-17T11:03:45.088Z,QH268,Airbus A321,SGN,HAN,2026-01-01,19:20,21:30,Economy Smart,941257,45
2025-11-17T11:03:45.088Z,QH204,Airbus A321,SGN,HAN,2026-01-01,07:10,09:20,Economy Flex,1583543,45
2025-11-17T11:03:45.088Z,QH224,Boeing 737 All Series Passenger,SGN,HAN,2026-01-01,10:40,12:50,Economy Flex,1583543,45
2025-11-17T11:03:45.088Z,QH242,Boeing 737 All Series Passenger,SGN,HAN,2026-01-01,13:15,15:25,Economy Flex,1583543,45
2025-11-17T11:03:45.088Z,QH268,Airbus A321,SGN,HAN,2026-01-01,19:20,21:30,Economy Flex,1583543,45
2025-11-17T11:04:25.115Z,QH204,Airbus A321,SGN,HAN,2026-02-01,07:10,09:20,Economy Smart,657829,76
2025-11-17T11:04:25.115Z,QH204,Airbus A321,SGN,HAN,2026-02-01,07:10,09:20,Economy Smart,731543,76
2025-11-17T11:04:25.115Z,QH242,Boeing 737 All Series Passenger,SGN,HAN,2026-02-01,13:15,15:25,Economy Smart,941257,76
2025-11-17T11:04:25.115Z,QH268,Airbus A321,SGN,HAN,2026-02-01,19:20,21:30,Economy Smart,941257,76
2025-11-17T11:04:25.115Z,QH224,Boeing 737 All Series Passenger,SGN,HAN,2026-02-01,10:40,12:50,Economy Smart,1046400,76
2025-11-17T11:04:25.115Z,QH204,Airbus A321,SGN,HAN,2026-02-01,07:10,09:20,Economy Flex,1583543,76
2025-11-17T11:04:25.115Z,QH224,Boeing 737 All Series Passenger,SGN,HAN,2026-02-01,10:40,12:50,Economy Flex,1583543,76
2025-11-17T11:04:25.115Z,QH242,Boeing 737 All Series Passenger,SGN,HAN,2026-02-01,13:15,15:25,Economy Flex,1583543,76
2025-11-17T11:04:25.115Z,QH268,Airbus A321,SGN,HAN,2026-02-01,19:20,21:30,Economy Flex,1583543,76
2025-11-17T11:05:04.293Z,QH224,Boeing 737 All Series Passenger,SGN,HAN,2026-03-01,10:40,12:50,Economy Smart,830400,104
2025-11-17T11:05:04.293Z,QH204,Airbus A321,SGN,HAN,2026-03-01,07:10,09:20,Economy Smart,941257,104
2025-11-17T11:05:04.293Z,QH242,Boeing 737 All Series Passenger,SGN,HAN,2026-03-01,13:15,15:25,Economy Smart,941257,104
2025-11-17T11:05:04.293Z,QH268,Airbus A321,SGN,HAN,2026-03-01,19:20,21:30,Economy Smart,941257,104
2025-11-17T11:05:04.293Z,QH204,Airbus A321,SGN,HAN,2026-03-01,07:10,09:20,Economy Flex,1583543,104
2025-11-17T11:05:04.293Z,QH224,Boeing 737 All Series Passenger,SGN,HAN,2026-03-01,10:40,12:50,Economy Flex,1583543,104
2025-11-17T11:05:04.293Z,QH242,Boeing 737 All Series Passenger,SGN,HAN,2026-03-01,13:15,15:25,Economy Flex,1583543,104
2025-11-17T11:05:04.293Z,QH268,Airbus A321,SGN,HAN,2026-03-01,19:20,21:30,Economy Flex,1583543,104
2025-11-17T11:05:44.830Z,QH204,Airbus A321,SGN,HAN,2026-04-01,07:10,09:20,Economy Smart,657829,135
2025-11-17T11:05:44.830Z,QH204,Airbus A321,SGN,HAN,2026-04-01,07:10,09:20,Economy Smart,731543,135
2025-11-17T11:05:44.830Z,QH224,Boeing 737 All Series Passenger,SGN,HAN,2026-04-01,10:40,12:50,Economy Smart,941257,135
2025-11-17T11:05:44.830Z,QH242,Boeing 737 All Series Passenger,SGN,HAN,2026-04-01,13:15,15:25,Economy Smart,1046400,135
2025-11-17T11:05:44.830Z,QH268,Airbus A321,SGN,HAN,2026-04-01,19:20,21:30,Economy Smart,1046400,135
2025-11-17T11:05:44.830Z,QH204,Airbus A321,SGN,HAN,2026-04-01,07:10,09:20,Economy Flex,1583543,135
2025-11-17T11:05:44.830Z,QH224,Boeing 737 All Series Passenger,SGN,HAN,2026-04-01,10:40,12:50,Economy Flex,1583543,135
2025-11-17T11:05:44.830Z,QH242,Boeing 737 All Series Passenger,SGN,HAN,2026-04-01,13:15,15:25,Economy Flex,1583543,135
2025-11-17T11:05:44.830Z,QH268,Airbus A321,SGN,HAN,2026-04-01,19:20,21:30,Economy Flex,1583543,135
2025-11-17T11:06:23.981Z,QH204,Airbus A321,SGN,HAN,2026-05-01,07:10,09:20,Economy Smart,657829,165
2025-11-17T11:06:23.981Z,QH268,Airbus A321,SGN,HAN,2026-05-01,19:20,21:30,Economy Smart,657829,165
2025-11-17T11:06:23.981Z,QH204,Airbus A321,SGN,HAN,2026-05-01,07:10,09:20,Economy Smart,731543,165
2025-11-17T11:06:23.981Z,QH268,Airbus A321,SGN,HAN,2026-05-01,19:20,21:30,Economy Smart,731543,165
2025-11-17T11:06:23.981Z,QH224,Boeing 737 All Series Passenger,SGN,HAN,2026-05-01,10:40,12:50,Economy Smart,941257,165
2025-11-17T11:06:23.981Z,QH242,Boeing 737 All Series Passenger,SGN,HAN,2026-05-01,13:15,15:25,Economy Smart,941257,165
2025-11-17T11:06:23.981Z,QH204,Airbus A321,SGN,HAN,2026-05-01,07:10,09:20,Economy Flex,1583543,165
2025-11-17T11:06:23.981Z,QH224,Boeing 737 All Series Passenger,SGN,HAN,2026-05-01,10:40,12:50,Economy Flex,1583543,165
2025-11-17T11:06:23.981Z,QH242,Boeing 737 All Series Passenger,SGN,HAN,2026-05-01,13:15,15:25,Economy Flex,1583543,165
2025-11-17T11:06:23.981Z,QH268,Airbus A321,SGN,HAN,2026-05-01,19:20,21:30,Economy Flex,1583543,165
2025-11-17T11:07:02.073Z,QH268,Airbus A321,SGN,HAN,2026-06-01,19:20,21:30,Economy Smart,830400,196
2025-11-17T11:07:02.073Z,QH204,Airbus A321,SGN,HAN,2026-06-01,07:10,09:20,Economy Smart,941257,196
2025-11-17T11:07:02.073Z,QH224,Boeing 737 All Series Passenger,SGN,HAN,2026-06-01,10:40,12:50,Economy Smart,941257,196
2025-11-17T11:07:02.073Z,QH242,Boeing 737 All Series Passenger,SGN,HAN,2026-06-01,13:15,15:25,Economy Smart,941257,196
2025-11-17T11:07:02.073Z,QH204,Airbus A321,SGN,HAN,2026-06-01,07:10,09:20,Economy Flex,1583543,196
2025-11-17T11:07:02.073Z,QH224,Boeing 737 All Series Passenger,SGN,HAN,2026-06-01,10:40,12:50,Economy Flex,1583543,196
2025-11-17T11:07:02.073Z,QH242,Boeing 737 All Series Passenger,SGN,HAN,2026-06-01,13:15,15:25,Economy Flex,1583543,196
2025-11-17T11:07:02.073Z,QH268,Airbus A321,SGN,HAN,2026-06-01,19:20,21:30,Economy Flex,1583543,196
2025-11-17T11:07:39.534Z,QH268,Airbus A321,SGN,HAN,2026-07-01,19:20,21:30,Economy Smart,830400,226
2025-11-17T11:07:39.534Z,QH204,Airbus A321,SGN,HAN,2026-07-01,07:10,09:20,Economy Smart,941257,226
2025-11-17T11:07:39.534Z,QH224,Boeing 737 All Series Passenger,SGN,HAN,2026-07-01,10:40,12:50,Economy Smart,941257,226
2025-11-17T11:07:39.534Z,QH242,Boeing 737 All Series Passenger,SGN,HAN,2026-07-01,13:15,15:25,Economy Smart,941257,226
2025-11-17T11:07:39.534Z,QH204,Airbus A321,SGN,HAN,2026-07-01,07:10,09:20,Economy Flex,1583543,226
2025-11-17T11:07:39.534Z,QH224,Boeing 737 All Series Passenger,SGN,HAN,2026-07-01,10:40,12:50,Economy Flex,1583543,226
2025-11-17T11:07:39.534Z,QH242,Boeing 737 All Series Passenger,SGN,HAN,2026-07-01,13:15,15:25,Economy Flex,1583543,226
2025-11-17T11:07:39.534Z,QH268,Airbus A321,SGN,HAN,2026-07-01,19:20,21:30,Economy Flex,1583543,226
2025-11-17T11:08:15.929Z,QH268,Airbus A321,SGN,HAN,2026-08-01,19:20,21:30,Economy Smart,830400,257
2025-11-17T11:08:15.929Z,QH204,Airbus A321,SGN,HAN,2026-08-01,07:10,09:20,Economy Smart,941257,257
2025-11-17T11:08:15.929Z,QH242,Boeing 737 All Series Passenger,SGN,HAN,2026-08-01,13:15,15:25,Economy Smart,1046400,257
2025-11-17T11:08:15.929Z,QH224,Boeing 737 All Series Passenger,SGN,HAN,2026-08-01,10:40,12:50,Economy Smart,1176114,257
2025-11-17T11:08:15.929Z,QH204,Airbus A321,SGN,HAN,2026-08-01,07:10,09:20,Economy Flex,1583543,257
2025-11-17T11:08:15.929Z,QH224,Boeing 737 All Series Passenger,SGN,HAN,2026-08-01,10:40,12:50,Economy Flex,1583543,257
2025-11-17T11:08:15.929Z,QH242,Boeing 737 All Series Passenger,SGN,HAN,2026-08-01,13:15,15:25,Economy Flex,1583543,257
2025-11-17T11:08:15.929Z,QH268,Airbus A321,SGN,HAN,2026-08-01,19:20,21:30,Economy Flex,1583543,257
2025-11-17T11:08:51.544Z,QH268,Airbus A321,SGN,HAN,2026-09-01,19:20,21:30,Economy Smart,830400,288
2025-11-17T11:08:51.544Z,QH204,Airbus A321,SGN,HAN,2026-09-01,07:10,09:20,Economy Smart,941257,288
2025-11-17T11:08:51.544Z,QH224,Boeing 737 All Series Passenger,SGN,HAN,2026-09-01,10:40,12:50,Economy Smart,941257,288
2025-11-17T11:08:51.544Z,QH242,Boeing 737 All Series Passenger,SGN,HAN,2026-09-01,13:15,15:25,Economy Smart,941257,288
2025-11-17T11:08:51.544Z,QH204,Airbus A321,SGN,HAN,2026-09-01,07:10,09:20,Economy Flex,1583543,288
2025-11-17T11:08:51.544Z,QH224,Boeing 737 All Series Passenger,SGN,HAN,2026-09-01,10:40,12:50,Economy Flex,1583543,288
2025-11-17T11:08:51.544Z,QH242,Boeing 737 All Series Passenger,SGN,HAN,2026-09-01,13:15,15:25,Economy Flex,1583543,288
2025-11-17T11:08:51.544Z,QH268,Airbus A321,SGN,HAN,2026-09-01,19:20,21:30,Economy Flex,1583543,288
2025-11-17T11:09:34.092Z,QH268,Airbus A321,SGN,HAN,2026-10-01,19:20,21:30,Economy Smart,830400,318
2025-11-17T11:09:34.092Z,QH204,Airbus A321,SGN,HAN,2026-10-01,07:10,09:20,Economy Smart,941257,318
2025-11-17T11:09:34.092Z,QH224,Boeing 737 All Series Passenger,SGN,HAN,2026-10-01,10:40,12:50,Economy Smart,941257,318
2025-11-17T11:09:34.092Z,QH242,Boeing 737 All Series Passenger,SGN,HAN,2026-10-01,13:15,15:25,Economy Smart,941257,318
2025-11-17T11:09:34.092Z,QH204,Airbus A321,SGN,HAN,2026-10-01,07:10,09:20,Economy Flex,1583543,318
2025-11-17T11:09:34.092Z,QH224,Boeing 737 All Series Passenger,SGN,HAN,2026-10-01,10:40,12:50,Economy Flex,1583543,318
2025-11-17T11:09:34.092Z,QH242,Boeing 737 All Series Passenger,SGN,HAN,2026-10-01,13:15,15:25,Economy Flex,1583543,318
2025-11-17T11:09:34.092Z,QH268,Airbus A321,SGN,HAN,2026-10-01,19:20,21:30,Economy Flex,1583543,318
2025-11-17T11:10:14.766Z,QH204,Airbus A321,SGN,HAN,2026-11-01,07:10,09:20,Economy Smart,830400,349
2025-11-17T11:10:14.766Z,QH268,Airbus A321,SGN,HAN,2026-11-01,19:20,21:30,Economy Smart,830400,349
2025-11-17T11:10:14.766Z,QH224,Boeing 737 All Series Passenger,SGN,HAN,2026-11-01,10:40,12:50,Economy Smart,941257,349
2025-11-17T11:10:14.766Z,QH242,Boeing 737 All Series Passenger,SGN,HAN,2026-11-01,13:15,15:25,Economy Smart,941257,349
2025-11-17T11:10:14.766Z,QH204,Airbus A321,SGN,HAN,2026-11-01,07:10,09:20,Economy Flex,1583543,349
2025-11-17T11:10:14.766Z,QH224,Boeing 737 All Series Passenger,SGN,HAN,2026-11-01,10:40,12:50,Economy Flex,1583543,349
2025-11-17T11:10:14.766Z,QH242,Boeing 737 All Series Passenger,SGN,HAN,2026-11-01,13:15,15:25,Economy Flex,1583543,349
2025-11-17T11:10:14.766Z,QH268,Airbus A321,SGN,HAN,2026-11-01,19:20,21:30,Economy Flex,1583543,349
2025-11-17T11:10:52.930Z,QH268,Airbus A321,SGN,HAN,2026-12-01,19:20,21:30,Economy Smart,830400,379
2025-11-17T11:10:52.930Z,QH204,Airbus A321,SGN,HAN,2026-12-01,07:10,09:20,Economy Smart,941257,379
2025-11-17T11:10:52.930Z,QH224,Boeing 737 All Series Passenger,SGN,HAN,2026-12-01,10:40,12:50,Economy Smart,941257,379
2025-11-17T11:10:52.930Z,QH242,Boeing 737 All Series Passenger,SGN,HAN,2026-12-01,13:15,15:25,Economy Smart,1046400,379
2025-11-17T11:10:52.930Z,QH204,Airbus A321,SGN,HAN,2026-12-01,07:10,09:20,Economy Flex,1583543,379
2025-11-17T11:10:52.930Z,QH224,Boeing 737 All Series Passenger,SGN,HAN,2026-12-01,10:40,12:50,Economy Flex,1583543,379
2025-11-17T11:10:52.930Z,QH242,Boeing 737 All Series Passenger,SGN,HAN,2026-12-01,13:15,15:25,Economy Flex,1583543,379
2025-11-17T11:10:52.930Z,QH268,Airbus A321,SGN,HAN,2026-12-01,19:20,21:30,Economy Flex,1583543,379
2025-11-17T11:11:30.753Z,QH268,Airbus A321,SGN,HAN,2026-01-13,19:20,21:30,Economy Smart,830400,57
2025-11-17T11:11:30.753Z,QH204,Airbus A321,SGN,HAN,2026-01-13,07:10,09:20,Economy Smart,941257,57
2025-11-17T11:11:30.753Z,QH224,Boeing 737 All Series Passenger,SGN,HAN,2026-01-13,10:40,12:50,Economy Smart,941257,57
2025-11-17T11:11:30.753Z,QH242,Boeing 737 All Series Passenger,SGN,HAN,2026-01-13,13:15,15:25,Economy Smart,941257,57
2025-11-17T11:11:30.753Z,QH204,Airbus A321,SGN,HAN,2026-01-13,07:10,09:20,Economy Flex,1583543,57
2025-11-17T11:11:30.753Z,QH224,Boeing 737 All Series Passenger,SGN,HAN,2026-01-13,10:40,12:50,Economy Flex,1583543,57
2025-11-17T11:11:30.753Z,QH242,Boeing 737 All Series Passenger,SGN,HAN,2026-01-13,13:15,15:25,Economy Flex,1583543,57
2025-11-17T11:11:30.753Z,QH268,Airbus A321,SGN,HAN,2026-01-13,19:20,21:30,Economy Flex,1583543,57
2025-11-17T11:12:13.793Z,QH268,Airbus A321,SGN,HAN,2026-01-14,19:20,21:30,Economy Smart,830400,58
2025-11-17T11:12:13.793Z,QH204,Airbus A321,SGN,HAN,2026-01-14,07:10,09:20,Economy Smart,941257,58
2025-11-17T11:12:13.793Z,QH224,Boeing 737 All Series Passenger,SGN,HAN,2026-01-14,10:40,12:50,Economy Smart,941257,58
2025-11-17T11:12:13.793Z,QH242,Boeing 737 All Series Passenger,SGN,HAN,2026-01-14,13:15,15:25,Economy Smart,941257,58
2025-11-17T11:12:13.793Z,QH204,Airbus A321,SGN,HAN,2026-01-14,07:10,09:20,Economy Flex,1583543,58
2025-11-17T11:12:13.793Z,QH224,Boeing 737 All Series Passenger,SGN,HAN,2026-01-14,10:40,12:50,Economy Flex,1583543,58
2025-11-17T11:12:13.793Z,QH242,Boeing 737 All Series Passenger,SGN,HAN,2026-01-14,13:15,15:25,Economy Flex,1583543,58
2025-11-17T11:12:13.793Z,QH268,Airbus A321,SGN,HAN,2026-01-14,19:20,21:30,Economy Flex,1583543,58
2025-11-17T11:12:52.286Z,QH268,Airbus A321,SGN,HAN,2026-01-15,19:20,21:30,Economy Smart,830400,59
2025-11-17T11:12:52.286Z,QH204,Airbus A321,SGN,HAN,2026-01-15,07:10,09:20,Economy Smart,941257,59
2025-11-17T11:12:52.286Z,QH224,Boeing 737 All Series Passenger,SGN,HAN,2026-01-15,10:40,12:50,Economy Smart,941257,59
2025-11-17T11:12:52.286Z,QH242,Boeing 737 All Series Passenger,SGN,HAN,2026-01-15,13:15,15:25,Economy Smart,941257,59
2025-11-17T11:12:52.286Z,QH204,Airbus A321,SGN,HAN,2026-01-15,07:10,09:20,Economy Flex,1583543,59
2025-11-17T11:12:52.286Z,QH224,Boeing 737 All Series Passenger,SGN,HAN,2026-01-15,10:40,12:50,Economy Flex,1583543,59
2025-11-17T11:12:52.286Z,QH242,Boeing 737 All Series Passenger,SGN,HAN,2026-01-15,13:15,15:25,Economy Flex,1583543,59
2025-11-17T11:12:52.286Z,QH268,Airbus A321,SGN,HAN,2026-01-15,19:20,21:30,Economy Flex,1583543,59
2025-11-17T11:13:27.555Z,QH204,Airbus A321,SGN,HAN,2026-01-16,07:10,09:20,Economy Smart,941257,60
2025-11-17T11:13:27.555Z,QH224,Boeing 737 All Series Passenger,SGN,HAN,2026-01-16,10:40,12:50,Economy Smart,941257,60
2025-11-17T11:13:27.555Z,QH242,Boeing 737 All Series Passenger,SGN,HAN,2026-01-16,13:15,15:25,Economy Smart,941257,60
2025-11-17T11:13:27.555Z,QH268,Airbus A321,SGN,HAN,2026-01-16,19:20,21:30,Economy Smart,941257,60
2025-11-17T11:13:27.555Z,QH204,Airbus A321,SGN,HAN,2026-01-16,07:10,09:20,Economy Flex,1583543,60
2025-11-17T11:13:27.555Z,QH224,Boeing 737 All Series Passenger,SGN,HAN,2026-01-16,10:40,12:50,Economy Flex,1583543,60
2025-11-17T11:13:27.555Z,QH242,Boeing 737 All Series Passenger,SGN,HAN,2026-01-16,13:15,15:25,Economy Flex,1583543,60
2025-11-17T11:13:27.555Z,QH268,Airbus A321,SGN,HAN,2026-01-16,19:20,21:30,Economy Flex,1583543,60
2025-11-17T11:14:01.974Z,QH268,Airbus A321,SGN,HAN,2026-01-17,19:20,21:30,Economy Smart,830400,61
2025-11-17T11:14:01.974Z,QH204,Airbus A321,SGN,HAN,2026-01-17,07:10,09:20,Economy Smart,941257,61
2025-11-17T11:14:01.974Z,QH224,Boeing 737 All Series Passenger,SGN,HAN,2026-01-17,10:40,12:50,Economy Smart,941257,61
2025-11-17T11:14:01.974Z,QH242,Boeing 737 All Series Passenger,SGN,HAN,2026-01-17,13:15,15:25,Economy Smart,1046400,61
2025-11-17T11:14:01.974Z,QH204,Airbus A321,SGN,HAN,2026-01-17,07:10,09:20,Economy Flex,1583543,61
2025-11-17T11:14:01.974Z,QH224,Boeing 737 All Series Passenger,SGN,HAN,2026-01-17,10:40,12:50,Economy Flex,1583543,61
2025-11-17T11:14:01.974Z,QH242,Boeing 737 All Series Passenger,SGN,HAN,2026-01-17,13:15,15:25,Economy Flex,1583543,61
2025-11-17T11:14:01.974Z,QH268,Airbus A321,SGN,HAN,2026-01-17,19:20,21:30,Economy Flex,1583543,61
2025-11-17T12:19:15.586Z,QH268,Airbus A321,SGN,HAN,2026-01-18,19:20,21:30,Economy Smart,830400,62
2025-11-17T12:19:15.586Z,QH204,Airbus A321,SGN,HAN,2026-01-18,07:10,09:20,Economy Smart,941257,62
2025-11-17T12:19:15.586Z,QH224,Boeing 737 All Series Passenger,SGN,HAN,2026-01-18,10:40,12:50,Economy Smart,1046400,62
2025-11-17T12:19:15.586Z,QH242,Boeing 737 All Series Passenger,SGN,HAN,2026-01-18,13:15,15:25,Economy Smart,1046400,62
2025-11-17T12:19:15.586Z,QH204,Airbus A321,SGN,HAN,2026-01-18,07:10,09:20,Economy Flex,1583543,62
2025-11-17T12:19:15.586Z,QH224,Boeing 737 All Series Passenger,SGN,HAN,2026-01-18,10:40,12:50,Economy Flex,1583543,62
2025-11-17T12:19:15.586Z,QH242,Boeing 737 All Series Passenger,SGN,HAN,2026-01-18,13:15,15:25,Economy Flex,1583543,62
2025-11-17T12:19:15.586Z,QH268,Airbus A321,SGN,HAN,2026-01-18,19:20,21:30,Economy Flex,1583543,62
2025-11-17T12:19:50.805Z,QH268,Airbus A321,SGN,HAN,2026-01-19,19:20,21:30,Economy Smart,830400,63
2025-11-17T12:19:50.805Z,QH204,Airbus A321,SGN,HAN,2026-01-19,07:10,09:20,Economy Smart,941257,63
2025-11-17T12:19:50.805Z,QH242,Boeing 737 All Series Passenger,SGN,HAN,2026-01-19,13:15,15:25,Economy Smart,941257,63
2025-11-17T12:19:50.805Z,QH224,Boeing 737 All Series Passenger,SGN,HAN,2026-01-19,10:40,12:50,Economy Smart,1046400,63
2025-11-17T12:19:50.805Z,QH204,Airbus A321,SGN,HAN,2026-01-19,07:10,09:20,Economy Flex,1583543,63
2025-11-17T12:19:50.805Z,QH224,Boeing 737 All Series Passenger,SGN,HAN,2026-01-19,10:40,12:50,Economy Flex,1583543,63
2025-11-17T12:19:50.805Z,QH242,Boeing 737 All Series Passenger,SGN,HAN,2026-01-19,13:15,15:25,Economy Flex,1583543,63
2025-11-17T12:19:50.805Z,QH268,Airbus A321,SGN,HAN,2026-01-19,19:20,21:30,Economy Flex,1583543,63
2025-11-17T12:20:23.318Z,QH268,Airbus A321,SGN,HAN,2026-01-20,19:20,21:30,Economy Smart,830400,64
2025-11-17T12:20:23.318Z,QH204,Airbus A321,SGN,HAN,2026-01-20,07:10,09:20,Economy Smart,941257,64
2025-11-17T12:20:23.318Z,QH224,Boeing 737 All Series Passenger,SGN,HAN,2026-01-20,10:40,12:50,Economy Smart,941257,64
2025-11-17T12:20:23.318Z,QH242,Boeing 737 All Series Passenger,SGN,HAN,2026-01-20,13:15,15:25,Economy Smart,941257,64
2025-11-17T12:20:23.318Z,QH204,Airbus A321,SGN,HAN,2026-01-20,07:10,09:20,Economy Flex,1583543,64
2025-11-17T12:20:23.318Z,QH224,Boeing 737 All Series Passenger,SGN,HAN,2026-01-20,10:40,12:50,Economy Flex,1583543,64
2025-11-17T12:20:23.318Z,QH242,Boeing 737 All Series Passenger,SGN,HAN,2026-01-20,13:15,15:25,Economy Flex,1583543,64
2025-11-17T12:20:23.318Z,QH268,Airbus A321,SGN,HAN,2026-01-20,19:20,21:30,Economy Flex,1583543,64
2025-11-17T12:20:59.030Z,QH268,Airbus A321,SGN,HAN,2026-01-21,19:20,21:30,Economy Smart,830400,65
2025-11-17T12:20:59.030Z,QH204,Airbus A321,SGN,HAN,2026-01-21,07:10,09:20,Economy Smart,941257,65
2025-11-17T12:20:59.030Z,QH224,Boeing 737 All Series Passenger,SGN,HAN,2026-01-21,10:40,12:50,Economy Smart,941257,65
2025-11-17T12:20:59.030Z,QH242,Boeing 737 All Series Passenger,SGN,HAN,2026-01-21,13:15,15:25,Economy Smart,941257,65
2025-11-17T12:20:59.030Z,QH204,Airbus A321,SGN,HAN,2026-01-21,07:10,09:20,Economy Flex,1583543,65
2025-11-17T12:20:59.030Z,QH224,Boeing 737 All Series Passenger,SGN,HAN,2026-01-21,10:40,12:50,Economy Flex,1583543,65
2025-11-17T12:20:59.030Z,QH242,Boeing 737 All Series Passenger,SGN,HAN,2026-01-21,13:15,15:25,Economy Flex,1583543,65
2025-11-17T12:20:59.030Z,QH268,Airbus A321,SGN,HAN,2026-01-21,19:20,21:30,Economy Flex,1583543,65
2025-11-17T12:21:33.473Z,QH268,Airbus A321,SGN,HAN,2026-01-22,19:20,21:30,Economy Smart,830400,66
2025-11-17T12:21:33.473Z,QH204,Airbus A321,SGN,HAN,2026-01-22,07:10,09:20,Economy Smart,1046400,66
2025-11-17T12:21:33.473Z,QH224,Boeing 737 All Series Passenger,SGN,HAN,2026-01-22,10:40,12:50,Economy Smart,1046400,66
2025-11-17T12:21:33.473Z,QH242,Boeing 737 All Series Passenger,SGN,HAN,2026-01-22,13:15,15:25,Economy Smart,1046400,66
2025-11-17T12:21:33.473Z,QH204,Airbus A321,SGN,HAN,2026-01-22,07:10,09:20,Economy Flex,1583543,66
2025-11-17T12:21:33.473Z,QH224,Boeing 737 All Series Passenger,SGN,HAN,2026-01-22,10:40,12:50,Economy Flex,1583543,66
2025-11-17T12:21:33.473Z,QH242,Boeing 737 All Series Passenger,SGN,HAN,2026-01-22,13:15,15:25,Economy Flex,1583543,66
2025-11-17T12:21:33.473Z,QH268,Airbus A321,SGN,HAN,2026-01-22,19:20,21:30,Economy Flex,1583543,66
2025-11-17T12:22:08.514Z,QH204,Airbus A321,SGN,HAN,2026-01-23,07:10,09:20,Economy Smart,941257,67
2025-11-17T12:22:08.514Z,QH224,Boeing 737 All Series Passenger,SGN,HAN,2026-01-23,10:40,12:50,Economy Smart,941257,67
2025-11-17T12:22:08.514Z,QH242,Boeing 737 All Series Passenger,SGN,HAN,2026-01-23,13:15,15:25,Economy Smart,941257,67
2025-11-17T12:22:08.514Z,QH268,Airbus A321,SGN,HAN,2026-01-23,19:20,21:30,Economy Smart,941257,67
2025-11-17T12:22:08.514Z,QH204,Airbus A321,SGN,HAN,2026-01-23,07:10,09:20,Economy Flex,1583543,67
2025-11-17T12:22:08.514Z,QH224,Boeing 737 All Series Passenger,SGN,HAN,2026-01-23,10:40,12:50,Economy Flex,1583543,67
2025-11-17T12:22:08.514Z,QH242,Boeing 737 All Series Passenger,SGN,HAN,2026-01-23,13:15,15:25,Economy Flex,1583543,67
2025-11-17T12:22:08.514Z,QH268,Airbus A321,SGN,HAN,2026-01-23,19:20,21:30,Economy Flex,1583543,67
2025-11-17T12:22:41.340Z,QH268,Airbus A321,SGN,HAN,2026-01-24,19:20,21:30,Economy Smart,830400,68
2025-11-17T12:22:41.340Z,QH204,Airbus A321,SGN,HAN,2026-01-24,07:10,09:20,Economy Smart,1046400,68
2025-11-17T12:22:41.340Z,QH224,Boeing 737 All Series Passenger,SGN,HAN,2026-01-24,10:40,12:50,Economy Smart,1176114,68
2025-11-17T12:22:41.340Z,QH242,Boeing 737 All Series Passenger,SGN,HAN,2026-01-24,13:15,15:25,Economy Smart,1176114,68
2025-11-17T12:22:41.340Z,QH204,Airbus A321,SGN,HAN,2026-01-24,07:10,09:20,Economy Flex,1583543,68
2025-11-17T12:22:41.340Z,QH224,Boeing 737 All Series Passenger,SGN,HAN,2026-01-24,10:40,12:50,Economy Flex,1583543,68
2025-11-17T12:22:41.340Z,QH242,Boeing 737 All Series Passenger,SGN,HAN,2026-01-24,13:15,15:25,Economy Flex,1583543,68
2025-11-17T12:22:41.340Z,QH268,Airbus A321,SGN,HAN,2026-01-24,19:20,21:30,Economy Flex,1583543,68
2025-11-17T12:23:18.644Z,QH268,Airbus A321,SGN,HAN,2026-01-25,19:20,21:30,Economy Smart,830400,69
2025-11-17T12:23:18.644Z,QH204,Airbus A321,SGN,HAN,2026-01-25,07:10,09:20,Economy Smart,1046400,69
2025-11-17T12:23:18.644Z,QH224,Boeing 737 All Series Passenger,SGN,HAN,2026-01-25,10:40,12:50,Economy Smart,1176114,69
2025-11-17T12:23:18.644Z,QH242,Boeing 737 All Series Passenger,SGN,HAN,2026-01-25,13:15,15:25,Economy Smart,1305829,69
2025-11-17T12:23:18.644Z,QH204,Airbus A321,SGN,HAN,2026-01-25,07:10,09:20,Economy Flex,1583543,69
2025-11-17T12:23:18.644Z,QH224,Boeing 737 All Series Passenger,SGN,HAN,2026-01-25,10:40,12:50,Economy Flex,1583543,69
2025-11-17T12:23:18.644Z,QH242,Boeing 737 All Series Passenger,SGN,HAN,2026-01-25,13:15,15:25,Economy Flex,1583543,69
2025-11-17T12:23:18.644Z,QH268,Airbus A321,SGN,HAN,2026-01-25,19:20,21:30,Economy Flex,1583543,69
2025-11-17T12:23:51.586Z,QH268,Airbus A321,SGN,HAN,2026-01-26,19:20,21:30,Economy Smart,830400,70
2025-11-17T12:23:51.586Z,QH204,Airbus A321,SGN,HAN,2026-01-26,07:10,09:20,Economy Smart,1046400,70
2025-11-17T12:23:51.586Z,QH224,Boeing 737 All Series Passenger,SGN,HAN,2026-01-26,10:40,12:50,Economy Smart,1176114,70
2025-11-17T12:23:51.586Z,QH242,Boeing 737 All Series Passenger,SGN,HAN,2026-01-26,13:15,15:25,Economy Smart,1176114,70
2025-11-17T12:23:51.586Z,QH204,Airbus A321,SGN,HAN,2026-01-26,07:10,09:20,Economy Flex,1583543,70
2025-11-17T12:23:51.586Z,QH224,Boeing 737 All Series Passenger,SGN,HAN,2026-01-26,10:40,12:50,Economy Flex,1583543,70
2025-11-17T12:23:51.586Z,QH242,Boeing 737 All Series Passenger,SGN,HAN,2026-01-26,13:15,15:25,Economy Flex,1583543,70
2025-11-17T12:23:51.586Z,QH268,Airbus A321,SGN,HAN,2026-01-26,19:20,21:30,Economy Flex,1583543,70
2025-11-17T12:24:24.867Z,QH268,Airbus A321,SGN,HAN,2026-01-27,19:20,21:30,Economy Smart,830400,71
2025-11-17T12:24:24.867Z,QH204,Airbus A321,SGN,HAN,2026-01-27,07:10,09:20,Economy Smart,1046400,71
2025-11-17T12:24:24.867Z,QH224,Boeing 737 All Series Passenger,SGN,HAN,2026-01-27,10:40,12:50,Economy Smart,1176114,71
2025-11-17T12:24:24.867Z,QH242,Boeing 737 All Series Passenger,SGN,HAN,2026-01-27,13:15,15:25,Economy Smart,1176114,71
2025-11-17T12:24:24.867Z,QH204,Airbus A321,SGN,HAN,2026-01-27,07:10,09:20,Economy Flex,1583543,71
2025-11-17T12:24:24.867Z,QH224,Boeing 737 All Series Passenger,SGN,HAN,2026-01-27,10:40,12:50,Economy Flex,1583543,71
2025-11-17T12:24:24.867Z,QH242,Boeing 737 All Series Passenger,SGN,HAN,2026-01-27,13:15,15:25,Economy Flex,1583543,71
2025-11-17T12:24:24.867Z,QH268,Airbus A321,SGN,HAN,2026-01-27,19:20,21:30,Economy Flex,1583543,71
2025-11-17T12:24:58.172Z,QH268,Airbus A321,SGN,HAN,2026-01-28,19:20,21:30,Economy Smart,830400,72
2025-11-17T12:24:58.172Z,QH204,Airbus A321,SGN,HAN,2026-01-28,07:10,09:20,Economy Smart,1046400,72
2025-11-17T12:24:58.172Z,QH224,Boeing 737 All Series Passenger,SGN,HAN,2026-01-28,10:40,12:50,Economy Smart,1176114,72
2025-11-17T12:24:58.172Z,QH242,Boeing 737 All Series Passenger,SGN,HAN,2026-01-28,13:15,15:25,Economy Smart,1176114,72
2025-11-17T12:24:58.172Z,QH204,Airbus A321,SGN,HAN,2026-01-28,07:10,09:20,Economy Flex,1583543,72
2025-11-17T12:24:58.172Z,QH224,Boeing 737 All Series Passenger,SGN,HAN,2026-01-28,10:40,12:50,Economy Flex,1583543,72
2025-11-17T12:24:58.172Z,QH242,Boeing 737 All Series Passenger,SGN,HAN,2026-01-28,13:15,15:25,Economy Flex,1583543,72
2025-11-17T12:24:58.172Z,QH268,Airbus A321,SGN,HAN,2026-01-28,19:20,21:30,Economy Flex,1583543,72
2025-11-17T12:25:29.861Z,QH204,Airbus A321,SGN,HAN,2026-01-29,07:10,09:20,Economy Smart,1176114,73
2025-11-17T12:25:29.861Z,QH224,Boeing 737 All Series Passenger,SGN,HAN,2026-01-29,10:40,12:50,Economy Smart,1176114,73
2025-11-17T12:25:29.861Z,QH242,Boeing 737 All Series Passenger,SGN,HAN,2026-01-29,13:15,15:25,Economy Smart,1176114,73
2025-11-17T12:25:29.861Z,QH268,Airbus A321,SGN,HAN,2026-01-29,19:20,21:30,Economy Smart,1176114,73
2025-11-17T12:25:29.861Z,QH204,Airbus A321,SGN,HAN,2026-01-29,07:10,09:20,Economy Flex,1583543,73
2025-11-17T12:25:29.861Z,QH224,Boeing 737 All Series Passenger,SGN,HAN,2026-01-29,10:40,12:50,Economy Flex,1583543,73
2025-11-17T12:25:29.861Z,QH242,Boeing 737 All Series Passenger,SGN,HAN,2026-01-29,13:15,15:25,Economy Flex,1583543,73
2025-11-17T12:25:29.861Z,QH268,Airbus A321,SGN,HAN,2026-01-29,19:20,21:30,Economy Flex,1583543,73
2025-11-17T12:26:36.509Z,QH204,Airbus A321,SGN,HAN,2026-01-31,07:10,09:20,Economy Smart,1176114,75
2025-11-17T12:26:36.509Z,QH242,Boeing 737 All Series Passenger,SGN,HAN,2026-01-31,13:15,15:25,Economy Smart,1176114,75
2025-11-17T12:26:36.509Z,QH268,Airbus A321,SGN,HAN,2026-01-31,19:20,21:30,Economy Smart,1176114,75
2025-11-17T12:26:36.509Z,QH224,Boeing 737 All Series Passenger,SGN,HAN,2026-01-31,10:40,12:50,Economy Smart,1305829,75
2025-11-17T12:26:36.509Z,QH204,Airbus A321,SGN,HAN,2026-01-31,07:10,09:20,Economy Flex,1583543,75
2025-11-17T12:26:36.509Z,QH224,Boeing 737 All Series Passenger,SGN,HAN,2026-01-31,10:40,12:50,Economy Flex,1583543,75
2025-11-17T12:26:36.509Z,QH242,Boeing 737 All Series Passenger,SGN,HAN,2026-01-31,13:15,15:25,Economy Flex,1583543,75
2025-11-17T12:26:36.509Z,QH268,Airbus A321,SGN,HAN,2026-01-31,19:20,21:30,Economy Flex,1583543,75
2025-11-17T12:27:08.698Z,QH204,Airbus A321,SGN,HAN,2026-01-02,07:10,09:20,Economy Smart,1305829,46
2025-11-17T12:27:08.698Z,QH224,Boeing 737 All Series Passenger,SGN,HAN,2026-01-02,10:40,12:50,Economy Smart,1305829,46
2025-11-17T12:27:08.698Z,QH242,Boeing 737 All Series Passenger,SGN,HAN,2026-01-02,13:15,15:25,Economy Smart,1305829,46
2025-11-17T12:27:08.698Z,QH268,Airbus A321,SGN,HAN,2026-01-02,19:20,21:30,Economy Smart,1305829,46
2025-11-17T12:27:08.698Z,QH204,Airbus A321,SGN,HAN,2026-01-02,07:10,09:20,Economy Flex,1583543,46
2025-11-17T12:27:08.698Z,QH224,Boeing 737 All Series Passenger,SGN,HAN,2026-01-02,10:40,12:50,Economy Flex,1583543,46
2025-11-17T12:27:08.698Z,QH242,Boeing 737 All Series Passenger,SGN,HAN,2026-01-02,13:15,15:25,Economy Flex,1583543,46
2025-11-17T12:27:08.698Z,QH268,Airbus A321,SGN,HAN,2026-01-02,19:20,21:30,Economy Flex,1583543,46
2025-11-17T12:27:41.869Z,QH204,Airbus A321,SGN,HAN,2026-02-02,07:10,09:20,Economy Smart,1305829,77
2025-11-17T12:27:41.869Z,QH224,Boeing 737 All Series Passenger,SGN,HAN,2026-02-02,10:40,12:50,Economy Smart,1305829,77
2025-11-17T12:27:41.869Z,QH242,Boeing 737 All Series Passenger,SGN,HAN,2026-02-02,13:15,15:25,Economy Smart,1305829,77
2025-11-17T12:27:41.869Z,QH268,Airbus A321,SGN,HAN,2026-02-02,19:20,21:30,Economy Smart,1305829,77
2025-11-17T12:27:41.869Z,QH204,Airbus A321,SGN,HAN,2026-02-02,07:10,09:20,Economy Flex,1583543,77
2025-11-17T12:27:41.869Z,QH224,Boeing 737 All Series Passenger,SGN,HAN,2026-02-02,10:40,12:50,Economy Flex,1583543,77
2025-11-17T12:27:41.869Z,QH242,Boeing 737 All Series Passenger,SGN,HAN,2026-02-02,13:15,15:25,Economy Flex,1583543,77
2025-11-17T12:27:41.869Z,QH268,Airbus A321,SGN,HAN,2026-02-02,19:20,21:30,Economy Flex,1583543,77
2025-11-17T12:28:15.903Z,QH204,Airbus A321,SGN,HAN,2026-03-02,07:10,09:20,Economy Smart,1434971,105
2025-11-17T12:28:15.903Z,QH242,Boeing 737 All Series Passenger,SGN,HAN,2026-03-02,13:15,15:25,Economy Smart,1434971,105
2025-11-17T12:28:15.903Z,QH268,Airbus A321,SGN,HAN,2026-03-02,19:20,21:30,Economy Smart,1434971,105
2025-11-17T12:28:15.903Z,QH204,Airbus A321,SGN,HAN,2026-03-02,07:10,09:20,Economy Flex,1583543,105
2025-11-17T12:28:15.903Z,QH224,Boeing 737 All Series Passenger,SGN,HAN,2026-03-02,10:40,12:50,Economy Flex,1583543,105
2025-11-17T12:28:15.903Z,QH242,Boeing 737 All Series Passenger,SGN,HAN,2026-03-02,13:15,15:25,Economy Flex,1583543,105
2025-11-17T12:28:15.903Z,QH268,Airbus A321,SGN,HAN,2026-03-02,19:20,21:30,Economy Flex,1583543,105
2025-11-17T12:28:51.250Z,QH204,Airbus A321,SGN,HAN,2026-04-02,07:10,09:20,Economy Flex,1583543,136
2025-11-17T12:28:51.250Z,QH224,Boeing 737 All Series Passenger,SGN,HAN,2026-04-02,10:40,12:50,Economy Flex,1583543,136
2025-11-17T12:28:51.250Z,QH242,Boeing 737 All Series Passenger,SGN,HAN,2026-04-02,13:15,15:25,Economy Flex,1583543,136
2025-11-17T12:28:51.250Z,QH268,Airbus A321,SGN,HAN,2026-04-02,19:20,21:30,Economy Flex,1583543,136
2025-11-17T12:29:25.714Z,QH204,Airbus A321,SGN,HAN,2026-05-02,07:10,09:20,Economy Flex,1774400,166
2025-11-17T12:29:25.714Z,QH224,Boeing 737 All Series Passenger,SGN,HAN,2026-05-02,10:40,12:50,Economy Flex,1774400,166
2025-11-17T12:29:25.714Z,QH242,Boeing 737 All Series Passenger,SGN,HAN,2026-05-02,13:15,15:25,Economy Flex,1774400,166
2025-11-17T12:29:25.714Z,QH268,Airbus A321,SGN,HAN,2026-05-02,19:20,21:30,Economy Flex,1774400,166
2025-11-17T12:30:04.435Z,QH204,Airbus A321,SGN,HAN,2026-06-02,07:10,09:20,Economy Flex,1963543,197
2025-11-17T12:30:04.435Z,QH224,Boeing 737 All Series Passenger,SGN,HAN,2026-06-02,10:40,12:50,Economy Flex,1963543,197
2025-11-17T12:30:04.435Z,QH242,Boeing 737 All Series Passenger,SGN,HAN,2026-06-02,13:15,15:25,Economy Flex,1963543,197
2025-11-17T12:30:04.435Z,QH268,Airbus A321,SGN,HAN,2026-06-02,19:20,21:30,Economy Flex,1963543,197
2025-11-17T12:30:37.272Z,QH204,Airbus A321,SGN,HAN,2026-07-02,07:10,09:20,Economy Flex,1963543,227
2025-11-17T12:30:37.272Z,QH224,Boeing 737 All Series Passenger,SGN,HAN,2026-07-02,10:40,12:50,Economy Flex,1963543,227
2025-11-17T12:30:37.272Z,QH242,Boeing 737 All Series Passenger,SGN,HAN,2026-07-02,13:15,15:25,Economy Flex,1963543,227
2025-11-17T12:30:37.272Z,QH268,Airbus A321,SGN,HAN,2026-07-02,19:20,21:30,Economy Flex,1963543,227
2025-11-17T12:31:08.863Z,QH204,Airbus A321,SGN,HAN,2026-08-02,07:10,09:20,Economy Flex,1963543,258
2025-11-17T12:31:08.863Z,QH224,Boeing 737 All Series Passenger,SGN,HAN,2026-08-02,10:40,12:50,Economy Flex,1963543,258
2025-11-17T12:31:08.863Z,QH242,Boeing 737 All Series Passenger,SGN,HAN,2026-08-02,13:15,15:25,Economy Flex,1963543,258
2025-11-17T12:31:08.863Z,QH268,Airbus A321,SGN,HAN,2026-08-02,19:20,21:30,Economy Flex,1963543,258
2025-11-17T12:31:44.900Z,QH204,Airbus A321,SGN,HAN,2026-09-02,07:10,09:20,Economy Flex,1963543,289
2025-11-17T12:31:44.900Z,QH224,Boeing 737 All Series Passenger,SGN,HAN,2026-09-02,10:40,12:50,Economy Flex,1963543,289
2025-11-17T12:31:44.900Z,QH242,Boeing 737 All Series Passenger,SGN,HAN,2026-09-02,13:15,15:25,Economy Flex,1963543,289
2025-11-17T12:31:44.900Z,QH268,Airbus A321,SGN,HAN,2026-09-02,19:20,21:30,Economy Flex,1963543,289
2025-11-17T12:32:16.601Z,QH204,Airbus A321,SGN,HAN,2026-10-02,07:10,09:20,Economy Flex,1963543,319
2025-11-17T12:32:16.601Z,QH224,Boeing 737 All Series Passenger,SGN,HAN,2026-10-02,10:40,12:50,Economy Flex,1963543,319
2025-11-17T12:32:16.601Z,QH242,Boeing 737 All Series Passenger,SGN,HAN,2026-10-02,13:15,15:25,Economy Flex,1963543,319
2025-11-17T12:32:16.601Z,QH268,Airbus A321,SGN,HAN,2026-10-02,19:20,21:30,Economy Flex,1963543,319
2025-11-17T12:32:49.057Z,QH204,Airbus A321,SGN,HAN,2026-11-02,07:10,09:20,Economy Flex,1963543,350
2025-11-17T12:32:49.057Z,QH224,Boeing 737 All Series Passenger,SGN,HAN,2026-11-02,10:40,12:50,Economy Flex,1963543,350
2025-11-17T12:32:49.057Z,QH242,Boeing 737 All Series Passenger,SGN,HAN,2026-11-02,13:15,15:25,Economy Flex,1963543,350
2025-11-17T12:32:49.057Z,QH268,Airbus A321,SGN,HAN,2026-11-02,19:20,21:30,Economy Flex,1963543,350
2025-11-17T12:33:20.758Z,QH204,Airbus A321,SGN,HAN,2026-12-02,07:10,09:20,Economy Flex,1963543,380
2025-11-17T12:33:20.758Z,QH224,Boeing 737 All Series Passenger,SGN,HAN,2026-12-02,10:40,12:50,Economy Flex,1963543,380
2025-11-17T12:33:20.758Z,QH242,Boeing 737 All Series Passenger,SGN,HAN,2026-12-02,13:15,15:25,Economy Flex,1963543,380
2025-11-17T12:33:20.758Z,QH268,Airbus A321,SGN,HAN,2026-12-02,19:20,21:30,Economy Flex,1963543,380
2025-11-17T12:34:58.353Z,QH204,Airbus A321,SGN,HAN,2026-02-15,07:10,09:20,Economy Flex,1963543,90
2025-11-17T12:34:58.353Z,QH224,Boeing 737 All Series Passenger,SGN,HAN,2026-02-15,10:40,12:50,Economy Flex,1963543,90
2025-11-17T12:34:58.353Z,QH242,Boeing 737 All Series Passenger,SGN,HAN,2026-02-15,13:15,15:25,Economy Flex,1963543,90
2025-11-17T12:34:58.353Z,QH268,Airbus A321,SGN,HAN,2026-02-15,19:20,21:30,Economy Flex,1963543,90
2025-11-17T12:35:31.253Z,QH204,Airbus A321,SGN,HAN,2026-02-16,07:10,09:20,Economy Flex,1963543,91
2025-11-17T12:35:31.253Z,QH224,Boeing 737 All Series Passenger,SGN,HAN,2026-02-16,10:40,12:50,Economy Flex,1963543,91
2025-11-17T12:35:31.253Z,QH242,Boeing 737 All Series Passenger,SGN,HAN,2026-02-16,13:15,15:25,Economy Flex,1963543,91
2025-11-17T12:35:31.253Z,QH268,Airbus A321,SGN,HAN,2026-02-16,19:20,21:30,Economy Flex,1963543,91
2025-11-17T12:36:05.578Z,QH204,Airbus A321,SGN,HAN,2026-02-17,07:10,09:20,Economy Flex,1583543,92
2025-11-17T12:36:05.578Z,QH224,Boeing 737 All Series Passenger,SGN,HAN,2026-02-17,10:40,12:50,Economy Flex,1583543,92
2025-11-17T12:36:05.578Z,QH242,Boeing 737 All Series Passenger,SGN,HAN,2026-02-17,13:15,15:25,Economy Flex,1583543,92
2025-11-17T12:36:05.578Z,QH268,Airbus A321,SGN,HAN,2026-02-17,19:20,21:30,Economy Flex,1583543,92
2025-11-17T12:53:50.760Z,QH268,Airbus A321,SGN,HAN,2025-11-18,19:35,21:45,Economy Smart,1290000,1
2025-11-17T12:53:50.760Z,QH204,Airbus A321,SGN,HAN,2025-11-18,07:10,09:20,Economy Smart,1419000,1
2025-11-17T12:53:50.760Z,QH268,Airbus A321,SGN,HAN,2025-11-18,19:35,21:45,Economy Smart,1419000,1
2025-11-17T12:53:50.760Z,QH242,Boeing 737 All Series Passenger,SGN,HAN,2025-11-18,13:15,15:25,Economy Smart,1786000,1
2025-11-17T12:53:50.760Z,QH204,Airbus A321,SGN,HAN,2025-11-18,07:10,09:20,Economy Flex,2910000,1
2025-11-17T12:53:50.760Z,QH242,Boeing 737 All Series Passenger,SGN,HAN,2025-11-18,13:15,15:25,Economy Flex,2910000,1
2025-11-17T12:53:50.760Z,QH268,Airbus A321,SGN,HAN,2025-11-18,19:35,21:45,Economy Flex,2910000,1
2025-11-17T12:53:50.760Z,QH204,Airbus A321,SGN,HAN,2025-11-18,07:10,09:20,Business Smart,5188000,1
2025-11-17T12:53:50.760Z,QH204,Airbus A321,SGN,HAN,2025-11-18,07:10,09:20,Business Flex,7240000,1
2025-11-17T12:54:25.047Z,QH204,Airbus A321,SGN,HAN,2025-11-19,07:10,09:20,Economy Smart,1290000,2
2025-11-17T12:54:25.047Z,QH268,Airbus A321,SGN,HAN,2025-11-19,19:35,21:45,Economy Smart,1290000,2
2025-11-17T12:54:25.047Z,QH204,Airbus A321,SGN,HAN,2025-11-19,07:10,09:20,Economy Smart,1419000,2
2025-11-17T12:54:25.047Z,QH224,Boeing 737 All Series Passenger,SGN,HAN,2025-11-19,08:50,11:00,Economy Smart,1419000,2
2025-11-17T12:54:25.047Z,QH268,Airbus A321,SGN,HAN,2025-11-19,19:35,21:45,Economy Smart,1419000,2
2025-11-17T12:54:25.047Z,QH242,Boeing 737 All Series Passenger,SGN,HAN,2025-11-19,13:15,15:25,Economy Smart,1592000,2
2025-11-17T12:54:25.047Z,QH204,Airbus A321,SGN,HAN,2025-11-19,07:10,09:20,Economy Flex,2910000,2
2025-11-17T12:54:25.047Z,QH224,Boeing 737 All Series Passenger,SGN,HAN,2025-11-19,08:50,11:00,Economy Flex,2910000,2
2025-11-17T12:54:25.047Z,QH242,Boeing 737 All Series Passenger,SGN,HAN,2025-11-19,13:15,15:25,Economy Flex,2910000,2
2025-11-17T12:54:25.047Z,QH268,Airbus A321,SGN,HAN,2025-11-19,19:35,21:45,Economy Flex,2910000,2
2025-11-17T12:54:25.047Z,QH224,Boeing 737 All Series Passenger,SGN,HAN,2025-11-19,08:50,11:00,Business Smart,4864000,2
2025-11-17T12:54:25.047Z,QH224,Boeing 737 All Series Passenger,SGN,HAN,2025-11-19,08:50,11:00,Business Flex,6916000,2
2025-11-17T12:54:58.502Z,QH204,Airbus A321,SGN,HAN,2025-11-20,07:10,09:20,Economy Smart,1419000,3
2025-11-17T12:54:58.502Z,QH268,Airbus A321,SGN,HAN,2025-11-20,19:35,21:45,Economy Smart,1419000,3
2025-11-17T12:54:58.502Z,QH242,Boeing 737 All Series Passenger,SGN,HAN,2025-11-20,13:15,15:25,Economy Smart,1786000,3
2025-11-17T12:54:58.502Z,QH204,Airbus A321,SGN,HAN,2025-11-20,07:10,09:20,Economy Flex,2910000,3
2025-11-17T12:54:58.502Z,QH242,Boeing 737 All Series Passenger,SGN,HAN,2025-11-20,13:15,15:25,Economy Flex,2910000,3
2025-11-17T12:54:58.502Z,QH268,Airbus A321,SGN,HAN,2025-11-20,19:35,21:45,Economy Flex,2910000,3
2025-11-17T12:55:32.591Z,QH268,Airbus A321,SGN,HAN,2025-11-21,19:35,21:45,Economy Smart,1419000,4
2025-11-17T12:55:32.591Z,QH204,Airbus A321,SGN,HAN,2025-11-21,07:10,09:20,Economy Smart,1592000,4
2025-11-17T12:55:32.591Z,QH242,Boeing 737 All Series Passenger,SGN,HAN,2025-11-21,13:15,15:25,Economy Smart,1592000,4
2025-11-17T12:55:32.591Z,QH224,Boeing 737 All Series Passenger,SGN,HAN,2025-11-21,10:20,12:30,Economy Smart,1786000,4
2025-11-17T12:55:32.591Z,QH204,Airbus A321,SGN,HAN,2025-11-21,07:10,09:20,Economy Flex,2910000,4
2025-11-17T12:55:32.591Z,QH224,Boeing 737 All Series Passenger,SGN,HAN,2025-11-21,10:20,12:30,Economy Flex,2910000,4
2025-11-17T12:55:32.591Z,QH242,Boeing 737 All Series Passenger,SGN,HAN,2025-11-21,13:15,15:25,Economy Flex,2910000,4
2025-11-17T12:55:32.591Z,QH268,Airbus A321,SGN,HAN,2025-11-21,19:35,21:45,Economy Flex,2910000,4
2025-11-17T12:56:08.196Z,QH268,Airbus A321,SGN,HAN,2025-11-22,19:35,21:45,Economy Smart,1290000,5
2025-11-17T12:56:08.196Z,QH204,Airbus A321,SGN,HAN,2025-11-22,07:10,09:20,Economy Smart,1419000,5
2025-11-17T12:56:08.196Z,QH224,Boeing 737 All Series Passenger,SGN,HAN,2025-11-22,10:20,12:30,Economy Smart,1419000,5
2025-11-17T12:56:08.196Z,QH242,Boeing 737 All Series Passenger,SGN,HAN,2025-11-22,13:15,15:25,Economy Smart,1419000,5
2025-11-17T12:56:08.196Z,QH268,Airbus A321,SGN,HAN,2025-11-22,19:35,21:45,Economy Smart,1419000,5
2025-11-17T12:56:08.196Z,QH204,Airbus A321,SGN,HAN,2025-11-22,07:10,09:20,Economy Flex,2910000,5
2025-11-17T12:56:08.196Z,QH224,Boeing 737 All Series Passenger,SGN,HAN,2025-11-22,10:20,12:30,Economy Flex,2910000,5
2025-11-17T12:56:08.196Z,QH242,Boeing 737 All Series Passenger,SGN,HAN,2025-11-22,13:15,15:25,Economy Flex,2910000,5
2025-11-17T12:56:08.196Z,QH268,Airbus A321,SGN,HAN,2025-11-22,19:35,21:45,Economy Flex,2910000,5
2025-11-17T12:56:08.196Z,QH204,Airbus A321,SGN,HAN,2025-11-22,07:10,09:20,Business Smart,4476000,5
2025-11-17T12:56:08.196Z,QH204,Airbus A321,SGN,HAN,2025-11-22,07:10,09:20,Business Flex,6916000,5
2025-11-17T12:56:44.999Z,QH204,Airbus A321,SGN,HAN,2025-11-23,07:10,09:20,Economy Smart,1419000,6
2025-11-17T12:56:44.999Z,QH224,Boeing 737 All Series Passenger,SGN,HAN,2025-11-23,10:20,12:30,Economy Smart,1592000,6
2025-11-17T12:56:44.999Z,QH268,Airbus A321,SGN,HAN,2025-11-23,19:35,21:45,Economy Smart,1592000,6
2025-11-17T12:56:44.999Z,QH242,Boeing 737 All Series Passenger,SGN,HAN,2025-11-23,13:15,15:25,Economy Smart,1786000,6
2025-11-17T12:56:44.999Z,QH204,Airbus A321,SGN,HAN,2025-11-23,07:10,09:20,Economy Flex,2910000,6
2025-11-17T12:56:44.999Z,QH224,Boeing 737 All Series Passenger,SGN,HAN,2025-11-23,10:20,12:30,Economy Flex,2910000,6
2025-11-17T12:56:44.999Z,QH242,Boeing 737 All Series Passenger,SGN,HAN,2025-11-23,13:15,15:25,Economy Flex,2910000,6
2025-11-17T12:56:44.999Z,QH268,Airbus A321,SGN,HAN,2025-11-23,19:35,21:45,Economy Flex,2910000,6
2025-11-17T12:57:22.552Z,QH204,Airbus A321,SGN,HAN,2025-11-24,07:10,09:20,Economy Smart,1419000,7
2025-11-17T12:57:22.552Z,QH268,Airbus A321,SGN,HAN,2025-11-24,19:35,21:45,Economy Smart,1419000,7
2025-11-17T12:57:22.552Z,QH224,Boeing 737 All Series Passenger,SGN,HAN,2025-11-24,10:20,12:30,Economy Smart,1592000,7
2025-11-17T12:57:22.552Z,QH242,Boeing 737 All Series Passenger,SGN,HAN,2025-11-24,13:15,15:25,Economy Smart,1592000,7
2025-11-17T12:57:22.552Z,QH204,Airbus A321,SGN,HAN,2025-11-24,07:10,09:20,Economy Flex,2910000,7
2025-11-17T12:57:22.552Z,QH224,Boeing 737 All Series Passenger,SGN,HAN,2025-11-24,10:20,12:30,Economy Flex,2910000,7
2025-11-17T12:57:22.552Z,QH242,Boeing 737 All Series Passenger,SGN,HAN,2025-11-24,13:15,15:25,Economy Flex,2910000,7
2025-11-17T12:57:22.552Z,QH268,Airbus A321,SGN,HAN,2025-11-24,19:35,21:45,Economy Flex,2910000,7
2025-11-17T12:57:58.455Z,QH204,Airbus A321,SGN,HAN,2025-11-25,07:10,09:20,Economy Smart,1419000,8
2025-11-17T12:57:58.455Z,QH268,Airbus A321,SGN,HAN,2025-11-25,19:35,21:45,Economy Smart,1419000,8
2025-11-17T12:57:58.455Z,QH224,Boeing 737 All Series Passenger,SGN,HAN,2025-11-25,10:20,12:30,Economy Smart,1592000,8
2025-11-17T12:57:58.455Z,QH242,Boeing 737 All Series Passenger,SGN,HAN,2025-11-25,13:15,15:25,Economy Smart,1592000,8
2025-11-17T12:57:58.455Z,QH204,Airbus A321,SGN,HAN,2025-11-25,07:10,09:20,Economy Flex,2910000,8
2025-11-17T12:57:58.455Z,QH224,Boeing 737 All Series Passenger,SGN,HAN,2025-11-25,10:20,12:30,Economy Flex,2910000,8
2025-11-17T12:57:58.455Z,QH242,Boeing 737 All Series Passenger,SGN,HAN,2025-11-25,13:15,15:25,Economy Flex,2910000,8
2025-11-17T12:57:58.455Z,QH268,Airbus A321,SGN,HAN,2025-11-25,19:35,21:45,Economy Flex,2910000,8
2025-11-17T12:58:32.273Z,QH204,Airbus A321,SGN,HAN,2025-11-26,07:10,09:20,Economy Smart,1419000,9
2025-11-17T12:58:32.273Z,QH268,Airbus A321,SGN,HAN,2025-11-26,19:35,21:45,Economy Smart,1419000,9
2025-11-17T12:58:32.273Z,QH224,Boeing 737 All Series Passenger,SGN,HAN,2025-11-26,10:20,12:30,Economy Smart,1592000,9
2025-11-17T12:58:32.273Z,QH242,Boeing 737 All Series Passenger,SGN,HAN,2025-11-26,13:15,15:25,Economy Smart,1592000,9
2025-11-17T12:58:32.273Z,QH204,Airbus A321,SGN,HAN,2025-11-26,07:10,09:20,Economy Flex,2910000,9
2025-11-17T12:58:32.273Z,QH224,Boeing 737 All Series Passenger,SGN,HAN,2025-11-26,10:20,12:30,Economy Flex,2910000,9
2025-11-17T12:58:32.273Z,QH242,Boeing 737 All Series Passenger,SGN,HAN,2025-11-26,13:15,15:25,Economy Flex,2910000,9
2025-11-17T12:58:32.273Z,QH268,Airbus A321,SGN,HAN,2025-11-26,19:35,21:45,Economy Flex,2910000,9
2025-11-17T12:59:06.210Z,QH204,Airbus A321,SGN,HAN,2025-11-27,07:10,09:20,Economy Smart,1592000,10
2025-11-17T12:59:06.210Z,QH268,Airbus A321,SGN,HAN,2025-11-27,19:35,21:45,Economy Smart,1592000,10
2025-11-17T12:59:06.210Z,QH224,Boeing 737 All Series Passenger,SGN,HAN,2025-11-27,10:20,12:30,Economy Smart,1970000,10
2025-11-17T12:59:06.210Z,QH242,Boeing 737 All Series Passenger,SGN,HAN,2025-11-27,13:15,15:25,Economy Smart,1970000,10
2025-11-17T12:59:06.210Z,QH204,Airbus A321,SGN,HAN,2025-11-27,07:10,09:20,Economy Flex,2910000,10
2025-11-17T12:59:06.210Z,QH224,Boeing 737 All Series Passenger,SGN,HAN,2025-11-27,10:20,12:30,Economy Flex,2910000,10
2025-11-17T12:59:06.210Z,QH242,Boeing 737 All Series Passenger,SGN,HAN,2025-11-27,13:15,15:25,Economy Flex,2910000,10
2025-11-17T12:59:06.210Z,QH268,Airbus A321,SGN,HAN,2025-11-27,19:35,21:45,Economy Flex,2910000,10
2025-11-17T12:59:43.489Z,QH204,Airbus A321,SGN,HAN,2025-11-28,07:10,09:20,Economy Smart,1592000,11
2025-11-17T12:59:43.489Z,QH268,Airbus A321,SGN,HAN,2025-11-28,19:35,21:45,Economy Smart,1592000,11
2025-11-17T12:59:43.489Z,QH224,Boeing 737 All Series Passenger,SGN,HAN,2025-11-28,10:20,12:30,Economy Smart,1786000,11
2025-11-17T12:59:43.489Z,QH242,Boeing 737 All Series Passenger,SGN,HAN,2025-11-28,13:15,15:25,Economy Smart,1786000,11
2025-11-17T12:59:43.489Z,QH204,Airbus A321,SGN,HAN,2025-11-28,07:10,09:20,Economy Flex,2910000,11
2025-11-17T12:59:43.489Z,QH224,Boeing 737 All Series Passenger,SGN,HAN,2025-11-28,10:20,12:30,Economy Flex,2910000,11
2025-11-17T12:59:43.489Z,QH242,Boeing 737 All Series Passenger,SGN,HAN,2025-11-28,13:15,15:25,Economy Flex,2910000,11
2025-11-17T12:59:43.489Z,QH268,Airbus A321,SGN,HAN,2025-11-28,19:35,21:45,Economy Flex,2910000,11
2025-11-17T13:00:54.759Z,QH204,Airbus A321,SGN,HAN,2025-11-30,07:10,09:20,Economy Smart,1592000,13
2025-11-17T13:00:54.759Z,QH224,Boeing 737 All Series Passenger,SGN,HAN,2025-11-30,10:20,12:30,Economy Smart,1786000,13
2025-11-17T13:00:54.759Z,QH242,Boeing 737 All Series Passenger,SGN,HAN,2025-11-30,13:15,15:25,Economy Smart,1786000,13
2025-11-17T13:00:54.759Z,QH268,Airbus A321,SGN,HAN,2025-11-30,19:35,21:45,Economy Smart,1786000,13
2025-11-17T13:00:54.759Z,QH204,Airbus A321,SGN,HAN,2025-11-30,07:10,09:20,Economy Flex,2910000,13
2025-11-17T13:00:54.759Z,QH224,Boeing 737 All Series Passenger,SGN,HAN,2025-11-30,10:20,12:30,Economy Flex,2910000,13
2025-11-17T13:00:54.759Z,QH242,Boeing 737 All Series Passenger,SGN,HAN,2025-11-30,13:15,15:25,Economy Flex,2910000,13
2025-11-17T13:00:54.759Z,QH268,Airbus A321,SGN,HAN,2025-11-30,19:35,21:45,Economy Flex,2910000,13
2025-11-17T13:01:25.840Z,QH268,Airbus A321,SGN,HAN,2025-01-12,19:20,21:30,Economy Smart,1419000,-309
2025-11-17T13:01:25.840Z,QH204,Airbus A321,SGN,HAN,2025-01-12,07:10,09:20,Economy Smart,1592000,-309
2025-11-17T13:01:25.840Z,QH242,Boeing 737 All Series Passenger,SGN,HAN,2025-01-12,13:15,15:25,Economy Smart,1786000,-309
2025-11-17T13:01:25.840Z,QH224,Boeing 737 All Series Passenger,SGN,HAN,2025-01-12,10:40,12:50,Economy Smart,1970000,-309
2025-11-17T13:01:25.840Z,QH204,Airbus A321,SGN,HAN,2025-01-12,07:10,09:20,Economy Flex,2910000,-309
2025-11-17T13:01:25.840Z,QH224,Boeing 737 All Series Passenger,SGN,HAN,2025-01-12,10:40,12:50,Economy Flex,2910000,-309
2025-11-17T13:01:25.840Z,QH242,Boeing 737 All Series Passenger,SGN,HAN,2025-01-12,13:15,15:25,Economy Flex,2910000,-309
2025-11-17T13:01:25.840Z,QH268,Airbus A321,SGN,HAN,2025-01-12,19:20,21:30,Economy Flex,2910000,-309
2025-11-17T13:02:03.076Z,QH204,Airbus A321,SGN,HAN,2025-02-12,07:10,09:20,Economy Smart,1419000,-278
2025-11-17T13:02:03.076Z,QH268,Airbus A321,SGN,HAN,2025-02-12,19:20,21:30,Economy Smart,1419000,-278
2025-11-17T13:02:03.076Z,QH224,Boeing 737 All Series Passenger,SGN,HAN,2025-02-12,10:40,12:50,Economy Smart,1592000,-278
2025-11-17T13:02:03.076Z,QH242,Boeing 737 All Series Passenger,SGN,HAN,2025-02-12,13:15,15:25,Economy Smart,1592000,-278
2025-11-17T13:02:03.076Z,QH204,Airbus A321,SGN,HAN,2025-02-12,07:10,09:20,Economy Flex,2910000,-278
2025-11-17T13:02:03.076Z,QH224,Boeing 737 All Series Passenger,SGN,HAN,2025-02-12,10:40,12:50,Economy Flex,2910000,-278
2025-11-17T13:02:03.076Z,QH242,Boeing 737 All Series Passenger,SGN,HAN,2025-02-12,13:15,15:25,Economy Flex,2910000,-278
2025-11-17T13:02:03.076Z,QH268,Airbus A321,SGN,HAN,2025-02-12,19:20,21:30,Economy Flex,2910000,-278
2025-11-17T13:02:42.524Z,QH204,Airbus A321,SGN,HAN,2025-03-12,07:10,09:20,Economy Smart,1419000,-250
2025-11-17T13:02:42.524Z,QH224,Boeing 737 All Series Passenger,SGN,HAN,2025-03-12,10:40,12:50,Economy Smart,1592000,-250
2025-11-17T13:02:42.524Z,QH268,Airbus A321,SGN,HAN,2025-03-12,19:20,21:30,Economy Smart,1592000,-250
2025-11-17T13:02:42.524Z,QH242,Boeing 737 All Series Passenger,SGN,HAN,2025-03-12,13:15,15:25,Economy Smart,1786000,-250
2025-11-17T13:02:42.524Z,QH204,Airbus A321,SGN,HAN,2025-03-12,07:10,09:20,Economy Flex,2910000,-250
2025-11-17T13:02:42.524Z,QH224,Boeing 737 All Series Passenger,SGN,HAN,2025-03-12,10:40,12:50,Economy Flex,2910000,-250
2025-11-17T13:02:42.524Z,QH242,Boeing 737 All Series Passenger,SGN,HAN,2025-03-12,13:15,15:25,Economy Flex,2910000,-250
2025-11-17T13:02:42.524Z,QH268,Airbus A321,SGN,HAN,2025-03-12,19:20,21:30,Economy Flex,2910000,-250
2025-11-17T13:03:19.512Z,QH204,Airbus A321,SGN,HAN,2025-04-12,07:10,09:20,Economy Smart,1592000,-219
2025-11-17T13:03:19.512Z,QH268,Airbus A321,SGN,HAN,2025-04-12,19:20,21:30,Economy Smart,1592000,-219
2025-11-17T13:03:19.512Z,QH224,Boeing 737 All Series Passenger,SGN,HAN,2025-04-12,10:40,12:50,Economy Smart,1970000,-219
2025-11-17T13:03:19.512Z,QH242,Boeing 737 All Series Passenger,SGN,HAN,2025-04-12,13:15,15:25,Economy Smart,1970000,-219
2025-11-17T13:03:19.512Z,QH204,Airbus A321,SGN,HAN,2025-04-12,07:10,09:20,Economy Flex,2910000,-219
2025-11-17T13:03:19.512Z,QH224,Boeing 737 All Series Passenger,SGN,HAN,2025-04-12,10:40,12:50,Economy Flex,2910000,-219
2025-11-17T13:03:19.512Z,QH242,Boeing 737 All Series Passenger,SGN,HAN,2025-04-12,13:15,15:25,Economy Flex,2910000,-219
2025-11-17T13:03:19.512Z,QH268,Airbus A321,SGN,HAN,2025-04-12,19:20,21:30,Economy Flex,2910000,-219
2025-11-17T13:03:56.544Z,QH268,Airbus A321,SGN,HAN,2025-05-12,19:20,21:30,Economy Smart,1592000,-189
2025-11-17T13:03:56.544Z,QH204,Airbus A321,SGN,HAN,2025-05-12,07:10,09:20,Economy Smart,1786000,-189
2025-11-17T13:03:56.544Z,QH224,Boeing 737 All Series Passenger,SGN,HAN,2025-05-12,10:40,12:50,Economy Smart,1970000,-189
2025-11-17T13:03:56.544Z,QH242,Boeing 737 All Series Passenger,SGN,HAN,2025-05-12,13:15,15:25,Economy Smart,2197000,-189
2025-11-17T13:03:56.544Z,QH204,Airbus A321,SGN,HAN,2025-05-12,07:10,09:20,Economy Flex,2910000,-189
2025-11-17T13:03:56.544Z,QH224,Boeing 737 All Series Passenger,SGN,HAN,2025-05-12,10:40,12:50,Economy Flex,2910000,-189
2025-11-17T13:03:56.544Z,QH242,Boeing 737 All Series Passenger,SGN,HAN,2025-05-12,13:15,15:25,Economy Flex,2910000,-189
2025-11-17T13:03:56.544Z,QH268,Airbus A321,SGN,HAN,2025-05-12,19:20,21:30,Economy Flex,2910000,-189
2025-11-17T13:04:33.465Z,QH268,Airbus A321,SGN,HAN,2025-06-12,19:20,21:30,Economy Smart,1419000,-158
2025-11-17T13:04:33.465Z,QH204,Airbus A321,SGN,HAN,2025-06-12,07:10,09:20,Economy Smart,1592000,-158
2025-11-17T13:04:33.465Z,QH242,Boeing 737 All Series Passenger,SGN,HAN,2025-06-12,13:15,15:25,Economy Smart,1592000,-158
2025-11-17T13:04:33.465Z,QH224,Boeing 737 All Series Passenger,SGN,HAN,2025-06-12,10:40,12:50,Economy Smart,1786000,-158
2025-11-17T13:04:33.465Z,QH204,Airbus A321,SGN,HAN,2025-06-12,07:10,09:20,Economy Flex,2910000,-158
2025-11-17T13:04:33.465Z,QH224,Boeing 737 All Series Passenger,SGN,HAN,2025-06-12,10:40,12:50,Economy Flex,2910000,-158
2025-11-17T13:04:33.465Z,QH242,Boeing 737 All Series Passenger,SGN,HAN,2025-06-12,13:15,15:25,Economy Flex,2910000,-158
2025-11-17T13:04:33.465Z,QH268,Airbus A321,SGN,HAN,2025-06-12,19:20,21:30,Economy Flex,2910000,-158
2025-11-17T13:05:12.145Z,QH204,Airbus A321,SGN,HAN,2025-07-12,07:10,09:20,Economy Smart,1592000,-128
2025-11-17T13:05:12.145Z,QH224,Boeing 737 All Series Passenger,SGN,HAN,2025-07-12,10:40,12:50,Economy Smart,1786000,-128
2025-11-17T13:05:12.145Z,QH242,Boeing 737 All Series Passenger,SGN,HAN,2025-07-12,13:15,15:25,Economy Smart,1786000,-128
2025-11-17T13:05:12.145Z,QH268,Airbus A321,SGN,HAN,2025-07-12,19:20,21:30,Economy Smart,1786000,-128
2025-11-17T13:05:12.145Z,QH204,Airbus A321,SGN,HAN,2025-07-12,07:10,09:20,Economy Flex,2910000,-128
2025-11-17T13:05:12.145Z,QH224,Boeing 737 All Series Passenger,SGN,HAN,2025-07-12,10:40,12:50,Economy Flex,2910000,-128
2025-11-17T13:05:12.145Z,QH242,Boeing 737 All Series Passenger,SGN,HAN,2025-07-12,13:15,15:25,Economy Flex,2910000,-128
2025-11-17T13:05:12.145Z,QH268,Airbus A321,SGN,HAN,2025-07-12,19:20,21:30,Economy Flex,2910000,-128
2025-11-17T13:05:48.892Z,QH204,Airbus A321,SGN,HAN,2025-08-12,07:10,09:20,Economy Smart,1419000,-97
2025-11-17T13:05:48.892Z,QH268,Airbus A321,SGN,HAN,2025-08-12,19:20,21:30,Economy Smart,1419000,-97
2025-11-17T13:05:48.892Z,QH224,Boeing 737 All Series Passenger,SGN,HAN,2025-08-12,10:40,12:50,Economy Smart,1592000,-97
2025-11-17T13:05:48.892Z,QH242,Boeing 737 All Series Passenger,SGN,HAN,2025-08-12,13:15,15:25,Economy Smart,1592000,-97
2025-11-17T13:05:48.892Z,QH204,Airbus A321,SGN,HAN,2025-08-12,07:10,09:20,Economy Flex,2910000,-97
2025-11-17T13:05:48.892Z,QH224,Boeing 737 All Series Passenger,SGN,HAN,2025-08-12,10:40,12:50,Economy Flex,2910000,-97
2025-11-17T13:05:48.892Z,QH242,Boeing 737 All Series Passenger,SGN,HAN,2025-08-12,13:15,15:25,Economy Flex,2910000,-97
2025-11-17T13:05:48.892Z,QH268,Airbus A321,SGN,HAN,2025-08-12,19:20,21:30,Economy Flex,2910000,-97
2025-11-17T13:06:28.973Z,QH204,Airbus A321,SGN,HAN,2025-09-12,07:10,09:20,Economy Smart,1419000,-66
2025-11-17T13:06:28.973Z,QH268,Airbus A321,SGN,HAN,2025-09-12,19:20,21:30,Economy Smart,1419000,-66
2025-11-17T13:06:28.973Z,QH224,Boeing 737 All Series Passenger,SGN,HAN,2025-09-12,10:40,12:50,Economy Smart,1592000,-66
2025-11-17T13:06:28.973Z,QH242,Boeing 737 All Series Passenger,SGN,HAN,2025-09-12,13:15,15:25,Economy Smart,1592000,-66
2025-11-17T13:06:28.973Z,QH204,Airbus A321,SGN,HAN,2025-09-12,07:10,09:20,Economy Flex,2910000,-66
2025-11-17T13:06:28.973Z,QH224,Boeing 737 All Series Passenger,SGN,HAN,2025-09-12,10:40,12:50,Economy Flex,2910000,-66
2025-11-17T13:06:28.973Z,QH242,Boeing 737 All Series Passenger,SGN,HAN,2025-09-12,13:15,15:25,Economy Flex,2910000,-66
2025-11-17T13:06:28.973Z,QH268,Airbus A321,SGN,HAN,2025-09-12,19:20,21:30,Economy Flex,2910000,-66
2025-11-17T13:07:08.072Z,QH204,Airbus A321,SGN,HAN,2025-10-12,07:10,09:20,Economy Smart,1419000,-36
2025-11-17T13:07:08.072Z,QH268,Airbus A321,SGN,HAN,2025-10-12,19:20,21:30,Economy Smart,1419000,-36
2025-11-17T13:07:08.072Z,QH242,Boeing 737 All Series Passenger,SGN,HAN,2025-10-12,13:15,15:25,Economy Smart,1592000,-36
2025-11-17T13:07:08.072Z,QH224,Boeing 737 All Series Passenger,SGN,HAN,2025-10-12,10:40,12:50,Economy Smart,1786000,-36
2025-11-17T13:07:08.072Z,QH204,Airbus A321,SGN,HAN,2025-10-12,07:10,09:20,Economy Flex,2910000,-36
2025-11-17T13:07:08.072Z,QH224,Boeing 737 All Series Passenger,SGN,HAN,2025-10-12,10:40,12:50,Economy Flex,2910000,-36
2025-11-17T13:07:08.072Z,QH242,Boeing 737 All Series Passenger,SGN,HAN,2025-10-12,13:15,15:25,Economy Flex,2910000,-36
2025-11-17T13:07:08.072Z,QH268,Airbus A321,SGN,HAN,2025-10-12,19:20,21:30,Economy Flex,2910000,-36
2025-11-17T13:07:43.060Z,QH268,Airbus A321,SGN,HAN,2025-11-12,19:20,21:30,Economy Smart,1592000,-5
2025-11-17T13:07:43.060Z,QH204,Airbus A321,SGN,HAN,2025-11-12,07:10,09:20,Economy Smart,1786000,-5
2025-11-17T13:07:43.060Z,QH242,Boeing 737 All Series Passenger,SGN,HAN,2025-11-12,13:15,15:25,Economy Smart,1786000,-5
2025-11-17T13:07:43.060Z,QH224,Boeing 737 All Series Passenger,SGN,HAN,2025-11-12,10:40,12:50,Economy Smart,1970000,-5
2025-11-17T13:07:43.060Z,QH204,Airbus A321,SGN,HAN,2025-11-12,07:10,09:20,Economy Flex,2910000,-5
2025-11-17T13:07:43.060Z,QH224,Boeing 737 All Series Passenger,SGN,HAN,2025-11-12,10:40,12:50,Economy Flex,2910000,-5
2025-11-17T13:07:43.060Z,QH242,Boeing 737 All Series Passenger,SGN,HAN,2025-11-12,13:15,15:25,Economy Flex,2910000,-5
2025-11-17T13:07:43.060Z,QH268,Airbus A321,SGN,HAN,2025-11-12,19:20,21:30,Economy Flex,2910000,-5
2025-11-17T13:08:17.378Z,QH204,Airbus A321,SGN,HAN,2025-12-12,07:10,09:20,Economy Smart,1592000,25
2025-11-17T13:08:17.378Z,QH268,Airbus A321,SGN,HAN,2025-12-12,19:20,21:30,Economy Smart,1592000,25
2025-11-17T13:08:17.378Z,QH224,Boeing 737 All Series Passenger,SGN,HAN,2025-12-12,10:40,12:50,Economy Smart,1970000,25
2025-11-17T13:08:17.378Z,QH242,Boeing 737 All Series Passenger,SGN,HAN,2025-12-12,13:15,15:25,Economy Smart,2197000,25
2025-11-17T13:08:17.378Z,QH204,Airbus A321,SGN,HAN,2025-12-12,07:10,09:20,Economy Flex,2910000,25
2025-11-17T13:08:17.378Z,QH224,Boeing 737 All Series Passenger,SGN,HAN,2025-12-12,10:40,12:50,Economy Flex,2910000,25
2025-11-17T13:08:17.378Z,QH242,Boeing 737 All Series Passenger,SGN,HAN,2025-12-12,13:15,15:25,Economy Flex,2910000,25
2025-11-17T13:08:17.378Z,QH268,Airbus A321,SGN,HAN,2025-12-12,19:20,21:30,Economy Flex,2910000,25
2025-11-17T13:08:57.374Z,QH268,Airbus A321,SGN,HAN,2025-12-13,19:20,21:30,Economy Smart,1074000,26
2025-11-17T13:08:57.374Z,QH204,Airbus A321,SGN,HAN,2025-12-13,07:10,09:20,Economy Smart,1592000,26
2025-11-17T13:08:57.374Z,QH242,Boeing 737 All Series Passenger,SGN,HAN,2025-12-13,13:15,15:25,Economy Smart,1592000,26
2025-11-17T13:08:57.374Z,QH268,Airbus A321,SGN,HAN,2025-12-13,19:20,21:30,Economy Smart,1592000,26
2025-11-17T13:08:57.374Z,QH224,Boeing 737 All Series Passenger,SGN,HAN,2025-12-13,10:40,12:50,Economy Smart,1786000,26
2025-11-17T13:08:57.374Z,QH204,Airbus A321,SGN,HAN,2025-12-13,07:10,09:20,Economy Flex,2910000,26
2025-11-17T13:08:57.374Z,QH224,Boeing 737 All Series Passenger,SGN,HAN,2025-12-13,10:40,12:50,Economy Flex,2910000,26
2025-11-17T13:08:57.374Z,QH242,Boeing 737 All Series Passenger,SGN,HAN,2025-12-13,13:15,15:25,Economy Flex,2910000,26
2025-11-17T13:08:57.374Z,QH268,Airbus A321,SGN,HAN,2025-12-13,19:20,21:30,Economy Flex,2910000,26
2025-11-17T13:09:34.967Z,QH204,Airbus A321,SGN,HAN,2025-12-14,07:10,09:20,Economy Smart,1592000,27
2025-11-17T13:09:34.967Z,QH268,Airbus A321,SGN,HAN,2025-12-14,19:20,21:30,Economy Smart,1592000,27
2025-11-17T13:09:34.967Z,QH224,Boeing 737 All Series Passenger,SGN,HAN,2025-12-14,10:40,12:50,Economy Smart,1786000,27
2025-11-17T13:09:34.967Z,QH242,Boeing 737 All Series Passenger,SGN,HAN,2025-12-14,13:15,15:25,Economy Smart,1786000,27
2025-11-17T13:09:34.967Z,QH204,Airbus A321,SGN,HAN,2025-12-14,07:10,09:20,Economy Flex,2910000,27
2025-11-17T13:09:34.967Z,QH224,Boeing 737 All Series Passenger,SGN,HAN,2025-12-14,10:40,12:50,Economy Flex,2910000,27
2025-11-17T13:09:34.967Z,QH242,Boeing 737 All Series Passenger,SGN,HAN,2025-12-14,13:15,15:25,Economy Flex,2910000,27
2025-11-17T13:09:34.967Z,QH268,Airbus A321,SGN,HAN,2025-12-14,19:20,21:30,Economy Flex,2910000,27
2025-11-17T13:10:11.276Z,QH242,Boeing 737 All Series Passenger,SGN,HAN,2025-12-15,13:15,15:25,Economy Smart,1592000,28
2025-11-17T13:10:11.276Z,QH204,Airbus A321,SGN,HAN,2025-12-15,07:10,09:20,Economy Smart,1786000,28
2025-11-17T13:10:11.276Z,QH268,Airbus A321,SGN,HAN,2025-12-15,19:20,21:30,Economy Smart,1786000,28
2025-11-17T13:10:11.276Z,QH224,Boeing 737 All Series Passenger,SGN,HAN,2025-12-15,10:40,12:50,Economy Smart,1970000,28
2025-11-17T13:10:11.276Z,QH204,Airbus A321,SGN,HAN,2025-12-15,07:10,09:20,Economy Flex,2910000,28
2025-11-17T13:10:11.276Z,QH224,Boeing 737 All Series Passenger,SGN,HAN,2025-12-15,10:40,12:50,Economy Flex,2910000,28
2025-11-17T13:10:11.276Z,QH242,Boeing 737 All Series Passenger,SGN,HAN,2025-12-15,13:15,15:25,Economy Flex,2910000,28
2025-11-17T13:10:11.276Z,QH268,Airbus A321,SGN,HAN,2025-12-15,19:20,21:30,Economy Flex,2910000,28
2025-11-17T13:10:44.091Z,QH204,Airbus A321,SGN,HAN,2025-12-16,07:10,09:20,Economy Smart,1182000,29
2025-11-17T13:10:44.091Z,QH204,Airbus A321,SGN,HAN,2025-12-16,07:10,09:20,Economy Smart,1419000,29
2025-11-17T13:10:44.091Z,QH268,Airbus A321,SGN,HAN,2025-12-16,19:20,21:30,Economy Smart,1419000,29
2025-11-17T13:10:44.091Z,QH224,Boeing 737 All Series Passenger,SGN,HAN,2025-12-16,10:40,12:50,Economy Smart,1592000,29
2025-11-17T13:10:44.091Z,QH242,Boeing 737 All Series Passenger,SGN,HAN,2025-12-16,13:15,15:25,Economy Smart,1592000,29
2025-11-17T13:10:44.091Z,QH204,Airbus A321,SGN,HAN,2025-12-16,07:10,09:20,Economy Flex,2910000,29
2025-11-17T13:10:44.091Z,QH224,Boeing 737 All Series Passenger,SGN,HAN,2025-12-16,10:40,12:50,Economy Flex,2910000,29
2025-11-17T13:10:44.091Z,QH242,Boeing 737 All Series Passenger,SGN,HAN,2025-12-16,13:15,15:25,Economy Flex,2910000,29
2025-11-17T13:10:44.091Z,QH268,Airbus A321,SGN,HAN,2025-12-16,19:20,21:30,Economy Flex,2910000,29
2025-11-17T13:11:17.624Z,QH268,Airbus A321,SGN,HAN,2025-12-17,19:20,21:30,Economy Smart,1419000,30
2025-11-17T13:11:17.624Z,QH204,Airbus A321,SGN,HAN,2025-12-17,07:10,09:20,Economy Smart,1592000,30
2025-11-17T13:11:17.624Z,QH224,Boeing 737 All Series Passenger,SGN,HAN,2025-12-17,10:40,12:50,Economy Smart,1592000,30
2025-11-17T13:11:17.624Z,QH242,Boeing 737 All Series Passenger,SGN,HAN,2025-12-17,13:15,15:25,Economy Smart,1592000,30
2025-11-17T13:11:17.624Z,QH204,Airbus A321,SGN,HAN,2025-12-17,07:10,09:20,Economy Flex,2910000,30
2025-11-17T13:11:17.624Z,QH224,Boeing 737 All Series Passenger,SGN,HAN,2025-12-17,10:40,12:50,Economy Flex,2910000,30
2025-11-17T13:11:17.624Z,QH242,Boeing 737 All Series Passenger,SGN,HAN,2025-12-17,13:15,15:25,Economy Flex,2910000,30
2025-11-17T13:11:17.624Z,QH268,Airbus A321,SGN,HAN,2025-12-17,19:20,21:30,Economy Flex,2910000,30
2025-11-17T13:11:57.382Z,QH204,Airbus A321,SGN,HAN,2025-12-18,07:10,09:20,Economy Smart,1592000,31
2025-11-17T13:11:57.382Z,QH268,Airbus A321,SGN,HAN,2025-12-18,19:20,21:30,Economy Smart,1592000,31
2025-11-17T13:11:57.382Z,QH224,Boeing 737 All Series Passenger,SGN,HAN,2025-12-18,10:40,12:50,Economy Smart,1786000,31
2025-11-17T13:11:57.382Z,QH242,Boeing 737 All Series Passenger,SGN,HAN,2025-12-18,13:15,15:25,Economy Smart,1786000,31
2025-11-17T13:11:57.382Z,QH204,Airbus A321,SGN,HAN,2025-12-18,07:10,09:20,Economy Flex,2910000,31
2025-11-17T13:11:57.382Z,QH224,Boeing 737 All Series Passenger,SGN,HAN,2025-12-18,10:40,12:50,Economy Flex,2910000,31
2025-11-17T13:11:57.382Z,QH242,Boeing 737 All Series Passenger,SGN,HAN,2025-12-18,13:15,15:25,Economy Flex,2910000,31
2025-11-17T13:11:57.382Z,QH268,Airbus A321,SGN,HAN,2025-12-18,19:20,21:30,Economy Flex,2910000,31
2025-11-18T10:19:39.897Z,QH268,Airbus A321,SGN,HAN,2025-11-18,19:35,21:45,Economy Smart,686400,0
2025-11-18T10:19:39.897Z,QH268,Airbus A321,SGN,HAN,2025-11-18,19:35,21:45,Economy Smart,821829,0
2025-11-18T10:19:39.897Z,QH268,Airbus A321,SGN,HAN,2025-11-18,19:35,21:45,Economy Flex,1673829,0
2025-11-18T10:20:10.979Z,QH204,Airbus A321,SGN,HAN,2025-11-19,07:10,09:20,Economy Smart,748114,1
2025-11-18T10:20:10.979Z,QH268,Airbus A321,SGN,HAN,2025-11-19,19:35,21:45,Economy Smart,748114,1
2025-11-18T10:20:10.979Z,QH204,Airbus A321,SGN,HAN,2025-11-19,07:10,09:20,Economy Smart,821829,1
2025-11-18T10:20:10.979Z,QH224,Boeing 737 All Series Passenger,SGN,HAN,2025-11-19,08:50,11:00,Economy Smart,821829,1
2025-11-18T10:20:10.979Z,QH268,Airbus A321,SGN,HAN,2025-11-19,19:35,21:45,Economy Smart,821829,1
2025-11-18T10:20:10.979Z,QH242,Boeing 737 All Series Passenger,SGN,HAN,2025-11-19,13:15,15:25,Economy Smart,1031543,1
2025-11-18T10:20:10.979Z,QH204,Airbus A321,SGN,HAN,2025-11-19,07:10,09:20,Economy Flex,1673829,1
2025-11-18T10:20:10.979Z,QH224,Boeing 737 All Series Passenger,SGN,HAN,2025-11-19,08:50,11:00,Economy Flex,1673829,1
2025-11-18T10:20:10.979Z,QH242,Boeing 737 All Series Passenger,SGN,HAN,2025-11-19,13:15,15:25,Economy Flex,1673829,1
2025-11-18T10:20:10.979Z,QH268,Airbus A321,SGN,HAN,2025-11-19,19:35,21:45,Economy Flex,1673829,1
2025-11-18T10:20:10.979Z,QH224,Boeing 737 All Series Passenger,SGN,HAN,2025-11-19,08:50,11:00,Business Smart,2975543,1
2025-11-18T10:20:10.979Z,QH224,Boeing 737 All Series Passenger,SGN,HAN,2025-11-19,08:50,11:00,Business Flex,4148114,1
2025-11-18T10:20:43.399Z,QH268,Airbus A321,SGN,HAN,2025-11-20,19:35,21:45,Economy Smart,821829,2
2025-11-18T10:20:43.399Z,QH204,Airbus A321,SGN,HAN,2025-11-20,07:10,09:20,Economy Smart,920686,2
2025-11-18T10:20:43.399Z,QH242,Boeing 737 All Series Passenger,SGN,HAN,2025-11-20,13:15,15:25,Economy Smart,1031543,2
2025-11-18T10:20:43.399Z,QH204,Airbus A321,SGN,HAN,2025-11-20,07:10,09:20,Economy Flex,1673829,2
2025-11-18T10:20:43.399Z,QH242,Boeing 737 All Series Passenger,SGN,HAN,2025-11-20,13:15,15:25,Economy Flex,1673829,2
2025-11-18T10:20:43.399Z,QH268,Airbus A321,SGN,HAN,2025-11-20,19:35,21:45,Economy Flex,1673829,2
2025-11-18T10:21:15.650Z,QH204,Airbus A321,SGN,HAN,2025-11-21,07:10,09:20,Economy Smart,821829,3
2025-11-18T10:21:15.650Z,QH224,Boeing 737 All Series Passenger,SGN,HAN,2025-11-21,10:20,12:30,Economy Smart,920686,3
2025-11-18T10:21:15.650Z,QH242,Boeing 737 All Series Passenger,SGN,HAN,2025-11-21,13:15,15:25,Economy Smart,920686,3
2025-11-18T10:21:15.650Z,QH268,Airbus A321,SGN,HAN,2025-11-21,19:35,21:45,Economy Smart,1031543,3
2025-11-18T10:21:15.650Z,QH204,Airbus A321,SGN,HAN,2025-11-21,07:10,09:20,Economy Flex,1673829,3
2025-11-18T10:21:15.650Z,QH224,Boeing 737 All Series Passenger,SGN,HAN,2025-11-21,10:20,12:30,Economy Flex,1673829,3
2025-11-18T10:21:15.650Z,QH242,Boeing 737 All Series Passenger,SGN,HAN,2025-11-21,13:15,15:25,Economy Flex,1673829,3
2025-11-18T10:21:15.650Z,QH268,Airbus A321,SGN,HAN,2025-11-21,19:35,21:45,Economy Flex,1673829,3
2025-11-18T10:21:48.921Z,QH268,Airbus A321,SGN,HAN,2025-11-22,19:35,21:45,Economy Smart,748114,4
2025-11-18T10:21:48.921Z,QH242,Boeing 737 All Series Passenger,SGN,HAN,2025-11-22,13:15,15:25,Economy Smart,821829,4
2025-11-18T10:21:48.921Z,QH268,Airbus A321,SGN,HAN,2025-11-22,19:35,21:45,Economy Smart,821829,4
2025-11-18T10:21:48.921Z,QH204,Airbus A321,SGN,HAN,2025-11-22,07:10,09:20,Economy Smart,920686,4
2025-11-18T10:21:48.921Z,QH224,Boeing 737 All Series Passenger,SGN,HAN,2025-11-22,10:20,12:30,Economy Smart,920686,4
2025-11-18T10:21:48.921Z,QH204,Airbus A321,SGN,HAN,2025-11-22,07:10,09:20,Economy Flex,1673829,4
2025-11-18T10:21:48.921Z,QH224,Boeing 737 All Series Passenger,SGN,HAN,2025-11-22,10:20,12:30,Economy Flex,1673829,4
2025-11-18T10:21:48.921Z,QH242,Boeing 737 All Series Passenger,SGN,HAN,2025-11-22,13:15,15:25,Economy Flex,1673829,4
2025-11-18T10:21:48.921Z,QH268,Airbus A321,SGN,HAN,2025-11-22,19:35,21:45,Economy Flex,1673829,4
2025-11-18T10:21:48.921Z,QH204,Airbus A321,SGN,HAN,2025-11-22,07:10,09:20,Business Smart,2568686,4
2025-11-18T10:21:48.921Z,QH204,Airbus A321,SGN,HAN,2025-11-22,07:10,09:20,Business Flex,3962971,4
2025-11-18T10:22:19.743Z,QH204,Airbus A321,SGN,HAN,2025-11-23,07:10,09:20,Economy Smart,821829,5
2025-11-18T10:22:19.743Z,QH224,Boeing 737 All Series Passenger,SGN,HAN,2025-11-23,10:20,12:30,Economy Smart,920686,5
2025-11-18T10:22:19.743Z,QH268,Airbus A321,SGN,HAN,2025-11-23,19:35,21:45,Economy Smart,920686,5
2025-11-18T10:22:19.743Z,QH242,Boeing 737 All Series Passenger,SGN,HAN,2025-11-23,13:15,15:25,Economy Smart,1031543,5
2025-11-18T10:22:19.743Z,QH204,Airbus A321,SGN,HAN,2025-11-23,07:10,09:20,Economy Flex,1673829,5
2025-11-18T10:22:19.743Z,QH224,Boeing 737 All Series Passenger,SGN,HAN,2025-11-23,10:20,12:30,Economy Flex,1673829,5
2025-11-18T10:22:19.743Z,QH242,Boeing 737 All Series Passenger,SGN,HAN,2025-11-23,13:15,15:25,Economy Flex,1673829,5
2025-11-18T10:22:19.743Z,QH268,Airbus A321,SGN,HAN,2025-11-23,19:35,21:45,Economy Flex,1673829,5
2025-11-18T10:22:51.249Z,QH204,Airbus A321,SGN,HAN,2025-11-24,07:10,09:20,Economy Smart,821829,6
2025-11-18T10:22:51.249Z,QH268,Airbus A321,SGN,HAN,2025-11-24,19:35,21:45,Economy Smart,821829,6
2025-11-18T10:22:51.249Z,QH224,Boeing 737 All Series Passenger,SGN,HAN,2025-11-24,10:20,12:30,Economy Smart,920686,6
2025-11-18T10:22:51.249Z,QH242,Boeing 737 All Series Passenger,SGN,HAN,2025-11-24,13:15,15:25,Economy Smart,920686,6
2025-11-18T10:22:51.249Z,QH204,Airbus A321,SGN,HAN,2025-11-24,07:10,09:20,Economy Flex,1673829,6
2025-11-18T10:22:51.249Z,QH224,Boeing 737 All Series Passenger,SGN,HAN,2025-11-24,10:20,12:30,Economy Flex,1673829,6
2025-11-18T10:22:51.249Z,QH242,Boeing 737 All Series Passenger,SGN,HAN,2025-11-24,13:15,15:25,Economy Flex,1673829,6
2025-11-18T10:22:51.249Z,QH268,Airbus A321,SGN,HAN,2025-11-24,19:35,21:45,Economy Flex,1673829,6
2025-11-18T10:23:24.140Z,QH204,Airbus A321,SGN,HAN,2025-11-25,07:10,09:20,Economy Smart,821829,7
2025-11-18T10:23:24.140Z,QH268,Airbus A321,SGN,HAN,2025-11-25,19:35,21:45,Economy Smart,821829,7
2025-11-18T10:23:24.140Z,QH224,Boeing 737 All Series Passenger,SGN,HAN,2025-11-25,10:20,12:30,Economy Smart,920686,7
2025-11-18T10:23:24.140Z,QH242,Boeing 737 All Series Passenger,SGN,HAN,2025-11-25,13:15,15:25,Economy Smart,920686,7
2025-11-18T10:23:24.140Z,QH204,Airbus A321,SGN,HAN,2025-11-25,07:10,09:20,Economy Flex,1673829,7
2025-11-18T10:23:24.140Z,QH224,Boeing 737 All Series Passenger,SGN,HAN,2025-11-25,10:20,12:30,Economy Flex,1673829,7
2025-11-18T10:23:24.140Z,QH242,Boeing 737 All Series Passenger,SGN,HAN,2025-11-25,13:15,15:25,Economy Flex,1673829,7
2025-11-18T10:23:24.140Z,QH268,Airbus A321,SGN,HAN,2025-11-25,19:35,21:45,Economy Flex,1673829,7
2025-11-18T10:23:52.966Z,QH204,Airbus A321,SGN,HAN,2025-11-26,07:10,09:20,Economy Smart,821829,8
2025-11-18T10:23:52.966Z,QH268,Airbus A321,SGN,HAN,2025-11-26,19:35,21:45,Economy Smart,821829,8
2025-11-18T10:23:52.966Z,QH224,Boeing 737 All Series Passenger,SGN,HAN,2025-11-26,10:20,12:30,Economy Smart,920686,8
2025-11-18T10:23:52.966Z,QH242,Boeing 737 All Series Passenger,SGN,HAN,2025-11-26,13:15,15:25,Economy Smart,920686,8
2025-11-18T10:23:52.966Z,QH204,Airbus A321,SGN,HAN,2025-11-26,07:10,09:20,Economy Flex,1673829,8
2025-11-18T10:23:52.966Z,QH224,Boeing 737 All Series Passenger,SGN,HAN,2025-11-26,10:20,12:30,Economy Flex,1673829,8
2025-11-18T10:23:52.966Z,QH242,Boeing 737 All Series Passenger,SGN,HAN,2025-11-26,13:15,15:25,Economy Flex,1673829,8
2025-11-18T10:23:52.966Z,QH268,Airbus A321,SGN,HAN,2025-11-26,19:35,21:45,Economy Flex,1673829,8
2025-11-18T10:24:23.635Z,QH268,Airbus A321,SGN,HAN,2025-11-27,19:35,21:45,Economy Smart,920686,9
2025-11-18T10:24:23.635Z,QH204,Airbus A321,SGN,HAN,2025-11-27,07:10,09:20,Economy Smart,1031543,9
2025-11-18T10:24:23.635Z,QH224,Boeing 737 All Series Passenger,SGN,HAN,2025-11-27,10:20,12:30,Economy Smart,1136686,9
2025-11-18T10:24:23.635Z,QH242,Boeing 737 All Series Passenger,SGN,HAN,2025-11-27,13:15,15:25,Economy Smart,1136686,9
2025-11-18T10:24:23.635Z,QH204,Airbus A321,SGN,HAN,2025-11-27,07:10,09:20,Economy Flex,1673829,9
2025-11-18T10:24:23.635Z,QH224,Boeing 737 All Series Passenger,SGN,HAN,2025-11-27,10:20,12:30,Economy Flex,1673829,9
2025-11-18T10:24:23.635Z,QH242,Boeing 737 All Series Passenger,SGN,HAN,2025-11-27,13:15,15:25,Economy Flex,1673829,9
2025-11-18T10:24:23.635Z,QH268,Airbus A321,SGN,HAN,2025-11-27,19:35,21:45,Economy Flex,1673829,9
2025-11-18T10:24:58.251Z,QH204,Airbus A321,SGN,HAN,2025-11-28,07:10,09:20,Economy Smart,920686,10
2025-11-18T10:24:58.251Z,QH268,Airbus A321,SGN,HAN,2025-11-28,19:35,21:45,Economy Smart,920686,10
2025-11-18T10:24:58.251Z,QH224,Boeing 737 All Series Passenger,SGN,HAN,2025-11-28,10:20,12:30,Economy Smart,1136686,10
2025-11-18T10:24:58.251Z,QH242,Boeing 737 All Series Passenger,SGN,HAN,2025-11-28,13:15,15:25,Economy Smart,1136686,10
2025-11-18T10:24:58.251Z,QH204,Airbus A321,SGN,HAN,2025-11-28,07:10,09:20,Economy Flex,1673829,10
2025-11-18T10:24:58.251Z,QH224,Boeing 737 All Series Passenger,SGN,HAN,2025-11-28,10:20,12:30,Economy Flex,1673829,10
2025-11-18T10:24:58.251Z,QH242,Boeing 737 All Series Passenger,SGN,HAN,2025-11-28,13:15,15:25,Economy Flex,1673829,10
2025-11-18T10:24:58.251Z,QH268,Airbus A321,SGN,HAN,2025-11-28,19:35,21:45,Economy Flex,1673829,10
2025-11-18T10:25:28.301Z,QH268,Airbus A321,SGN,HAN,2025-11-29,19:35,21:45,Economy Smart,821829,11
2025-11-18T10:25:28.301Z,QH204,Airbus A321,SGN,HAN,2025-11-29,07:10,09:20,Economy Smart,920686,11
2025-11-18T10:25:28.301Z,QH242,Boeing 737 All Series Passenger,SGN,HAN,2025-11-29,13:15,15:25,Economy Smart,920686,11
2025-11-18T10:25:28.301Z,QH224,Boeing 737 All Series Passenger,SGN,HAN,2025-11-29,10:20,12:30,Economy Smart,1031543,11
2025-11-18T10:25:28.301Z,QH204,Airbus A321,SGN,HAN,2025-11-29,07:10,09:20,Economy Flex,1673829,11
2025-11-18T10:25:28.301Z,QH224,Boeing 737 All Series Passenger,SGN,HAN,2025-11-29,10:20,12:30,Economy Flex,1673829,11
2025-11-18T10:25:28.301Z,QH242,Boeing 737 All Series Passenger,SGN,HAN,2025-11-29,13:15,15:25,Economy Flex,1673829,11
2025-11-18T10:25:28.301Z,QH268,Airbus A321,SGN,HAN,2025-11-29,19:35,21:45,Economy Flex,1673829,11
2025-11-18T10:26:01.666Z,QH204,Airbus A321,SGN,HAN,2025-11-30,07:10,09:20,Economy Smart,920686,12
2025-11-18T10:26:01.666Z,QH224,Boeing 737 All Series Passenger,SGN,HAN,2025-11-30,10:20,12:30,Economy Smart,1031543,12
2025-11-18T10:26:01.666Z,QH242,Boeing 737 All Series Passenger,SGN,HAN,2025-11-30,13:15,15:25,Economy Smart,1031543,12
2025-11-18T10:26:01.666Z,QH268,Airbus A321,SGN,HAN,2025-11-30,19:35,21:45,Economy Smart,1031543,12
2025-11-18T10:26:01.666Z,QH204,Airbus A321,SGN,HAN,2025-11-30,07:10,09:20,Economy Flex,1673829,12
2025-11-18T10:26:01.666Z,QH224,Boeing 737 All Series Passenger,SGN,HAN,2025-11-30,10:20,12:30,Economy Flex,1673829,12
2025-11-18T10:26:01.666Z,QH242,Boeing 737 All Series Passenger,SGN,HAN,2025-11-30,13:15,15:25,Economy Flex,1673829,12
2025-11-18T10:26:01.666Z,QH268,Airbus A321,SGN,HAN,2025-11-30,19:35,21:45,Economy Flex,1673829,12
2025-11-18T10:26:33.559Z,QH268,Airbus A321,SGN,HAN,2025-01-12,19:20,21:30,Economy Smart,748114,-310
2025-11-18T10:26:33.559Z,QH204,Airbus A321,SGN,HAN,2025-01-12,07:10,09:20,Economy Smart,821829,-310
2025-11-18T10:26:33.559Z,QH268,Airbus A321,SGN,HAN,2025-01-12,19:20,21:30,Economy Smart,821829,-310
2025-11-18T10:26:33.559Z,QH242,Boeing 737 All Series Passenger,SGN,HAN,2025-01-12,13:15,15:25,Economy Smart,1031543,-310
2025-11-18T10:26:33.559Z,QH224,Boeing 737 All Series Passenger,SGN,HAN,2025-01-12,10:40,12:50,Economy Smart,1136686,-310
2025-11-18T10:26:33.559Z,QH204,Airbus A321,SGN,HAN,2025-01-12,07:10,09:20,Economy Flex,1673829,-310
2025-11-18T10:26:33.559Z,QH224,Boeing 737 All Series Passenger,SGN,HAN,2025-01-12,10:40,12:50,Economy Flex,1673829,-310
2025-11-18T10:26:33.559Z,QH242,Boeing 737 All Series Passenger,SGN,HAN,2025-01-12,13:15,15:25,Economy Flex,1673829,-310
2025-11-18T10:26:33.559Z,QH268,Airbus A321,SGN,HAN,2025-01-12,19:20,21:30,Economy Flex,1673829,-310
2025-11-18T10:27:08.161Z,QH204,Airbus A321,SGN,HAN,2025-02-12,07:10,09:20,Economy Smart,748114,-279
2025-11-18T10:27:08.161Z,QH268,Airbus A321,SGN,HAN,2025-02-12,19:20,21:30,Economy Smart,748114,-279
2025-11-18T10:27:08.161Z,QH204,Airbus A321,SGN,HAN,2025-02-12,07:10,09:20,Economy Smart,821829,-279
2025-11-18T10:27:08.161Z,QH268,Airbus A321,SGN,HAN,2025-02-12,19:20,21:30,Economy Smart,821829,-279
2025-11-18T10:27:08.161Z,QH242,Boeing 737 All Series Passenger,SGN,HAN,2025-02-12,13:15,15:25,Economy Smart,920686,-279
2025-11-18T10:27:08.161Z,QH224,Boeing 737 All Series Passenger,SGN,HAN,2025-02-12,10:40,12:50,Economy Smart,1031543,-279
2025-11-18T10:27:08.161Z,QH204,Airbus A321,SGN,HAN,2025-02-12,07:10,09:20,Economy Flex,1673829,-279
2025-11-18T10:27:08.161Z,QH224,Boeing 737 All Series Passenger,SGN,HAN,2025-02-12,10:40,12:50,Economy Flex,1673829,-279
2025-11-18T10:27:08.161Z,QH242,Boeing 737 All Series Passenger,SGN,HAN,2025-02-12,13:15,15:25,Economy Flex,1673829,-279
2025-11-18T10:27:08.161Z,QH268,Airbus A321,SGN,HAN,2025-02-12,19:20,21:30,Economy Flex,1673829,-279
2025-11-18T10:27:41.345Z,QH204,Airbus A321,SGN,HAN,2025-03-12,07:10,09:20,Economy Smart,748114,-251
2025-11-18T10:27:41.345Z,QH204,Airbus A321,SGN,HAN,2025-03-12,07:10,09:20,Economy Smart,821829,-251
2025-11-18T10:27:41.345Z,QH268,Airbus A321,SGN,HAN,2025-03-12,19:20,21:30,Economy Smart,821829,-251
2025-11-18T10:27:41.345Z,QH224,Boeing 737 All Series Passenger,SGN,HAN,2025-03-12,10:40,12:50,Economy Smart,1031543,-251
2025-11-18T10:27:41.345Z,QH242,Boeing 737 All Series Passenger,SGN,HAN,2025-03-12,13:15,15:25,Economy Smart,1031543,-251
2025-11-18T10:27:41.345Z,QH204,Airbus A321,SGN,HAN,2025-03-12,07:10,09:20,Economy Flex,1673829,-251
2025-11-18T10:27:41.345Z,QH224,Boeing 737 All Series Passenger,SGN,HAN,2025-03-12,10:40,12:50,Economy Flex,1673829,-251
2025-11-18T10:27:41.345Z,QH242,Boeing 737 All Series Passenger,SGN,HAN,2025-03-12,13:15,15:25,Economy Flex,1673829,-251
2025-11-18T10:27:41.345Z,QH268,Airbus A321,SGN,HAN,2025-03-12,19:20,21:30,Economy Flex,1673829,-251
2025-11-18T10:28:17.940Z,QH204,Airbus A321,SGN,HAN,2025-04-12,07:10,09:20,Economy Smart,821829,-220
2025-11-18T10:28:17.940Z,QH268,Airbus A321,SGN,HAN,2025-04-12,19:20,21:30,Economy Smart,821829,-220
2025-11-18T10:28:17.940Z,QH224,Boeing 737 All Series Passenger,SGN,HAN,2025-04-12,10:40,12:50,Economy Smart,1136686,-220
2025-11-18T10:28:17.940Z,QH242,Boeing 737 All Series Passenger,SGN,HAN,2025-04-12,13:15,15:25,Economy Smart,1136686,-220
2025-11-18T10:28:17.940Z,QH204,Airbus A321,SGN,HAN,2025-04-12,07:10,09:20,Economy Flex,1673829,-220
2025-11-18T10:28:17.940Z,QH224,Boeing 737 All Series Passenger,SGN,HAN,2025-04-12,10:40,12:50,Economy Flex,1673829,-220
2025-11-18T10:28:17.940Z,QH242,Boeing 737 All Series Passenger,SGN,HAN,2025-04-12,13:15,15:25,Economy Flex,1673829,-220
2025-11-18T10:28:17.940Z,QH268,Airbus A321,SGN,HAN,2025-04-12,19:20,21:30,Economy Flex,1673829,-220
2025-11-18T10:28:52.443Z,QH268,Airbus A321,SGN,HAN,2025-05-12,19:20,21:30,Economy Smart,821829,-190
2025-11-18T10:28:52.443Z,QH204,Airbus A321,SGN,HAN,2025-05-12,07:10,09:20,Economy Smart,920686,-190
2025-11-18T10:28:52.443Z,QH224,Boeing 737 All Series Passenger,SGN,HAN,2025-05-12,10:40,12:50,Economy Smart,1136686,-190
2025-11-18T10:28:52.443Z,QH242,Boeing 737 All Series Passenger,SGN,HAN,2025-05-12,13:15,15:25,Economy Smart,1266400,-190
2025-11-18T10:28:52.443Z,QH204,Airbus A321,SGN,HAN,2025-05-12,07:10,09:20,Economy Flex,1673829,-190
2025-11-18T10:28:52.443Z,QH224,Boeing 737 All Series Passenger,SGN,HAN,2025-05-12,10:40,12:50,Economy Flex,1673829,-190
2025-11-18T10:28:52.443Z,QH242,Boeing 737 All Series Passenger,SGN,HAN,2025-05-12,13:15,15:25,Economy Flex,1673829,-190
2025-11-18T10:28:52.443Z,QH268,Airbus A321,SGN,HAN,2025-05-12,19:20,21:30,Economy Flex,1673829,-190
2025-11-18T10:29:26.739Z,QH268,Airbus A321,SGN,HAN,2025-06-12,19:20,21:30,Economy Smart,748114,-159
2025-11-18T10:29:26.739Z,QH204,Airbus A321,SGN,HAN,2025-06-12,07:10,09:20,Economy Smart,821829,-159
2025-11-18T10:29:26.739Z,QH268,Airbus A321,SGN,HAN,2025-06-12,19:20,21:30,Economy Smart,821829,-159
2025-11-18T10:29:26.739Z,QH242,Boeing 737 All Series Passenger,SGN,HAN,2025-06-12,13:15,15:25,Economy Smart,920686,-159
2025-11-18T10:29:26.739Z,QH224,Boeing 737 All Series Passenger,SGN,HAN,2025-06-12,10:40,12:50,Economy Smart,1136686,-159
2025-11-18T10:29:26.739Z,QH204,Airbus A321,SGN,HAN,2025-06-12,07:10,09:20,Economy Flex,1673829,-159
2025-11-18T10:29:26.739Z,QH224,Boeing 737 All Series Passenger,SGN,HAN,2025-06-12,10:40,12:50,Economy Flex,1673829,-159
2025-11-18T10:29:26.739Z,QH242,Boeing 737 All Series Passenger,SGN,HAN,2025-06-12,13:15,15:25,Economy Flex,1673829,-159
2025-11-18T10:29:26.739Z,QH268,Airbus A321,SGN,HAN,2025-06-12,19:20,21:30,Economy Flex,1673829,-159
2025-11-18T10:30:33.573Z,QH268,Airbus A321,SGN,HAN,2025-08-12,19:20,21:30,Economy Smart,748114,-98
2025-11-18T10:30:33.573Z,QH204,Airbus A321,SGN,HAN,2025-08-12,07:10,09:20,Economy Smart,821829,-98
2025-11-18T10:30:33.573Z,QH268,Airbus A321,SGN,HAN,2025-08-12,19:20,21:30,Economy Smart,821829,-98
2025-11-18T10:30:33.573Z,QH242,Boeing 737 All Series Passenger,SGN,HAN,2025-08-12,13:15,15:25,Economy Smart,920686,-98
2025-11-18T10:30:33.573Z,QH224,Boeing 737 All Series Passenger,SGN,HAN,2025-08-12,10:40,12:50,Economy Smart,1031543,-98
2025-11-18T10:30:33.573Z,QH204,Airbus A321,SGN,HAN,2025-08-12,07:10,09:20,Economy Flex,1673829,-98
2025-11-18T10:30:33.573Z,QH224,Boeing 737 All Series Passenger,SGN,HAN,2025-08-12,10:40,12:50,Economy Flex,1673829,-98
2025-11-18T10:30:33.573Z,QH242,Boeing 737 All Series Passenger,SGN,HAN,2025-08-12,13:15,15:25,Economy Flex,1673829,-98
2025-11-18T10:30:33.573Z,QH268,Airbus A321,SGN,HAN,2025-08-12,19:20,21:30,Economy Flex,1673829,-98
2025-11-18T10:31:08.059Z,QH204,Airbus A321,SGN,HAN,2025-09-12,07:10,09:20,Economy Smart,748114,-67
2025-11-18T10:31:08.059Z,QH268,Airbus A321,SGN,HAN,2025-09-12,19:20,21:30,Economy Smart,748114,-67
2025-11-18T10:31:08.059Z,QH204,Airbus A321,SGN,HAN,2025-09-12,07:10,09:20,Economy Smart,821829,-67
2025-11-18T10:31:08.059Z,QH268,Airbus A321,SGN,HAN,2025-09-12,19:20,21:30,Economy Smart,821829,-67
2025-11-18T10:31:08.059Z,QH224,Boeing 737 All Series Passenger,SGN,HAN,2025-09-12,10:40,12:50,Economy Smart,920686,-67
2025-11-18T10:31:08.059Z,QH242,Boeing 737 All Series Passenger,SGN,HAN,2025-09-12,13:15,15:25,Economy Smart,920686,-67
2025-11-18T10:31:08.059Z,QH204,Airbus A321,SGN,HAN,2025-09-12,07:10,09:20,Economy Flex,1673829,-67
2025-11-18T10:31:08.059Z,QH224,Boeing 737 All Series Passenger,SGN,HAN,2025-09-12,10:40,12:50,Economy Flex,1673829,-67
2025-11-18T10:31:08.059Z,QH242,Boeing 737 All Series Passenger,SGN,HAN,2025-09-12,13:15,15:25,Economy Flex,1673829,-67
2025-11-18T10:31:08.059Z,QH268,Airbus A321,SGN,HAN,2025-09-12,19:20,21:30,Economy Flex,1673829,-67
2025-11-18T10:31:42.227Z,QH204,Airbus A321,SGN,HAN,2025-10-12,07:10,09:20,Economy Smart,748114,-37
2025-11-18T10:31:42.227Z,QH268,Airbus A321,SGN,HAN,2025-10-12,19:20,21:30,Economy Smart,748114,-37
2025-11-18T10:31:42.227Z,QH204,Airbus A321,SGN,HAN,2025-10-12,07:10,09:20,Economy Smart,821829,-37
2025-11-18T10:31:42.227Z,QH268,Airbus A321,SGN,HAN,2025-10-12,19:20,21:30,Economy Smart,821829,-37
2025-11-18T10:31:42.227Z,QH242,Boeing 737 All Series Passenger,SGN,HAN,2025-10-12,13:15,15:25,Economy Smart,920686,-37
2025-11-18T10:31:42.227Z,QH224,Boeing 737 All Series Passenger,SGN,HAN,2025-10-12,10:40,12:50,Economy Smart,1031543,-37
2025-11-18T10:31:42.227Z,QH204,Airbus A321,SGN,HAN,2025-10-12,07:10,09:20,Economy Flex,1673829,-37
2025-11-18T10:31:42.227Z,QH224,Boeing 737 All Series Passenger,SGN,HAN,2025-10-12,10:40,12:50,Economy Flex,1673829,-37
2025-11-18T10:31:42.227Z,QH242,Boeing 737 All Series Passenger,SGN,HAN,2025-10-12,13:15,15:25,Economy Flex,1673829,-37
2025-11-18T10:31:42.227Z,QH268,Airbus A321,SGN,HAN,2025-10-12,19:20,21:30,Economy Flex,1673829,-37
2025-11-18T10:32:16.877Z,QH268,Airbus A321,SGN,HAN,2025-11-12,19:20,21:30,Economy Smart,821829,-6
2025-11-18T10:32:16.877Z,QH204,Airbus A321,SGN,HAN,2025-11-12,07:10,09:20,Economy Smart,920686,-6
2025-11-18T10:32:16.877Z,QH242,Boeing 737 All Series Passenger,SGN,HAN,2025-11-12,13:15,15:25,Economy Smart,1031543,-6
2025-11-18T10:32:16.877Z,QH224,Boeing 737 All Series Passenger,SGN,HAN,2025-11-12,10:40,12:50,Economy Smart,1136686,-6
2025-11-18T10:32:16.877Z,QH204,Airbus A321,SGN,HAN,2025-11-12,07:10,09:20,Economy Flex,1673829,-6
2025-11-18T10:32:16.877Z,QH224,Boeing 737 All Series Passenger,SGN,HAN,2025-11-12,10:40,12:50,Economy Flex,1673829,-6
2025-11-18T10:32:16.877Z,QH242,Boeing 737 All Series Passenger,SGN,HAN,2025-11-12,13:15,15:25,Economy Flex,1673829,-6
2025-11-18T10:32:16.877Z,QH268,Airbus A321,SGN,HAN,2025-11-12,19:20,21:30,Economy Flex,1673829,-6
2025-11-18T10:32:51.672Z,QH204,Airbus A321,SGN,HAN,2025-12-12,07:10,09:20,Economy Smart,920686,24
2025-11-18T10:32:51.672Z,QH268,Airbus A321,SGN,HAN,2025-12-12,19:20,21:30,Economy Smart,920686,24
2025-11-18T10:32:51.672Z,QH224,Boeing 737 All Series Passenger,SGN,HAN,2025-12-12,10:40,12:50,Economy Smart,1031543,24
2025-11-18T10:32:51.672Z,QH242,Boeing 737 All Series Passenger,SGN,HAN,2025-12-12,13:15,15:25,Economy Smart,1266400,24
2025-11-18T10:32:51.672Z,QH204,Airbus A321,SGN,HAN,2025-12-12,07:10,09:20,Economy Flex,1673829,24
2025-11-18T10:32:51.672Z,QH224,Boeing 737 All Series Passenger,SGN,HAN,2025-12-12,10:40,12:50,Economy Flex,1673829,24
2025-11-18T10:32:51.672Z,QH242,Boeing 737 All Series Passenger,SGN,HAN,2025-12-12,13:15,15:25,Economy Flex,1673829,24
2025-11-18T10:32:51.672Z,QH268,Airbus A321,SGN,HAN,2025-12-12,19:20,21:30,Economy Flex,1673829,24
2025-11-18T10:33:21.535Z,QH268,Airbus A321,SGN,HAN,2025-12-13,19:20,21:30,Economy Smart,624686,25
2025-11-18T10:33:21.535Z,QH204,Airbus A321,SGN,HAN,2025-12-13,07:10,09:20,Economy Smart,821829,25
2025-11-18T10:33:21.535Z,QH268,Airbus A321,SGN,HAN,2025-12-13,19:20,21:30,Economy Smart,821829,25
2025-11-18T10:33:21.535Z,QH242,Boeing 737 All Series Passenger,SGN,HAN,2025-12-13,13:15,15:25,Economy Smart,920686,25
2025-11-18T10:33:21.535Z,QH224,Boeing 737 All Series Passenger,SGN,HAN,2025-12-13,10:40,12:50,Economy Smart,1031543,25
2025-11-18T10:33:21.535Z,QH204,Airbus A321,SGN,HAN,2025-12-13,07:10,09:20,Economy Flex,1673829,25
2025-11-18T10:33:21.535Z,QH224,Boeing 737 All Series Passenger,SGN,HAN,2025-12-13,10:40,12:50,Economy Flex,1673829,25
2025-11-18T10:33:21.535Z,QH242,Boeing 737 All Series Passenger,SGN,HAN,2025-12-13,13:15,15:25,Economy Flex,1673829,25
2025-11-18T10:33:21.535Z,QH268,Airbus A321,SGN,HAN,2025-12-13,19:20,21:30,Economy Flex,1673829,25
2025-11-18T10:33:54.627Z,QH204,Airbus A321,SGN,HAN,2025-12-14,07:10,09:20,Economy Smart,821829,26
2025-11-18T10:33:54.627Z,QH268,Airbus A321,SGN,HAN,2025-12-14,19:20,21:30,Economy Smart,821829,26
2025-11-18T10:33:54.627Z,QH224,Boeing 737 All Series Passenger,SGN,HAN,2025-12-14,10:40,12:50,Economy Smart,1031543,26
2025-11-18T10:33:54.627Z,QH242,Boeing 737 All Series Passenger,SGN,HAN,2025-12-14,13:15,15:25,Economy Smart,1136686,26
2025-11-18T10:33:54.627Z,QH204,Airbus A321,SGN,HAN,2025-12-14,07:10,09:20,Economy Flex,1673829,26
2025-11-18T10:33:54.627Z,QH224,Boeing 737 All Series Passenger,SGN,HAN,2025-12-14,10:40,12:50,Economy Flex,1673829,26
2025-11-18T10:33:54.627Z,QH242,Boeing 737 All Series Passenger,SGN,HAN,2025-12-14,13:15,15:25,Economy Flex,1673829,26
2025-11-18T10:33:54.627Z,QH268,Airbus A321,SGN,HAN,2025-12-14,19:20,21:30,Economy Flex,1673829,26
2025-11-18T10:34:28.878Z,QH204,Airbus A321,SGN,HAN,2025-12-15,07:10,09:20,Economy Smart,920686,27
2025-11-18T10:34:28.878Z,QH242,Boeing 737 All Series Passenger,SGN,HAN,2025-12-15,13:15,15:25,Economy Smart,920686,27
2025-11-18T10:34:28.878Z,QH268,Airbus A321,SGN,HAN,2025-12-15,19:20,21:30,Economy Smart,920686,27
2025-11-18T10:34:28.878Z,QH224,Boeing 737 All Series Passenger,SGN,HAN,2025-12-15,10:40,12:50,Economy Smart,1136686,27
2025-11-18T10:34:28.878Z,QH204,Airbus A321,SGN,HAN,2025-12-15,07:10,09:20,Economy Flex,1673829,27
2025-11-18T10:34:28.878Z,QH224,Boeing 737 All Series Passenger,SGN,HAN,2025-12-15,10:40,12:50,Economy Flex,1673829,27
2025-11-18T10:34:28.878Z,QH242,Boeing 737 All Series Passenger,SGN,HAN,2025-12-15,13:15,15:25,Economy Flex,1673829,27
2025-11-18T10:34:28.878Z,QH268,Airbus A321,SGN,HAN,2025-12-15,19:20,21:30,Economy Flex,1673829,27
2025-11-18T10:35:02.901Z,QH204,Airbus A321,SGN,HAN,2025-12-16,07:10,09:20,Economy Smart,748114,28
2025-11-18T10:35:02.901Z,QH268,Airbus A321,SGN,HAN,2025-12-16,19:20,21:30,Economy Smart,748114,28
2025-11-18T10:35:02.901Z,QH204,Airbus A321,SGN,HAN,2025-12-16,07:10,09:20,Economy Smart,821829,28
2025-11-18T10:35:02.901Z,QH268,Airbus A321,SGN,HAN,2025-12-16,19:20,21:30,Economy Smart,821829,28
2025-11-18T10:35:02.901Z,QH242,Boeing 737 All Series Passenger,SGN,HAN,2025-12-16,13:15,15:25,Economy Smart,920686,28
2025-11-18T10:35:02.901Z,QH224,Boeing 737 All Series Passenger,SGN,HAN,2025-12-16,10:40,12:50,Economy Smart,1031543,28
2025-11-18T10:35:02.901Z,QH204,Airbus A321,SGN,HAN,2025-12-16,07:10,09:20,Economy Flex,1673829,28
2025-11-18T10:35:02.901Z,QH224,Boeing 737 All Series Passenger,SGN,HAN,2025-12-16,10:40,12:50,Economy Flex,1673829,28
2025-11-18T10:35:02.901Z,QH242,Boeing 737 All Series Passenger,SGN,HAN,2025-12-16,13:15,15:25,Economy Flex,1673829,28
2025-11-18T10:35:02.901Z,QH268,Airbus A321,SGN,HAN,2025-12-16,19:20,21:30,Economy Flex,1673829,28
2025-11-18T10:36:12.848Z,QH204,Airbus A321,SGN,HAN,2025-12-18,07:10,09:20,Economy Smart,821829,30
2025-11-18T10:36:12.848Z,QH268,Airbus A321,SGN,HAN,2025-12-18,19:20,21:30,Economy Smart,821829,30
2025-11-18T10:36:12.848Z,QH224,Boeing 737 All Series Passenger,SGN,HAN,2025-12-18,10:40,12:50,Economy Smart,1031543,30
2025-11-18T10:36:12.848Z,QH242,Boeing 737 All Series Passenger,SGN,HAN,2025-12-18,13:15,15:25,Economy Smart,1031543,30
2025-11-18T10:36:12.848Z,QH204,Airbus A321,SGN,HAN,2025-12-18,07:10,09:20,Economy Flex,1673829,30
2025-11-18T10:36:12.848Z,QH224,Boeing 737 All Series Passenger,SGN,HAN,2025-12-18,10:40,12:50,Economy Flex,1673829,30
2025-11-18T10:36:12.848Z,QH242,Boeing 737 All Series Passenger,SGN,HAN,2025-12-18,13:15,15:25,Economy Flex,1673829,30
2025-11-18T10:36:12.848Z,QH268,Airbus A321,SGN,HAN,2025-12-18,19:20,21:30,Economy Flex,1673829,30
2025-11-18T11:47:35.828Z,QH268,Airbus A321,SGN,HAN,2025-12-23,19:20,21:30,Economy Smart,748114,35
2025-11-18T11:47:35.828Z,QH204,Airbus A321,SGN,HAN,2025-12-23,07:10,09:20,Economy Smart,821829,35
2025-11-18T11:47:35.828Z,QH268,Airbus A321,SGN,HAN,2025-12-23,19:20,21:30,Economy Smart,821829,35
2025-11-18T11:47:35.828Z,QH224,Boeing 737 All Series Passenger,SGN,HAN,2025-12-23,10:40,12:50,Economy Smart,920686,35
2025-11-18T11:47:35.828Z,QH242,Boeing 737 All Series Passenger,SGN,HAN,2025-12-23,13:15,15:25,Economy Smart,920686,35
2025-11-18T11:47:35.828Z,QH204,Airbus A321,SGN,HAN,2025-12-23,07:10,09:20,Economy Flex,1673829,35
2025-11-18T11:47:35.828Z,QH224,Boeing 737 All Series Passenger,SGN,HAN,2025-12-23,10:40,12:50,Economy Flex,1673829,35
2025-11-18T11:47:35.828Z,QH242,Boeing 737 All Series Passenger,SGN,HAN,2025-12-23,13:15,15:25,Economy Flex,1673829,35
2025-11-18T11:47:35.828Z,QH268,Airbus A321,SGN,HAN,2025-12-23,19:20,21:30,Economy Flex,1673829,35
2025-11-18T11:48:13.149Z,QH268,Airbus A321,SGN,HAN,2025-12-24,19:20,21:30,Economy Smart,748114,36
2025-11-18T11:48:13.149Z,QH204,Airbus A321,SGN,HAN,2025-12-24,07:10,09:20,Economy Smart,821829,36
2025-11-18T11:48:13.149Z,QH268,Airbus A321,SGN,HAN,2025-12-24,19:20,21:30,Economy Smart,821829,36
2025-11-18T11:48:13.149Z,QH224,Boeing 737 All Series Passenger,SGN,HAN,2025-12-24,10:40,12:50,Economy Smart,920686,36
2025-11-18T11:48:13.149Z,QH242,Boeing 737 All Series Passenger,SGN,HAN,2025-12-24,13:15,15:25,Economy Smart,920686,36
2025-11-18T11:48:13.149Z,QH204,Airbus A321,SGN,HAN,2025-12-24,07:10,09:20,Economy Flex,1673829,36
2025-11-18T11:48:13.149Z,QH224,Boeing 737 All Series Passenger,SGN,HAN,2025-12-24,10:40,12:50,Economy Flex,1673829,36
2025-11-18T11:48:13.149Z,QH242,Boeing 737 All Series Passenger,SGN,HAN,2025-12-24,13:15,15:25,Economy Flex,1673829,36
2025-11-18T11:48:13.149Z,QH268,Airbus A321,SGN,HAN,2025-12-24,19:20,21:30,Economy Flex,1673829,36
2025-11-18T11:48:50.099Z,QH204,Airbus A321,SGN,HAN,2025-12-25,07:10,09:20,Economy Smart,920686,37
2025-11-18T11:48:50.099Z,QH268,Airbus A321,SGN,HAN,2025-12-25,19:20,21:30,Economy Smart,920686,37
2025-11-18T11:48:50.099Z,QH224,Boeing 737 All Series Passenger,SGN,HAN,2025-12-25,10:40,12:50,Economy Smart,1031543,37
2025-11-18T11:48:50.099Z,QH242,Boeing 737 All Series Passenger,SGN,HAN,2025-12-25,13:15,15:25,Economy Smart,1031543,37
2025-11-18T11:48:50.099Z,QH204,Airbus A321,SGN,HAN,2025-12-25,07:10,09:20,Economy Flex,1673829,37
2025-11-18T11:48:50.099Z,QH224,Boeing 737 All Series Passenger,SGN,HAN,2025-12-25,10:40,12:50,Economy Flex,1673829,37
2025-11-18T11:48:50.099Z,QH242,Boeing 737 All Series Passenger,SGN,HAN,2025-12-25,13:15,15:25,Economy Flex,1673829,37
2025-11-18T11:48:50.099Z,QH268,Airbus A321,SGN,HAN,2025-12-25,19:20,21:30,Economy Flex,1673829,37
2025-11-18T11:49:27.435Z,QH204,Airbus A321,SGN,HAN,2025-12-26,07:10,09:20,Economy Smart,920686,38
2025-11-18T11:49:27.435Z,QH268,Airbus A321,SGN,HAN,2025-12-26,19:20,21:30,Economy Smart,920686,38
2025-11-18T11:49:27.435Z,QH224,Boeing 737 All Series Passenger,SGN,HAN,2025-12-26,10:40,12:50,Economy Smart,1136686,38
2025-11-18T11:49:27.435Z,QH242,Boeing 737 All Series Passenger,SGN,HAN,2025-12-26,13:15,15:25,Economy Smart,1136686,38
2025-11-18T11:49:27.435Z,QH204,Airbus A321,SGN,HAN,2025-12-26,07:10,09:20,Economy Flex,1673829,38
2025-11-18T11:49:27.435Z,QH224,Boeing 737 All Series Passenger,SGN,HAN,2025-12-26,10:40,12:50,Economy Flex,1673829,38
2025-11-18T11:49:27.435Z,QH242,Boeing 737 All Series Passenger,SGN,HAN,2025-12-26,13:15,15:25,Economy Flex,1673829,38
2025-11-18T11:49:27.435Z,QH268,Airbus A321,SGN,HAN,2025-12-26,19:20,21:30,Economy Flex,1673829,38
2025-11-18T11:50:39.320Z,QH204,Airbus A321,SGN,HAN,2025-12-28,07:10,09:20,Economy Smart,920686,40
2025-11-18T11:50:39.320Z,QH268,Airbus A321,SGN,HAN,2025-12-28,19:20,21:30,Economy Smart,920686,40
2025-11-18T11:50:39.320Z,QH224,Boeing 737 All Series Passenger,SGN,HAN,2025-12-28,10:40,12:50,Economy Smart,1031543,40
2025-11-18T11:50:39.320Z,QH242,Boeing 737 All Series Passenger,SGN,HAN,2025-12-28,13:15,15:25,Economy Smart,1136686,40
2025-11-18T11:50:39.320Z,QH204,Airbus A321,SGN,HAN,2025-12-28,07:10,09:20,Economy Flex,1673829,40
2025-11-18T11:50:39.320Z,QH224,Boeing 737 All Series Passenger,SGN,HAN,2025-12-28,10:40,12:50,Economy Flex,1673829,40
2025-11-18T11:50:39.320Z,QH242,Boeing 737 All Series Passenger,SGN,HAN,2025-12-28,13:15,15:25,Economy Flex,1673829,40
2025-11-18T11:50:39.320Z,QH268,Airbus A321,SGN,HAN,2025-12-28,19:20,21:30,Economy Flex,1673829,40
2025-11-18T11:51:14.718Z,QH204,Airbus A321,SGN,HAN,2025-12-29,07:10,09:20,Economy Smart,920686,41
2025-11-18T11:51:14.718Z,QH268,Airbus A321,SGN,HAN,2025-12-29,19:20,21:30,Economy Smart,920686,41
2025-11-18T11:51:14.718Z,QH224,Boeing 737 All Series Passenger,SGN,HAN,2025-12-29,10:40,12:50,Economy Smart,1031543,41
2025-11-18T11:51:14.718Z,QH242,Boeing 737 All Series Passenger,SGN,HAN,2025-12-29,13:15,15:25,Economy Smart,1031543,41
2025-11-18T11:51:14.718Z,QH204,Airbus A321,SGN,HAN,2025-12-29,07:10,09:20,Economy Flex,1673829,41
2025-11-18T11:51:14.718Z,QH224,Boeing 737 All Series Passenger,SGN,HAN,2025-12-29,10:40,12:50,Economy Flex,1673829,41
2025-11-18T11:51:14.718Z,QH242,Boeing 737 All Series Passenger,SGN,HAN,2025-12-29,13:15,15:25,Economy Flex,1673829,41
2025-11-18T11:51:14.718Z,QH268,Airbus A321,SGN,HAN,2025-12-29,19:20,21:30,Economy Flex,1673829,41
2025-11-18T11:51:51.681Z,QH204,Airbus A321,SGN,HAN,2025-12-30,07:10,09:20,Economy Smart,748114,42
2025-11-18T11:51:51.681Z,QH268,Airbus A321,SGN,HAN,2025-12-30,19:20,21:30,Economy Smart,748114,42
2025-11-18T11:51:51.681Z,QH204,Airbus A321,SGN,HAN,2025-12-30,07:10,09:20,Economy Smart,821829,42
2025-11-18T11:51:51.681Z,QH268,Airbus A321,SGN,HAN,2025-12-30,19:20,21:30,Economy Smart,821829,42
2025-11-18T11:51:51.681Z,QH224,Boeing 737 All Series Passenger,SGN,HAN,2025-12-30,10:40,12:50,Economy Smart,920686,42
2025-11-18T11:51:51.681Z,QH242,Boeing 737 All Series Passenger,SGN,HAN,2025-12-30,13:15,15:25,Economy Smart,920686,42
2025-11-18T11:51:51.681Z,QH204,Airbus A321,SGN,HAN,2025-12-30,07:10,09:20,Economy Flex,1673829,42
2025-11-18T11:51:51.681Z,QH224,Boeing 737 All Series Passenger,SGN,HAN,2025-12-30,10:40,12:50,Economy Flex,1673829,42
2025-11-18T11:51:51.681Z,QH242,Boeing 737 All Series Passenger,SGN,HAN,2025-12-30,13:15,15:25,Economy Flex,1673829,42
2025-11-18T11:51:51.681Z,QH268,Airbus A321,SGN,HAN,2025-12-30,19:20,21:30,Economy Flex,1673829,42
2025-11-18T15:08:47.594Z,QH268,Airbus A321,SGN,HAN,2026-01-18,19:20,21:30,Economy Smart,920686,61
2025-11-18T15:08:47.594Z,QH204,Airbus A321,SGN,HAN,2026-01-18,07:10,09:20,Economy Smart,1031543,61
2025-11-18T15:08:47.594Z,QH224,Boeing 737 All Series Passenger,SGN,HAN,2026-01-18,10:40,12:50,Economy Smart,1136686,61
2025-11-18T15:08:47.594Z,QH242,Boeing 737 All Series Passenger,SGN,HAN,2026-01-18,13:15,15:25,Economy Smart,1136686,61
2025-11-18T15:08:47.594Z,QH204,Airbus A321,SGN,HAN,2026-01-18,07:10,09:20,Economy Flex,1673829,61
2025-11-18T15:08:47.594Z,QH224,Boeing 737 All Series Passenger,SGN,HAN,2026-01-18,10:40,12:50,Economy Flex,1673829,61
2025-11-18T15:08:47.594Z,QH242,Boeing 737 All Series Passenger,SGN,HAN,2026-01-18,13:15,15:25,Economy Flex,1673829,61
2025-11-18T15:08:47.594Z,QH268,Airbus A321,SGN,HAN,2026-01-18,19:20,21:30,Economy Flex,1673829,61
2025-11-18T15:09:18.570Z,QH268,Airbus A321,SGN,HAN,2026-01-19,19:20,21:30,Economy Smart,920686,62
2025-11-18T15:09:18.570Z,QH204,Airbus A321,SGN,HAN,2026-01-19,07:10,09:20,Economy Smart,1031543,62
2025-11-18T15:09:18.570Z,QH242,Boeing 737 All Series Passenger,SGN,HAN,2026-01-19,13:15,15:25,Economy Smart,1031543,62
2025-11-18T15:09:18.570Z,QH224,Boeing 737 All Series Passenger,SGN,HAN,2026-01-19,10:40,12:50,Economy Smart,1136686,62
2025-11-18T15:09:18.570Z,QH204,Airbus A321,SGN,HAN,2026-01-19,07:10,09:20,Economy Flex,1673829,62
2025-11-18T15:09:18.570Z,QH224,Boeing 737 All Series Passenger,SGN,HAN,2026-01-19,10:40,12:50,Economy Flex,1673829,62
2025-11-18T15:09:18.570Z,QH242,Boeing 737 All Series Passenger,SGN,HAN,2026-01-19,13:15,15:25,Economy Flex,1673829,62
2025-11-18T15:09:18.570Z,QH268,Airbus A321,SGN,HAN,2026-01-19,19:20,21:30,Economy Flex,1673829,62
2025-11-18T15:09:49.814Z,QH268,Airbus A321,SGN,HAN,2026-01-20,19:20,21:30,Economy Smart,920686,63
2025-11-18T15:09:49.814Z,QH204,Airbus A321,SGN,HAN,2026-01-20,07:10,09:20,Economy Smart,1031543,63
2025-11-18T15:09:49.814Z,QH224,Boeing 737 All Series Passenger,SGN,HAN,2026-01-20,10:40,12:50,Economy Smart,1031543,63
2025-11-18T15:09:49.814Z,QH242,Boeing 737 All Series Passenger,SGN,HAN,2026-01-20,13:15,15:25,Economy Smart,1031543,63
2025-11-18T15:09:49.814Z,QH204,Airbus A321,SGN,HAN,2026-01-20,07:10,09:20,Economy Flex,1673829,63
2025-11-18T15:09:49.814Z,QH224,Boeing 737 All Series Passenger,SGN,HAN,2026-01-20,10:40,12:50,Economy Flex,1673829,63
2025-11-18T15:09:49.814Z,QH242,Boeing 737 All Series Passenger,SGN,HAN,2026-01-20,13:15,15:25,Economy Flex,1673829,63
2025-11-18T15:09:49.814Z,QH268,Airbus A321,SGN,HAN,2026-01-20,19:20,21:30,Economy Flex,1673829,63
2025-11-18T15:10:22.433Z,QH268,Airbus A321,SGN,HAN,2026-01-21,19:20,21:30,Economy Smart,920686,64
2025-11-18T15:10:22.433Z,QH204,Airbus A321,SGN,HAN,2026-01-21,07:10,09:20,Economy Smart,1031543,64
2025-11-18T15:10:22.433Z,QH224,Boeing 737 All Series Passenger,SGN,HAN,2026-01-21,10:40,12:50,Economy Smart,1031543,64
2025-11-18T15:10:22.433Z,QH242,Boeing 737 All Series Passenger,SGN,HAN,2026-01-21,13:15,15:25,Economy Smart,1031543,64
2025-11-18T15:10:22.433Z,QH204,Airbus A321,SGN,HAN,2026-01-21,07:10,09:20,Economy Flex,1673829,64
2025-11-18T15:10:22.433Z,QH224,Boeing 737 All Series Passenger,SGN,HAN,2026-01-21,10:40,12:50,Economy Flex,1673829,64
2025-11-18T15:10:22.433Z,QH242,Boeing 737 All Series Passenger,SGN,HAN,2026-01-21,13:15,15:25,Economy Flex,1673829,64
2025-11-18T15:10:22.433Z,QH268,Airbus A321,SGN,HAN,2026-01-21,19:20,21:30,Economy Flex,1673829,64
2025-11-18T15:10:56.816Z,QH268,Airbus A321,SGN,HAN,2026-01-22,19:20,21:30,Economy Smart,920686,65
2025-11-18T15:10:56.816Z,QH204,Airbus A321,SGN,HAN,2026-01-22,07:10,09:20,Economy Smart,1136686,65
2025-11-18T15:10:56.816Z,QH224,Boeing 737 All Series Passenger,SGN,HAN,2026-01-22,10:40,12:50,Economy Smart,1136686,65
2025-11-18T15:10:56.816Z,QH242,Boeing 737 All Series Passenger,SGN,HAN,2026-01-22,13:15,15:25,Economy Smart,1136686,65
2025-11-18T15:10:56.816Z,QH204,Airbus A321,SGN,HAN,2026-01-22,07:10,09:20,Economy Flex,1673829,65
2025-11-18T15:10:56.816Z,QH224,Boeing 737 All Series Passenger,SGN,HAN,2026-01-22,10:40,12:50,Economy Flex,1673829,65
2025-11-18T15:10:56.816Z,QH242,Boeing 737 All Series Passenger,SGN,HAN,2026-01-22,13:15,15:25,Economy Flex,1673829,65
2025-11-18T15:10:56.816Z,QH268,Airbus A321,SGN,HAN,2026-01-22,19:20,21:30,Economy Flex,1673829,65
2025-11-18T15:11:57.839Z,QH268,Airbus A321,SGN,HAN,2026-01-24,19:20,21:30,Economy Smart,920686,67
2025-11-18T15:11:57.839Z,QH204,Airbus A321,SGN,HAN,2026-01-24,07:10,09:20,Economy Smart,1136686,67
2025-11-18T15:11:57.839Z,QH224,Boeing 737 All Series Passenger,SGN,HAN,2026-01-24,10:40,12:50,Economy Smart,1266400,67
2025-11-18T15:11:57.839Z,QH242,Boeing 737 All Series Passenger,SGN,HAN,2026-01-24,13:15,15:25,Economy Smart,1266400,67
2025-11-18T15:11:57.839Z,QH204,Airbus A321,SGN,HAN,2026-01-24,07:10,09:20,Economy Flex,1673829,67
2025-11-18T15:11:57.839Z,QH224,Boeing 737 All Series Passenger,SGN,HAN,2026-01-24,10:40,12:50,Economy Flex,1673829,67
2025-11-18T15:11:57.839Z,QH242,Boeing 737 All Series Passenger,SGN,HAN,2026-01-24,13:15,15:25,Economy Flex,1673829,67
2025-11-18T15:11:57.839Z,QH268,Airbus A321,SGN,HAN,2026-01-24,19:20,21:30,Economy Flex,1673829,67
2025-11-18T15:12:26.175Z,QH268,Airbus A321,SGN,HAN,2026-01-25,19:20,21:30,Economy Smart,920686,68
2025-11-18T15:12:26.175Z,QH204,Airbus A321,SGN,HAN,2026-01-25,07:10,09:20,Economy Smart,1136686,68
2025-11-18T15:12:26.175Z,QH224,Boeing 737 All Series Passenger,SGN,HAN,2026-01-25,10:40,12:50,Economy Smart,1266400,68
2025-11-18T15:12:26.175Z,QH242,Boeing 737 All Series Passenger,SGN,HAN,2026-01-25,13:15,15:25,Economy Smart,1396114,68
2025-11-18T15:12:26.175Z,QH204,Airbus A321,SGN,HAN,2026-01-25,07:10,09:20,Economy Flex,1673829,68
2025-11-18T15:12:26.175Z,QH224,Boeing 737 All Series Passenger,SGN,HAN,2026-01-25,10:40,12:50,Economy Flex,1673829,68
2025-11-18T15:12:26.175Z,QH242,Boeing 737 All Series Passenger,SGN,HAN,2026-01-25,13:15,15:25,Economy Flex,1673829,68
2025-11-18T15:12:26.175Z,QH268,Airbus A321,SGN,HAN,2026-01-25,19:20,21:30,Economy Flex,1673829,68
2025-11-18T15:13:00.298Z,QH268,Airbus A321,SGN,HAN,2026-01-26,19:20,21:30,Economy Smart,920686,69
2025-11-18T15:13:00.298Z,QH204,Airbus A321,SGN,HAN,2026-01-26,07:10,09:20,Economy Smart,1136686,69
2025-11-18T15:13:00.298Z,QH224,Boeing 737 All Series Passenger,SGN,HAN,2026-01-26,10:40,12:50,Economy Smart,1266400,69
2025-11-18T15:13:00.298Z,QH242,Boeing 737 All Series Passenger,SGN,HAN,2026-01-26,13:15,15:25,Economy Smart,1266400,69
2025-11-18T15:13:00.298Z,QH204,Airbus A321,SGN,HAN,2026-01-26,07:10,09:20,Economy Flex,1673829,69
2025-11-18T15:13:00.298Z,QH224,Boeing 737 All Series Passenger,SGN,HAN,2026-01-26,10:40,12:50,Economy Flex,1673829,69
2025-11-18T15:13:00.298Z,QH242,Boeing 737 All Series Passenger,SGN,HAN,2026-01-26,13:15,15:25,Economy Flex,1673829,69
2025-11-18T15:13:00.298Z,QH268,Airbus A321,SGN,HAN,2026-01-26,19:20,21:30,Economy Flex,1673829,69
2025-11-18T15:13:35.619Z,QH268,Airbus A321,SGN,HAN,2026-01-27,19:20,21:30,Economy Smart,920686,70
2025-11-18T15:13:35.619Z,QH204,Airbus A321,SGN,HAN,2026-01-27,07:10,09:20,Economy Smart,1136686,70
2025-11-18T15:13:35.619Z,QH224,Boeing 737 All Series Passenger,SGN,HAN,2026-01-27,10:40,12:50,Economy Smart,1266400,70
2025-11-18T15:13:35.619Z,QH242,Boeing 737 All Series Passenger,SGN,HAN,2026-01-27,13:15,15:25,Economy Smart,1266400,70
2025-11-18T15:13:35.619Z,QH204,Airbus A321,SGN,HAN,2026-01-27,07:10,09:20,Economy Flex,1673829,70
2025-11-18T15:13:35.619Z,QH224,Boeing 737 All Series Passenger,SGN,HAN,2026-01-27,10:40,12:50,Economy Flex,1673829,70
2025-11-18T15:13:35.619Z,QH242,Boeing 737 All Series Passenger,SGN,HAN,2026-01-27,13:15,15:25,Economy Flex,1673829,70
2025-11-18T15:13:35.619Z,QH268,Airbus A321,SGN,HAN,2026-01-27,19:20,21:30,Economy Flex,1673829,70
2025-11-18T15:14:07.976Z,QH268,Airbus A321,SGN,HAN,2026-01-28,19:20,21:30,Economy Smart,920686,71
2025-11-18T15:14:07.976Z,QH204,Airbus A321,SGN,HAN,2026-01-28,07:10,09:20,Economy Smart,1136686,71
2025-11-18T15:14:07.976Z,QH224,Boeing 737 All Series Passenger,SGN,HAN,2026-01-28,10:40,12:50,Economy Smart,1266400,71
2025-11-18T15:14:07.976Z,QH242,Boeing 737 All Series Passenger,SGN,HAN,2026-01-28,13:15,15:25,Economy Smart,1266400,71
2025-11-18T15:14:07.976Z,QH204,Airbus A321,SGN,HAN,2026-01-28,07:10,09:20,Economy Flex,1673829,71
2025-11-18T15:14:07.976Z,QH224,Boeing 737 All Series Passenger,SGN,HAN,2026-01-28,10:40,12:50,Economy Flex,1673829,71
2025-11-18T15:14:07.976Z,QH242,Boeing 737 All Series Passenger,SGN,HAN,2026-01-28,13:15,15:25,Economy Flex,1673829,71
2025-11-18T15:14:07.976Z,QH268,Airbus A321,SGN,HAN,2026-01-28,19:20,21:30,Economy Flex,1673829,71
2025-11-18T15:14:43.342Z,QH204,Airbus A321,SGN,HAN,2026-01-29,07:10,09:20,Economy Smart,1266400,72
2025-11-18T15:14:43.342Z,QH224,Boeing 737 All Series Passenger,SGN,HAN,2026-01-29,10:40,12:50,Economy Smart,1266400,72
2025-11-18T15:14:43.342Z,QH242,Boeing 737 All Series Passenger,SGN,HAN,2026-01-29,13:15,15:25,Economy Smart,1266400,72
2025-11-18T15:14:43.342Z,QH268,Airbus A321,SGN,HAN,2026-01-29,19:20,21:30,Economy Smart,1266400,72
2025-11-18T15:14:43.342Z,QH204,Airbus A321,SGN,HAN,2026-01-29,07:10,09:20,Economy Flex,1673829,72
2025-11-18T15:14:43.342Z,QH224,Boeing 737 All Series Passenger,SGN,HAN,2026-01-29,10:40,12:50,Economy Flex,1673829,72
2025-11-18T15:14:43.342Z,QH242,Boeing 737 All Series Passenger,SGN,HAN,2026-01-29,13:15,15:25,Economy Flex,1673829,72
2025-11-18T15:14:43.342Z,QH268,Airbus A321,SGN,HAN,2026-01-29,19:20,21:30,Economy Flex,1673829,72
2025-11-18T15:15:19.503Z,QH224,Boeing 737 All Series Passenger,SGN,HAN,2026-01-30,10:40,12:50,Economy Smart,1266400,73
2025-11-18T15:15:19.503Z,QH242,Boeing 737 All Series Passenger,SGN,HAN,2026-01-30,13:15,15:25,Economy Smart,1266400,73
2025-11-18T15:15:19.503Z,QH268,Airbus A321,SGN,HAN,2026-01-30,19:20,21:30,Economy Smart,1266400,73
2025-11-18T15:15:19.503Z,QH204,Airbus A321,SGN,HAN,2026-01-30,07:10,09:20,Economy Smart,1396114,73
2025-11-18T15:15:19.503Z,QH204,Airbus A321,SGN,HAN,2026-01-30,07:10,09:20,Economy Flex,1673829,73
2025-11-18T15:15:19.503Z,QH224,Boeing 737 All Series Passenger,SGN,HAN,2026-01-30,10:40,12:50,Economy Flex,1673829,73
2025-11-18T15:15:19.503Z,QH242,Boeing 737 All Series Passenger,SGN,HAN,2026-01-30,13:15,15:25,Economy Flex,1673829,73
2025-11-18T15:15:19.503Z,QH268,Airbus A321,SGN,HAN,2026-01-30,19:20,21:30,Economy Flex,1673829,73
2025-11-18T15:15:53.592Z,QH204,Airbus A321,SGN,HAN,2026-01-31,07:10,09:20,Economy Smart,1266400,74
2025-11-18T15:15:53.592Z,QH224,Boeing 737 All Series Passenger,SGN,HAN,2026-01-31,10:40,12:50,Economy Smart,1266400,74
2025-11-18T15:15:53.592Z,QH242,Boeing 737 All Series Passenger,SGN,HAN,2026-01-31,13:15,15:25,Economy Smart,1266400,74
2025-11-18T15:15:53.592Z,QH268,Airbus A321,SGN,HAN,2026-01-31,19:20,21:30,Economy Smart,1266400,74
2025-11-18T15:15:53.592Z,QH204,Airbus A321,SGN,HAN,2026-01-31,07:10,09:20,Economy Flex,1673829,74
2025-11-18T15:15:53.592Z,QH224,Boeing 737 All Series Passenger,SGN,HAN,2026-01-31,10:40,12:50,Economy Flex,1673829,74
2025-11-18T15:15:53.592Z,QH242,Boeing 737 All Series Passenger,SGN,HAN,2026-01-31,13:15,15:25,Economy Flex,1673829,74
2025-11-18T15:15:53.592Z,QH268,Airbus A321,SGN,HAN,2026-01-31,19:20,21:30,Economy Flex,1673829,74
2025-11-18T15:16:26.239Z,QH204,Airbus A321,SGN,HAN,2026-01-02,07:10,09:20,Economy Smart,1396114,45
2025-11-18T15:16:26.239Z,QH224,Boeing 737 All Series Passenger,SGN,HAN,2026-01-02,10:40,12:50,Economy Smart,1396114,45
2025-11-18T15:16:26.239Z,QH242,Boeing 737 All Series Passenger,SGN,HAN,2026-01-02,13:15,15:25,Economy Smart,1396114,45
2025-11-18T15:16:26.239Z,QH268,Airbus A321,SGN,HAN,2026-01-02,19:20,21:30,Economy Smart,1396114,45
2025-11-18T15:16:26.239Z,QH204,Airbus A321,SGN,HAN,2026-01-02,07:10,09:20,Economy Flex,1673829,45
2025-11-18T15:16:26.239Z,QH224,Boeing 737 All Series Passenger,SGN,HAN,2026-01-02,10:40,12:50,Economy Flex,1673829,45
2025-11-18T15:16:26.239Z,QH242,Boeing 737 All Series Passenger,SGN,HAN,2026-01-02,13:15,15:25,Economy Flex,1673829,45
2025-11-18T15:16:26.239Z,QH268,Airbus A321,SGN,HAN,2026-01-02,19:20,21:30,Economy Flex,1673829,45
2025-11-18T15:17:18.551Z,QH204,Airbus A321,SGN,HAN,2026-02-02,07:10,09:20,Economy Smart,1396114,76
2025-11-18T15:17:18.551Z,QH224,Boeing 737 All Series Passenger,SGN,HAN,2026-02-02,10:40,12:50,Economy Smart,1396114,76
2025-11-18T15:17:18.551Z,QH242,Boeing 737 All Series Passenger,SGN,HAN,2026-02-02,13:15,15:25,Economy Smart,1396114,76
2025-11-18T15:17:18.551Z,QH268,Airbus A321,SGN,HAN,2026-02-02,19:20,21:30,Economy Smart,1396114,76
2025-11-18T15:17:18.551Z,QH204,Airbus A321,SGN,HAN,2026-02-02,07:10,09:20,Economy Flex,1673829,76
2025-11-18T15:17:18.551Z,QH224,Boeing 737 All Series Passenger,SGN,HAN,2026-02-02,10:40,12:50,Economy Flex,1673829,76
2025-11-18T15:17:18.551Z,QH242,Boeing 737 All Series Passenger,SGN,HAN,2026-02-02,13:15,15:25,Economy Flex,1673829,76
2025-11-18T15:17:18.551Z,QH268,Airbus A321,SGN,HAN,2026-02-02,19:20,21:30,Economy Flex,1673829,76
2025-11-18T15:19:13.946Z,QH204,Airbus A321,SGN,HAN,2026-03-02,07:10,09:20,Economy Smart,1525257,104
2025-11-18T15:19:13.946Z,QH242,Boeing 737 All Series Passenger,SGN,HAN,2026-03-02,13:15,15:25,Economy Smart,1525257,104
2025-11-18T15:19:13.946Z,QH268,Airbus A321,SGN,HAN,2026-03-02,19:20,21:30,Economy Smart,1525257,104
2025-11-18T15:19:13.946Z,QH204,Airbus A321,SGN,HAN,2026-03-02,07:10,09:20,Economy Flex,1673829,104
2025-11-18T15:19:13.946Z,QH224,Boeing 737 All Series Passenger,SGN,HAN,2026-03-02,10:40,12:50,Economy Flex,1673829,104
2025-11-18T15:19:13.946Z,QH242,Boeing 737 All Series Passenger,SGN,HAN,2026-03-02,13:15,15:25,Economy Flex,1673829,104
2025-11-18T15:19:13.946Z,QH268,Airbus A321,SGN,HAN,2026-03-02,19:20,21:30,Economy Flex,1673829,104
2025-11-18T15:19:52.084Z,QH204,Airbus A321,SGN,HAN,2026-04-02,07:10,09:20,Economy Flex,1673829,135
2025-11-18T15:19:52.084Z,QH224,Boeing 737 All Series Passenger,SGN,HAN,2026-04-02,10:40,12:50,Economy Flex,1673829,135
2025-11-18T15:19:52.084Z,QH242,Boeing 737 All Series Passenger,SGN,HAN,2026-04-02,13:15,15:25,Economy Flex,1673829,135
2025-11-18T15:19:52.084Z,QH268,Airbus A321,SGN,HAN,2026-04-02,19:20,21:30,Economy Flex,1673829,135
2025-11-18T15:20:45.827Z,QH204,Airbus A321,SGN,HAN,2026-05-02,07:10,09:20,Economy Flex,1864686,165
2025-11-18T15:20:45.827Z,QH224,Boeing 737 All Series Passenger,SGN,HAN,2026-05-02,10:40,12:50,Economy Flex,1864686,165
2025-11-18T15:20:45.827Z,QH242,Boeing 737 All Series Passenger,SGN,HAN,2026-05-02,13:15,15:25,Economy Flex,1864686,165
2025-11-18T15:20:45.827Z,QH268,Airbus A321,SGN,HAN,2026-05-02,19:20,21:30,Economy Flex,1864686,165
2025-11-18T15:22:05.312Z,QH204,Airbus A321,SGN,HAN,2026-06-02,07:10,09:20,Economy Flex,2053829,196
2025-11-18T15:22:05.312Z,QH224,Boeing 737 All Series Passenger,SGN,HAN,2026-06-02,10:40,12:50,Economy Flex,2053829,196
2025-11-18T15:22:05.312Z,QH242,Boeing 737 All Series Passenger,SGN,HAN,2026-06-02,13:15,15:25,Economy Flex,2053829,196
2025-11-18T15:22:05.312Z,QH268,Airbus A321,SGN,HAN,2026-06-02,19:20,21:30,Economy Flex,2053829,196
2025-11-18T15:22:53.932Z,QH204,Airbus A321,SGN,HAN,2026-07-02,07:10,09:20,Economy Flex,2053829,226
2025-11-18T15:22:53.932Z,QH224,Boeing 737 All Series Passenger,SGN,HAN,2026-07-02,10:40,12:50,Economy Flex,2053829,226
2025-11-18T15:22:53.932Z,QH242,Boeing 737 All Series Passenger,SGN,HAN,2026-07-02,13:15,15:25,Economy Flex,2053829,226
2025-11-18T15:22:53.932Z,QH268,Airbus A321,SGN,HAN,2026-07-02,19:20,21:30,Economy Flex,2053829,226
2025-11-18T15:23:31.490Z,QH204,Airbus A321,SGN,HAN,2026-08-02,07:10,09:20,Economy Flex,2053829,257
2025-11-18T15:23:31.490Z,QH224,Boeing 737 All Series Passenger,SGN,HAN,2026-08-02,10:40,12:50,Economy Flex,2053829,257
2025-11-18T15:23:31.490Z,QH242,Boeing 737 All Series Passenger,SGN,HAN,2026-08-02,13:15,15:25,Economy Flex,2053829,257
2025-11-18T15:23:31.490Z,QH268,Airbus A321,SGN,HAN,2026-08-02,19:20,21:30,Economy Flex,2053829,257
2025-11-18T15:24:10.248Z,QH204,Airbus A321,SGN,HAN,2026-09-02,07:10,09:20,Economy Flex,2053829,288
2025-11-18T15:24:10.248Z,QH224,Boeing 737 All Series Passenger,SGN,HAN,2026-09-02,10:40,12:50,Economy Flex,2053829,288
2025-11-18T15:24:10.248Z,QH242,Boeing 737 All Series Passenger,SGN,HAN,2026-09-02,13:15,15:25,Economy Flex,2053829,288
2025-11-18T15:24:10.248Z,QH268,Airbus A321,SGN,HAN,2026-09-02,19:20,21:30,Economy Flex,2053829,288
2025-11-18T15:24:44.353Z,QH204,Airbus A321,SGN,HAN,2026-10-02,07:10,09:20,Economy Flex,2053829,318
2025-11-18T15:24:44.353Z,QH224,Boeing 737 All Series Passenger,SGN,HAN,2026-10-02,10:40,12:50,Economy Flex,2053829,318
2025-11-18T15:24:44.353Z,QH242,Boeing 737 All Series Passenger,SGN,HAN,2026-10-02,13:15,15:25,Economy Flex,2053829,318
2025-11-18T15:24:44.353Z,QH268,Airbus A321,SGN,HAN,2026-10-02,19:20,21:30,Economy Flex,2053829,318
2025-11-18T15:25:20.392Z,QH204,Airbus A321,SGN,HAN,2026-11-02,07:10,09:20,Economy Flex,2053829,349
2025-11-18T15:25:20.392Z,QH224,Boeing 737 All Series Passenger,SGN,HAN,2026-11-02,10:40,12:50,Economy Flex,2053829,349
2025-11-18T15:25:20.392Z,QH242,Boeing 737 All Series Passenger,SGN,HAN,2026-11-02,13:15,15:25,Economy Flex,2053829,349
2025-11-18T15:25:20.392Z,QH268,Airbus A321,SGN,HAN,2026-11-02,19:20,21:30,Economy Flex,2053829,349
2025-11-18T15:25:52.783Z,QH204,Airbus A321,SGN,HAN,2026-12-02,07:10,09:20,Economy Flex,2053829,379
2025-11-18T15:25:52.783Z,QH224,Boeing 737 All Series Passenger,SGN,HAN,2026-12-02,10:40,12:50,Economy Flex,2053829,379
2025-11-18T15:25:52.783Z,QH242,Boeing 737 All Series Passenger,SGN,HAN,2026-12-02,13:15,15:25,Economy Flex,2053829,379
2025-11-18T15:25:52.783Z,QH268,Airbus A321,SGN,HAN,2026-12-02,19:20,21:30,Economy Flex,2053829,379
2025-11-18T15:26:24.445Z,QH204,Airbus A321,SGN,HAN,2026-02-13,07:10,09:20,Economy Flex,2053829,87
2025-11-18T15:26:24.445Z,QH224,Boeing 737 All Series Passenger,SGN,HAN,2026-02-13,10:40,12:50,Economy Flex,2053829,87
2025-11-18T15:26:24.445Z,QH242,Boeing 737 All Series Passenger,SGN,HAN,2026-02-13,13:15,15:25,Economy Flex,2053829,87
2025-11-18T15:26:24.445Z,QH268,Airbus A321,SGN,HAN,2026-02-13,19:20,21:30,Economy Flex,2053829,87
2025-11-18T15:26:58.667Z,QH204,Airbus A321,SGN,HAN,2026-02-14,07:10,09:20,Economy Flex,2053829,88
2025-11-18T15:26:58.667Z,QH224,Boeing 737 All Series Passenger,SGN,HAN,2026-02-14,10:40,12:50,Economy Flex,2053829,88
2025-11-18T15:26:58.667Z,QH242,Boeing 737 All Series Passenger,SGN,HAN,2026-02-14,13:15,15:25,Economy Flex,2053829,88
2025-11-18T15:26:58.667Z,QH268,Airbus A321,SGN,HAN,2026-02-14,19:20,21:30,Economy Flex,2053829,88
2025-11-18T15:27:33.065Z,QH204,Airbus A321,SGN,HAN,2026-02-15,07:10,09:20,Economy Flex,2053829,89
2025-11-18T15:27:33.065Z,QH224,Boeing 737 All Series Passenger,SGN,HAN,2026-02-15,10:40,12:50,Economy Flex,2053829,89
2025-11-18T15:27:33.065Z,QH242,Boeing 737 All Series Passenger,SGN,HAN,2026-02-15,13:15,15:25,Economy Flex,2053829,89
2025-11-18T15:27:33.065Z,QH268,Airbus A321,SGN,HAN,2026-02-15,19:20,21:30,Economy Flex,2053829,89
2025-11-18T15:28:04.756Z,QH204,Airbus A321,SGN,HAN,2026-02-16,07:10,09:20,Economy Flex,2053829,90
2025-11-18T15:28:04.756Z,QH224,Boeing 737 All Series Passenger,SGN,HAN,2026-02-16,10:40,12:50,Economy Flex,2053829,90
2025-11-18T15:28:04.756Z,QH242,Boeing 737 All Series Passenger,SGN,HAN,2026-02-16,13:15,15:25,Economy Flex,2053829,90
2025-11-18T15:28:04.756Z,QH268,Airbus A321,SGN,HAN,2026-02-16,19:20,21:30,Economy Flex,2053829,90
2025-11-18T15:28:38.791Z,QH204,Airbus A321,SGN,HAN,2026-02-17,07:10,09:20,Economy Flex,1673829,91
2025-11-18T15:28:38.791Z,QH224,Boeing 737 All Series Passenger,SGN,HAN,2026-02-17,10:40,12:50,Economy Flex,1673829,91
2025-11-18T15:28:38.791Z,QH242,Boeing 737 All Series Passenger,SGN,HAN,2026-02-17,13:15,15:25,Economy Flex,1673829,91
2025-11-18T15:28:38.791Z,QH268,Airbus A321,SGN,HAN,2026-02-17,19:20,21:30,Economy Flex,1673829,91
2025-11-19T13:18:50.489Z,QH268,Airbus A321,SGN,HAN,2025-11-20,19:35,21:45,Economy Smart,941257,1
2025-11-19T13:18:50.489Z,QH242,Boeing 737 All Series Passenger,SGN,HAN,2025-11-20,13:15,15:25,Economy Flex,1583543,1
2025-11-19T13:18:50.489Z,QH268,Airbus A321,SGN,HAN,2025-11-20,19:35,21:45,Economy Flex,1583543,1
2025-11-19T13:19:25.689Z,QH204,Airbus A321,SGN,HAN,2025-11-21,07:10,09:20,Economy Smart,830400,2
2025-11-19T13:19:25.689Z,QH224,Boeing 737 All Series Passenger,SGN,HAN,2025-11-21,10:20,12:30,Economy Smart,830400,2
2025-11-19T13:19:25.689Z,QH268,Airbus A321,SGN,HAN,2025-11-21,19:35,21:45,Economy Smart,830400,2
2025-11-19T13:19:25.689Z,QH242,Boeing 737 All Series Passenger,SGN,HAN,2025-11-21,13:15,15:25,Economy Smart,941257,2
2025-11-19T13:19:25.689Z,QH204,Airbus A321,SGN,HAN,2025-11-21,07:10,09:20,Economy Flex,1583543,2
2025-11-19T13:19:25.689Z,QH224,Boeing 737 All Series Passenger,SGN,HAN,2025-11-21,10:20,12:30,Economy Flex,1583543,2
2025-11-19T13:19:25.689Z,QH242,Boeing 737 All Series Passenger,SGN,HAN,2025-11-21,13:15,15:25,Economy Flex,1583543,2
2025-11-19T13:19:25.689Z,QH268,Airbus A321,SGN,HAN,2025-11-21,19:35,21:45,Economy Flex,1583543,2
2025-11-19T13:20:02.862Z,QH268,Airbus A321,SGN,HAN,2025-11-22,19:35,21:45,Economy Smart,657829,3
2025-11-19T13:20:02.862Z,QH242,Boeing 737 All Series Passenger,SGN,HAN,2025-11-22,13:15,15:25,Economy Smart,731543,3
2025-11-19T13:20:02.862Z,QH268,Airbus A321,SGN,HAN,2025-11-22,19:35,21:45,Economy Smart,731543,3
2025-11-19T13:20:02.862Z,QH204,Airbus A321,SGN,HAN,2025-11-22,07:10,09:20,Economy Smart,830400,3
2025-11-19T13:20:02.862Z,QH224,Boeing 737 All Series Passenger,SGN,HAN,2025-11-22,10:20,12:30,Economy Smart,830400,3
2025-11-19T13:20:02.862Z,QH204,Airbus A321,SGN,HAN,2025-11-22,07:10,09:20,Economy Flex,1583543,3
2025-11-19T13:20:02.862Z,QH224,Boeing 737 All Series Passenger,SGN,HAN,2025-11-22,10:20,12:30,Economy Flex,1583543,3
2025-11-19T13:20:02.862Z,QH242,Boeing 737 All Series Passenger,SGN,HAN,2025-11-22,13:15,15:25,Economy Flex,1583543,3
2025-11-19T13:20:02.862Z,QH268,Airbus A321,SGN,HAN,2025-11-22,19:35,21:45,Economy Flex,1583543,3
2025-11-19T13:20:02.862Z,QH204,Airbus A321,SGN,HAN,2025-11-22,07:10,09:20,Business Smart,2478400,3
2025-11-19T13:20:02.862Z,QH204,Airbus A321,SGN,HAN,2025-11-22,07:10,09:20,Business Flex,3872686,3
2025-11-19T13:20:36.696Z,QH204,Airbus A321,SGN,HAN,2025-11-23,07:10,09:20,Economy Smart,830400,4
2025-11-19T13:20:36.696Z,QH224,Boeing 737 All Series Passenger,SGN,HAN,2025-11-23,10:20,12:30,Economy Smart,941257,4
2025-11-19T13:20:36.696Z,QH242,Boeing 737 All Series Passenger,SGN,HAN,2025-11-23,13:15,15:25,Economy Smart,941257,4
2025-11-19T13:20:36.696Z,QH268,Airbus A321,SGN,HAN,2025-11-23,19:35,21:45,Economy Smart,1046400,4
2025-11-19T13:20:36.696Z,QH204,Airbus A321,SGN,HAN,2025-11-23,07:10,09:20,Economy Flex,1583543,4
2025-11-19T13:20:36.696Z,QH224,Boeing 737 All Series Passenger,SGN,HAN,2025-11-23,10:20,12:30,Economy Flex,1583543,4
2025-11-19T13:20:36.696Z,QH242,Boeing 737 All Series Passenger,SGN,HAN,2025-11-23,13:15,15:25,Economy Flex,1583543,4
2025-11-19T13:20:36.696Z,QH268,Airbus A321,SGN,HAN,2025-11-23,19:35,21:45,Economy Flex,1583543,4
2025-11-19T13:21:08.812Z,QH268,Airbus A321,SGN,HAN,2025-11-24,19:35,21:45,Economy Smart,657829,5
2025-11-19T13:21:08.812Z,QH268,Airbus A321,SGN,HAN,2025-11-24,19:35,21:45,Economy Smart,731543,5
2025-11-19T13:21:08.812Z,QH204,Airbus A321,SGN,HAN,2025-11-24,07:10,09:20,Economy Smart,830400,5
2025-11-19T13:21:08.812Z,QH224,Boeing 737 All Series Passenger,SGN,HAN,2025-11-24,10:20,12:30,Economy Smart,941257,5
2025-11-19T13:21:08.812Z,QH242,Boeing 737 All Series Passenger,SGN,HAN,2025-11-24,13:15,15:25,Economy Smart,941257,5
2025-11-19T13:21:08.812Z,QH204,Airbus A321,SGN,HAN,2025-11-24,07:10,09:20,Economy Flex,1583543,5
2025-11-19T13:21:08.812Z,QH224,Boeing 737 All Series Passenger,SGN,HAN,2025-11-24,10:20,12:30,Economy Flex,1583543,5
2025-11-19T13:21:08.812Z,QH242,Boeing 737 All Series Passenger,SGN,HAN,2025-11-24,13:15,15:25,Economy Flex,1583543,5
2025-11-19T13:21:08.812Z,QH268,Airbus A321,SGN,HAN,2025-11-24,19:35,21:45,Economy Flex,1583543,5
2025-11-19T13:21:43.173Z,QH268,Airbus A321,SGN,HAN,2025-11-25,19:35,21:45,Economy Smart,657829,6
2025-11-19T13:21:43.173Z,QH204,Airbus A321,SGN,HAN,2025-11-25,07:10,09:20,Economy Smart,731543,6
2025-11-19T13:21:43.173Z,QH268,Airbus A321,SGN,HAN,2025-11-25,19:35,21:45,Economy Smart,731543,6
2025-11-19T13:21:43.173Z,QH224,Boeing 737 All Series Passenger,SGN,HAN,2025-11-25,10:20,12:30,Economy Smart,830400,6
2025-11-19T13:21:43.173Z,QH242,Boeing 737 All Series Passenger,SGN,HAN,2025-11-25,13:15,15:25,Economy Smart,830400,6
2025-11-19T13:21:43.173Z,QH204,Airbus A321,SGN,HAN,2025-11-25,07:10,09:20,Economy Flex,1583543,6
2025-11-19T13:21:43.173Z,QH224,Boeing 737 All Series Passenger,SGN,HAN,2025-11-25,10:20,12:30,Economy Flex,1583543,6
2025-11-19T13:21:43.173Z,QH242,Boeing 737 All Series Passenger,SGN,HAN,2025-11-25,13:15,15:25,Economy Flex,1583543,6
2025-11-19T13:21:43.173Z,QH268,Airbus A321,SGN,HAN,2025-11-25,19:35,21:45,Economy Flex,1583543,6
2025-11-19T13:22:56.120Z,QH268,Airbus A321,SGN,HAN,2025-11-27,19:35,21:45,Economy Smart,731543,8
2025-11-19T13:22:56.120Z,QH204,Airbus A321,SGN,HAN,2025-11-27,07:10,09:20,Economy Smart,941257,8
2025-11-19T13:22:56.120Z,QH242,Boeing 737 All Series Passenger,SGN,HAN,2025-11-27,13:15,15:25,Economy Smart,941257,8
2025-11-19T13:22:56.120Z,QH224,Boeing 737 All Series Passenger,SGN,HAN,2025-11-27,10:20,12:30,Economy Smart,1046400,8
2025-11-19T13:22:56.120Z,QH204,Airbus A321,SGN,HAN,2025-11-27,07:10,09:20,Economy Flex,1583543,8
2025-11-19T13:22:56.120Z,QH224,Boeing 737 All Series Passenger,SGN,HAN,2025-11-27,10:20,12:30,Economy Flex,1583543,8
2025-11-19T13:22:56.120Z,QH242,Boeing 737 All Series Passenger,SGN,HAN,2025-11-27,13:15,15:25,Economy Flex,1583543,8
2025-11-19T13:22:56.120Z,QH268,Airbus A321,SGN,HAN,2025-11-27,19:35,21:45,Economy Flex,1583543,8
2025-11-19T13:23:30.450Z,QH204,Airbus A321,SGN,HAN,2025-11-28,07:10,09:20,Economy Smart,830400,9
2025-11-19T13:23:30.450Z,QH268,Airbus A321,SGN,HAN,2025-11-28,19:35,21:45,Economy Smart,830400,9
2025-11-19T13:23:30.450Z,QH224,Boeing 737 All Series Passenger,SGN,HAN,2025-11-28,10:20,12:30,Economy Smart,1046400,9
2025-11-19T13:23:30.450Z,QH242,Boeing 737 All Series Passenger,SGN,HAN,2025-11-28,13:15,15:25,Economy Smart,1046400,9
2025-11-19T13:23:30.450Z,QH204,Airbus A321,SGN,HAN,2025-11-28,07:10,09:20,Economy Flex,1583543,9
2025-11-19T13:23:30.450Z,QH224,Boeing 737 All Series Passenger,SGN,HAN,2025-11-28,10:20,12:30,Economy Flex,1583543,9
2025-11-19T13:23:30.450Z,QH242,Boeing 737 All Series Passenger,SGN,HAN,2025-11-28,13:15,15:25,Economy Flex,1583543,9
2025-11-19T13:23:30.450Z,QH268,Airbus A321,SGN,HAN,2025-11-28,19:35,21:45,Economy Flex,1583543,9
2025-11-19T13:24:06.812Z,QH268,Airbus A321,SGN,HAN,2025-11-29,19:35,21:45,Economy Smart,657829,10
2025-11-19T13:24:06.812Z,QH268,Airbus A321,SGN,HAN,2025-11-29,19:35,21:45,Economy Smart,731543,10
2025-11-19T13:24:06.812Z,QH204,Airbus A321,SGN,HAN,2025-11-29,07:10,09:20,Economy Smart,830400,10
2025-11-19T13:24:06.812Z,QH242,Boeing 737 All Series Passenger,SGN,HAN,2025-11-29,13:15,15:25,Economy Smart,830400,10
2025-11-19T13:24:06.812Z,QH224,Boeing 737 All Series Passenger,SGN,HAN,2025-11-29,10:20,12:30,Economy Smart,941257,10
2025-11-19T13:24:06.812Z,QH204,Airbus A321,SGN,HAN,2025-11-29,07:10,09:20,Economy Flex,1583543,10
2025-11-19T13:24:06.812Z,QH224,Boeing 737 All Series Passenger,SGN,HAN,2025-11-29,10:20,12:30,Economy Flex,1583543,10
2025-11-19T13:24:06.812Z,QH242,Boeing 737 All Series Passenger,SGN,HAN,2025-11-29,13:15,15:25,Economy Flex,1583543,10
2025-11-19T13:24:06.812Z,QH268,Airbus A321,SGN,HAN,2025-11-29,19:35,21:45,Economy Flex,1583543,10
2025-11-19T13:24:43.074Z,QH204,Airbus A321,SGN,HAN,2025-11-30,07:10,09:20,Economy Smart,830400,11
2025-11-19T13:24:43.074Z,QH268,Airbus A321,SGN,HAN,2025-11-30,19:35,21:45,Economy Smart,830400,11
2025-11-19T13:24:43.074Z,QH224,Boeing 737 All Series Passenger,SGN,HAN,2025-11-30,10:20,12:30,Economy Smart,941257,11
2025-11-19T13:24:43.074Z,QH242,Boeing 737 All Series Passenger,SGN,HAN,2025-11-30,13:15,15:25,Economy Smart,941257,11
2025-11-19T13:24:43.074Z,QH204,Airbus A321,SGN,HAN,2025-11-30,07:10,09:20,Economy Flex,1583543,11
2025-11-19T13:24:43.074Z,QH224,Boeing 737 All Series Passenger,SGN,HAN,2025-11-30,10:20,12:30,Economy Flex,1583543,11
2025-11-19T13:24:43.074Z,QH242,Boeing 737 All Series Passenger,SGN,HAN,2025-11-30,13:15,15:25,Economy Flex,1583543,11
2025-11-19T13:24:43.074Z,QH268,Airbus A321,SGN,HAN,2025-11-30,19:35,21:45,Economy Flex,1583543,11
2025-11-19T13:25:17.701Z,QH204,Airbus A321,SGN,HAN,2025-01-12,07:10,09:20,Economy Smart,731543,-311
2025-11-19T13:25:17.701Z,QH268,Airbus A321,SGN,HAN,2025-01-12,19:20,21:30,Economy Smart,731543,-311
2025-11-19T13:25:17.701Z,QH242,Boeing 737 All Series Passenger,SGN,HAN,2025-01-12,13:15,15:25,Economy Smart,941257,-311
2025-11-19T13:25:17.701Z,QH224,Boeing 737 All Series Passenger,SGN,HAN,2025-01-12,10:40,12:50,Economy Smart,1046400,-311
2025-11-19T13:25:17.701Z,QH204,Airbus A321,SGN,HAN,2025-01-12,07:10,09:20,Economy Flex,1583543,-311
2025-11-19T13:25:17.701Z,QH224,Boeing 737 All Series Passenger,SGN,HAN,2025-01-12,10:40,12:50,Economy Flex,1583543,-311
2025-11-19T13:25:17.701Z,QH242,Boeing 737 All Series Passenger,SGN,HAN,2025-01-12,13:15,15:25,Economy Flex,1583543,-311
2025-11-19T13:25:17.701Z,QH268,Airbus A321,SGN,HAN,2025-01-12,19:20,21:30,Economy Flex,1583543,-311
2025-11-19T13:25:55.499Z,QH204,Airbus A321,SGN,HAN,2025-02-12,07:10,09:20,Economy Smart,657829,-280
2025-11-19T13:25:55.499Z,QH268,Airbus A321,SGN,HAN,2025-02-12,19:20,21:30,Economy Smart,657829,-280
2025-11-19T13:25:55.499Z,QH204,Airbus A321,SGN,HAN,2025-02-12,07:10,09:20,Economy Smart,731543,-280
2025-11-19T13:25:55.499Z,QH268,Airbus A321,SGN,HAN,2025-02-12,19:20,21:30,Economy Smart,731543,-280
2025-11-19T13:25:55.499Z,QH224,Boeing 737 All Series Passenger,SGN,HAN,2025-02-12,10:40,12:50,Economy Smart,941257,-280
2025-11-19T13:25:55.499Z,QH242,Boeing 737 All Series Passenger,SGN,HAN,2025-02-12,13:15,15:25,Economy Smart,941257,-280
2025-11-19T13:25:55.499Z,QH204,Airbus A321,SGN,HAN,2025-02-12,07:10,09:20,Economy Flex,1583543,-280
2025-11-19T13:25:55.499Z,QH224,Boeing 737 All Series Passenger,SGN,HAN,2025-02-12,10:40,12:50,Economy Flex,1583543,-280
2025-11-19T13:25:55.499Z,QH242,Boeing 737 All Series Passenger,SGN,HAN,2025-02-12,13:15,15:25,Economy Flex,1583543,-280
2025-11-19T13:25:55.499Z,QH268,Airbus A321,SGN,HAN,2025-02-12,19:20,21:30,Economy Flex,1583543,-280
2025-11-19T13:26:30.567Z,QH204,Airbus A321,SGN,HAN,2025-03-12,07:10,09:20,Economy Smart,657829,-252
2025-11-19T13:26:30.567Z,QH204,Airbus A321,SGN,HAN,2025-03-12,07:10,09:20,Economy Smart,731543,-252
2025-11-19T13:26:30.567Z,QH268,Airbus A321,SGN,HAN,2025-03-12,19:20,21:30,Economy Smart,731543,-252
2025-11-19T13:26:30.567Z,QH224,Boeing 737 All Series Passenger,SGN,HAN,2025-03-12,10:40,12:50,Economy Smart,941257,-252
2025-11-19T13:26:30.567Z,QH242,Boeing 737 All Series Passenger,SGN,HAN,2025-03-12,13:15,15:25,Economy Smart,941257,-252
2025-11-19T13:26:30.567Z,QH204,Airbus A321,SGN,HAN,2025-03-12,07:10,09:20,Economy Flex,1583543,-252
2025-11-19T13:26:30.567Z,QH224,Boeing 737 All Series Passenger,SGN,HAN,2025-03-12,10:40,12:50,Economy Flex,1583543,-252
2025-11-19T13:26:30.567Z,QH242,Boeing 737 All Series Passenger,SGN,HAN,2025-03-12,13:15,15:25,Economy Flex,1583543,-252
2025-11-19T13:26:30.567Z,QH268,Airbus A321,SGN,HAN,2025-03-12,19:20,21:30,Economy Flex,1583543,-252
2025-11-19T13:27:07.205Z,QH268,Airbus A321,SGN,HAN,2025-04-12,19:20,21:30,Economy Smart,731543,-221
2025-11-19T13:27:07.205Z,QH204,Airbus A321,SGN,HAN,2025-04-12,07:10,09:20,Economy Smart,830400,-221
2025-11-19T13:27:07.205Z,QH224,Boeing 737 All Series Passenger,SGN,HAN,2025-04-12,10:40,12:50,Economy Smart,1046400,-221
2025-11-19T13:27:07.205Z,QH242,Boeing 737 All Series Passenger,SGN,HAN,2025-04-12,13:15,15:25,Economy Smart,1046400,-221
2025-11-19T13:27:07.205Z,QH204,Airbus A321,SGN,HAN,2025-04-12,07:10,09:20,Economy Flex,1583543,-221
2025-11-19T13:27:07.205Z,QH224,Boeing 737 All Series Passenger,SGN,HAN,2025-04-12,10:40,12:50,Economy Flex,1583543,-221
2025-11-19T13:27:07.205Z,QH242,Boeing 737 All Series Passenger,SGN,HAN,2025-04-12,13:15,15:25,Economy Flex,1583543,-221
2025-11-19T13:27:07.205Z,QH268,Airbus A321,SGN,HAN,2025-04-12,19:20,21:30,Economy Flex,1583543,-221
2025-11-19T13:27:45.129Z,QH204,Airbus A321,SGN,HAN,2025-05-12,07:10,09:20,Economy Smart,830400,-191
2025-11-19T13:27:45.129Z,QH268,Airbus A321,SGN,HAN,2025-05-12,19:20,21:30,Economy Smart,830400,-191
2025-11-19T13:27:45.129Z,QH224,Boeing 737 All Series Passenger,SGN,HAN,2025-05-12,10:40,12:50,Economy Smart,941257,-191
2025-11-19T13:27:45.129Z,QH242,Boeing 737 All Series Passenger,SGN,HAN,2025-05-12,13:15,15:25,Economy Smart,1176114,-191
2025-11-19T13:27:45.129Z,QH204,Airbus A321,SGN,HAN,2025-05-12,07:10,09:20,Economy Flex,1583543,-191
2025-11-19T13:27:45.129Z,QH224,Boeing 737 All Series Passenger,SGN,HAN,2025-05-12,10:40,12:50,Economy Flex,1583543,-191
2025-11-19T13:27:45.129Z,QH242,Boeing 737 All Series Passenger,SGN,HAN,2025-05-12,13:15,15:25,Economy Flex,1583543,-191
2025-11-19T13:27:45.129Z,QH268,Airbus A321,SGN,HAN,2025-05-12,19:20,21:30,Economy Flex,1583543,-191
2025-11-19T13:28:24.792Z,QH268,Airbus A321,SGN,HAN,2025-06-12,19:20,21:30,Economy Smart,657829,-160
2025-11-19T13:28:24.792Z,QH204,Airbus A321,SGN,HAN,2025-06-12,07:10,09:20,Economy Smart,731543,-160
2025-11-19T13:28:24.792Z,QH268,Airbus A321,SGN,HAN,2025-06-12,19:20,21:30,Economy Smart,731543,-160
2025-11-19T13:28:24.792Z,QH242,Boeing 737 All Series Passenger,SGN,HAN,2025-06-12,13:15,15:25,Economy Smart,941257,-160
2025-11-19T13:28:24.792Z,QH224,Boeing 737 All Series Passenger,SGN,HAN,2025-06-12,10:40,12:50,Economy Smart,1046400,-160
2025-11-19T13:28:24.792Z,QH204,Airbus A321,SGN,HAN,2025-06-12,07:10,09:20,Economy Flex,1583543,-160
2025-11-19T13:28:24.792Z,QH224,Boeing 737 All Series Passenger,SGN,HAN,2025-06-12,10:40,12:50,Economy Flex,1583543,-160
2025-11-19T13:28:24.792Z,QH242,Boeing 737 All Series Passenger,SGN,HAN,2025-06-12,13:15,15:25,Economy Flex,1583543,-160
2025-11-19T13:28:24.792Z,QH268,Airbus A321,SGN,HAN,2025-06-12,19:20,21:30,Economy Flex,1583543,-160
2025-11-19T13:29:02.614Z,QH204,Airbus A321,SGN,HAN,2025-07-12,07:10,09:20,Economy Smart,731543,-130
2025-11-19T13:29:02.614Z,QH268,Airbus A321,SGN,HAN,2025-07-12,19:20,21:30,Economy Smart,830400,-130
2025-11-19T13:29:02.614Z,QH224,Boeing 737 All Series Passenger,SGN,HAN,2025-07-12,10:40,12:50,Economy Smart,941257,-130
2025-11-19T13:29:02.614Z,QH242,Boeing 737 All Series Passenger,SGN,HAN,2025-07-12,13:15,15:25,Economy Smart,941257,-130
2025-11-19T13:29:02.614Z,QH204,Airbus A321,SGN,HAN,2025-07-12,07:10,09:20,Economy Flex,1583543,-130
2025-11-19T13:29:02.614Z,QH224,Boeing 737 All Series Passenger,SGN,HAN,2025-07-12,10:40,12:50,Economy Flex,1583543,-130
2025-11-19T13:29:02.614Z,QH242,Boeing 737 All Series Passenger,SGN,HAN,2025-07-12,13:15,15:25,Economy Flex,1583543,-130
2025-11-19T13:29:02.614Z,QH268,Airbus A321,SGN,HAN,2025-07-12,19:20,21:30,Economy Flex,1583543,-130
2025-11-19T13:29:42.040Z,QH268,Airbus A321,SGN,HAN,2025-08-12,19:20,21:30,Economy Smart,657829,-99
2025-11-19T13:29:42.040Z,QH204,Airbus A321,SGN,HAN,2025-08-12,07:10,09:20,Economy Smart,731543,-99
2025-11-19T13:29:42.040Z,QH268,Airbus A321,SGN,HAN,2025-08-12,19:20,21:30,Economy Smart,731543,-99
2025-11-19T13:29:42.040Z,QH242,Boeing 737 All Series Passenger,SGN,HAN,2025-08-12,13:15,15:25,Economy Smart,830400,-99
2025-11-19T13:29:42.040Z,QH224,Boeing 737 All Series Passenger,SGN,HAN,2025-08-12,10:40,12:50,Economy Smart,941257,-99
2025-11-19T13:29:42.040Z,QH204,Airbus A321,SGN,HAN,2025-08-12,07:10,09:20,Economy Flex,1583543,-99
2025-11-19T13:29:42.040Z,QH224,Boeing 737 All Series Passenger,SGN,HAN,2025-08-12,10:40,12:50,Economy Flex,1583543,-99
2025-11-19T13:29:42.040Z,QH242,Boeing 737 All Series Passenger,SGN,HAN,2025-08-12,13:15,15:25,Economy Flex,1583543,-99
2025-11-19T13:29:42.040Z,QH268,Airbus A321,SGN,HAN,2025-08-12,19:20,21:30,Economy Flex,1583543,-99
2025-11-19T13:30:17.060Z,QH204,Airbus A321,SGN,HAN,2025-09-12,07:10,09:20,Economy Smart,657829,-68
2025-11-19T13:30:17.060Z,QH268,Airbus A321,SGN,HAN,2025-09-12,19:20,21:30,Economy Smart,657829,-68
2025-11-19T13:30:17.060Z,QH204,Airbus A321,SGN,HAN,2025-09-12,07:10,09:20,Economy Smart,731543,-68
2025-11-19T13:30:17.060Z,QH268,Airbus A321,SGN,HAN,2025-09-12,19:20,21:30,Economy Smart,731543,-68
2025-11-19T13:30:17.060Z,QH224,Boeing 737 All Series Passenger,SGN,HAN,2025-09-12,10:40,12:50,Economy Smart,830400,-68
2025-11-19T13:30:17.060Z,QH242,Boeing 737 All Series Passenger,SGN,HAN,2025-09-12,13:15,15:25,Economy Smart,830400,-68
2025-11-19T13:30:17.060Z,QH204,Airbus A321,SGN,HAN,2025-09-12,07:10,09:20,Economy Flex,1583543,-68
2025-11-19T13:30:17.060Z,QH224,Boeing 737 All Series Passenger,SGN,HAN,2025-09-12,10:40,12:50,Economy Flex,1583543,-68
2025-11-19T13:30:17.060Z,QH242,Boeing 737 All Series Passenger,SGN,HAN,2025-09-12,13:15,15:25,Economy Flex,1583543,-68
2025-11-19T13:30:17.060Z,QH268,Airbus A321,SGN,HAN,2025-09-12,19:20,21:30,Economy Flex,1583543,-68
2025-11-19T13:30:56.435Z,QH204,Airbus A321,SGN,HAN,2025-10-12,07:10,09:20,Economy Smart,657829,-38
2025-11-19T13:30:56.435Z,QH268,Airbus A321,SGN,HAN,2025-10-12,19:20,21:30,Economy Smart,657829,-38
2025-11-19T13:30:56.435Z,QH204,Airbus A321,SGN,HAN,2025-10-12,07:10,09:20,Economy Smart,731543,-38
2025-11-19T13:30:56.435Z,QH268,Airbus A321,SGN,HAN,2025-10-12,19:20,21:30,Economy Smart,731543,-38
2025-11-19T13:30:56.435Z,QH242,Boeing 737 All Series Passenger,SGN,HAN,2025-10-12,13:15,15:25,Economy Smart,830400,-38
2025-11-19T13:30:56.435Z,QH224,Boeing 737 All Series Passenger,SGN,HAN,2025-10-12,10:40,12:50,Economy Smart,941257,-38
2025-11-19T13:30:56.435Z,QH204,Airbus A321,SGN,HAN,2025-10-12,07:10,09:20,Economy Flex,1583543,-38
2025-11-19T13:30:56.435Z,QH224,Boeing 737 All Series Passenger,SGN,HAN,2025-10-12,10:40,12:50,Economy Flex,1583543,-38
2025-11-19T13:30:56.435Z,QH242,Boeing 737 All Series Passenger,SGN,HAN,2025-10-12,13:15,15:25,Economy Flex,1583543,-38
2025-11-19T13:30:56.435Z,QH268,Airbus A321,SGN,HAN,2025-10-12,19:20,21:30,Economy Flex,1583543,-38
2025-11-19T13:31:31.615Z,QH268,Airbus A321,SGN,HAN,2025-11-12,19:20,21:30,Economy Smart,731543,-7
2025-11-19T13:31:31.615Z,QH204,Airbus A321,SGN,HAN,2025-11-12,07:10,09:20,Economy Smart,830400,-7
2025-11-19T13:31:31.615Z,QH242,Boeing 737 All Series Passenger,SGN,HAN,2025-11-12,13:15,15:25,Economy Smart,941257,-7
2025-11-19T13:31:31.615Z,QH224,Boeing 737 All Series Passenger,SGN,HAN,2025-11-12,10:40,12:50,Economy Smart,1046400,-7
2025-11-19T13:31:31.615Z,QH204,Airbus A321,SGN,HAN,2025-11-12,07:10,09:20,Economy Flex,1583543,-7
2025-11-19T13:31:31.615Z,QH224,Boeing 737 All Series Passenger,SGN,HAN,2025-11-12,10:40,12:50,Economy Flex,1583543,-7
2025-11-19T13:31:31.615Z,QH242,Boeing 737 All Series Passenger,SGN,HAN,2025-11-12,13:15,15:25,Economy Flex,1583543,-7
2025-11-19T13:31:31.615Z,QH268,Airbus A321,SGN,HAN,2025-11-12,19:20,21:30,Economy Flex,1583543,-7
2025-11-19T13:32:44.166Z,QH204,Airbus A321,SGN,HAN,2025-12-13,07:10,09:20,Economy Smart,830400,24
2025-11-19T13:32:44.166Z,QH268,Airbus A321,SGN,HAN,2025-12-13,19:20,21:30,Economy Smart,830400,24
2025-11-19T13:32:44.166Z,QH224,Boeing 737 All Series Passenger,SGN,HAN,2025-12-13,10:40,12:50,Economy Smart,941257,24
2025-11-19T13:32:44.166Z,QH242,Boeing 737 All Series Passenger,SGN,HAN,2025-12-13,13:15,15:25,Economy Smart,941257,24
2025-11-19T13:32:44.166Z,QH204,Airbus A321,SGN,HAN,2025-12-13,07:10,09:20,Economy Flex,1583543,24
2025-11-19T13:32:44.166Z,QH224,Boeing 737 All Series Passenger,SGN,HAN,2025-12-13,10:40,12:50,Economy Flex,1583543,24
2025-11-19T13:32:44.166Z,QH242,Boeing 737 All Series Passenger,SGN,HAN,2025-12-13,13:15,15:25,Economy Flex,1583543,24
2025-11-19T13:32:44.166Z,QH268,Airbus A321,SGN,HAN,2025-12-13,19:20,21:30,Economy Flex,1583543,24
2025-11-19T13:33:20.090Z,QH204,Airbus A321,SGN,HAN,2025-12-14,07:10,09:20,Economy Smart,731543,25
2025-11-19T13:33:20.090Z,QH268,Airbus A321,SGN,HAN,2025-12-14,19:20,21:30,Economy Smart,731543,25
2025-11-19T13:33:20.090Z,QH224,Boeing 737 All Series Passenger,SGN,HAN,2025-12-14,10:40,12:50,Economy Smart,941257,25
2025-11-19T13:33:20.090Z,QH242,Boeing 737 All Series Passenger,SGN,HAN,2025-12-14,13:15,15:25,Economy Smart,1046400,25
2025-11-19T13:33:20.090Z,QH204,Airbus A321,SGN,HAN,2025-12-14,07:10,09:20,Economy Flex,1583543,25
2025-11-19T13:33:20.090Z,QH224,Boeing 737 All Series Passenger,SGN,HAN,2025-12-14,10:40,12:50,Economy Flex,1583543,25
2025-11-19T13:33:20.090Z,QH242,Boeing 737 All Series Passenger,SGN,HAN,2025-12-14,13:15,15:25,Economy Flex,1583543,25
2025-11-19T13:33:20.090Z,QH268,Airbus A321,SGN,HAN,2025-12-14,19:20,21:30,Economy Flex,1583543,25
2025-11-19T13:33:54.557Z,QH204,Airbus A321,SGN,HAN,2025-12-15,07:10,09:20,Economy Smart,830400,26
2025-11-19T13:33:54.557Z,QH242,Boeing 737 All Series Passenger,SGN,HAN,2025-12-15,13:15,15:25,Economy Smart,830400,26
2025-11-19T13:33:54.557Z,QH268,Airbus A321,SGN,HAN,2025-12-15,19:20,21:30,Economy Smart,830400,26
2025-11-19T13:33:54.557Z,QH224,Boeing 737 All Series Passenger,SGN,HAN,2025-12-15,10:40,12:50,Economy Smart,1046400,26
2025-11-19T13:33:54.557Z,QH204,Airbus A321,SGN,HAN,2025-12-15,07:10,09:20,Economy Flex,1583543,26
2025-11-19T13:33:54.557Z,QH224,Boeing 737 All Series Passenger,SGN,HAN,2025-12-15,10:40,12:50,Economy Flex,1583543,26
2025-11-19T13:33:54.557Z,QH242,Boeing 737 All Series Passenger,SGN,HAN,2025-12-15,13:15,15:25,Economy Flex,1583543,26
2025-11-19T13:33:54.557Z,QH268,Airbus A321,SGN,HAN,2025-12-15,19:20,21:30,Economy Flex,1583543,26
2025-11-19T13:34:28.500Z,QH268,Airbus A321,SGN,HAN,2025-12-16,19:20,21:30,Economy Smart,657829,27
2025-11-19T13:34:28.500Z,QH204,Airbus A321,SGN,HAN,2025-12-16,07:10,09:20,Economy Smart,731543,27
2025-11-19T13:34:28.500Z,QH268,Airbus A321,SGN,HAN,2025-12-16,19:20,21:30,Economy Smart,731543,27
2025-11-19T13:34:28.500Z,QH242,Boeing 737 All Series Passenger,SGN,HAN,2025-12-16,13:15,15:25,Economy Smart,830400,27
2025-11-19T13:34:28.500Z,QH224,Boeing 737 All Series Passenger,SGN,HAN,2025-12-16,10:40,12:50,Economy Smart,941257,27
2025-11-19T13:34:28.500Z,QH204,Airbus A321,SGN,HAN,2025-12-16,07:10,09:20,Economy Flex,1583543,27
2025-11-19T13:34:28.500Z,QH224,Boeing 737 All Series Passenger,SGN,HAN,2025-12-16,10:40,12:50,Economy Flex,1583543,27
2025-11-19T13:34:28.500Z,QH242,Boeing 737 All Series Passenger,SGN,HAN,2025-12-16,13:15,15:25,Economy Flex,1583543,27
2025-11-19T13:34:28.500Z,QH268,Airbus A321,SGN,HAN,2025-12-16,19:20,21:30,Economy Flex,1583543,27
2025-11-19T13:35:04.227Z,QH268,Airbus A321,SGN,HAN,2025-12-17,19:20,21:30,Economy Smart,657829,28
2025-11-19T13:35:04.227Z,QH204,Airbus A321,SGN,HAN,2025-12-17,07:10,09:20,Economy Smart,731543,28
2025-11-19T13:35:04.227Z,QH268,Airbus A321,SGN,HAN,2025-12-17,19:20,21:30,Economy Smart,731543,28
2025-11-19T13:35:04.227Z,QH242,Boeing 737 All Series Passenger,SGN,HAN,2025-12-17,13:15,15:25,Economy Smart,830400,28
2025-11-19T13:35:04.227Z,QH224,Boeing 737 All Series Passenger,SGN,HAN,2025-12-17,10:40,12:50,Economy Smart,941257,28
2025-11-19T13:35:04.227Z,QH204,Airbus A321,SGN,HAN,2025-12-17,07:10,09:20,Economy Flex,1583543,28
2025-11-19T13:35:04.227Z,QH224,Boeing 737 All Series Passenger,SGN,HAN,2025-12-17,10:40,12:50,Economy Flex,1583543,28
2025-11-19T13:35:04.227Z,QH242,Boeing 737 All Series Passenger,SGN,HAN,2025-12-17,13:15,15:25,Economy Flex,1583543,28
2025-11-19T13:35:04.227Z,QH268,Airbus A321,SGN,HAN,2025-12-17,19:20,21:30,Economy Flex,1583543,28
2025-11-19T13:35:36.903Z,QH204,Airbus A321,SGN,HAN,2025-12-18,07:10,09:20,Economy Smart,731543,29
2025-11-19T13:35:36.903Z,QH268,Airbus A321,SGN,HAN,2025-12-18,19:20,21:30,Economy Smart,731543,29
2025-11-19T13:35:36.903Z,QH224,Boeing 737 All Series Passenger,SGN,HAN,2025-12-18,10:40,12:50,Economy Smart,941257,29
2025-11-19T13:35:36.903Z,QH242,Boeing 737 All Series Passenger,SGN,HAN,2025-12-18,13:15,15:25,Economy Smart,941257,29
2025-11-19T13:35:36.903Z,QH204,Airbus A321,SGN,HAN,2025-12-18,07:10,09:20,Economy Flex,1583543,29
2025-11-19T13:35:36.903Z,QH224,Boeing 737 All Series Passenger,SGN,HAN,2025-12-18,10:40,12:50,Economy Flex,1583543,29
2025-11-19T13:35:36.903Z,QH242,Boeing 737 All Series Passenger,SGN,HAN,2025-12-18,13:15,15:25,Economy Flex,1583543,29
2025-11-19T13:35:36.903Z,QH268,Airbus A321,SGN,HAN,2025-12-18,19:20,21:30,Economy Flex,1583543,29
2025-11-19T13:36:13.027Z,QH204,Airbus A321,SGN,HAN,2025-12-19,07:10,09:20,Economy Smart,830400,30
2025-11-19T13:36:13.027Z,QH268,Airbus A321,SGN,HAN,2025-12-19,19:20,21:30,Economy Smart,830400,30
2025-11-19T13:36:13.027Z,QH224,Boeing 737 All Series Passenger,SGN,HAN,2025-12-19,10:40,12:50,Economy Smart,1046400,30
2025-11-19T13:36:13.027Z,QH242,Boeing 737 All Series Passenger,SGN,HAN,2025-12-19,13:15,15:25,Economy Smart,1046400,30
2025-11-19T13:36:13.027Z,QH204,Airbus A321,SGN,HAN,2025-12-19,07:10,09:20,Economy Flex,1583543,30
2025-11-19T13:36:13.027Z,QH224,Boeing 737 All Series Passenger,SGN,HAN,2025-12-19,10:40,12:50,Economy Flex,1583543,30
2025-11-19T13:36:13.027Z,QH242,Boeing 737 All Series Passenger,SGN,HAN,2025-12-19,13:15,15:25,Economy Flex,1583543,30
2025-11-19T13:36:13.027Z,QH268,Airbus A321,SGN,HAN,2025-12-19,19:20,21:30,Economy Flex,1583543,30
2025-11-19T13:36:52.720Z,QH204,Airbus A321,SGN,HAN,2025-12-20,07:10,09:20,Economy Smart,731543,31
2025-11-19T13:36:52.720Z,QH242,Boeing 737 All Series Passenger,SGN,HAN,2025-12-20,13:15,15:25,Economy Smart,830400,31
2025-11-19T13:36:52.720Z,QH268,Airbus A321,SGN,HAN,2025-12-20,19:20,21:30,Economy Smart,830400,31
2025-11-19T13:36:52.720Z,QH224,Boeing 737 All Series Passenger,SGN,HAN,2025-12-20,10:40,12:50,Economy Smart,941257,31
2025-11-19T13:36:52.720Z,QH204,Airbus A321,SGN,HAN,2025-12-20,07:10,09:20,Economy Flex,1583543,31
2025-11-19T13:36:52.720Z,QH224,Boeing 737 All Series Passenger,SGN,HAN,2025-12-20,10:40,12:50,Economy Flex,1583543,31
2025-11-19T13:36:52.720Z,QH242,Boeing 737 All Series Passenger,SGN,HAN,2025-12-20,13:15,15:25,Economy Flex,1583543,31
2025-11-19T13:36:52.720Z,QH268,Airbus A321,SGN,HAN,2025-12-20,19:20,21:30,Economy Flex,1583543,31
2025-11-19T13:41:41.070Z,QH204,Airbus A321,SGN,HAN,2025-12-21,07:10,09:20,Economy Smart,731543,32
2025-11-19T13:41:41.070Z,QH268,Airbus A321,SGN,HAN,2025-12-21,19:20,21:30,Economy Smart,731543,32
2025-11-19T13:41:41.070Z,QH224,Boeing 737 All Series Passenger,SGN,HAN,2025-12-21,10:40,12:50,Economy Smart,1046400,32
2025-11-19T13:41:41.070Z,QH242,Boeing 737 All Series Passenger,SGN,HAN,2025-12-21,13:15,15:25,Economy Smart,1046400,32
2025-11-19T13:41:41.070Z,QH204,Airbus A321,SGN,HAN,2025-12-21,07:10,09:20,Economy Flex,1583543,32
2025-11-19T13:41:41.070Z,QH224,Boeing 737 All Series Passenger,SGN,HAN,2025-12-21,10:40,12:50,Economy Flex,1583543,32
2025-11-19T13:41:41.070Z,QH242,Boeing 737 All Series Passenger,SGN,HAN,2025-12-21,13:15,15:25,Economy Flex,1583543,32
2025-11-19T13:41:41.070Z,QH268,Airbus A321,SGN,HAN,2025-12-21,19:20,21:30,Economy Flex,1583543,32
2025-11-19T13:42:18.267Z,QH268,Airbus A321,SGN,HAN,2025-12-22,19:20,21:30,Economy Smart,657829,33
2025-11-19T13:42:18.267Z,QH204,Airbus A321,SGN,HAN,2025-12-22,07:10,09:20,Economy Smart,731543,33
2025-11-19T13:42:18.267Z,QH268,Airbus A321,SGN,HAN,2025-12-22,19:20,21:30,Economy Smart,731543,33
2025-11-19T13:42:18.267Z,QH242,Boeing 737 All Series Passenger,SGN,HAN,2025-12-22,13:15,15:25,Economy Smart,830400,33
2025-11-19T13:42:18.267Z,QH224,Boeing 737 All Series Passenger,SGN,HAN,2025-12-22,10:40,12:50,Economy Smart,941257,33
2025-11-19T13:42:18.267Z,QH204,Airbus A321,SGN,HAN,2025-12-22,07:10,09:20,Economy Flex,1583543,33
2025-11-19T13:42:18.267Z,QH224,Boeing 737 All Series Passenger,SGN,HAN,2025-12-22,10:40,12:50,Economy Flex,1583543,33
2025-11-19T13:42:18.267Z,QH242,Boeing 737 All Series Passenger,SGN,HAN,2025-12-22,13:15,15:25,Economy Flex,1583543,33
2025-11-19T13:42:18.267Z,QH268,Airbus A321,SGN,HAN,2025-12-22,19:20,21:30,Economy Flex,1583543,33
2025-11-19T13:42:57.734Z,QH268,Airbus A321,SGN,HAN,2025-12-23,19:20,21:30,Economy Smart,657829,34
2025-11-19T13:42:57.734Z,QH204,Airbus A321,SGN,HAN,2025-12-23,07:10,09:20,Economy Smart,731543,34
2025-11-19T13:42:57.734Z,QH268,Airbus A321,SGN,HAN,2025-12-23,19:20,21:30,Economy Smart,731543,34
2025-11-19T13:42:57.734Z,QH224,Boeing 737 All Series Passenger,SGN,HAN,2025-12-23,10:40,12:50,Economy Smart,830400,34
2025-11-19T13:42:57.734Z,QH242,Boeing 737 All Series Passenger,SGN,HAN,2025-12-23,13:15,15:25,Economy Smart,830400,34
2025-11-19T13:42:57.734Z,QH204,Airbus A321,SGN,HAN,2025-12-23,07:10,09:20,Economy Flex,1583543,34
2025-11-19T13:42:57.734Z,QH224,Boeing 737 All Series Passenger,SGN,HAN,2025-12-23,10:40,12:50,Economy Flex,1583543,34
2025-11-19T13:42:57.734Z,QH242,Boeing 737 All Series Passenger,SGN,HAN,2025-12-23,13:15,15:25,Economy Flex,1583543,34
2025-11-19T13:42:57.734Z,QH268,Airbus A321,SGN,HAN,2025-12-23,19:20,21:30,Economy Flex,1583543,34
2025-11-19T13:43:37.077Z,QH204,Airbus A321,SGN,HAN,2025-12-24,07:10,09:20,Economy Smart,731543,35
2025-11-19T13:43:37.077Z,QH268,Airbus A321,SGN,HAN,2025-12-24,19:20,21:30,Economy Smart,731543,35
2025-11-19T13:43:37.077Z,QH224,Boeing 737 All Series Passenger,SGN,HAN,2025-12-24,10:40,12:50,Economy Smart,830400,35
2025-11-19T13:43:37.077Z,QH242,Boeing 737 All Series Passenger,SGN,HAN,2025-12-24,13:15,15:25,Economy Smart,830400,35
2025-11-19T13:43:37.077Z,QH204,Airbus A321,SGN,HAN,2025-12-24,07:10,09:20,Economy Flex,1583543,35
2025-11-19T13:43:37.077Z,QH224,Boeing 737 All Series Passenger,SGN,HAN,2025-12-24,10:40,12:50,Economy Flex,1583543,35
2025-11-19T13:43:37.077Z,QH242,Boeing 737 All Series Passenger,SGN,HAN,2025-12-24,13:15,15:25,Economy Flex,1583543,35
2025-11-19T13:43:37.077Z,QH268,Airbus A321,SGN,HAN,2025-12-24,19:20,21:30,Economy Flex,1583543,35
2025-11-19T13:44:15.715Z,QH204,Airbus A321,SGN,HAN,2025-12-25,07:10,09:20,Economy Smart,830400,36
2025-11-19T13:44:15.715Z,QH268,Airbus A321,SGN,HAN,2025-12-25,19:20,21:30,Economy Smart,830400,36
2025-11-19T13:44:15.715Z,QH224,Boeing 737 All Series Passenger,SGN,HAN,2025-12-25,10:40,12:50,Economy Smart,941257,36
2025-11-19T13:44:15.715Z,QH242,Boeing 737 All Series Passenger,SGN,HAN,2025-12-25,13:15,15:25,Economy Smart,941257,36
2025-11-19T13:44:15.715Z,QH204,Airbus A321,SGN,HAN,2025-12-25,07:10,09:20,Economy Flex,1583543,36
2025-11-19T13:44:15.715Z,QH224,Boeing 737 All Series Passenger,SGN,HAN,2025-12-25,10:40,12:50,Economy Flex,1583543,36
2025-11-19T13:44:15.715Z,QH242,Boeing 737 All Series Passenger,SGN,HAN,2025-12-25,13:15,15:25,Economy Flex,1583543,36
2025-11-19T13:44:15.715Z,QH268,Airbus A321,SGN,HAN,2025-12-25,19:20,21:30,Economy Flex,1583543,36
2025-11-19T13:44:53.080Z,QH204,Airbus A321,SGN,HAN,2025-12-26,07:10,09:20,Economy Smart,731543,37
2025-11-19T13:44:53.080Z,QH268,Airbus A321,SGN,HAN,2025-12-26,19:20,21:30,Economy Smart,830400,37
2025-11-19T13:44:53.080Z,QH224,Boeing 737 All Series Passenger,SGN,HAN,2025-12-26,10:40,12:50,Economy Smart,1046400,37
2025-11-19T13:44:53.080Z,QH242,Boeing 737 All Series Passenger,SGN,HAN,2025-12-26,13:15,15:25,Economy Smart,1046400,37
2025-11-19T13:44:53.080Z,QH204,Airbus A321,SGN,HAN,2025-12-26,07:10,09:20,Economy Flex,1583543,37
2025-11-19T13:44:53.080Z,QH224,Boeing 737 All Series Passenger,SGN,HAN,2025-12-26,10:40,12:50,Economy Flex,1583543,37
2025-11-19T13:44:53.080Z,QH242,Boeing 737 All Series Passenger,SGN,HAN,2025-12-26,13:15,15:25,Economy Flex,1583543,37
2025-11-19T13:44:53.080Z,QH268,Airbus A321,SGN,HAN,2025-12-26,19:20,21:30,Economy Flex,1583543,37
2025-11-19T13:45:27.666Z,QH204,Airbus A321,SGN,HAN,2025-12-27,07:10,09:20,Economy Smart,731543,38
2025-11-19T13:45:27.666Z,QH268,Airbus A321,SGN,HAN,2025-12-27,19:20,21:30,Economy Smart,731543,38
2025-11-19T13:45:27.666Z,QH224,Boeing 737 All Series Passenger,SGN,HAN,2025-12-27,10:40,12:50,Economy Smart,1046400,38
2025-11-19T13:45:27.666Z,QH242,Boeing 737 All Series Passenger,SGN,HAN,2025-12-27,13:15,15:25,Economy Smart,1046400,38
2025-11-19T13:45:27.666Z,QH204,Airbus A321,SGN,HAN,2025-12-27,07:10,09:20,Economy Flex,1583543,38
2025-11-19T13:45:27.666Z,QH224,Boeing 737 All Series Passenger,SGN,HAN,2025-12-27,10:40,12:50,Economy Flex,1583543,38
2025-11-19T13:45:27.666Z,QH242,Boeing 737 All Series Passenger,SGN,HAN,2025-12-27,13:15,15:25,Economy Flex,1583543,38
2025-11-19T13:45:27.666Z,QH268,Airbus A321,SGN,HAN,2025-12-27,19:20,21:30,Economy Flex,1583543,38
2025-11-19T13:46:09.034Z,QH204,Airbus A321,SGN,HAN,2025-12-28,07:10,09:20,Economy Smart,830400,39
2025-11-19T13:46:09.034Z,QH268,Airbus A321,SGN,HAN,2025-12-28,19:20,21:30,Economy Smart,830400,39
2025-11-19T13:46:09.034Z,QH224,Boeing 737 All Series Passenger,SGN,HAN,2025-12-28,10:40,12:50,Economy Smart,941257,39
2025-11-19T13:46:09.034Z,QH242,Boeing 737 All Series Passenger,SGN,HAN,2025-12-28,13:15,15:25,Economy Smart,1176114,39
2025-11-19T13:46:09.034Z,QH204,Airbus A321,SGN,HAN,2025-12-28,07:10,09:20,Economy Flex,1583543,39
2025-11-19T13:46:09.034Z,QH224,Boeing 737 All Series Passenger,SGN,HAN,2025-12-28,10:40,12:50,Economy Flex,1583543,39
2025-11-19T13:46:09.034Z,QH242,Boeing 737 All Series Passenger,SGN,HAN,2025-12-28,13:15,15:25,Economy Flex,1583543,39
2025-11-19T13:46:09.034Z,QH268,Airbus A321,SGN,HAN,2025-12-28,19:20,21:30,Economy Flex,1583543,39
2025-11-19T13:46:49.287Z,QH204,Airbus A321,SGN,HAN,2025-12-29,07:10,09:20,Economy Smart,731543,40
2025-11-19T13:46:49.287Z,QH268,Airbus A321,SGN,HAN,2025-12-29,19:20,21:30,Economy Smart,830400,40
2025-11-19T13:46:49.287Z,QH224,Boeing 737 All Series Passenger,SGN,HAN,2025-12-29,10:40,12:50,Economy Smart,941257,40
2025-11-19T13:46:49.287Z,QH242,Boeing 737 All Series Passenger,SGN,HAN,2025-12-29,13:15,15:25,Economy Smart,941257,40
2025-11-19T13:46:49.287Z,QH204,Airbus A321,SGN,HAN,2025-12-29,07:10,09:20,Economy Flex,1583543,40
2025-11-19T13:46:49.287Z,QH224,Boeing 737 All Series Passenger,SGN,HAN,2025-12-29,10:40,12:50,Economy Flex,1583543,40
2025-11-19T13:46:49.287Z,QH242,Boeing 737 All Series Passenger,SGN,HAN,2025-12-29,13:15,15:25,Economy Flex,1583543,40
2025-11-19T13:46:49.287Z,QH268,Airbus A321,SGN,HAN,2025-12-29,19:20,21:30,Economy Flex,1583543,40
2025-11-19T13:47:25.335Z,QH204,Airbus A321,SGN,HAN,2025-12-30,07:10,09:20,Economy Smart,657829,41
2025-11-19T13:47:25.335Z,QH204,Airbus A321,SGN,HAN,2025-12-30,07:10,09:20,Economy Smart,731543,41
2025-11-19T13:47:25.335Z,QH224,Boeing 737 All Series Passenger,SGN,HAN,2025-12-30,10:40,12:50,Economy Smart,830400,41
2025-11-19T13:47:25.335Z,QH242,Boeing 737 All Series Passenger,SGN,HAN,2025-12-30,13:15,15:25,Economy Smart,830400,41
2025-11-19T13:47:25.335Z,QH268,Airbus A321,SGN,HAN,2025-12-30,19:20,21:30,Economy Smart,830400,41
2025-11-19T13:47:25.335Z,QH204,Airbus A321,SGN,HAN,2025-12-30,07:10,09:20,Economy Flex,1583543,41
2025-11-19T13:47:25.335Z,QH224,Boeing 737 All Series Passenger,SGN,HAN,2025-12-30,10:40,12:50,Economy Flex,1583543,41
2025-11-19T13:47:25.335Z,QH242,Boeing 737 All Series Passenger,SGN,HAN,2025-12-30,13:15,15:25,Economy Flex,1583543,41
2025-11-19T13:47:25.335Z,QH268,Airbus A321,SGN,HAN,2025-12-30,19:20,21:30,Economy Flex,1583543,41
2025-11-19T13:47:59.569Z,QH204,Airbus A321,SGN,HAN,2025-12-31,07:10,09:20,Economy Smart,941257,42
2025-11-19T13:47:59.569Z,QH224,Boeing 737 All Series Passenger,SGN,HAN,2025-12-31,10:40,12:50,Economy Smart,941257,42
2025-11-19T13:47:59.569Z,QH242,Boeing 737 All Series Passenger,SGN,HAN,2025-12-31,13:15,15:25,Economy Smart,941257,42
2025-11-19T13:47:59.569Z,QH268,Airbus A321,SGN,HAN,2025-12-31,19:20,21:30,Economy Smart,1176114,42
2025-11-19T13:47:59.569Z,QH204,Airbus A321,SGN,HAN,2025-12-31,07:10,09:20,Economy Flex,1583543,42
2025-11-19T13:47:59.569Z,QH224,Boeing 737 All Series Passenger,SGN,HAN,2025-12-31,10:40,12:50,Economy Flex,1583543,42
2025-11-19T13:47:59.569Z,QH242,Boeing 737 All Series Passenger,SGN,HAN,2025-12-31,13:15,15:25,Economy Flex,1583543,42
2025-11-19T13:47:59.569Z,QH268,Airbus A321,SGN,HAN,2025-12-31,19:20,21:30,Economy Flex,1583543,42
2025-11-19T13:48:31.714Z,QH204,Airbus A321,SGN,HAN,2026-01-01,07:10,09:20,Economy Smart,941257,43
2025-11-19T13:48:31.714Z,QH224,Boeing 737 All Series Passenger,SGN,HAN,2026-01-01,10:40,12:50,Economy Smart,941257,43
2025-11-19T13:48:31.714Z,QH242,Boeing 737 All Series Passenger,SGN,HAN,2026-01-01,13:15,15:25,Economy Smart,941257,43
2025-11-19T13:48:31.714Z,QH268,Airbus A321,SGN,HAN,2026-01-01,19:20,21:30,Economy Smart,941257,43
2025-11-19T13:48:31.714Z,QH204,Airbus A321,SGN,HAN,2026-01-01,07:10,09:20,Economy Flex,1583543,43
2025-11-19T13:48:31.714Z,QH224,Boeing 737 All Series Passenger,SGN,HAN,2026-01-01,10:40,12:50,Economy Flex,1583543,43
2025-11-19T13:48:31.714Z,QH242,Boeing 737 All Series Passenger,SGN,HAN,2026-01-01,13:15,15:25,Economy Flex,1583543,43
2025-11-19T13:48:31.714Z,QH268,Airbus A321,SGN,HAN,2026-01-01,19:20,21:30,Economy Flex,1583543,43
2025-11-19T13:49:37.165Z,QH224,Boeing 737 All Series Passenger,SGN,HAN,2026-03-01,10:40,12:50,Economy Smart,830400,102
2025-11-19T13:49:37.165Z,QH204,Airbus A321,SGN,HAN,2026-03-01,07:10,09:20,Economy Smart,941257,102
2025-11-19T13:49:37.165Z,QH242,Boeing 737 All Series Passenger,SGN,HAN,2026-03-01,13:15,15:25,Economy Smart,941257,102
2025-11-19T13:49:37.165Z,QH268,Airbus A321,SGN,HAN,2026-03-01,19:20,21:30,Economy Smart,941257,102
2025-11-19T13:49:37.165Z,QH204,Airbus A321,SGN,HAN,2026-03-01,07:10,09:20,Economy Flex,1583543,102
2025-11-19T13:49:37.165Z,QH224,Boeing 737 All Series Passenger,SGN,HAN,2026-03-01,10:40,12:50,Economy Flex,1583543,102
2025-11-19T13:49:37.165Z,QH242,Boeing 737 All Series Passenger,SGN,HAN,2026-03-01,13:15,15:25,Economy Flex,1583543,102
2025-11-19T13:49:37.165Z,QH268,Airbus A321,SGN,HAN,2026-03-01,19:20,21:30,Economy Flex,1583543,102
2025-11-19T13:50:14.884Z,QH204,Airbus A321,SGN,HAN,2026-04-01,07:10,09:20,Economy Smart,830400,133
2025-11-19T13:50:14.884Z,QH224,Boeing 737 All Series Passenger,SGN,HAN,2026-04-01,10:40,12:50,Economy Smart,1046400,133
2025-11-19T13:50:14.884Z,QH242,Boeing 737 All Series Passenger,SGN,HAN,2026-04-01,13:15,15:25,Economy Smart,1046400,133
2025-11-19T13:50:14.884Z,QH268,Airbus A321,SGN,HAN,2026-04-01,19:20,21:30,Economy Smart,1046400,133
2025-11-19T13:50:14.884Z,QH204,Airbus A321,SGN,HAN,2026-04-01,07:10,09:20,Economy Flex,1583543,133
2025-11-19T13:50:14.884Z,QH224,Boeing 737 All Series Passenger,SGN,HAN,2026-04-01,10:40,12:50,Economy Flex,1583543,133
2025-11-19T13:50:14.884Z,QH242,Boeing 737 All Series Passenger,SGN,HAN,2026-04-01,13:15,15:25,Economy Flex,1583543,133
2025-11-19T13:50:14.884Z,QH268,Airbus A321,SGN,HAN,2026-04-01,19:20,21:30,Economy Flex,1583543,133
2025-11-19T13:50:53.948Z,QH204,Airbus A321,SGN,HAN,2026-05-01,07:10,09:20,Economy Smart,830400,163
2025-11-19T13:50:53.948Z,QH268,Airbus A321,SGN,HAN,2026-05-01,19:20,21:30,Economy Smart,830400,163
2025-11-19T13:50:53.948Z,QH224,Boeing 737 All Series Passenger,SGN,HAN,2026-05-01,10:40,12:50,Economy Smart,941257,163
2025-11-19T13:50:53.948Z,QH242,Boeing 737 All Series Passenger,SGN,HAN,2026-05-01,13:15,15:25,Economy Smart,941257,163
2025-11-19T13:50:53.948Z,QH204,Airbus A321,SGN,HAN,2026-05-01,07:10,09:20,Economy Flex,1583543,163
2025-11-19T13:50:53.948Z,QH224,Boeing 737 All Series Passenger,SGN,HAN,2026-05-01,10:40,12:50,Economy Flex,1583543,163
2025-11-19T13:50:53.948Z,QH242,Boeing 737 All Series Passenger,SGN,HAN,2026-05-01,13:15,15:25,Economy Flex,1583543,163
2025-11-19T13:50:53.948Z,QH268,Airbus A321,SGN,HAN,2026-05-01,19:20,21:30,Economy Flex,1583543,163
2025-11-19T13:51:33.176Z,QH268,Airbus A321,SGN,HAN,2026-06-01,19:20,21:30,Economy Smart,830400,194
2025-11-19T13:51:33.176Z,QH204,Airbus A321,SGN,HAN,2026-06-01,07:10,09:20,Economy Smart,941257,194
2025-11-19T13:51:33.176Z,QH224,Boeing 737 All Series Passenger,SGN,HAN,2026-06-01,10:40,12:50,Economy Smart,941257,194
2025-11-19T13:51:33.176Z,QH242,Boeing 737 All Series Passenger,SGN,HAN,2026-06-01,13:15,15:25,Economy Smart,1046400,194
2025-11-19T13:51:33.176Z,QH204,Airbus A321,SGN,HAN,2026-06-01,07:10,09:20,Economy Flex,1583543,194
2025-11-19T13:51:33.176Z,QH224,Boeing 737 All Series Passenger,SGN,HAN,2026-06-01,10:40,12:50,Economy Flex,1583543,194
2025-11-19T13:51:33.176Z,QH242,Boeing 737 All Series Passenger,SGN,HAN,2026-06-01,13:15,15:25,Economy Flex,1583543,194
2025-11-19T13:51:33.176Z,QH268,Airbus A321,SGN,HAN,2026-06-01,19:20,21:30,Economy Flex,1583543,194
2025-11-19T13:52:53.179Z,QH268,Airbus A321,SGN,HAN,2026-08-01,19:20,21:30,Economy Smart,830400,255
2025-11-19T13:52:53.179Z,QH204,Airbus A321,SGN,HAN,2026-08-01,07:10,09:20,Economy Smart,941257,255
2025-11-19T13:52:53.179Z,QH242,Boeing 737 All Series Passenger,SGN,HAN,2026-08-01,13:15,15:25,Economy Smart,1046400,255
2025-11-19T13:52:53.179Z,QH224,Boeing 737 All Series Passenger,SGN,HAN,2026-08-01,10:40,12:50,Economy Smart,1176114,255
2025-11-19T13:52:53.179Z,QH204,Airbus A321,SGN,HAN,2026-08-01,07:10,09:20,Economy Flex,1583543,255
2025-11-19T13:52:53.179Z,QH224,Boeing 737 All Series Passenger,SGN,HAN,2026-08-01,10:40,12:50,Economy Flex,1583543,255
2025-11-19T13:52:53.179Z,QH242,Boeing 737 All Series Passenger,SGN,HAN,2026-08-01,13:15,15:25,Economy Flex,1583543,255
2025-11-19T13:52:53.179Z,QH268,Airbus A321,SGN,HAN,2026-08-01,19:20,21:30,Economy Flex,1583543,255
2025-11-19T13:53:29.896Z,QH268,Airbus A321,SGN,HAN,2026-09-01,19:20,21:30,Economy Smart,830400,286
2025-11-19T13:53:29.896Z,QH204,Airbus A321,SGN,HAN,2026-09-01,07:10,09:20,Economy Smart,941257,286
2025-11-19T13:53:29.896Z,QH242,Boeing 737 All Series Passenger,SGN,HAN,2026-09-01,13:15,15:25,Economy Smart,941257,286
2025-11-19T13:53:29.896Z,QH224,Boeing 737 All Series Passenger,SGN,HAN,2026-09-01,10:40,12:50,Economy Smart,1046400,286
2025-11-19T13:53:29.896Z,QH204,Airbus A321,SGN,HAN,2026-09-01,07:10,09:20,Economy Flex,1583543,286
2025-11-19T13:53:29.896Z,QH224,Boeing 737 All Series Passenger,SGN,HAN,2026-09-01,10:40,12:50,Economy Flex,1583543,286
2025-11-19T13:53:29.896Z,QH242,Boeing 737 All Series Passenger,SGN,HAN,2026-09-01,13:15,15:25,Economy Flex,1583543,286
2025-11-19T13:53:29.896Z,QH268,Airbus A321,SGN,HAN,2026-09-01,19:20,21:30,Economy Flex,1583543,286
2025-11-19T13:54:08.706Z,QH268,Airbus A321,SGN,HAN,2026-10-01,19:20,21:30,Economy Smart,830400,316
2025-11-19T13:54:08.706Z,QH204,Airbus A321,SGN,HAN,2026-10-01,07:10,09:20,Economy Smart,941257,316
2025-11-19T13:54:08.706Z,QH224,Boeing 737 All Series Passenger,SGN,HAN,2026-10-01,10:40,12:50,Economy Smart,941257,316
2025-11-19T13:54:08.706Z,QH242,Boeing 737 All Series Passenger,SGN,HAN,2026-10-01,13:15,15:25,Economy Smart,941257,316
2025-11-19T13:54:08.706Z,QH204,Airbus A321,SGN,HAN,2026-10-01,07:10,09:20,Economy Flex,1583543,316
2025-11-19T13:54:08.706Z,QH224,Boeing 737 All Series Passenger,SGN,HAN,2026-10-01,10:40,12:50,Economy Flex,1583543,316
2025-11-19T13:54:08.706Z,QH242,Boeing 737 All Series Passenger,SGN,HAN,2026-10-01,13:15,15:25,Economy Flex,1583543,316
2025-11-19T13:54:08.706Z,QH268,Airbus A321,SGN,HAN,2026-10-01,19:20,21:30,Economy Flex,1583543,316
2025-11-19T13:54:49.936Z,QH204,Airbus A321,SGN,HAN,2026-11-01,07:10,09:20,Economy Smart,830400,347
2025-11-19T13:54:49.936Z,QH268,Airbus A321,SGN,HAN,2026-11-01,19:20,21:30,Economy Smart,830400,347
2025-11-19T13:54:49.936Z,QH224,Boeing 737 All Series Passenger,SGN,HAN,2026-11-01,10:40,12:50,Economy Smart,941257,347
2025-11-19T13:54:49.936Z,QH242,Boeing 737 All Series Passenger,SGN,HAN,2026-11-01,13:15,15:25,Economy Smart,941257,347
2025-11-19T13:54:49.936Z,QH204,Airbus A321,SGN,HAN,2026-11-01,07:10,09:20,Economy Flex,1583543,347
2025-11-19T13:54:49.936Z,QH224,Boeing 737 All Series Passenger,SGN,HAN,2026-11-01,10:40,12:50,Economy Flex,1583543,347
2025-11-19T13:54:49.936Z,QH242,Boeing 737 All Series Passenger,SGN,HAN,2026-11-01,13:15,15:25,Economy Flex,1583543,347
2025-11-19T13:54:49.936Z,QH268,Airbus A321,SGN,HAN,2026-11-01,19:20,21:30,Economy Flex,1583543,347
2025-11-19T13:55:25.260Z,QH268,Airbus A321,SGN,HAN,2026-12-01,19:20,21:30,Economy Smart,830400,377
2025-11-19T13:55:25.260Z,QH204,Airbus A321,SGN,HAN,2026-12-01,07:10,09:20,Economy Smart,941257,377
2025-11-19T13:55:25.260Z,QH224,Boeing 737 All Series Passenger,SGN,HAN,2026-12-01,10:40,12:50,Economy Smart,941257,377
2025-11-19T13:55:25.260Z,QH242,Boeing 737 All Series Passenger,SGN,HAN,2026-12-01,13:15,15:25,Economy Smart,1046400,377
2025-11-19T13:55:25.260Z,QH204,Airbus A321,SGN,HAN,2026-12-01,07:10,09:20,Economy Flex,1583543,377
2025-11-19T13:55:25.260Z,QH224,Boeing 737 All Series Passenger,SGN,HAN,2026-12-01,10:40,12:50,Economy Flex,1583543,377
2025-11-19T13:55:25.260Z,QH242,Boeing 737 All Series Passenger,SGN,HAN,2026-12-01,13:15,15:25,Economy Flex,1583543,377
2025-11-19T13:55:25.260Z,QH268,Airbus A321,SGN,HAN,2026-12-01,19:20,21:30,Economy Flex,1583543,377
2025-11-19T13:56:03.176Z,QH268,Airbus A321,SGN,HAN,2026-01-13,19:20,21:30,Economy Smart,830400,55
2025-11-19T13:56:03.176Z,QH204,Airbus A321,SGN,HAN,2026-01-13,07:10,09:20,Economy Smart,941257,55
2025-11-19T13:56:03.176Z,QH224,Boeing 737 All Series Passenger,SGN,HAN,2026-01-13,10:40,12:50,Economy Smart,941257,55
2025-11-19T13:56:03.176Z,QH242,Boeing 737 All Series Passenger,SGN,HAN,2026-01-13,13:15,15:25,Economy Smart,941257,55
2025-11-19T13:56:03.176Z,QH204,Airbus A321,SGN,HAN,2026-01-13,07:10,09:20,Economy Flex,1583543,55
2025-11-19T13:56:03.176Z,QH224,Boeing 737 All Series Passenger,SGN,HAN,2026-01-13,10:40,12:50,Economy Flex,1583543,55
2025-11-19T13:56:03.176Z,QH242,Boeing 737 All Series Passenger,SGN,HAN,2026-01-13,13:15,15:25,Economy Flex,1583543,55
2025-11-19T13:56:03.176Z,QH268,Airbus A321,SGN,HAN,2026-01-13,19:20,21:30,Economy Flex,1583543,55
2025-11-19T13:56:42.444Z,QH268,Airbus A321,SGN,HAN,2026-01-14,19:20,21:30,Economy Smart,830400,56
2025-11-19T13:56:42.444Z,QH204,Airbus A321,SGN,HAN,2026-01-14,07:10,09:20,Economy Smart,941257,56
2025-11-19T13:56:42.444Z,QH224,Boeing 737 All Series Passenger,SGN,HAN,2026-01-14,10:40,12:50,Economy Smart,941257,56
2025-11-19T13:56:42.444Z,QH242,Boeing 737 All Series Passenger,SGN,HAN,2026-01-14,13:15,15:25,Economy Smart,941257,56
2025-11-19T13:56:42.444Z,QH204,Airbus A321,SGN,HAN,2026-01-14,07:10,09:20,Economy Flex,1583543,56
2025-11-19T13:56:42.444Z,QH224,Boeing 737 All Series Passenger,SGN,HAN,2026-01-14,10:40,12:50,Economy Flex,1583543,56
2025-11-19T13:56:42.444Z,QH242,Boeing 737 All Series Passenger,SGN,HAN,2026-01-14,13:15,15:25,Economy Flex,1583543,56
2025-11-19T13:56:42.444Z,QH268,Airbus A321,SGN,HAN,2026-01-14,19:20,21:30,Economy Flex,1583543,56
2025-11-19T13:57:17.792Z,QH268,Airbus A321,SGN,HAN,2026-01-15,19:20,21:30,Economy Smart,830400,57
2025-11-19T13:57:17.792Z,QH204,Airbus A321,SGN,HAN,2026-01-15,07:10,09:20,Economy Smart,941257,57
2025-11-19T13:57:17.792Z,QH224,Boeing 737 All Series Passenger,SGN,HAN,2026-01-15,10:40,12:50,Economy Smart,941257,57
2025-11-19T13:57:17.792Z,QH242,Boeing 737 All Series Passenger,SGN,HAN,2026-01-15,13:15,15:25,Economy Smart,941257,57
2025-11-19T13:57:17.792Z,QH204,Airbus A321,SGN,HAN,2026-01-15,07:10,09:20,Economy Flex,1583543,57
2025-11-19T13:57:17.792Z,QH224,Boeing 737 All Series Passenger,SGN,HAN,2026-01-15,10:40,12:50,Economy Flex,1583543,57
2025-11-19T13:57:17.792Z,QH242,Boeing 737 All Series Passenger,SGN,HAN,2026-01-15,13:15,15:25,Economy Flex,1583543,57
2025-11-19T13:57:17.792Z,QH268,Airbus A321,SGN,HAN,2026-01-15,19:20,21:30,Economy Flex,1583543,57
2025-11-19T13:57:48.480Z,QH204,Airbus A321,SGN,HAN,2026-01-16,07:10,09:20,Economy Smart,941257,58
2025-11-19T13:57:48.480Z,QH224,Boeing 737 All Series Passenger,SGN,HAN,2026-01-16,10:40,12:50,Economy Smart,941257,58
2025-11-19T13:57:48.480Z,QH242,Boeing 737 All Series Passenger,SGN,HAN,2026-01-16,13:15,15:25,Economy Smart,941257,58
2025-11-19T13:57:48.480Z,QH268,Airbus A321,SGN,HAN,2026-01-16,19:20,21:30,Economy Smart,941257,58
2025-11-19T13:57:48.480Z,QH204,Airbus A321,SGN,HAN,2026-01-16,07:10,09:20,Economy Flex,1583543,58
2025-11-19T13:57:48.480Z,QH224,Boeing 737 All Series Passenger,SGN,HAN,2026-01-16,10:40,12:50,Economy Flex,1583543,58
2025-11-19T13:57:48.480Z,QH242,Boeing 737 All Series Passenger,SGN,HAN,2026-01-16,13:15,15:25,Economy Flex,1583543,58
2025-11-19T13:57:48.480Z,QH268,Airbus A321,SGN,HAN,2026-01-16,19:20,21:30,Economy Flex,1583543,58
2025-11-19T13:58:21.202Z,QH268,Airbus A321,SGN,HAN,2026-01-17,19:20,21:30,Economy Smart,830400,59
2025-11-19T13:58:21.202Z,QH204,Airbus A321,SGN,HAN,2026-01-17,07:10,09:20,Economy Smart,941257,59
2025-11-19T13:58:21.202Z,QH224,Boeing 737 All Series Passenger,SGN,HAN,2026-01-17,10:40,12:50,Economy Smart,941257,59
2025-11-19T13:58:21.202Z,QH242,Boeing 737 All Series Passenger,SGN,HAN,2026-01-17,13:15,15:25,Economy Smart,1046400,59
2025-11-19T13:58:21.202Z,QH204,Airbus A321,SGN,HAN,2026-01-17,07:10,09:20,Economy Flex,1583543,59
2025-11-19T13:58:21.202Z,QH224,Boeing 737 All Series Passenger,SGN,HAN,2026-01-17,10:40,12:50,Economy Flex,1583543,59
2025-11-19T13:58:21.202Z,QH242,Boeing 737 All Series Passenger,SGN,HAN,2026-01-17,13:15,15:25,Economy Flex,1583543,59
2025-11-19T13:58:21.202Z,QH268,Airbus A321,SGN,HAN,2026-01-17,19:20,21:30,Economy Flex,1583543,59
2025-11-19T13:59:01.096Z,QH204,Airbus A321,SGN,HAN,2026-01-18,07:10,09:20,Economy Smart,830400,60
2025-11-19T13:59:01.096Z,QH268,Airbus A321,SGN,HAN,2026-01-18,19:20,21:30,Economy Smart,830400,60
2025-11-19T13:59:01.096Z,QH224,Boeing 737 All Series Passenger,SGN,HAN,2026-01-18,10:40,12:50,Economy Smart,1046400,60
2025-11-19T13:59:01.096Z,QH242,Boeing 737 All Series Passenger,SGN,HAN,2026-01-18,13:15,15:25,Economy Smart,1046400,60
2025-11-19T13:59:01.096Z,QH204,Airbus A321,SGN,HAN,2026-01-18,07:10,09:20,Economy Flex,1583543,60
2025-11-19T13:59:01.096Z,QH224,Boeing 737 All Series Passenger,SGN,HAN,2026-01-18,10:40,12:50,Economy Flex,1583543,60
2025-11-19T13:59:01.096Z,QH242,Boeing 737 All Series Passenger,SGN,HAN,2026-01-18,13:15,15:25,Economy Flex,1583543,60
2025-11-19T13:59:01.096Z,QH268,Airbus A321,SGN,HAN,2026-01-18,19:20,21:30,Economy Flex,1583543,60
2025-11-19T13:59:38.522Z,QH268,Airbus A321,SGN,HAN,2026-01-19,19:20,21:30,Economy Smart,830400,61
2025-11-19T13:59:38.522Z,QH204,Airbus A321,SGN,HAN,2026-01-19,07:10,09:20,Economy Smart,941257,61
2025-11-19T13:59:38.522Z,QH242,Boeing 737 All Series Passenger,SGN,HAN,2026-01-19,13:15,15:25,Economy Smart,941257,61
2025-11-19T13:59:38.522Z,QH224,Boeing 737 All Series Passenger,SGN,HAN,2026-01-19,10:40,12:50,Economy Smart,1046400,61
2025-11-19T13:59:38.522Z,QH204,Airbus A321,SGN,HAN,2026-01-19,07:10,09:20,Economy Flex,1583543,61
2025-11-19T13:59:38.522Z,QH224,Boeing 737 All Series Passenger,SGN,HAN,2026-01-19,10:40,12:50,Economy Flex,1583543,61
2025-11-19T13:59:38.522Z,QH242,Boeing 737 All Series Passenger,SGN,HAN,2026-01-19,13:15,15:25,Economy Flex,1583543,61
2025-11-19T13:59:38.522Z,QH268,Airbus A321,SGN,HAN,2026-01-19,19:20,21:30,Economy Flex,1583543,61
2025-11-19T14:00:16.501Z,QH268,Airbus A321,SGN,HAN,2026-01-20,19:20,21:30,Economy Smart,830400,62
2025-11-19T14:00:16.501Z,QH204,Airbus A321,SGN,HAN,2026-01-20,07:10,09:20,Economy Smart,941257,62
2025-11-19T14:00:16.501Z,QH224,Boeing 737 All Series Passenger,SGN,HAN,2026-01-20,10:40,12:50,Economy Smart,941257,62
2025-11-19T14:00:16.501Z,QH242,Boeing 737 All Series Passenger,SGN,HAN,2026-01-20,13:15,15:25,Economy Smart,941257,62
2025-11-19T14:00:16.501Z,QH204,Airbus A321,SGN,HAN,2026-01-20,07:10,09:20,Economy Flex,1583543,62
2025-11-19T14:00:16.501Z,QH224,Boeing 737 All Series Passenger,SGN,HAN,2026-01-20,10:40,12:50,Economy Flex,1583543,62
2025-11-19T14:00:16.501Z,QH242,Boeing 737 All Series Passenger,SGN,HAN,2026-01-20,13:15,15:25,Economy Flex,1583543,62
2025-11-19T14:00:16.501Z,QH268,Airbus A321,SGN,HAN,2026-01-20,19:20,21:30,Economy Flex,1583543,62
2025-11-19T15:13:07.560Z,QH268,Airbus A321,SGN,HAN,2026-01-21,19:20,21:30,Economy Smart,830400,63
2025-11-19T15:13:07.560Z,QH204,Airbus A321,SGN,HAN,2026-01-21,07:10,09:20,Economy Smart,941257,63
2025-11-19T15:13:07.560Z,QH224,Boeing 737 All Series Passenger,SGN,HAN,2026-01-21,10:40,12:50,Economy Smart,941257,63
2025-11-19T15:13:07.560Z,QH242,Boeing 737 All Series Passenger,SGN,HAN,2026-01-21,13:15,15:25,Economy Smart,941257,63
2025-11-19T15:13:07.560Z,QH204,Airbus A321,SGN,HAN,2026-01-21,07:10,09:20,Economy Flex,1583543,63
2025-11-19T15:13:07.560Z,QH224,Boeing 737 All Series Passenger,SGN,HAN,2026-01-21,10:40,12:50,Economy Flex,1583543,63
2025-11-19T15:13:07.560Z,QH242,Boeing 737 All Series Passenger,SGN,HAN,2026-01-21,13:15,15:25,Economy Flex,1583543,63
2025-11-19T15:13:07.560Z,QH268,Airbus A321,SGN,HAN,2026-01-21,19:20,21:30,Economy Flex,1583543,63
2025-11-19T15:14:56.893Z,QH268,Airbus A321,SGN,HAN,2026-01-24,19:20,21:30,Economy Smart,830400,66
2025-11-19T15:14:56.893Z,QH204,Airbus A321,SGN,HAN,2026-01-24,07:10,09:20,Economy Smart,1046400,66
2025-11-19T15:14:56.893Z,QH224,Boeing 737 All Series Passenger,SGN,HAN,2026-01-24,10:40,12:50,Economy Smart,1176114,66
2025-11-19T15:14:56.893Z,QH242,Boeing 737 All Series Passenger,SGN,HAN,2026-01-24,13:15,15:25,Economy Smart,1176114,66
2025-11-19T15:14:56.893Z,QH204,Airbus A321,SGN,HAN,2026-01-24,07:10,09:20,Economy Flex,1583543,66
2025-11-19T15:14:56.893Z,QH224,Boeing 737 All Series Passenger,SGN,HAN,2026-01-24,10:40,12:50,Economy Flex,1583543,66
2025-11-19T15:14:56.893Z,QH242,Boeing 737 All Series Passenger,SGN,HAN,2026-01-24,13:15,15:25,Economy Flex,1583543,66
2025-11-19T15:14:56.893Z,QH268,Airbus A321,SGN,HAN,2026-01-24,19:20,21:30,Economy Flex,1583543,66
2025-11-19T15:15:30.198Z,QH268,Airbus A321,SGN,HAN,2026-01-25,19:20,21:30,Economy Smart,830400,67
2025-11-19T15:15:30.198Z,QH204,Airbus A321,SGN,HAN,2026-01-25,07:10,09:20,Economy Smart,1046400,67
2025-11-19T15:15:30.198Z,QH224,Boeing 737 All Series Passenger,SGN,HAN,2026-01-25,10:40,12:50,Economy Smart,1176114,67
2025-11-19T15:15:30.198Z,QH242,Boeing 737 All Series Passenger,SGN,HAN,2026-01-25,13:15,15:25,Economy Smart,1305829,67
2025-11-19T15:15:30.198Z,QH204,Airbus A321,SGN,HAN,2026-01-25,07:10,09:20,Economy Flex,1583543,67
2025-11-19T15:15:30.198Z,QH224,Boeing 737 All Series Passenger,SGN,HAN,2026-01-25,10:40,12:50,Economy Flex,1583543,67
2025-11-19T15:15:30.198Z,QH242,Boeing 737 All Series Passenger,SGN,HAN,2026-01-25,13:15,15:25,Economy Flex,1583543,67
2025-11-19T15:15:30.198Z,QH268,Airbus A321,SGN,HAN,2026-01-25,19:20,21:30,Economy Flex,1583543,67
2025-11-19T15:16:35.812Z,QH268,Airbus A321,SGN,HAN,2026-01-27,19:20,21:30,Economy Smart,830400,69
2025-11-19T15:16:35.812Z,QH204,Airbus A321,SGN,HAN,2026-01-27,07:10,09:20,Economy Smart,1046400,69
2025-11-19T15:16:35.812Z,QH224,Boeing 737 All Series Passenger,SGN,HAN,2026-01-27,10:40,12:50,Economy Smart,1176114,69
2025-11-19T15:16:35.812Z,QH242,Boeing 737 All Series Passenger,SGN,HAN,2026-01-27,13:15,15:25,Economy Smart,1176114,69
2025-11-19T15:16:35.812Z,QH204,Airbus A321,SGN,HAN,2026-01-27,07:10,09:20,Economy Flex,1583543,69
2025-11-19T15:16:35.812Z,QH224,Boeing 737 All Series Passenger,SGN,HAN,2026-01-27,10:40,12:50,Economy Flex,1583543,69
2025-11-19T15:16:35.812Z,QH242,Boeing 737 All Series Passenger,SGN,HAN,2026-01-27,13:15,15:25,Economy Flex,1583543,69
2025-11-19T15:16:35.812Z,QH268,Airbus A321,SGN,HAN,2026-01-27,19:20,21:30,Economy Flex,1583543,69
2025-11-19T15:17:09.574Z,QH268,Airbus A321,SGN,HAN,2026-01-28,19:20,21:30,Economy Smart,830400,70
2025-11-19T15:17:09.574Z,QH204,Airbus A321,SGN,HAN,2026-01-28,07:10,09:20,Economy Smart,1046400,70
2025-11-19T15:17:09.574Z,QH224,Boeing 737 All Series Passenger,SGN,HAN,2026-01-28,10:40,12:50,Economy Smart,1176114,70
2025-11-19T15:17:09.574Z,QH242,Boeing 737 All Series Passenger,SGN,HAN,2026-01-28,13:15,15:25,Economy Smart,1176114,70
2025-11-19T15:17:09.574Z,QH204,Airbus A321,SGN,HAN,2026-01-28,07:10,09:20,Economy Flex,1583543,70
2025-11-19T15:17:09.574Z,QH224,Boeing 737 All Series Passenger,SGN,HAN,2026-01-28,10:40,12:50,Economy Flex,1583543,70
2025-11-19T15:17:09.574Z,QH242,Boeing 737 All Series Passenger,SGN,HAN,2026-01-28,13:15,15:25,Economy Flex,1583543,70
2025-11-19T15:17:09.574Z,QH268,Airbus A321,SGN,HAN,2026-01-28,19:20,21:30,Economy Flex,1583543,70
2025-11-19T15:17:53.516Z,QH204,Airbus A321,SGN,HAN,2026-01-29,07:10,09:20,Economy Smart,1176114,71
2025-11-19T15:17:53.516Z,QH224,Boeing 737 All Series Passenger,SGN,HAN,2026-01-29,10:40,12:50,Economy Smart,1176114,71
2025-11-19T15:17:53.516Z,QH242,Boeing 737 All Series Passenger,SGN,HAN,2026-01-29,13:15,15:25,Economy Smart,1176114,71
2025-11-19T15:17:53.516Z,QH268,Airbus A321,SGN,HAN,2026-01-29,19:20,21:30,Economy Smart,1176114,71
2025-11-19T15:17:53.516Z,QH204,Airbus A321,SGN,HAN,2026-01-29,07:10,09:20,Economy Flex,1583543,71
2025-11-19T15:17:53.516Z,QH224,Boeing 737 All Series Passenger,SGN,HAN,2026-01-29,10:40,12:50,Economy Flex,1583543,71
2025-11-19T15:17:53.516Z,QH242,Boeing 737 All Series Passenger,SGN,HAN,2026-01-29,13:15,15:25,Economy Flex,1583543,71
2025-11-19T15:17:53.516Z,QH268,Airbus A321,SGN,HAN,2026-01-29,19:20,21:30,Economy Flex,1583543,71
2025-11-19T15:18:24.477Z,QH224,Boeing 737 All Series Passenger,SGN,HAN,2026-01-30,10:40,12:50,Economy Smart,1176114,72
2025-11-19T15:18:24.477Z,QH242,Boeing 737 All Series Passenger,SGN,HAN,2026-01-30,13:15,15:25,Economy Smart,1176114,72
2025-11-19T15:18:24.477Z,QH268,Airbus A321,SGN,HAN,2026-01-30,19:20,21:30,Economy Smart,1176114,72
2025-11-19T15:18:24.477Z,QH204,Airbus A321,SGN,HAN,2026-01-30,07:10,09:20,Economy Smart,1305829,72
2025-11-19T15:18:24.477Z,QH204,Airbus A321,SGN,HAN,2026-01-30,07:10,09:20,Economy Flex,1583543,72
2025-11-19T15:18:24.477Z,QH224,Boeing 737 All Series Passenger,SGN,HAN,2026-01-30,10:40,12:50,Economy Flex,1583543,72
2025-11-19T15:18:24.477Z,QH242,Boeing 737 All Series Passenger,SGN,HAN,2026-01-30,13:15,15:25,Economy Flex,1583543,72
2025-11-19T15:18:24.477Z,QH268,Airbus A321,SGN,HAN,2026-01-30,19:20,21:30,Economy Flex,1583543,72
2025-11-19T15:18:57.704Z,QH204,Airbus A321,SGN,HAN,2026-01-31,07:10,09:20,Economy Smart,1176114,73
2025-11-19T15:18:57.704Z,QH242,Boeing 737 All Series Passenger,SGN,HAN,2026-01-31,13:15,15:25,Economy Smart,1176114,73
2025-11-19T15:18:57.704Z,QH268,Airbus A321,SGN,HAN,2026-01-31,19:20,21:30,Economy Smart,1176114,73
2025-11-19T15:18:57.704Z,QH224,Boeing 737 All Series Passenger,SGN,HAN,2026-01-31,10:40,12:50,Economy Smart,1305829,73
2025-11-19T15:18:57.704Z,QH204,Airbus A321,SGN,HAN,2026-01-31,07:10,09:20,Economy Flex,1583543,73
2025-11-19T15:18:57.704Z,QH224,Boeing 737 All Series Passenger,SGN,HAN,2026-01-31,10:40,12:50,Economy Flex,1583543,73
2025-11-19T15:18:57.704Z,QH242,Boeing 737 All Series Passenger,SGN,HAN,2026-01-31,13:15,15:25,Economy Flex,1583543,73
2025-11-19T15:18:57.704Z,QH268,Airbus A321,SGN,HAN,2026-01-31,19:20,21:30,Economy Flex,1583543,73
2025-11-19T15:19:39.553Z,QH204,Airbus A321,SGN,HAN,2026-01-02,07:10,09:20,Economy Smart,1305829,44
2025-11-19T15:19:39.553Z,QH224,Boeing 737 All Series Passenger,SGN,HAN,2026-01-02,10:40,12:50,Economy Smart,1305829,44
2025-11-19T15:19:39.553Z,QH242,Boeing 737 All Series Passenger,SGN,HAN,2026-01-02,13:15,15:25,Economy Smart,1305829,44
2025-11-19T15:19:39.553Z,QH268,Airbus A321,SGN,HAN,2026-01-02,19:20,21:30,Economy Smart,1305829,44
2025-11-19T15:19:39.553Z,QH204,Airbus A321,SGN,HAN,2026-01-02,07:10,09:20,Economy Flex,1583543,44
2025-11-19T15:19:39.553Z,QH224,Boeing 737 All Series Passenger,SGN,HAN,2026-01-02,10:40,12:50,Economy Flex,1583543,44
2025-11-19T15:19:39.553Z,QH242,Boeing 737 All Series Passenger,SGN,HAN,2026-01-02,13:15,15:25,Economy Flex,1583543,44
2025-11-19T15:19:39.553Z,QH268,Airbus A321,SGN,HAN,2026-01-02,19:20,21:30,Economy Flex,1583543,44
2025-11-19T15:20:19.160Z,QH204,Airbus A321,SGN,HAN,2026-02-02,07:10,09:20,Economy Smart,1305829,75
2025-11-19T15:20:19.160Z,QH224,Boeing 737 All Series Passenger,SGN,HAN,2026-02-02,10:40,12:50,Economy Smart,1305829,75
2025-11-19T15:20:19.160Z,QH242,Boeing 737 All Series Passenger,SGN,HAN,2026-02-02,13:15,15:25,Economy Smart,1305829,75
2025-11-19T15:20:19.160Z,QH268,Airbus A321,SGN,HAN,2026-02-02,19:20,21:30,Economy Smart,1305829,75
2025-11-19T15:20:19.160Z,QH204,Airbus A321,SGN,HAN,2026-02-02,07:10,09:20,Economy Flex,1583543,75
2025-11-19T15:20:19.160Z,QH224,Boeing 737 All Series Passenger,SGN,HAN,2026-02-02,10:40,12:50,Economy Flex,1583543,75
2025-11-19T15:20:19.160Z,QH242,Boeing 737 All Series Passenger,SGN,HAN,2026-02-02,13:15,15:25,Economy Flex,1583543,75
2025-11-19T15:20:19.160Z,QH268,Airbus A321,SGN,HAN,2026-02-02,19:20,21:30,Economy Flex,1583543,75
2025-11-19T15:20:53.559Z,QH204,Airbus A321,SGN,HAN,2026-03-02,07:10,09:20,Economy Smart,1434971,103
2025-11-19T15:20:53.559Z,QH242,Boeing 737 All Series Passenger,SGN,HAN,2026-03-02,13:15,15:25,Economy Smart,1434971,103
2025-11-19T15:20:53.559Z,QH268,Airbus A321,SGN,HAN,2026-03-02,19:20,21:30,Economy Smart,1434971,103
2025-11-19T15:20:53.559Z,QH204,Airbus A321,SGN,HAN,2026-03-02,07:10,09:20,Economy Flex,1583543,103
2025-11-19T15:20:53.559Z,QH224,Boeing 737 All Series Passenger,SGN,HAN,2026-03-02,10:40,12:50,Economy Flex,1583543,103
2025-11-19T15:20:53.559Z,QH242,Boeing 737 All Series Passenger,SGN,HAN,2026-03-02,13:15,15:25,Economy Flex,1583543,103
2025-11-19T15:20:53.559Z,QH268,Airbus A321,SGN,HAN,2026-03-02,19:20,21:30,Economy Flex,1583543,103
2025-11-19T15:21:31.902Z,QH204,Airbus A321,SGN,HAN,2026-04-02,07:10,09:20,Economy Flex,1583543,134
2025-11-19T15:21:31.902Z,QH224,Boeing 737 All Series Passenger,SGN,HAN,2026-04-02,10:40,12:50,Economy Flex,1583543,134
2025-11-19T15:21:31.902Z,QH242,Boeing 737 All Series Passenger,SGN,HAN,2026-04-02,13:15,15:25,Economy Flex,1583543,134
2025-11-19T15:21:31.902Z,QH268,Airbus A321,SGN,HAN,2026-04-02,19:20,21:30,Economy Flex,1583543,134
2025-11-19T15:22:10.747Z,QH204,Airbus A321,SGN,HAN,2026-05-02,07:10,09:20,Economy Flex,1774400,164
2025-11-19T15:22:10.747Z,QH224,Boeing 737 All Series Passenger,SGN,HAN,2026-05-02,10:40,12:50,Economy Flex,1774400,164
2025-11-19T15:22:10.747Z,QH242,Boeing 737 All Series Passenger,SGN,HAN,2026-05-02,13:15,15:25,Economy Flex,1774400,164
2025-11-19T15:22:10.747Z,QH268,Airbus A321,SGN,HAN,2026-05-02,19:20,21:30,Economy Flex,1774400,164
2025-11-19T15:22:48.809Z,QH204,Airbus A321,SGN,HAN,2026-06-02,07:10,09:20,Economy Flex,1963543,195
2025-11-19T15:22:48.809Z,QH224,Boeing 737 All Series Passenger,SGN,HAN,2026-06-02,10:40,12:50,Economy Flex,1963543,195
2025-11-19T15:22:48.809Z,QH242,Boeing 737 All Series Passenger,SGN,HAN,2026-06-02,13:15,15:25,Economy Flex,1963543,195
2025-11-19T15:22:48.809Z,QH268,Airbus A321,SGN,HAN,2026-06-02,19:20,21:30,Economy Flex,1963543,195
2025-11-19T15:23:18.851Z,QH204,Airbus A321,SGN,HAN,2026-07-02,07:10,09:20,Economy Flex,1963543,225
2025-11-19T15:23:18.851Z,QH224,Boeing 737 All Series Passenger,SGN,HAN,2026-07-02,10:40,12:50,Economy Flex,1963543,225
2025-11-19T15:23:18.851Z,QH242,Boeing 737 All Series Passenger,SGN,HAN,2026-07-02,13:15,15:25,Economy Flex,1963543,225
2025-11-19T15:23:18.851Z,QH268,Airbus A321,SGN,HAN,2026-07-02,19:20,21:30,Economy Flex,1963543,225
2025-11-19T15:23:55.136Z,QH204,Airbus A321,SGN,HAN,2026-08-02,07:10,09:20,Economy Flex,1963543,256
2025-11-19T15:23:55.136Z,QH224,Boeing 737 All Series Passenger,SGN,HAN,2026-08-02,10:40,12:50,Economy Flex,1963543,256
2025-11-19T15:23:55.136Z,QH242,Boeing 737 All Series Passenger,SGN,HAN,2026-08-02,13:15,15:25,Economy Flex,1963543,256
2025-11-19T15:23:55.136Z,QH268,Airbus A321,SGN,HAN,2026-08-02,19:20,21:30,Economy Flex,1963543,256
2025-11-19T15:24:28.704Z,QH204,Airbus A321,SGN,HAN,2026-09-02,07:10,09:20,Economy Flex,1963543,287
2025-11-19T15:24:28.704Z,QH224,Boeing 737 All Series Passenger,SGN,HAN,2026-09-02,10:40,12:50,Economy Flex,1963543,287
2025-11-19T15:24:28.704Z,QH242,Boeing 737 All Series Passenger,SGN,HAN,2026-09-02,13:15,15:25,Economy Flex,1963543,287
2025-11-19T15:24:28.704Z,QH268,Airbus A321,SGN,HAN,2026-09-02,19:20,21:30,Economy Flex,1963543,287
2025-11-19T15:25:02.885Z,QH204,Airbus A321,SGN,HAN,2026-10-02,07:10,09:20,Economy Flex,1963543,317
2025-11-19T15:25:02.885Z,QH224,Boeing 737 All Series Passenger,SGN,HAN,2026-10-02,10:40,12:50,Economy Flex,1963543,317
2025-11-19T15:25:02.885Z,QH242,Boeing 737 All Series Passenger,SGN,HAN,2026-10-02,13:15,15:25,Economy Flex,1963543,317
2025-11-19T15:25:02.885Z,QH268,Airbus A321,SGN,HAN,2026-10-02,19:20,21:30,Economy Flex,1963543,317
2025-11-19T15:25:35.619Z,QH204,Airbus A321,SGN,HAN,2026-11-02,07:10,09:20,Economy Flex,1963543,348
2025-11-19T15:25:35.619Z,QH224,Boeing 737 All Series Passenger,SGN,HAN,2026-11-02,10:40,12:50,Economy Flex,1963543,348
2025-11-19T15:25:35.619Z,QH242,Boeing 737 All Series Passenger,SGN,HAN,2026-11-02,13:15,15:25,Economy Flex,1963543,348
2025-11-19T15:25:35.619Z,QH268,Airbus A321,SGN,HAN,2026-11-02,19:20,21:30,Economy Flex,1963543,348
2025-11-19T15:26:08.417Z,QH204,Airbus A321,SGN,HAN,2026-12-02,07:10,09:20,Economy Flex,1963543,378
2025-11-19T15:26:08.417Z,QH224,Boeing 737 All Series Passenger,SGN,HAN,2026-12-02,10:40,12:50,Economy Flex,1963543,378
2025-11-19T15:26:08.417Z,QH242,Boeing 737 All Series Passenger,SGN,HAN,2026-12-02,13:15,15:25,Economy Flex,1963543,378
2025-11-19T15:26:08.417Z,QH268,Airbus A321,SGN,HAN,2026-12-02,19:20,21:30,Economy Flex,1963543,378
2025-11-19T15:26:40.989Z,QH204,Airbus A321,SGN,HAN,2026-02-13,07:10,09:20,Economy Flex,1963543,86
2025-11-19T15:26:40.989Z,QH224,Boeing 737 All Series Passenger,SGN,HAN,2026-02-13,10:40,12:50,Economy Flex,1963543,86
2025-11-19T15:26:40.989Z,QH242,Boeing 737 All Series Passenger,SGN,HAN,2026-02-13,13:15,15:25,Economy Flex,1963543,86
2025-11-19T15:26:40.989Z,QH268,Airbus A321,SGN,HAN,2026-02-13,19:20,21:30,Economy Flex,1963543,86
2025-11-19T15:27:14.415Z,QH204,Airbus A321,SGN,HAN,2026-02-14,07:10,09:20,Economy Flex,1963543,87
2025-11-19T15:27:14.415Z,QH224,Boeing 737 All Series Passenger,SGN,HAN,2026-02-14,10:40,12:50,Economy Flex,1963543,87
2025-11-19T15:27:14.415Z,QH242,Boeing 737 All Series Passenger,SGN,HAN,2026-02-14,13:15,15:25,Economy Flex,1963543,87
2025-11-19T15:27:14.415Z,QH268,Airbus A321,SGN,HAN,2026-02-14,19:20,21:30,Economy Flex,1963543,87
2025-11-19T15:27:46.268Z,QH204,Airbus A321,SGN,HAN,2026-02-15,07:10,09:20,Economy Flex,1963543,88
2025-11-19T15:27:46.268Z,QH224,Boeing 737 All Series Passenger,SGN,HAN,2026-02-15,10:40,12:50,Economy Flex,1963543,88
2025-11-19T15:27:46.268Z,QH242,Boeing 737 All Series Passenger,SGN,HAN,2026-02-15,13:15,15:25,Economy Flex,1963543,88
2025-11-19T15:27:46.268Z,QH268,Airbus A321,SGN,HAN,2026-02-15,19:20,21:30,Economy Flex,1963543,88
2025-11-19T15:28:24.491Z,QH204,Airbus A321,SGN,HAN,2026-02-16,07:10,09:20,Economy Flex,1963543,89
2025-11-19T15:28:24.491Z,QH224,Boeing 737 All Series Passenger,SGN,HAN,2026-02-16,10:40,12:50,Economy Flex,1963543,89
2025-11-19T15:28:24.491Z,QH242,Boeing 737 All Series Passenger,SGN,HAN,2026-02-16,13:15,15:25,Economy Flex,1963543,89
2025-11-19T15:28:24.491Z,QH268,Airbus A321,SGN,HAN,2026-02-16,19:20,21:30,Economy Flex,1963543,89
2025-11-19T15:29:00.729Z,QH204,Airbus A321,SGN,HAN,2026-02-17,07:10,09:20,Economy Flex,1583543,90
2025-11-19T15:29:00.729Z,QH224,Boeing 737 All Series Passenger,SGN,HAN,2026-02-17,10:40,12:50,Economy Flex,1583543,90
2025-11-19T15:29:00.729Z,QH242,Boeing 737 All Series Passenger,SGN,HAN,2026-02-17,13:15,15:25,Economy Flex,1583543,90
2025-11-19T15:29:00.729Z,QH268,Airbus A321,SGN,HAN,2026-02-17,19:20,21:30,Economy Flex,1583543,90
2025-11-19T15:29:37.392Z,QH204,Airbus A321,SGN,HAN,2026-02-18,07:10,09:20,Economy Flex,1583543,91
2025-11-19T15:29:37.392Z,QH242,Boeing 737 All Series Passenger,SGN,HAN,2026-02-18,13:15,15:25,Economy Flex,1583543,91
2025-11-19T15:29:37.392Z,QH268,Airbus A321,SGN,HAN,2026-02-18,19:20,21:30,Economy Flex,1583543,91
2025-11-19T15:29:37.392Z,QH224,Boeing 737 All Series Passenger,SGN,HAN,2026-02-18,10:40,12:50,Economy Flex,1774400,91
2025-11-19T15:30:09.453Z,QH224,Boeing 737 All Series Passenger,SGN,HAN,2026-02-19,10:40,12:50,Economy Smart,1176114,92
2025-11-19T15:30:09.453Z,QH242,Boeing 737 All Series Passenger,SGN,HAN,2026-02-19,13:15,15:25,Economy Smart,1176114,92
2025-11-19T15:30:09.453Z,QH268,Airbus A321,SGN,HAN,2026-02-19,19:20,21:30,Economy Smart,1176114,92
2025-11-19T15:30:09.453Z,QH204,Airbus A321,SGN,HAN,2026-02-19,07:10,09:20,Economy Smart,1434971,92
2025-11-19T15:30:09.453Z,QH204,Airbus A321,SGN,HAN,2026-02-19,07:10,09:20,Economy Flex,1583543,92
2025-11-19T15:30:09.453Z,QH224,Boeing 737 All Series Passenger,SGN,HAN,2026-02-19,10:40,12:50,Economy Flex,1583543,92
2025-11-19T15:30:09.453Z,QH242,Boeing 737 All Series Passenger,SGN,HAN,2026-02-19,13:15,15:25,Economy Flex,1583543,92
2025-11-19T15:30:09.453Z,QH268,Airbus A321,SGN,HAN,2026-02-19,19:20,21:30,Economy Flex,1583543,92
2025-11-19T16:01:15.243Z,QH204,Airbus A321,SGN,HAN,2026-02-21,07:10,09:20,Economy Smart,731543,94
2025-11-19T16:01:15.243Z,QH224,Boeing 737 All Series Passenger,SGN,HAN,2026-02-21,10:40,12:50,Economy Smart,731543,94
2025-11-19T16:01:15.243Z,QH242,Boeing 737 All Series Passenger,SGN,HAN,2026-02-21,13:15,15:25,Economy Smart,731543,94
2025-11-19T16:01:15.243Z,QH268,Airbus A321,SGN,HAN,2026-02-21,19:20,21:30,Economy Smart,731543,94
2025-11-19T16:01:15.243Z,QH204,Airbus A321,SGN,HAN,2026-02-21,07:10,09:20,Economy Flex,1583543,94
2025-11-19T16:01:15.243Z,QH224,Boeing 737 All Series Passenger,SGN,HAN,2026-02-21,10:40,12:50,Economy Flex,1583543,94
2025-11-19T16:01:15.243Z,QH242,Boeing 737 All Series Passenger,SGN,HAN,2026-02-21,13:15,15:25,Economy Flex,1583543,94
2025-11-19T16:01:15.243Z,QH268,Airbus A321,SGN,HAN,2026-02-21,19:20,21:30,Economy Flex,1583543,94
2025-11-19T16:01:49.638Z,QH204,Airbus A321,SGN,HAN,2026-02-22,07:10,09:20,Economy Smart,731543,95
2025-11-19T16:01:49.638Z,QH224,Boeing 737 All Series Passenger,SGN,HAN,2026-02-22,10:40,12:50,Economy Smart,731543,95
2025-11-19T16:01:49.638Z,QH242,Boeing 737 All Series Passenger,SGN,HAN,2026-02-22,13:15,15:25,Economy Smart,731543,95
2025-11-19T16:01:49.638Z,QH268,Airbus A321,SGN,HAN,2026-02-22,19:20,21:30,Economy Smart,731543,95
2025-11-19T16:01:49.638Z,QH204,Airbus A321,SGN,HAN,2026-02-22,07:10,09:20,Economy Flex,1583543,95
2025-11-19T16:01:49.638Z,QH224,Boeing 737 All Series Passenger,SGN,HAN,2026-02-22,10:40,12:50,Economy Flex,1583543,95
2025-11-19T16:01:49.638Z,QH242,Boeing 737 All Series Passenger,SGN,HAN,2026-02-22,13:15,15:25,Economy Flex,1583543,95
2025-11-19T16:01:49.638Z,QH268,Airbus A321,SGN,HAN,2026-02-22,19:20,21:30,Economy Flex,1583543,95
2025-11-19T16:02:26.435Z,QH268,Airbus A321,SGN,HAN,2026-02-23,19:20,21:30,Economy Smart,1012000,96
2025-11-19T16:02:26.435Z,QH204,Airbus A321,SGN,HAN,2026-02-23,07:10,09:20,Economy Smart,1141000,96
2025-11-19T16:02:26.435Z,QH224,Boeing 737 All Series Passenger,SGN,HAN,2026-02-23,10:40,12:50,Economy Smart,1141000,96
2025-11-19T16:02:26.435Z,QH242,Boeing 737 All Series Passenger,SGN,HAN,2026-02-23,13:15,15:25,Economy Smart,1141000,96
2025-11-19T16:02:26.435Z,QH204,Airbus A321,SGN,HAN,2026-02-23,07:10,09:20,Economy Smart,731543,96
2025-11-19T16:02:26.435Z,QH224,Boeing 737 All Series Passenger,SGN,HAN,2026-02-23,10:40,12:50,Economy Smart,731543,96
2025-11-19T16:02:26.435Z,QH242,Boeing 737 All Series Passenger,SGN,HAN,2026-02-23,13:15,15:25,Economy Smart,731543,96
2025-11-19T16:02:26.435Z,QH268,Airbus A321,SGN,HAN,2026-02-23,19:20,21:30,Economy Smart,731543,96
2025-11-19T16:02:26.435Z,QH204,Airbus A321,SGN,HAN,2026-02-23,07:10,09:20,Economy Flex,1583543,96
2025-11-19T16:02:26.435Z,QH224,Boeing 737 All Series Passenger,SGN,HAN,2026-02-23,10:40,12:50,Economy Flex,1583543,96
2025-11-19T16:02:26.435Z,QH242,Boeing 737 All Series Passenger,SGN,HAN,2026-02-23,13:15,15:25,Economy Flex,1583543,96
2025-11-19T16:02:26.435Z,QH268,Airbus A321,SGN,HAN,2026-02-23,19:20,21:30,Economy Flex,1583543,96
2025-11-19T16:03:09.451Z,QH204,Airbus A321,SGN,HAN,2026-02-24,07:10,09:20,Economy Smart,1012000,97
2025-11-19T16:03:09.451Z,QH224,Boeing 737 All Series Passenger,SGN,HAN,2026-02-24,10:40,12:50,Economy Smart,1012000,97
2025-11-19T16:03:09.451Z,QH242,Boeing 737 All Series Passenger,SGN,HAN,2026-02-24,13:15,15:25,Economy Smart,1012000,97
2025-11-19T16:03:09.451Z,QH268,Airbus A321,SGN,HAN,2026-02-24,19:20,21:30,Economy Smart,1012000,97
2025-11-19T16:03:09.451Z,QH204,Airbus A321,SGN,HAN,2026-02-24,07:10,09:20,Economy Smart,731543,97
2025-11-19T16:03:09.451Z,QH224,Boeing 737 All Series Passenger,SGN,HAN,2026-02-24,10:40,12:50,Economy Smart,731543,97
2025-11-19T16:03:09.451Z,QH242,Boeing 737 All Series Passenger,SGN,HAN,2026-02-24,13:15,15:25,Economy Smart,731543,97
2025-11-19T16:03:09.451Z,QH268,Airbus A321,SGN,HAN,2026-02-24,19:20,21:30,Economy Smart,731543,97
2025-11-19T16:03:09.451Z,QH204,Airbus A321,SGN,HAN,2026-02-24,07:10,09:20,Economy Flex,1583543,97
2025-11-19T16:03:09.451Z,QH224,Boeing 737 All Series Passenger,SGN,HAN,2026-02-24,10:40,12:50,Economy Flex,1583543,97
2025-11-19T16:03:09.451Z,QH242,Boeing 737 All Series Passenger,SGN,HAN,2026-02-24,13:15,15:25,Economy Flex,1583543,97
2025-11-19T16:03:09.451Z,QH268,Airbus A321,SGN,HAN,2026-02-24,19:20,21:30,Economy Flex,1583543,97
2025-11-19T16:03:52.067Z,QH204,Airbus A321,SGN,HAN,2026-02-25,07:10,09:20,Economy Smart,1012000,98
2025-11-19T16:03:52.067Z,QH224,Boeing 737 All Series Passenger,SGN,HAN,2026-02-25,10:40,12:50,Economy Smart,1012000,98
2025-11-19T16:03:52.067Z,QH242,Boeing 737 All Series Passenger,SGN,HAN,2026-02-25,13:15,15:25,Economy Smart,1012000,98
2025-11-19T16:03:52.067Z,QH268,Airbus A321,SGN,HAN,2026-02-25,19:20,21:30,Economy Smart,1012000,98
2025-11-19T16:03:52.067Z,QH204,Airbus A321,SGN,HAN,2026-02-25,07:10,09:20,Economy Smart,731543,98
2025-11-19T16:03:52.067Z,QH224,Boeing 737 All Series Passenger,SGN,HAN,2026-02-25,10:40,12:50,Economy Smart,731543,98
2025-11-19T16:03:52.067Z,QH242,Boeing 737 All Series Passenger,SGN,HAN,2026-02-25,13:15,15:25,Economy Smart,731543,98
2025-11-19T16:03:52.067Z,QH268,Airbus A321,SGN,HAN,2026-02-25,19:20,21:30,Economy Smart,731543,98
2025-11-19T16:03:52.067Z,QH204,Airbus A321,SGN,HAN,2026-02-25,07:10,09:20,Economy Flex,1583543,98
2025-11-19T16:03:52.067Z,QH224,Boeing 737 All Series Passenger,SGN,HAN,2026-02-25,10:40,12:50,Economy Flex,1583543,98
2025-11-19T16:03:52.067Z,QH242,Boeing 737 All Series Passenger,SGN,HAN,2026-02-25,13:15,15:25,Economy Flex,1583543,98
2025-11-19T16:03:52.067Z,QH268,Airbus A321,SGN,HAN,2026-02-25,19:20,21:30,Economy Flex,1583543,98
2025-11-19T16:04:27.484Z,QH204,Airbus A321,SGN,HAN,2026-02-26,07:10,09:20,Economy Smart,1012000,99
2025-11-19T16:04:27.484Z,QH224,Boeing 737 All Series Passenger,SGN,HAN,2026-02-26,10:40,12:50,Economy Smart,1012000,99
2025-11-19T16:04:27.484Z,QH242,Boeing 737 All Series Passenger,SGN,HAN,2026-02-26,13:15,15:25,Economy Smart,1012000,99
2025-11-19T16:04:27.484Z,QH268,Airbus A321,SGN,HAN,2026-02-26,19:20,21:30,Economy Smart,1012000,99
2025-11-19T16:04:27.484Z,QH204,Airbus A321,SGN,HAN,2026-02-26,07:10,09:20,Economy Smart,731543,99
2025-11-19T16:04:27.484Z,QH224,Boeing 737 All Series Passenger,SGN,HAN,2026-02-26,10:40,12:50,Economy Smart,731543,99
2025-11-19T16:04:27.484Z,QH242,Boeing 737 All Series Passenger,SGN,HAN,2026-02-26,13:15,15:25,Economy Smart,731543,99
2025-11-19T16:04:27.484Z,QH268,Airbus A321,SGN,HAN,2026-02-26,19:20,21:30,Economy Smart,731543,99
2025-11-19T16:04:27.484Z,QH204,Airbus A321,SGN,HAN,2026-02-26,07:10,09:20,Economy Flex,1583543,99
2025-11-19T16:04:27.484Z,QH224,Boeing 737 All Series Passenger,SGN,HAN,2026-02-26,10:40,12:50,Economy Flex,1583543,99
2025-11-19T16:04:27.484Z,QH242,Boeing 737 All Series Passenger,SGN,HAN,2026-02-26,13:15,15:25,Economy Flex,1583543,99
2025-11-19T16:04:27.484Z,QH268,Airbus A321,SGN,HAN,2026-02-26,19:20,21:30,Economy Flex,1583543,99
2025-11-19T16:05:11.318Z,QH204,Airbus A321,SGN,HAN,2026-02-27,07:10,09:20,Economy Smart,1012000,100
2025-11-19T16:05:11.318Z,QH224,Boeing 737 All Series Passenger,SGN,HAN,2026-02-27,10:40,12:50,Economy Smart,1012000,100
2025-11-19T16:05:11.318Z,QH242,Boeing 737 All Series Passenger,SGN,HAN,2026-02-27,13:15,15:25,Economy Smart,1012000,100
2025-11-19T16:05:11.318Z,QH268,Airbus A321,SGN,HAN,2026-02-27,19:20,21:30,Economy Smart,1012000,100
2025-11-19T16:05:11.318Z,QH204,Airbus A321,SGN,HAN,2026-02-27,07:10,09:20,Economy Smart,1141000,100
2025-11-19T16:05:11.318Z,QH224,Boeing 737 All Series Passenger,SGN,HAN,2026-02-27,10:40,12:50,Economy Smart,1141000,100
2025-11-19T16:05:11.318Z,QH242,Boeing 737 All Series Passenger,SGN,HAN,2026-02-27,13:15,15:25,Economy Smart,1141000,100
2025-11-19T16:05:11.318Z,QH268,Airbus A321,SGN,HAN,2026-02-27,19:20,21:30,Economy Smart,1141000,100
2025-11-19T16:05:11.318Z,QH204,Airbus A321,SGN,HAN,2026-02-27,07:10,09:20,Economy Smart,731543,100
2025-11-19T16:05:11.318Z,QH224,Boeing 737 All Series Passenger,SGN,HAN,2026-02-27,10:40,12:50,Economy Smart,731543,100
2025-11-19T16:05:11.318Z,QH242,Boeing 737 All Series Passenger,SGN,HAN,2026-02-27,13:15,15:25,Economy Smart,731543,100
2025-11-19T16:05:11.318Z,QH268,Airbus A321,SGN,HAN,2026-02-27,19:20,21:30,Economy Smart,731543,100
2025-11-19T16:05:11.318Z,QH204,Airbus A321,SGN,HAN,2026-02-27,07:10,09:20,Economy Flex,1583543,100
2025-11-19T16:05:11.318Z,QH224,Boeing 737 All Series Passenger,SGN,HAN,2026-02-27,10:40,12:50,Economy Flex,1583543,100
2025-11-19T16:05:11.318Z,QH242,Boeing 737 All Series Passenger,SGN,HAN,2026-02-27,13:15,15:25,Economy Flex,1583543,100
2025-11-19T16:05:11.318Z,QH268,Airbus A321,SGN,HAN,2026-02-27,19:20,21:30,Economy Flex,1583543,100
2025-11-19T16:06:20.518Z,QH204,Airbus A321,SGN,HAN,2026-01-03,07:10,09:20,Economy Smart,1012000,45
2025-11-19T16:06:20.518Z,QH224,Boeing 737 All Series Passenger,SGN,HAN,2026-01-03,10:40,12:50,Economy Smart,1012000,45
2025-11-19T16:06:20.518Z,QH242,Boeing 737 All Series Passenger,SGN,HAN,2026-01-03,13:15,15:25,Economy Smart,1012000,45
2025-11-19T16:06:20.518Z,QH268,Airbus A321,SGN,HAN,2026-01-03,19:20,21:30,Economy Smart,1012000,45
2025-11-19T16:06:20.518Z,QH204,Airbus A321,SGN,HAN,2026-01-03,07:10,09:20,Economy Smart,1141000,45
2025-11-19T16:06:20.518Z,QH224,Boeing 737 All Series Passenger,SGN,HAN,2026-01-03,10:40,12:50,Economy Smart,1141000,45
2025-11-19T16:06:20.518Z,QH242,Boeing 737 All Series Passenger,SGN,HAN,2026-01-03,13:15,15:25,Economy Smart,1141000,45
2025-11-19T16:06:20.518Z,QH268,Airbus A321,SGN,HAN,2026-01-03,19:20,21:30,Economy Smart,1141000,45
2025-11-19T16:06:20.518Z,QH204,Airbus A321,SGN,HAN,2026-01-03,07:10,09:20,Economy Smart,731543,45
2025-11-19T16:06:20.518Z,QH224,Boeing 737 All Series Passenger,SGN,HAN,2026-01-03,10:40,12:50,Economy Smart,731543,45
2025-11-19T16:06:20.518Z,QH242,Boeing 737 All Series Passenger,SGN,HAN,2026-01-03,13:15,15:25,Economy Smart,731543,45
2025-11-19T16:06:20.518Z,QH268,Airbus A321,SGN,HAN,2026-01-03,19:20,21:30,Economy Smart,731543,45
2025-11-19T16:06:20.518Z,QH204,Airbus A321,SGN,HAN,2026-01-03,07:10,09:20,Economy Flex,1583543,45
2025-11-19T16:06:20.518Z,QH224,Boeing 737 All Series Passenger,SGN,HAN,2026-01-03,10:40,12:50,Economy Flex,1583543,45
2025-11-19T16:06:20.518Z,QH242,Boeing 737 All Series Passenger,SGN,HAN,2026-01-03,13:15,15:25,Economy Flex,1583543,45
2025-11-19T16:06:20.518Z,QH268,Airbus A321,SGN,HAN,2026-01-03,19:20,21:30,Economy Flex,1583543,45
2025-11-19T16:06:59.538Z,QH204,Airbus A321,SGN,HAN,2026-02-03,07:10,09:20,Economy Smart,1012000,76
2025-11-19T16:06:59.538Z,QH224,Boeing 737 All Series Passenger,SGN,HAN,2026-02-03,10:40,12:50,Economy Smart,1012000,76
2025-11-19T16:06:59.538Z,QH242,Boeing 737 All Series Passenger,SGN,HAN,2026-02-03,13:15,15:25,Economy Smart,1012000,76
2025-11-19T16:06:59.538Z,QH268,Airbus A321,SGN,HAN,2026-02-03,19:20,21:30,Economy Smart,1012000,76
2025-11-19T16:06:59.538Z,QH204,Airbus A321,SGN,HAN,2026-02-03,07:10,09:20,Economy Smart,1141000,76
2025-11-19T16:06:59.538Z,QH224,Boeing 737 All Series Passenger,SGN,HAN,2026-02-03,10:40,12:50,Economy Smart,1141000,76
2025-11-19T16:06:59.538Z,QH242,Boeing 737 All Series Passenger,SGN,HAN,2026-02-03,13:15,15:25,Economy Smart,1141000,76
2025-11-19T16:06:59.538Z,QH268,Airbus A321,SGN,HAN,2026-02-03,19:20,21:30,Economy Smart,1141000,76
2025-11-19T16:06:59.538Z,QH204,Airbus A321,SGN,HAN,2026-02-03,07:10,09:20,Economy Smart,731543,76
2025-11-19T16:06:59.538Z,QH224,Boeing 737 All Series Passenger,SGN,HAN,2026-02-03,10:40,12:50,Economy Smart,731543,76
2025-11-19T16:06:59.538Z,QH242,Boeing 737 All Series Passenger,SGN,HAN,2026-02-03,13:15,15:25,Economy Smart,731543,76
2025-11-19T16:06:59.538Z,QH268,Airbus A321,SGN,HAN,2026-02-03,19:20,21:30,Economy Smart,731543,76
2025-11-19T16:06:59.538Z,QH204,Airbus A321,SGN,HAN,2026-02-03,07:10,09:20,Economy Flex,1583543,76
2025-11-19T16:06:59.538Z,QH224,Boeing 737 All Series Passenger,SGN,HAN,2026-02-03,10:40,12:50,Economy Flex,1583543,76
2025-11-19T16:06:59.538Z,QH242,Boeing 737 All Series Passenger,SGN,HAN,2026-02-03,13:15,15:25,Economy Flex,1583543,76
2025-11-19T16:06:59.538Z,QH268,Airbus A321,SGN,HAN,2026-02-03,19:20,21:30,Economy Flex,1583543,76
2025-11-19T16:07:39.883Z,QH204,Airbus A321,SGN,HAN,2026-03-03,07:10,09:20,Economy Smart,1012000,104
2025-11-19T16:07:39.883Z,QH224,Boeing 737 All Series Passenger,SGN,HAN,2026-03-03,10:40,12:50,Economy Smart,1012000,104
2025-11-19T16:07:39.883Z,QH242,Boeing 737 All Series Passenger,SGN,HAN,2026-03-03,13:15,15:25,Economy Smart,1012000,104
2025-11-19T16:07:39.883Z,QH268,Airbus A321,SGN,HAN,2026-03-03,19:20,21:30,Economy Smart,1012000,104
2025-11-19T16:07:39.883Z,QH204,Airbus A321,SGN,HAN,2026-03-03,07:10,09:20,Economy Smart,1141000,104
2025-11-19T16:07:39.883Z,QH224,Boeing 737 All Series Passenger,SGN,HAN,2026-03-03,10:40,12:50,Economy Smart,1141000,104
2025-11-19T16:07:39.883Z,QH242,Boeing 737 All Series Passenger,SGN,HAN,2026-03-03,13:15,15:25,Economy Smart,1141000,104
2025-11-19T16:07:39.883Z,QH268,Airbus A321,SGN,HAN,2026-03-03,19:20,21:30,Economy Smart,1141000,104
2025-11-19T16:07:39.883Z,QH204,Airbus A321,SGN,HAN,2026-03-03,07:10,09:20,Economy Smart,731543,104
2025-11-19T16:07:39.883Z,QH224,Boeing 737 All Series Passenger,SGN,HAN,2026-03-03,10:40,12:50,Economy Smart,731543,104
2025-11-19T16:07:39.883Z,QH242,Boeing 737 All Series Passenger,SGN,HAN,2026-03-03,13:15,15:25,Economy Smart,731543,104
2025-11-19T16:07:39.883Z,QH268,Airbus A321,SGN,HAN,2026-03-03,19:20,21:30,Economy Smart,731543,104
2025-11-19T16:07:39.883Z,QH204,Airbus A321,SGN,HAN,2026-03-03,07:10,09:20,Economy Flex,1583543,104
2025-11-19T16:07:39.883Z,QH224,Boeing 737 All Series Passenger,SGN,HAN,2026-03-03,10:40,12:50,Economy Flex,1583543,104
2025-11-19T16:07:39.883Z,QH242,Boeing 737 All Series Passenger,SGN,HAN,2026-03-03,13:15,15:25,Economy Flex,1583543,104
2025-11-19T16:07:39.883Z,QH268,Airbus A321,SGN,HAN,2026-03-03,19:20,21:30,Economy Flex,1583543,104
2025-11-19T16:08:21.454Z,QH204,Airbus A321,SGN,HAN,2026-04-03,07:10,09:20,Economy Smart,1109000,135
2025-11-19T16:08:21.454Z,QH242,Boeing 737 All Series Passenger,SGN,HAN,2026-04-03,13:15,15:25,Economy Smart,1109000,135
2025-11-19T16:08:21.454Z,QH268,Airbus A321,SGN,HAN,2026-04-03,19:20,21:30,Economy Smart,1109000,135
2025-11-19T16:08:21.454Z,QH224,Boeing 737 All Series Passenger,SGN,HAN,2026-04-03,10:40,12:50,Economy Smart,657829,135
2025-11-19T16:08:21.454Z,QH204,Airbus A321,SGN,HAN,2026-04-03,07:10,09:20,Economy Smart,731543,135
2025-11-19T16:08:21.454Z,QH224,Boeing 737 All Series Passenger,SGN,HAN,2026-04-03,10:40,12:50,Economy Smart,731543,135
2025-11-19T16:08:21.454Z,QH242,Boeing 737 All Series Passenger,SGN,HAN,2026-04-03,13:15,15:25,Economy Smart,731543,135
2025-11-19T16:08:21.454Z,QH268,Airbus A321,SGN,HAN,2026-04-03,19:20,21:30,Economy Smart,731543,135
2025-11-19T16:08:21.454Z,QH204,Airbus A321,SGN,HAN,2026-04-03,07:10,09:20,Economy Flex,1583543,135
2025-11-19T16:08:21.454Z,QH224,Boeing 737 All Series Passenger,SGN,HAN,2026-04-03,10:40,12:50,Economy Flex,1583543,135
2025-11-19T16:08:21.454Z,QH242,Boeing 737 All Series Passenger,SGN,HAN,2026-04-03,13:15,15:25,Economy Flex,1583543,135
2025-11-19T16:08:21.454Z,QH268,Airbus A321,SGN,HAN,2026-04-03,19:20,21:30,Economy Flex,1583543,135
2025-11-19T16:08:59.613Z,QH204,Airbus A321,SGN,HAN,2026-05-03,07:10,09:20,Economy Smart,1046400,165
2025-11-19T16:08:59.613Z,QH224,Boeing 737 All Series Passenger,SGN,HAN,2026-05-03,10:40,12:50,Economy Smart,1046400,165
2025-11-19T16:08:59.613Z,QH242,Boeing 737 All Series Passenger,SGN,HAN,2026-05-03,13:15,15:25,Economy Smart,1046400,165
2025-11-19T16:08:59.613Z,QH268,Airbus A321,SGN,HAN,2026-05-03,19:20,21:30,Economy Smart,1046400,165
2025-11-19T16:08:59.613Z,QH204,Airbus A321,SGN,HAN,2026-05-03,07:10,09:20,Economy Flex,1583543,165
2025-11-19T16:08:59.613Z,QH224,Boeing 737 All Series Passenger,SGN,HAN,2026-05-03,10:40,12:50,Economy Flex,1583543,165
2025-11-19T16:08:59.613Z,QH242,Boeing 737 All Series Passenger,SGN,HAN,2026-05-03,13:15,15:25,Economy Flex,1583543,165
2025-11-19T16:08:59.613Z,QH268,Airbus A321,SGN,HAN,2026-05-03,19:20,21:30,Economy Flex,1583543,165
2025-11-19T16:10:14.268Z,QH204,Airbus A321,SGN,HAN,2026-07-03,07:10,09:20,Economy Smart,1046400,226
2025-11-19T16:10:14.268Z,QH224,Boeing 737 All Series Passenger,SGN,HAN,2026-07-03,10:40,12:50,Economy Smart,1046400,226
2025-11-19T16:10:14.268Z,QH242,Boeing 737 All Series Passenger,SGN,HAN,2026-07-03,13:15,15:25,Economy Smart,1046400,226
2025-11-19T16:10:14.268Z,QH268,Airbus A321,SGN,HAN,2026-07-03,19:20,21:30,Economy Smart,1046400,226
2025-11-19T16:10:14.268Z,QH204,Airbus A321,SGN,HAN,2026-07-03,07:10,09:20,Economy Flex,1583543,226
2025-11-19T16:10:14.268Z,QH224,Boeing 737 All Series Passenger,SGN,HAN,2026-07-03,10:40,12:50,Economy Flex,1583543,226
2025-11-19T16:10:14.268Z,QH242,Boeing 737 All Series Passenger,SGN,HAN,2026-07-03,13:15,15:25,Economy Flex,1583543,226
2025-11-19T16:10:14.268Z,QH268,Airbus A321,SGN,HAN,2026-07-03,19:20,21:30,Economy Flex,1583543,226
2025-11-19T16:10:50.887Z,QH204,Airbus A321,SGN,HAN,2026-08-03,07:10,09:20,Economy Smart,1046400,257
2025-11-19T16:10:50.887Z,QH224,Boeing 737 All Series Passenger,SGN,HAN,2026-08-03,10:40,12:50,Economy Smart,1046400,257
2025-11-19T16:10:50.887Z,QH242,Boeing 737 All Series Passenger,SGN,HAN,2026-08-03,13:15,15:25,Economy Smart,1046400,257
2025-11-19T16:10:50.887Z,QH268,Airbus A321,SGN,HAN,2026-08-03,19:20,21:30,Economy Smart,1046400,257
2025-11-19T16:10:50.887Z,QH204,Airbus A321,SGN,HAN,2026-08-03,07:10,09:20,Economy Flex,1583543,257
2025-11-19T16:10:50.887Z,QH224,Boeing 737 All Series Passenger,SGN,HAN,2026-08-03,10:40,12:50,Economy Flex,1583543,257
2025-11-19T16:10:50.887Z,QH242,Boeing 737 All Series Passenger,SGN,HAN,2026-08-03,13:15,15:25,Economy Flex,1583543,257
2025-11-19T16:10:50.887Z,QH268,Airbus A321,SGN,HAN,2026-08-03,19:20,21:30,Economy Flex,1583543,257
2025-11-19T16:11:26.225Z,QH204,Airbus A321,SGN,HAN,2026-09-03,07:10,09:20,Economy Smart,1046400,288
2025-11-19T16:11:26.225Z,QH224,Boeing 737 All Series Passenger,SGN,HAN,2026-09-03,10:40,12:50,Economy Smart,1046400,288
2025-11-19T16:11:26.225Z,QH242,Boeing 737 All Series Passenger,SGN,HAN,2026-09-03,13:15,15:25,Economy Smart,1046400,288
2025-11-19T16:11:26.225Z,QH268,Airbus A321,SGN,HAN,2026-09-03,19:20,21:30,Economy Smart,1046400,288
2025-11-19T16:11:26.225Z,QH204,Airbus A321,SGN,HAN,2026-09-03,07:10,09:20,Economy Flex,1583543,288
2025-11-19T16:11:26.225Z,QH224,Boeing 737 All Series Passenger,SGN,HAN,2026-09-03,10:40,12:50,Economy Flex,1583543,288
2025-11-19T16:11:26.225Z,QH242,Boeing 737 All Series Passenger,SGN,HAN,2026-09-03,13:15,15:25,Economy Flex,1583543,288
2025-11-19T16:11:26.225Z,QH268,Airbus A321,SGN,HAN,2026-09-03,19:20,21:30,Economy Flex,1583543,288
2025-11-19T16:12:02.853Z,QH204,Airbus A321,SGN,HAN,2026-10-03,07:10,09:20,Economy Smart,1046400,318
2025-11-19T16:12:02.853Z,QH224,Boeing 737 All Series Passenger,SGN,HAN,2026-10-03,10:40,12:50,Economy Smart,1046400,318
2025-11-19T16:12:02.853Z,QH242,Boeing 737 All Series Passenger,SGN,HAN,2026-10-03,13:15,15:25,Economy Smart,1046400,318
2025-11-19T16:12:02.853Z,QH268,Airbus A321,SGN,HAN,2026-10-03,19:20,21:30,Economy Smart,1046400,318
2025-11-19T16:12:02.853Z,QH204,Airbus A321,SGN,HAN,2026-10-03,07:10,09:20,Economy Flex,1583543,318
2025-11-19T16:12:02.853Z,QH224,Boeing 737 All Series Passenger,SGN,HAN,2026-10-03,10:40,12:50,Economy Flex,1583543,318
2025-11-19T16:12:02.853Z,QH242,Boeing 737 All Series Passenger,SGN,HAN,2026-10-03,13:15,15:25,Economy Flex,1583543,318
2025-11-19T16:12:02.853Z,QH268,Airbus A321,SGN,HAN,2026-10-03,19:20,21:30,Economy Flex,1583543,318
2025-11-19T16:14:21.158Z,QH204,Airbus A321,SGN,HAN,2026-03-14,07:10,09:20,Economy Smart,1046400,115
2025-11-19T16:14:21.158Z,QH224,Boeing 737 All Series Passenger,SGN,HAN,2026-03-14,10:40,12:50,Economy Smart,1046400,115
2025-11-19T16:14:21.158Z,QH242,Boeing 737 All Series Passenger,SGN,HAN,2026-03-14,13:15,15:25,Economy Smart,1046400,115
2025-11-19T16:14:21.158Z,QH268,Airbus A321,SGN,HAN,2026-03-14,19:20,21:30,Economy Smart,1046400,115
2025-11-19T16:14:21.158Z,QH204,Airbus A321,SGN,HAN,2026-03-14,07:10,09:20,Economy Flex,1583543,115
2025-11-19T16:14:21.158Z,QH224,Boeing 737 All Series Passenger,SGN,HAN,2026-03-14,10:40,12:50,Economy Flex,1583543,115
2025-11-19T16:14:21.158Z,QH242,Boeing 737 All Series Passenger,SGN,HAN,2026-03-14,13:15,15:25,Economy Flex,1583543,115
2025-11-19T16:14:21.158Z,QH268,Airbus A321,SGN,HAN,2026-03-14,19:20,21:30,Economy Flex,1583543,115
2025-11-19T16:14:52.362Z,QH204,Airbus A321,SGN,HAN,2026-03-15,07:10,09:20,Economy Smart,1046400,116
2025-11-19T16:14:52.362Z,QH224,Boeing 737 All Series Passenger,SGN,HAN,2026-03-15,10:40,12:50,Economy Smart,1046400,116
2025-11-19T16:14:52.362Z,QH242,Boeing 737 All Series Passenger,SGN,HAN,2026-03-15,13:15,15:25,Economy Smart,1046400,116
2025-11-19T16:14:52.362Z,QH268,Airbus A321,SGN,HAN,2026-03-15,19:20,21:30,Economy Smart,1046400,116
2025-11-19T16:14:52.362Z,QH204,Airbus A321,SGN,HAN,2026-03-15,07:10,09:20,Economy Flex,1583543,116
2025-11-19T16:14:52.362Z,QH224,Boeing 737 All Series Passenger,SGN,HAN,2026-03-15,10:40,12:50,Economy Flex,1583543,116
2025-11-19T16:14:52.362Z,QH242,Boeing 737 All Series Passenger,SGN,HAN,2026-03-15,13:15,15:25,Economy Flex,1583543,116
2025-11-19T16:14:52.362Z,QH268,Airbus A321,SGN,HAN,2026-03-15,19:20,21:30,Economy Flex,1583543,116
2025-11-19T16:15:28.009Z,QH268,Airbus A321,SGN,HAN,2026-03-16,19:20,21:30,Economy Smart,830400,117
2025-11-19T16:15:28.009Z,QH204,Airbus A321,SGN,HAN,2026-03-16,07:10,09:20,Economy Smart,941257,117
2025-11-19T16:15:28.009Z,QH224,Boeing 737 All Series Passenger,SGN,HAN,2026-03-16,10:40,12:50,Economy Smart,941257,117
2025-11-19T16:15:28.009Z,QH242,Boeing 737 All Series Passenger,SGN,HAN,2026-03-16,13:15,15:25,Economy Smart,941257,117
2025-11-19T16:15:28.009Z,QH204,Airbus A321,SGN,HAN,2026-03-16,07:10,09:20,Economy Flex,1583543,117
2025-11-19T16:15:28.009Z,QH224,Boeing 737 All Series Passenger,SGN,HAN,2026-03-16,10:40,12:50,Economy Flex,1583543,117
2025-11-19T16:15:28.009Z,QH242,Boeing 737 All Series Passenger,SGN,HAN,2026-03-16,13:15,15:25,Economy Flex,1583543,117
2025-11-19T16:15:28.009Z,QH268,Airbus A321,SGN,HAN,2026-03-16,19:20,21:30,Economy Flex,1583543,117
2025-11-19T16:16:25.329Z,QH268,Airbus A321,SGN,HAN,2026-03-17,19:20,21:30,Economy Smart,830400,118
2025-11-19T16:16:25.329Z,QH204,Airbus A321,SGN,HAN,2026-03-17,07:10,09:20,Economy Smart,941257,118
2025-11-19T16:16:25.329Z,QH224,Boeing 737 All Series Passenger,SGN,HAN,2026-03-17,10:40,12:50,Economy Smart,941257,118
2025-11-19T16:16:25.329Z,QH242,Boeing 737 All Series Passenger,SGN,HAN,2026-03-17,13:15,15:25,Economy Smart,941257,118
2025-11-19T16:16:25.329Z,QH204,Airbus A321,SGN,HAN,2026-03-17,07:10,09:20,Economy Flex,1583543,118
2025-11-19T16:16:25.329Z,QH224,Boeing 737 All Series Passenger,SGN,HAN,2026-03-17,10:40,12:50,Economy Flex,1583543,118
2025-11-19T16:16:25.329Z,QH242,Boeing 737 All Series Passenger,SGN,HAN,2026-03-17,13:15,15:25,Economy Flex,1583543,118
2025-11-19T16:16:25.329Z,QH268,Airbus A321,SGN,HAN,2026-03-17,19:20,21:30,Economy Flex,1583543,118
2025-11-19T16:16:56.973Z,QH268,Airbus A321,SGN,HAN,2026-03-18,19:20,21:30,Economy Smart,830400,119
2025-11-19T16:16:56.973Z,QH204,Airbus A321,SGN,HAN,2026-03-18,07:10,09:20,Economy Smart,941257,119
2025-11-19T16:16:56.973Z,QH224,Boeing 737 All Series Passenger,SGN,HAN,2026-03-18,10:40,12:50,Economy Smart,941257,119
2025-11-19T16:16:56.973Z,QH242,Boeing 737 All Series Passenger,SGN,HAN,2026-03-18,13:15,15:25,Economy Smart,941257,119
2025-11-19T16:16:56.973Z,QH204,Airbus A321,SGN,HAN,2026-03-18,07:10,09:20,Economy Flex,1583543,119
2025-11-19T16:16:56.973Z,QH224,Boeing 737 All Series Passenger,SGN,HAN,2026-03-18,10:40,12:50,Economy Flex,1583543,119
2025-11-19T16:16:56.973Z,QH242,Boeing 737 All Series Passenger,SGN,HAN,2026-03-18,13:15,15:25,Economy Flex,1583543,119
2025-11-19T16:16:56.973Z,QH268,Airbus A321,SGN,HAN,2026-03-18,19:20,21:30,Economy Flex,1583543,119
2025-11-19T16:17:34.230Z,QH268,Airbus A321,SGN,HAN,2026-03-19,19:20,21:30,Economy Smart,941257,120
2025-11-19T16:17:34.230Z,QH204,Airbus A321,SGN,HAN,2026-03-19,07:10,09:20,Economy Smart,1046400,120
2025-11-19T16:17:34.230Z,QH224,Boeing 737 All Series Passenger,SGN,HAN,2026-03-19,10:40,12:50,Economy Smart,1046400,120
2025-11-19T16:17:34.230Z,QH242,Boeing 737 All Series Passenger,SGN,HAN,2026-03-19,13:15,15:25,Economy Smart,1046400,120
2025-11-19T16:17:34.230Z,QH204,Airbus A321,SGN,HAN,2026-03-19,07:10,09:20,Economy Flex,1583543,120
2025-11-19T16:17:34.230Z,QH224,Boeing 737 All Series Passenger,SGN,HAN,2026-03-19,10:40,12:50,Economy Flex,1583543,120
2025-11-19T16:17:34.230Z,QH242,Boeing 737 All Series Passenger,SGN,HAN,2026-03-19,13:15,15:25,Economy Flex,1583543,120
2025-11-19T16:17:34.230Z,QH268,Airbus A321,SGN,HAN,2026-03-19,19:20,21:30,Economy Flex,1583543,120
2025-11-19T16:18:09.900Z,QH268,Airbus A321,SGN,HAN,2026-03-20,19:20,21:30,Economy Smart,941257,121
2025-11-19T16:18:09.900Z,QH204,Airbus A321,SGN,HAN,2026-03-20,07:10,09:20,Economy Smart,1046400,121
2025-11-19T16:18:09.900Z,QH224,Boeing 737 All Series Passenger,SGN,HAN,2026-03-20,10:40,12:50,Economy Smart,1046400,121
2025-11-19T16:18:09.900Z,QH242,Boeing 737 All Series Passenger,SGN,HAN,2026-03-20,13:15,15:25,Economy Smart,1046400,121
2025-11-19T16:18:09.900Z,QH204,Airbus A321,SGN,HAN,2026-03-20,07:10,09:20,Economy Flex,1583543,121
2025-11-19T16:18:09.900Z,QH224,Boeing 737 All Series Passenger,SGN,HAN,2026-03-20,10:40,12:50,Economy Flex,1583543,121
2025-11-19T16:18:09.900Z,QH242,Boeing 737 All Series Passenger,SGN,HAN,2026-03-20,13:15,15:25,Economy Flex,1583543,121
2025-11-19T16:18:09.900Z,QH268,Airbus A321,SGN,HAN,2026-03-20,19:20,21:30,Economy Flex,1583543,121
2025-11-19T16:18:48.987Z,QH268,Airbus A321,SGN,HAN,2026-03-21,19:20,21:30,Economy Smart,830400,122
2025-11-19T16:18:48.987Z,QH204,Airbus A321,SGN,HAN,2026-03-21,07:10,09:20,Economy Smart,941257,122
2025-11-19T16:18:48.987Z,QH224,Boeing 737 All Series Passenger,SGN,HAN,2026-03-21,10:40,12:50,Economy Smart,941257,122
2025-11-19T16:18:48.987Z,QH242,Boeing 737 All Series Passenger,SGN,HAN,2026-03-21,13:15,15:25,Economy Smart,941257,122
2025-11-19T16:18:48.987Z,QH204,Airbus A321,SGN,HAN,2026-03-21,07:10,09:20,Economy Flex,1583543,122
2025-11-19T16:18:48.987Z,QH224,Boeing 737 All Series Passenger,SGN,HAN,2026-03-21,10:40,12:50,Economy Flex,1583543,122
2025-11-19T16:18:48.987Z,QH242,Boeing 737 All Series Passenger,SGN,HAN,2026-03-21,13:15,15:25,Economy Flex,1583543,122
2025-11-19T16:18:48.987Z,QH268,Airbus A321,SGN,HAN,2026-03-21,19:20,21:30,Economy Flex,1583543,122
2025-11-19T16:19:28.463Z,QH268,Airbus A321,SGN,HAN,2026-03-22,19:20,21:30,Economy Smart,941257,123
2025-11-19T16:19:28.463Z,QH204,Airbus A321,SGN,HAN,2026-03-22,07:10,09:20,Economy Smart,1046400,123
2025-11-19T16:19:28.463Z,QH224,Boeing 737 All Series Passenger,SGN,HAN,2026-03-22,10:40,12:50,Economy Smart,1046400,123
2025-11-19T16:19:28.463Z,QH242,Boeing 737 All Series Passenger,SGN,HAN,2026-03-22,13:15,15:25,Economy Smart,1046400,123
2025-11-19T16:19:28.463Z,QH204,Airbus A321,SGN,HAN,2026-03-22,07:10,09:20,Economy Flex,1583543,123
2025-11-19T16:19:28.463Z,QH224,Boeing 737 All Series Passenger,SGN,HAN,2026-03-22,10:40,12:50,Economy Flex,1583543,123
2025-11-19T16:19:28.463Z,QH242,Boeing 737 All Series Passenger,SGN,HAN,2026-03-22,13:15,15:25,Economy Flex,1583543,123
2025-11-19T16:19:28.463Z,QH268,Airbus A321,SGN,HAN,2026-03-22,19:20,21:30,Economy Flex,1583543,123
2025-11-19T16:20:04.861Z,QH268,Airbus A321,SGN,HAN,2026-03-23,19:20,21:30,Economy Smart,830400,124
2025-11-19T16:20:04.861Z,QH204,Airbus A321,SGN,HAN,2026-03-23,07:10,09:20,Economy Smart,941257,124
2025-11-19T16:20:04.861Z,QH224,Boeing 737 All Series Passenger,SGN,HAN,2026-03-23,10:40,12:50,Economy Smart,941257,124
2025-11-19T16:20:04.861Z,QH242,Boeing 737 All Series Passenger,SGN,HAN,2026-03-23,13:15,15:25,Economy Smart,941257,124
2025-11-19T16:20:04.861Z,QH204,Airbus A321,SGN,HAN,2026-03-23,07:10,09:20,Economy Flex,1583543,124
2025-11-19T16:20:04.861Z,QH224,Boeing 737 All Series Passenger,SGN,HAN,2026-03-23,10:40,12:50,Economy Flex,1583543,124
2025-11-19T16:20:04.861Z,QH242,Boeing 737 All Series Passenger,SGN,HAN,2026-03-23,13:15,15:25,Economy Flex,1583543,124
2025-11-19T16:20:04.861Z,QH268,Airbus A321,SGN,HAN,2026-03-23,19:20,21:30,Economy Flex,1583543,124
2025-11-20T04:27:16.535Z,QH204,Airbus A321,SGN,HAN,2025-11-21,07:10,09:20,Economy Smart,830400,1
2025-11-20T04:27:16.535Z,QH268,Airbus A321,SGN,HAN,2025-11-21,19:35,21:45,Economy Smart,830400,1
2025-11-20T04:27:16.535Z,QH224,Boeing 737 All Series Passenger,SGN,HAN,2025-11-21,10:20,12:30,Economy Smart,941257,1
2025-11-20T04:27:16.535Z,QH242,Boeing 737 All Series Passenger,SGN,HAN,2025-11-21,13:15,15:25,Economy Smart,941257,1
2025-11-20T04:27:16.535Z,QH204,Airbus A321,SGN,HAN,2025-11-21,07:10,09:20,Economy Flex,1583543,1
2025-11-20T04:27:16.535Z,QH224,Boeing 737 All Series Passenger,SGN,HAN,2025-11-21,10:20,12:30,Economy Flex,1583543,1
2025-11-20T04:27:16.535Z,QH242,Boeing 737 All Series Passenger,SGN,HAN,2025-11-21,13:15,15:25,Economy Flex,1583543,1
2025-11-20T04:27:16.535Z,QH268,Airbus A321,SGN,HAN,2025-11-21,19:35,21:45,Economy Flex,1583543,1
2025-11-20T04:27:52.476Z,QH268,Airbus A321,SGN,HAN,2025-11-22,19:35,21:45,Economy Smart,596114,2
2025-11-20T04:27:52.476Z,QH204,Airbus A321,SGN,HAN,2025-11-22,07:10,09:20,Economy Smart,731543,2
2025-11-20T04:27:52.476Z,QH268,Airbus A321,SGN,HAN,2025-11-22,19:35,21:45,Economy Smart,731543,2
2025-11-20T04:27:52.476Z,QH224,Boeing 737 All Series Passenger,SGN,HAN,2025-11-22,10:20,12:30,Economy Smart,830400,2
2025-11-20T04:27:52.476Z,QH242,Boeing 737 All Series Passenger,SGN,HAN,2025-11-22,13:15,15:25,Economy Smart,830400,2
2025-11-20T04:27:52.476Z,QH204,Airbus A321,SGN,HAN,2025-11-22,07:10,09:20,Economy Flex,1583543,2
2025-11-20T04:27:52.476Z,QH224,Boeing 737 All Series Passenger,SGN,HAN,2025-11-22,10:20,12:30,Economy Flex,1583543,2
2025-11-20T04:27:52.476Z,QH242,Boeing 737 All Series Passenger,SGN,HAN,2025-11-22,13:15,15:25,Economy Flex,1583543,2
2025-11-20T04:27:52.476Z,QH268,Airbus A321,SGN,HAN,2025-11-22,19:35,21:45,Economy Flex,1583543,2
2025-11-20T04:27:52.476Z,QH204,Airbus A321,SGN,HAN,2025-11-22,07:10,09:20,Business Smart,2700114,2
2025-11-20T04:27:52.476Z,QH204,Airbus A321,SGN,HAN,2025-11-22,07:10,09:20,Business Flex,3872686,2
2025-11-20T04:28:59.581Z,QH268,Airbus A321,SGN,HAN,2025-11-24,19:35,21:45,Economy Smart,657829,4
2025-11-20T04:28:59.581Z,QH204,Airbus A321,SGN,HAN,2025-11-24,07:10,09:20,Economy Smart,731543,4
2025-11-20T04:28:59.581Z,QH268,Airbus A321,SGN,HAN,2025-11-24,19:35,21:45,Economy Smart,731543,4
2025-11-20T04:28:59.581Z,QH242,Boeing 737 All Series Passenger,SGN,HAN,2025-11-24,13:15,15:25,Economy Smart,830400,4
2025-11-20T04:28:59.581Z,QH224,Boeing 737 All Series Passenger,SGN,HAN,2025-11-24,10:20,12:30,Economy Smart,941257,4
2025-11-20T04:28:59.581Z,QH204,Airbus A321,SGN,HAN,2025-11-24,07:10,09:20,Economy Flex,1583543,4
2025-11-20T04:28:59.581Z,QH224,Boeing 737 All Series Passenger,SGN,HAN,2025-11-24,10:20,12:30,Economy Flex,1583543,4
2025-11-20T04:28:59.581Z,QH242,Boeing 737 All Series Passenger,SGN,HAN,2025-11-24,13:15,15:25,Economy Flex,1583543,4
2025-11-20T04:28:59.581Z,QH268,Airbus A321,SGN,HAN,2025-11-24,19:35,21:45,Economy Flex,1583543,4
2025-11-20T04:29:33.814Z,QH204,Airbus A321,SGN,HAN,2025-11-25,07:10,09:20,Economy Smart,657829,5
2025-11-20T04:29:33.814Z,QH268,Airbus A321,SGN,HAN,2025-11-25,19:35,21:45,Economy Smart,657829,5
2025-11-20T04:29:33.814Z,QH204,Airbus A321,SGN,HAN,2025-11-25,07:10,09:20,Economy Smart,731543,5
2025-11-20T04:29:33.814Z,QH268,Airbus A321,SGN,HAN,2025-11-25,19:35,21:45,Economy Smart,731543,5
2025-11-20T04:29:33.814Z,QH224,Boeing 737 All Series Passenger,SGN,HAN,2025-11-25,10:20,12:30,Economy Smart,830400,5
2025-11-20T04:29:33.814Z,QH242,Boeing 737 All Series Passenger,SGN,HAN,2025-11-25,13:15,15:25,Economy Smart,830400,5
2025-11-20T04:29:33.814Z,QH204,Airbus A321,SGN,HAN,2025-11-25,07:10,09:20,Economy Flex,1583543,5
2025-11-20T04:29:33.814Z,QH224,Boeing 737 All Series Passenger,SGN,HAN,2025-11-25,10:20,12:30,Economy Flex,1583543,5
2025-11-20T04:29:33.814Z,QH242,Boeing 737 All Series Passenger,SGN,HAN,2025-11-25,13:15,15:25,Economy Flex,1583543,5
2025-11-20T04:29:33.814Z,QH268,Airbus A321,SGN,HAN,2025-11-25,19:35,21:45,Economy Flex,1583543,5
2025-11-20T04:30:06.092Z,QH204,Airbus A321,SGN,HAN,2025-11-26,07:10,09:20,Economy Smart,657829,6
2025-11-20T04:30:06.092Z,QH268,Airbus A321,SGN,HAN,2025-11-26,19:35,21:45,Economy Smart,657829,6
2025-11-20T04:30:06.092Z,QH204,Airbus A321,SGN,HAN,2025-11-26,07:10,09:20,Economy Smart,731543,6
2025-11-20T04:30:06.092Z,QH268,Airbus A321,SGN,HAN,2025-11-26,19:35,21:45,Economy Smart,731543,6
2025-11-20T04:30:06.092Z,QH224,Boeing 737 All Series Passenger,SGN,HAN,2025-11-26,10:20,12:30,Economy Smart,830400,6
2025-11-20T04:30:06.092Z,QH242,Boeing 737 All Series Passenger,SGN,HAN,2025-11-26,13:15,15:25,Economy Smart,830400,6
2025-11-20T04:30:06.092Z,QH204,Airbus A321,SGN,HAN,2025-11-26,07:10,09:20,Economy Flex,1583543,6
2025-11-20T04:30:06.092Z,QH224,Boeing 737 All Series Passenger,SGN,HAN,2025-11-26,10:20,12:30,Economy Flex,1583543,6
2025-11-20T04:30:06.092Z,QH242,Boeing 737 All Series Passenger,SGN,HAN,2025-11-26,13:15,15:25,Economy Flex,1583543,6
2025-11-20T04:30:06.092Z,QH268,Airbus A321,SGN,HAN,2025-11-26,19:35,21:45,Economy Flex,1583543,6
2025-11-20T04:30:39.965Z,QH268,Airbus A321,SGN,HAN,2025-11-27,19:35,21:45,Economy Smart,596114,7
2025-11-20T04:30:39.965Z,QH268,Airbus A321,SGN,HAN,2025-11-27,19:35,21:45,Economy Smart,731543,7
2025-11-20T04:30:39.965Z,QH204,Airbus A321,SGN,HAN,2025-11-27,07:10,09:20,Economy Smart,941257,7
2025-11-20T04:30:39.965Z,QH224,Boeing 737 All Series Passenger,SGN,HAN,2025-11-27,10:20,12:30,Economy Smart,941257,7
2025-11-20T04:30:39.965Z,QH242,Boeing 737 All Series Passenger,SGN,HAN,2025-11-27,13:15,15:25,Economy Smart,941257,7
2025-11-20T04:30:39.965Z,QH204,Airbus A321,SGN,HAN,2025-11-27,07:10,09:20,Economy Flex,1583543,7
2025-11-20T04:30:39.965Z,QH224,Boeing 737 All Series Passenger,SGN,HAN,2025-11-27,10:20,12:30,Economy Flex,1583543,7
2025-11-20T04:30:39.965Z,QH242,Boeing 737 All Series Passenger,SGN,HAN,2025-11-27,13:15,15:25,Economy Flex,1583543,7
2025-11-20T04:30:39.965Z,QH268,Airbus A321,SGN,HAN,2025-11-27,19:35,21:45,Economy Flex,1583543,7
2025-11-20T04:31:14.594Z,QH268,Airbus A321,SGN,HAN,2025-11-28,19:35,21:45,Economy Smart,731543,8
2025-11-20T04:31:14.594Z,QH204,Airbus A321,SGN,HAN,2025-11-28,07:10,09:20,Economy Smart,830400,8
2025-11-20T04:31:14.594Z,QH224,Boeing 737 All Series Passenger,SGN,HAN,2025-11-28,10:20,12:30,Economy Smart,941257,8
2025-11-20T04:31:14.594Z,QH242,Boeing 737 All Series Passenger,SGN,HAN,2025-11-28,13:15,15:25,Economy Smart,941257,8
2025-11-20T04:31:14.594Z,QH204,Airbus A321,SGN,HAN,2025-11-28,07:10,09:20,Economy Flex,1583543,8
2025-11-20T04:31:14.594Z,QH224,Boeing 737 All Series Passenger,SGN,HAN,2025-11-28,10:20,12:30,Economy Flex,1583543,8
2025-11-20T04:31:14.594Z,QH242,Boeing 737 All Series Passenger,SGN,HAN,2025-11-28,13:15,15:25,Economy Flex,1583543,8
2025-11-20T04:31:14.594Z,QH268,Airbus A321,SGN,HAN,2025-11-28,19:35,21:45,Economy Flex,1583543,8
2025-11-20T04:31:50.415Z,QH268,Airbus A321,SGN,HAN,2025-11-29,19:35,21:45,Economy Smart,657829,9
2025-11-20T04:31:50.415Z,QH204,Airbus A321,SGN,HAN,2025-11-29,07:10,09:20,Economy Smart,731543,9
2025-11-20T04:31:50.415Z,QH268,Airbus A321,SGN,HAN,2025-11-29,19:35,21:45,Economy Smart,731543,9
2025-11-20T04:31:50.415Z,QH224,Boeing 737 All Series Passenger,SGN,HAN,2025-11-29,10:20,12:30,Economy Smart,941257,9
2025-11-20T04:31:50.415Z,QH242,Boeing 737 All Series Passenger,SGN,HAN,2025-11-29,13:15,15:25,Economy Smart,941257,9
2025-11-20T04:31:50.415Z,QH204,Airbus A321,SGN,HAN,2025-11-29,07:10,09:20,Economy Flex,1583543,9
2025-11-20T04:31:50.415Z,QH224,Boeing 737 All Series Passenger,SGN,HAN,2025-11-29,10:20,12:30,Economy Flex,1583543,9
2025-11-20T04:31:50.415Z,QH242,Boeing 737 All Series Passenger,SGN,HAN,2025-11-29,13:15,15:25,Economy Flex,1583543,9
2025-11-20T04:31:50.415Z,QH268,Airbus A321,SGN,HAN,2025-11-29,19:35,21:45,Economy Flex,1583543,9
2025-11-20T04:32:26.745Z,QH204,Airbus A321,SGN,HAN,2025-11-30,07:10,09:20,Economy Smart,830400,10
2025-11-20T04:32:26.745Z,QH268,Airbus A321,SGN,HAN,2025-11-30,19:35,21:45,Economy Smart,830400,10
2025-11-20T04:32:26.745Z,QH224,Boeing 737 All Series Passenger,SGN,HAN,2025-11-30,10:20,12:30,Economy Smart,941257,10
2025-11-20T04:32:26.745Z,QH242,Boeing 737 All Series Passenger,SGN,HAN,2025-11-30,13:15,15:25,Economy Smart,1046400,10
2025-11-20T04:32:26.745Z,QH204,Airbus A321,SGN,HAN,2025-11-30,07:10,09:20,Economy Flex,1583543,10
2025-11-20T04:32:26.745Z,QH224,Boeing 737 All Series Passenger,SGN,HAN,2025-11-30,10:20,12:30,Economy Flex,1583543,10
2025-11-20T04:32:26.745Z,QH242,Boeing 737 All Series Passenger,SGN,HAN,2025-11-30,13:15,15:25,Economy Flex,1583543,10
2025-11-20T04:32:26.745Z,QH268,Airbus A321,SGN,HAN,2025-11-30,19:35,21:45,Economy Flex,1583543,10
2025-11-20T04:33:00.376Z,QH204,Airbus A321,SGN,HAN,2025-01-12,07:10,09:20,Economy Smart,731543,-312
2025-11-20T04:33:00.376Z,QH268,Airbus A321,SGN,HAN,2025-01-12,19:20,21:30,Economy Smart,731543,-312
2025-11-20T04:33:00.376Z,QH242,Boeing 737 All Series Passenger,SGN,HAN,2025-01-12,13:15,15:25,Economy Smart,941257,-312
2025-11-20T04:33:00.376Z,QH224,Boeing 737 All Series Passenger,SGN,HAN,2025-01-12,10:40,12:50,Economy Smart,1046400,-312
2025-11-20T04:33:00.376Z,QH204,Airbus A321,SGN,HAN,2025-01-12,07:10,09:20,Economy Flex,1583543,-312
2025-11-20T04:33:00.376Z,QH224,Boeing 737 All Series Passenger,SGN,HAN,2025-01-12,10:40,12:50,Economy Flex,1583543,-312
2025-11-20T04:33:00.376Z,QH242,Boeing 737 All Series Passenger,SGN,HAN,2025-01-12,13:15,15:25,Economy Flex,1583543,-312
2025-11-20T04:33:00.376Z,QH268,Airbus A321,SGN,HAN,2025-01-12,19:20,21:30,Economy Flex,1583543,-312
2025-11-20T04:33:35.424Z,QH204,Airbus A321,SGN,HAN,2025-02-12,07:10,09:20,Economy Smart,657829,-281
2025-11-20T04:33:35.424Z,QH268,Airbus A321,SGN,HAN,2025-02-12,19:20,21:30,Economy Smart,657829,-281
2025-11-20T04:33:35.424Z,QH204,Airbus A321,SGN,HAN,2025-02-12,07:10,09:20,Economy Smart,731543,-281
2025-11-20T04:33:35.424Z,QH268,Airbus A321,SGN,HAN,2025-02-12,19:20,21:30,Economy Smart,731543,-281
2025-11-20T04:33:35.424Z,QH224,Boeing 737 All Series Passenger,SGN,HAN,2025-02-12,10:40,12:50,Economy Smart,941257,-281
2025-11-20T04:33:35.424Z,QH242,Boeing 737 All Series Passenger,SGN,HAN,2025-02-12,13:15,15:25,Economy Smart,941257,-281
2025-11-20T04:33:35.424Z,QH204,Airbus A321,SGN,HAN,2025-02-12,07:10,09:20,Economy Flex,1583543,-281
2025-11-20T04:33:35.424Z,QH224,Boeing 737 All Series Passenger,SGN,HAN,2025-02-12,10:40,12:50,Economy Flex,1583543,-281
2025-11-20T04:33:35.424Z,QH242,Boeing 737 All Series Passenger,SGN,HAN,2025-02-12,13:15,15:25,Economy Flex,1583543,-281
2025-11-20T04:33:35.424Z,QH268,Airbus A321,SGN,HAN,2025-02-12,19:20,21:30,Economy Flex,1583543,-281
2025-11-20T04:34:09.273Z,QH204,Airbus A321,SGN,HAN,2025-03-12,07:10,09:20,Economy Smart,657829,-253
2025-11-20T04:34:09.273Z,QH204,Airbus A321,SGN,HAN,2025-03-12,07:10,09:20,Economy Smart,731543,-253
2025-11-20T04:34:09.273Z,QH268,Airbus A321,SGN,HAN,2025-03-12,19:20,21:30,Economy Smart,731543,-253
2025-11-20T04:34:09.273Z,QH224,Boeing 737 All Series Passenger,SGN,HAN,2025-03-12,10:40,12:50,Economy Smart,941257,-253
2025-11-20T04:34:09.273Z,QH242,Boeing 737 All Series Passenger,SGN,HAN,2025-03-12,13:15,15:25,Economy Smart,941257,-253
2025-11-20T04:34:09.273Z,QH204,Airbus A321,SGN,HAN,2025-03-12,07:10,09:20,Economy Flex,1583543,-253
2025-11-20T04:34:09.273Z,QH224,Boeing 737 All Series Passenger,SGN,HAN,2025-03-12,10:40,12:50,Economy Flex,1583543,-253
2025-11-20T04:34:09.273Z,QH242,Boeing 737 All Series Passenger,SGN,HAN,2025-03-12,13:15,15:25,Economy Flex,1583543,-253
2025-11-20T04:34:09.273Z,QH268,Airbus A321,SGN,HAN,2025-03-12,19:20,21:30,Economy Flex,1583543,-253
2025-11-20T04:34:44.524Z,QH268,Airbus A321,SGN,HAN,2025-04-12,19:20,21:30,Economy Smart,731543,-222
2025-11-20T04:34:44.524Z,QH204,Airbus A321,SGN,HAN,2025-04-12,07:10,09:20,Economy Smart,830400,-222
2025-11-20T04:34:44.524Z,QH224,Boeing 737 All Series Passenger,SGN,HAN,2025-04-12,10:40,12:50,Economy Smart,1046400,-222
2025-11-20T04:34:44.524Z,QH242,Boeing 737 All Series Passenger,SGN,HAN,2025-04-12,13:15,15:25,Economy Smart,1046400,-222
2025-11-20T04:34:44.524Z,QH204,Airbus A321,SGN,HAN,2025-04-12,07:10,09:20,Economy Flex,1583543,-222
2025-11-20T04:34:44.524Z,QH224,Boeing 737 All Series Passenger,SGN,HAN,2025-04-12,10:40,12:50,Economy Flex,1583543,-222
2025-11-20T04:34:44.524Z,QH242,Boeing 737 All Series Passenger,SGN,HAN,2025-04-12,13:15,15:25,Economy Flex,1583543,-222
2025-11-20T04:34:44.524Z,QH268,Airbus A321,SGN,HAN,2025-04-12,19:20,21:30,Economy Flex,1583543,-222
2025-11-20T04:35:19.714Z,QH204,Airbus A321,SGN,HAN,2025-05-12,07:10,09:20,Economy Smart,830400,-192
2025-11-20T04:35:19.714Z,QH268,Airbus A321,SGN,HAN,2025-05-12,19:20,21:30,Economy Smart,830400,-192
2025-11-20T04:35:19.714Z,QH224,Boeing 737 All Series Passenger,SGN,HAN,2025-05-12,10:40,12:50,Economy Smart,941257,-192
2025-11-20T04:35:19.714Z,QH242,Boeing 737 All Series Passenger,SGN,HAN,2025-05-12,13:15,15:25,Economy Smart,1176114,-192
2025-11-20T04:35:19.714Z,QH204,Airbus A321,SGN,HAN,2025-05-12,07:10,09:20,Economy Flex,1583543,-192
2025-11-20T04:35:19.714Z,QH224,Boeing 737 All Series Passenger,SGN,HAN,2025-05-12,10:40,12:50,Economy Flex,1583543,-192
2025-11-20T04:35:19.714Z,QH242,Boeing 737 All Series Passenger,SGN,HAN,2025-05-12,13:15,15:25,Economy Flex,1583543,-192
2025-11-20T04:35:19.714Z,QH268,Airbus A321,SGN,HAN,2025-05-12,19:20,21:30,Economy Flex,1583543,-192
2025-11-20T04:35:55.637Z,QH268,Airbus A321,SGN,HAN,2025-06-12,19:20,21:30,Economy Smart,657829,-161
2025-11-20T04:35:55.637Z,QH204,Airbus A321,SGN,HAN,2025-06-12,07:10,09:20,Economy Smart,731543,-161
2025-11-20T04:35:55.637Z,QH268,Airbus A321,SGN,HAN,2025-06-12,19:20,21:30,Economy Smart,731543,-161
2025-11-20T04:35:55.637Z,QH242,Boeing 737 All Series Passenger,SGN,HAN,2025-06-12,13:15,15:25,Economy Smart,830400,-161
2025-11-20T04:35:55.637Z,QH224,Boeing 737 All Series Passenger,SGN,HAN,2025-06-12,10:40,12:50,Economy Smart,941257,-161
2025-11-20T04:35:55.637Z,QH204,Airbus A321,SGN,HAN,2025-06-12,07:10,09:20,Economy Flex,1583543,-161
2025-11-20T04:35:55.637Z,QH224,Boeing 737 All Series Passenger,SGN,HAN,2025-06-12,10:40,12:50,Economy Flex,1583543,-161
2025-11-20T04:35:55.637Z,QH242,Boeing 737 All Series Passenger,SGN,HAN,2025-06-12,13:15,15:25,Economy Flex,1583543,-161
2025-11-20T04:35:55.637Z,QH268,Airbus A321,SGN,HAN,2025-06-12,19:20,21:30,Economy Flex,1583543,-161
2025-11-20T04:36:29.326Z,QH204,Airbus A321,SGN,HAN,2025-07-12,07:10,09:20,Economy Smart,731543,-131
2025-11-20T04:36:29.326Z,QH268,Airbus A321,SGN,HAN,2025-07-12,19:20,21:30,Economy Smart,830400,-131
2025-11-20T04:36:29.326Z,QH242,Boeing 737 All Series Passenger,SGN,HAN,2025-07-12,13:15,15:25,Economy Smart,941257,-131
2025-11-20T04:36:29.326Z,QH224,Boeing 737 All Series Passenger,SGN,HAN,2025-07-12,10:40,12:50,Economy Smart,1046400,-131
2025-11-20T04:36:29.326Z,QH204,Airbus A321,SGN,HAN,2025-07-12,07:10,09:20,Economy Flex,1583543,-131
2025-11-20T04:36:29.326Z,QH224,Boeing 737 All Series Passenger,SGN,HAN,2025-07-12,10:40,12:50,Economy Flex,1583543,-131
2025-11-20T04:36:29.326Z,QH242,Boeing 737 All Series Passenger,SGN,HAN,2025-07-12,13:15,15:25,Economy Flex,1583543,-131
2025-11-20T04:36:29.326Z,QH268,Airbus A321,SGN,HAN,2025-07-12,19:20,21:30,Economy Flex,1583543,-131
2025-11-20T04:37:06.675Z,QH204,Airbus A321,SGN,HAN,2025-08-12,07:10,09:20,Economy Smart,731543,-100
2025-11-20T04:37:06.675Z,QH268,Airbus A321,SGN,HAN,2025-08-12,19:20,21:30,Economy Smart,731543,-100
2025-11-20T04:37:06.675Z,QH242,Boeing 737 All Series Passenger,SGN,HAN,2025-08-12,13:15,15:25,Economy Smart,830400,-100
2025-11-20T04:37:06.675Z,QH224,Boeing 737 All Series Passenger,SGN,HAN,2025-08-12,10:40,12:50,Economy Smart,941257,-100
2025-11-20T04:37:06.675Z,QH204,Airbus A321,SGN,HAN,2025-08-12,07:10,09:20,Economy Flex,1583543,-100
2025-11-20T04:37:06.675Z,QH224,Boeing 737 All Series Passenger,SGN,HAN,2025-08-12,10:40,12:50,Economy Flex,1583543,-100
2025-11-20T04:37:06.675Z,QH242,Boeing 737 All Series Passenger,SGN,HAN,2025-08-12,13:15,15:25,Economy Flex,1583543,-100
2025-11-20T04:37:06.675Z,QH268,Airbus A321,SGN,HAN,2025-08-12,19:20,21:30,Economy Flex,1583543,-100
2025-11-20T04:37:42.142Z,QH204,Airbus A321,SGN,HAN,2025-09-12,07:10,09:20,Economy Smart,657829,-69
2025-11-20T04:37:42.142Z,QH204,Airbus A321,SGN,HAN,2025-09-12,07:10,09:20,Economy Smart,731543,-69
2025-11-20T04:37:42.142Z,QH268,Airbus A321,SGN,HAN,2025-09-12,19:20,21:30,Economy Smart,731543,-69
2025-11-20T04:37:42.142Z,QH224,Boeing 737 All Series Passenger,SGN,HAN,2025-09-12,10:40,12:50,Economy Smart,830400,-69
2025-11-20T04:37:42.142Z,QH242,Boeing 737 All Series Passenger,SGN,HAN,2025-09-12,13:15,15:25,Economy Smart,830400,-69
2025-11-20T04:37:42.142Z,QH204,Airbus A321,SGN,HAN,2025-09-12,07:10,09:20,Economy Flex,1583543,-69
2025-11-20T04:37:42.142Z,QH224,Boeing 737 All Series Passenger,SGN,HAN,2025-09-12,10:40,12:50,Economy Flex,1583543,-69
2025-11-20T04:37:42.142Z,QH242,Boeing 737 All Series Passenger,SGN,HAN,2025-09-12,13:15,15:25,Economy Flex,1583543,-69
2025-11-20T04:37:42.142Z,QH268,Airbus A321,SGN,HAN,2025-09-12,19:20,21:30,Economy Flex,1583543,-69
2025-11-20T04:38:12.643Z,QH204,Airbus A321,SGN,HAN,2025-10-12,07:10,09:20,Economy Smart,657829,-39
2025-11-20T04:38:12.643Z,QH268,Airbus A321,SGN,HAN,2025-10-12,19:20,21:30,Economy Smart,657829,-39
2025-11-20T04:38:12.643Z,QH204,Airbus A321,SGN,HAN,2025-10-12,07:10,09:20,Economy Smart,731543,-39
2025-11-20T04:38:12.643Z,QH268,Airbus A321,SGN,HAN,2025-10-12,19:20,21:30,Economy Smart,731543,-39
2025-11-20T04:38:12.643Z,QH242,Boeing 737 All Series Passenger,SGN,HAN,2025-10-12,13:15,15:25,Economy Smart,830400,-39
2025-11-20T04:38:12.643Z,QH224,Boeing 737 All Series Passenger,SGN,HAN,2025-10-12,10:40,12:50,Economy Smart,941257,-39
2025-11-20T04:38:12.643Z,QH204,Airbus A321,SGN,HAN,2025-10-12,07:10,09:20,Economy Flex,1583543,-39
2025-11-20T04:38:12.643Z,QH224,Boeing 737 All Series Passenger,SGN,HAN,2025-10-12,10:40,12:50,Economy Flex,1583543,-39
2025-11-20T04:38:12.643Z,QH242,Boeing 737 All Series Passenger,SGN,HAN,2025-10-12,13:15,15:25,Economy Flex,1583543,-39
2025-11-20T04:38:12.643Z,QH268,Airbus A321,SGN,HAN,2025-10-12,19:20,21:30,Economy Flex,1583543,-39
2025-11-20T04:39:21.091Z,QH204,Airbus A321,SGN,HAN,2025-12-12,07:10,09:20,Economy Smart,830400,22
2025-11-20T04:39:21.091Z,QH268,Airbus A321,SGN,HAN,2025-12-12,19:20,21:30,Economy Smart,830400,22
2025-11-20T04:39:21.091Z,QH224,Boeing 737 All Series Passenger,SGN,HAN,2025-12-12,10:40,12:50,Economy Smart,941257,22
2025-11-20T04:39:21.091Z,QH242,Boeing 737 All Series Passenger,SGN,HAN,2025-12-12,13:15,15:25,Economy Smart,1176114,22
2025-11-20T04:39:21.091Z,QH204,Airbus A321,SGN,HAN,2025-12-12,07:10,09:20,Economy Flex,1583543,22
2025-11-20T04:39:21.091Z,QH224,Boeing 737 All Series Passenger,SGN,HAN,2025-12-12,10:40,12:50,Economy Flex,1583543,22
2025-11-20T04:39:21.091Z,QH242,Boeing 737 All Series Passenger,SGN,HAN,2025-12-12,13:15,15:25,Economy Flex,1583543,22
2025-11-20T04:39:21.091Z,QH268,Airbus A321,SGN,HAN,2025-12-12,19:20,21:30,Economy Flex,1583543,22
2025-11-20T04:40:30.967Z,QH204,Airbus A321,SGN,HAN,2025-12-14,07:10,09:20,Economy Smart,731543,24
2025-11-20T04:40:30.967Z,QH268,Airbus A321,SGN,HAN,2025-12-14,19:20,21:30,Economy Smart,731543,24
2025-11-20T04:40:30.967Z,QH224,Boeing 737 All Series Passenger,SGN,HAN,2025-12-14,10:40,12:50,Economy Smart,941257,24
2025-11-20T04:40:30.967Z,QH242,Boeing 737 All Series Passenger,SGN,HAN,2025-12-14,13:15,15:25,Economy Smart,1046400,24
2025-11-20T04:40:30.967Z,QH204,Airbus A321,SGN,HAN,2025-12-14,07:10,09:20,Economy Flex,1583543,24
2025-11-20T04:40:30.967Z,QH224,Boeing 737 All Series Passenger,SGN,HAN,2025-12-14,10:40,12:50,Economy Flex,1583543,24
2025-11-20T04:40:30.967Z,QH242,Boeing 737 All Series Passenger,SGN,HAN,2025-12-14,13:15,15:25,Economy Flex,1583543,24
2025-11-20T04:40:30.967Z,QH268,Airbus A321,SGN,HAN,2025-12-14,19:20,21:30,Economy Flex,1583543,24
2025-11-20T04:41:06.571Z,QH204,Airbus A321,SGN,HAN,2025-12-15,07:10,09:20,Economy Smart,830400,25
2025-11-20T04:41:06.571Z,QH242,Boeing 737 All Series Passenger,SGN,HAN,2025-12-15,13:15,15:25,Economy Smart,830400,25
2025-11-20T04:41:06.571Z,QH268,Airbus A321,SGN,HAN,2025-12-15,19:20,21:30,Economy Smart,830400,25
2025-11-20T04:41:06.571Z,QH224,Boeing 737 All Series Passenger,SGN,HAN,2025-12-15,10:40,12:50,Economy Smart,1046400,25
2025-11-20T04:41:06.571Z,QH204,Airbus A321,SGN,HAN,2025-12-15,07:10,09:20,Economy Flex,1583543,25
2025-11-20T04:41:06.571Z,QH224,Boeing 737 All Series Passenger,SGN,HAN,2025-12-15,10:40,12:50,Economy Flex,1583543,25
2025-11-20T04:41:06.571Z,QH242,Boeing 737 All Series Passenger,SGN,HAN,2025-12-15,13:15,15:25,Economy Flex,1583543,25
2025-11-20T04:41:06.571Z,QH268,Airbus A321,SGN,HAN,2025-12-15,19:20,21:30,Economy Flex,1583543,25
2025-11-20T04:41:37.178Z,QH268,Airbus A321,SGN,HAN,2025-12-16,19:20,21:30,Economy Smart,657829,26
2025-11-20T04:41:37.178Z,QH204,Airbus A321,SGN,HAN,2025-12-16,07:10,09:20,Economy Smart,731543,26
2025-11-20T04:41:37.178Z,QH268,Airbus A321,SGN,HAN,2025-12-16,19:20,21:30,Economy Smart,731543,26
2025-11-20T04:41:37.178Z,QH242,Boeing 737 All Series Passenger,SGN,HAN,2025-12-16,13:15,15:25,Economy Smart,830400,26
2025-11-20T04:41:37.178Z,QH224,Boeing 737 All Series Passenger,SGN,HAN,2025-12-16,10:40,12:50,Economy Smart,941257,26
2025-11-20T04:41:37.178Z,QH204,Airbus A321,SGN,HAN,2025-12-16,07:10,09:20,Economy Flex,1583543,26
2025-11-20T04:41:37.178Z,QH224,Boeing 737 All Series Passenger,SGN,HAN,2025-12-16,10:40,12:50,Economy Flex,1583543,26
2025-11-20T04:41:37.178Z,QH242,Boeing 737 All Series Passenger,SGN,HAN,2025-12-16,13:15,15:25,Economy Flex,1583543,26
2025-11-20T04:41:37.178Z,QH268,Airbus A321,SGN,HAN,2025-12-16,19:20,21:30,Economy Flex,1583543,26
2025-11-20T04:42:12.628Z,QH268,Airbus A321,SGN,HAN,2025-12-17,19:20,21:30,Economy Smart,657829,27
2025-11-20T04:42:12.628Z,QH268,Airbus A321,SGN,HAN,2025-12-17,19:20,21:30,Economy Smart,731543,27
2025-11-20T04:42:12.628Z,QH204,Airbus A321,SGN,HAN,2025-12-17,07:10,09:20,Economy Smart,830400,27
2025-11-20T04:42:12.628Z,QH224,Boeing 737 All Series Passenger,SGN,HAN,2025-12-17,10:40,12:50,Economy Smart,830400,27
2025-11-20T04:42:12.628Z,QH242,Boeing 737 All Series Passenger,SGN,HAN,2025-12-17,13:15,15:25,Economy Smart,830400,27
2025-11-20T04:42:12.628Z,QH204,Airbus A321,SGN,HAN,2025-12-17,07:10,09:20,Economy Flex,1583543,27
2025-11-20T04:42:12.628Z,QH224,Boeing 737 All Series Passenger,SGN,HAN,2025-12-17,10:40,12:50,Economy Flex,1583543,27
2025-11-20T04:42:12.628Z,QH242,Boeing 737 All Series Passenger,SGN,HAN,2025-12-17,13:15,15:25,Economy Flex,1583543,27
2025-11-20T04:42:12.628Z,QH268,Airbus A321,SGN,HAN,2025-12-17,19:20,21:30,Economy Flex,1583543,27
2025-11-20T04:42:46.976Z,QH204,Airbus A321,SGN,HAN,2025-12-18,07:10,09:20,Economy Smart,731543,28
2025-11-20T04:42:46.976Z,QH268,Airbus A321,SGN,HAN,2025-12-18,19:20,21:30,Economy Smart,731543,28
2025-11-20T04:42:46.976Z,QH224,Boeing 737 All Series Passenger,SGN,HAN,2025-12-18,10:40,12:50,Economy Smart,941257,28
2025-11-20T04:42:46.976Z,QH242,Boeing 737 All Series Passenger,SGN,HAN,2025-12-18,13:15,15:25,Economy Smart,941257,28
2025-11-20T04:42:46.976Z,QH204,Airbus A321,SGN,HAN,2025-12-18,07:10,09:20,Economy Flex,1583543,28
2025-11-20T04:42:46.976Z,QH224,Boeing 737 All Series Passenger,SGN,HAN,2025-12-18,10:40,12:50,Economy Flex,1583543,28
2025-11-20T04:42:46.976Z,QH242,Boeing 737 All Series Passenger,SGN,HAN,2025-12-18,13:15,15:25,Economy Flex,1583543,28
2025-11-20T04:42:46.976Z,QH268,Airbus A321,SGN,HAN,2025-12-18,19:20,21:30,Economy Flex,1583543,28
2025-11-20T04:43:20.510Z,QH204,Airbus A321,SGN,HAN,2025-12-19,07:10,09:20,Economy Smart,830400,29
2025-11-20T04:43:20.510Z,QH268,Airbus A321,SGN,HAN,2025-12-19,19:20,21:30,Economy Smart,830400,29
2025-11-20T04:43:20.510Z,QH224,Boeing 737 All Series Passenger,SGN,HAN,2025-12-19,10:40,12:50,Economy Smart,1046400,29
2025-11-20T04:43:20.510Z,QH242,Boeing 737 All Series Passenger,SGN,HAN,2025-12-19,13:15,15:25,Economy Smart,1046400,29
2025-11-20T04:43:20.510Z,QH204,Airbus A321,SGN,HAN,2025-12-19,07:10,09:20,Economy Flex,1583543,29
2025-11-20T04:43:20.510Z,QH224,Boeing 737 All Series Passenger,SGN,HAN,2025-12-19,10:40,12:50,Economy Flex,1583543,29
2025-11-20T04:43:20.510Z,QH242,Boeing 737 All Series Passenger,SGN,HAN,2025-12-19,13:15,15:25,Economy Flex,1583543,29
2025-11-20T04:43:20.510Z,QH268,Airbus A321,SGN,HAN,2025-12-19,19:20,21:30,Economy Flex,1583543,29
2025-11-20T04:43:55.853Z,QH204,Airbus A321,SGN,HAN,2025-12-20,07:10,09:20,Economy Smart,731543,30
2025-11-20T04:43:55.853Z,QH242,Boeing 737 All Series Passenger,SGN,HAN,2025-12-20,13:15,15:25,Economy Smart,830400,30
2025-11-20T04:43:55.853Z,QH268,Airbus A321,SGN,HAN,2025-12-20,19:20,21:30,Economy Smart,830400,30
2025-11-20T04:43:55.853Z,QH224,Boeing 737 All Series Passenger,SGN,HAN,2025-12-20,10:40,12:50,Economy Smart,941257,30
2025-11-20T04:43:55.853Z,QH204,Airbus A321,SGN,HAN,2025-12-20,07:10,09:20,Economy Flex,1583543,30
2025-11-20T04:43:55.853Z,QH224,Boeing 737 All Series Passenger,SGN,HAN,2025-12-20,10:40,12:50,Economy Flex,1583543,30
2025-11-20T04:43:55.853Z,QH242,Boeing 737 All Series Passenger,SGN,HAN,2025-12-20,13:15,15:25,Economy Flex,1583543,30
2025-11-20T04:43:55.853Z,QH268,Airbus A321,SGN,HAN,2025-12-20,19:20,21:30,Economy Flex,1583543,30
2025-11-20T04:44:31.962Z,QH204,Airbus A321,SGN,HAN,2025-12-21,07:10,09:20,Economy Smart,731543,31
2025-11-20T04:44:31.962Z,QH268,Airbus A321,SGN,HAN,2025-12-21,19:20,21:30,Economy Smart,731543,31
2025-11-20T04:44:31.962Z,QH242,Boeing 737 All Series Passenger,SGN,HAN,2025-12-21,13:15,15:25,Economy Smart,941257,31
2025-11-20T04:44:31.962Z,QH224,Boeing 737 All Series Passenger,SGN,HAN,2025-12-21,10:40,12:50,Economy Smart,1046400,31
2025-11-20T04:44:31.962Z,QH204,Airbus A321,SGN,HAN,2025-12-21,07:10,09:20,Economy Flex,1583543,31
2025-11-20T04:44:31.962Z,QH224,Boeing 737 All Series Passenger,SGN,HAN,2025-12-21,10:40,12:50,Economy Flex,1583543,31
2025-11-20T04:44:31.962Z,QH242,Boeing 737 All Series Passenger,SGN,HAN,2025-12-21,13:15,15:25,Economy Flex,1583543,31
2025-11-20T04:44:31.962Z,QH268,Airbus A321,SGN,HAN,2025-12-21,19:20,21:30,Economy Flex,1583543,31
2025-11-20T05:13:38.255Z,QH268,Airbus A321,SGN,HAN,2025-12-22,19:20,21:30,Economy Smart,657829,32
2025-11-20T05:13:38.255Z,QH204,Airbus A321,SGN,HAN,2025-12-22,07:10,09:20,Economy Smart,731543,32
2025-11-20T05:13:38.255Z,QH268,Airbus A321,SGN,HAN,2025-12-22,19:20,21:30,Economy Smart,731543,32
2025-11-20T05:13:38.255Z,QH242,Boeing 737 All Series Passenger,SGN,HAN,2025-12-22,13:15,15:25,Economy Smart,830400,32
2025-11-20T05:13:38.255Z,QH224,Boeing 737 All Series Passenger,SGN,HAN,2025-12-22,10:40,12:50,Economy Smart,941257,32
2025-11-20T05:13:38.255Z,QH204,Airbus A321,SGN,HAN,2025-12-22,07:10,09:20,Economy Flex,1583543,32
2025-11-20T05:13:38.255Z,QH224,Boeing 737 All Series Passenger,SGN,HAN,2025-12-22,10:40,12:50,Economy Flex,1583543,32
2025-11-20T05:13:38.255Z,QH242,Boeing 737 All Series Passenger,SGN,HAN,2025-12-22,13:15,15:25,Economy Flex,1583543,32
2025-11-20T05:13:38.255Z,QH268,Airbus A321,SGN,HAN,2025-12-22,19:20,21:30,Economy Flex,1583543,32
2025-11-20T05:14:16.643Z,QH268,Airbus A321,SGN,HAN,2025-12-23,19:20,21:30,Economy Smart,657829,33
2025-11-20T05:14:16.643Z,QH204,Airbus A321,SGN,HAN,2025-12-23,07:10,09:20,Economy Smart,731543,33
2025-11-20T05:14:16.643Z,QH268,Airbus A321,SGN,HAN,2025-12-23,19:20,21:30,Economy Smart,731543,33
2025-11-20T05:14:16.643Z,QH224,Boeing 737 All Series Passenger,SGN,HAN,2025-12-23,10:40,12:50,Economy Smart,830400,33
2025-11-20T05:14:16.643Z,QH242,Boeing 737 All Series Passenger,SGN,HAN,2025-12-23,13:15,15:25,Economy Smart,830400,33
2025-11-20T05:14:16.643Z,QH204,Airbus A321,SGN,HAN,2025-12-23,07:10,09:20,Economy Flex,1583543,33
2025-11-20T05:14:16.643Z,QH224,Boeing 737 All Series Passenger,SGN,HAN,2025-12-23,10:40,12:50,Economy Flex,1583543,33
2025-11-20T05:14:16.643Z,QH242,Boeing 737 All Series Passenger,SGN,HAN,2025-12-23,13:15,15:25,Economy Flex,1583543,33
2025-11-20T05:14:16.643Z,QH268,Airbus A321,SGN,HAN,2025-12-23,19:20,21:30,Economy Flex,1583543,33
2025-11-20T05:14:50.627Z,QH204,Airbus A321,SGN,HAN,2025-12-24,07:10,09:20,Economy Smart,731543,34
2025-11-20T05:14:50.627Z,QH268,Airbus A321,SGN,HAN,2025-12-24,19:20,21:30,Economy Smart,731543,34
2025-11-20T05:14:50.627Z,QH224,Boeing 737 All Series Passenger,SGN,HAN,2025-12-24,10:40,12:50,Economy Smart,830400,34
2025-11-20T05:14:50.627Z,QH242,Boeing 737 All Series Passenger,SGN,HAN,2025-12-24,13:15,15:25,Economy Smart,830400,34
2025-11-20T05:14:50.627Z,QH204,Airbus A321,SGN,HAN,2025-12-24,07:10,09:20,Economy Flex,1583543,34
2025-11-20T05:14:50.627Z,QH224,Boeing 737 All Series Passenger,SGN,HAN,2025-12-24,10:40,12:50,Economy Flex,1583543,34
2025-11-20T05:14:50.627Z,QH242,Boeing 737 All Series Passenger,SGN,HAN,2025-12-24,13:15,15:25,Economy Flex,1583543,34
2025-11-20T05:14:50.627Z,QH268,Airbus A321,SGN,HAN,2025-12-24,19:20,21:30,Economy Flex,1583543,34
2025-11-20T05:15:25.869Z,QH204,Airbus A321,SGN,HAN,2025-12-25,07:10,09:20,Economy Smart,830400,35
2025-11-20T05:15:25.869Z,QH268,Airbus A321,SGN,HAN,2025-12-25,19:20,21:30,Economy Smart,830400,35
2025-11-20T05:15:25.869Z,QH224,Boeing 737 All Series Passenger,SGN,HAN,2025-12-25,10:40,12:50,Economy Smart,941257,35
2025-11-20T05:15:25.869Z,QH242,Boeing 737 All Series Passenger,SGN,HAN,2025-12-25,13:15,15:25,Economy Smart,941257,35
2025-11-20T05:15:25.869Z,QH204,Airbus A321,SGN,HAN,2025-12-25,07:10,09:20,Economy Flex,1583543,35
2025-11-20T05:15:25.869Z,QH224,Boeing 737 All Series Passenger,SGN,HAN,2025-12-25,10:40,12:50,Economy Flex,1583543,35
2025-11-20T05:15:25.869Z,QH242,Boeing 737 All Series Passenger,SGN,HAN,2025-12-25,13:15,15:25,Economy Flex,1583543,35
2025-11-20T05:15:25.869Z,QH268,Airbus A321,SGN,HAN,2025-12-25,19:20,21:30,Economy Flex,1583543,35
2025-11-20T05:16:01.626Z,QH204,Airbus A321,SGN,HAN,2025-12-26,07:10,09:20,Economy Smart,830400,36
2025-11-20T05:16:01.626Z,QH268,Airbus A321,SGN,HAN,2025-12-26,19:20,21:30,Economy Smart,830400,36
2025-11-20T05:16:01.626Z,QH224,Boeing 737 All Series Passenger,SGN,HAN,2025-12-26,10:40,12:50,Economy Smart,1046400,36
2025-11-20T05:16:01.626Z,QH242,Boeing 737 All Series Passenger,SGN,HAN,2025-12-26,13:15,15:25,Economy Smart,1046400,36
2025-11-20T05:16:01.626Z,QH204,Airbus A321,SGN,HAN,2025-12-26,07:10,09:20,Economy Flex,1583543,36
2025-11-20T05:16:01.626Z,QH224,Boeing 737 All Series Passenger,SGN,HAN,2025-12-26,10:40,12:50,Economy Flex,1583543,36
2025-11-20T05:16:01.626Z,QH242,Boeing 737 All Series Passenger,SGN,HAN,2025-12-26,13:15,15:25,Economy Flex,1583543,36
2025-11-20T05:16:01.626Z,QH268,Airbus A321,SGN,HAN,2025-12-26,19:20,21:30,Economy Flex,1583543,36
2025-11-20T05:16:36.107Z,QH268,Airbus A321,SGN,HAN,2025-12-27,19:20,21:30,Economy Smart,731543,37
2025-11-20T05:16:36.107Z,QH204,Airbus A321,SGN,HAN,2025-12-27,07:10,09:20,Economy Smart,830400,37
2025-11-20T05:16:36.107Z,QH242,Boeing 737 All Series Passenger,SGN,HAN,2025-12-27,13:15,15:25,Economy Smart,941257,37
2025-11-20T05:16:36.107Z,QH224,Boeing 737 All Series Passenger,SGN,HAN,2025-12-27,10:40,12:50,Economy Smart,1046400,37
2025-11-20T05:16:36.107Z,QH204,Airbus A321,SGN,HAN,2025-12-27,07:10,09:20,Economy Flex,1583543,37
2025-11-20T05:16:36.107Z,QH224,Boeing 737 All Series Passenger,SGN,HAN,2025-12-27,10:40,12:50,Economy Flex,1583543,37
2025-11-20T05:16:36.107Z,QH242,Boeing 737 All Series Passenger,SGN,HAN,2025-12-27,13:15,15:25,Economy Flex,1583543,37
2025-11-20T05:16:36.107Z,QH268,Airbus A321,SGN,HAN,2025-12-27,19:20,21:30,Economy Flex,1583543,37
2025-11-20T05:17:48.653Z,QH204,Airbus A321,SGN,HAN,2025-12-29,07:10,09:20,Economy Smart,830400,39
2025-11-20T05:17:48.653Z,QH268,Airbus A321,SGN,HAN,2025-12-29,19:20,21:30,Economy Smart,830400,39
2025-11-20T05:17:48.653Z,QH224,Boeing 737 All Series Passenger,SGN,HAN,2025-12-29,10:40,12:50,Economy Smart,941257,39
2025-11-20T05:17:48.653Z,QH242,Boeing 737 All Series Passenger,SGN,HAN,2025-12-29,13:15,15:25,Economy Smart,941257,39
2025-11-20T05:17:48.653Z,QH204,Airbus A321,SGN,HAN,2025-12-29,07:10,09:20,Economy Flex,1583543,39
2025-11-20T05:17:48.653Z,QH224,Boeing 737 All Series Passenger,SGN,HAN,2025-12-29,10:40,12:50,Economy Flex,1583543,39
2025-11-20T05:17:48.653Z,QH242,Boeing 737 All Series Passenger,SGN,HAN,2025-12-29,13:15,15:25,Economy Flex,1583543,39
2025-11-20T05:17:48.653Z,QH268,Airbus A321,SGN,HAN,2025-12-29,19:20,21:30,Economy Flex,1583543,39
2025-11-20T05:18:24.900Z,QH204,Airbus A321,SGN,HAN,2025-12-30,07:10,09:20,Economy Smart,657829,40
2025-11-20T05:18:24.900Z,QH204,Airbus A321,SGN,HAN,2025-12-30,07:10,09:20,Economy Smart,731543,40
2025-11-20T05:18:24.900Z,QH268,Airbus A321,SGN,HAN,2025-12-30,19:20,21:30,Economy Smart,731543,40
2025-11-20T05:18:24.900Z,QH224,Boeing 737 All Series Passenger,SGN,HAN,2025-12-30,10:40,12:50,Economy Smart,830400,40
2025-11-20T05:18:24.900Z,QH242,Boeing 737 All Series Passenger,SGN,HAN,2025-12-30,13:15,15:25,Economy Smart,830400,40
2025-11-20T05:18:24.900Z,QH204,Airbus A321,SGN,HAN,2025-12-30,07:10,09:20,Economy Flex,1583543,40
2025-11-20T05:18:24.900Z,QH224,Boeing 737 All Series Passenger,SGN,HAN,2025-12-30,10:40,12:50,Economy Flex,1583543,40
2025-11-20T05:18:24.900Z,QH242,Boeing 737 All Series Passenger,SGN,HAN,2025-12-30,13:15,15:25,Economy Flex,1583543,40
2025-11-20T05:18:24.900Z,QH268,Airbus A321,SGN,HAN,2025-12-30,19:20,21:30,Economy Flex,1583543,40
2025-11-20T05:18:55.649Z,QH204,Airbus A321,SGN,HAN,2025-12-31,07:10,09:20,Economy Smart,941257,41
2025-11-20T05:18:55.649Z,QH224,Boeing 737 All Series Passenger,SGN,HAN,2025-12-31,10:40,12:50,Economy Smart,941257,41
2025-11-20T05:18:55.649Z,QH242,Boeing 737 All Series Passenger,SGN,HAN,2025-12-31,13:15,15:25,Economy Smart,941257,41
2025-11-20T05:18:55.649Z,QH268,Airbus A321,SGN,HAN,2025-12-31,19:20,21:30,Economy Smart,1176114,41
2025-11-20T05:18:55.649Z,QH204,Airbus A321,SGN,HAN,2025-12-31,07:10,09:20,Economy Flex,1583543,41
2025-11-20T05:18:55.649Z,QH224,Boeing 737 All Series Passenger,SGN,HAN,2025-12-31,10:40,12:50,Economy Flex,1583543,41
2025-11-20T05:18:55.649Z,QH242,Boeing 737 All Series Passenger,SGN,HAN,2025-12-31,13:15,15:25,Economy Flex,1583543,41
2025-11-20T05:18:55.649Z,QH268,Airbus A321,SGN,HAN,2025-12-31,19:20,21:30,Economy Flex,1583543,41
2025-11-20T05:19:31.432Z,QH204,Airbus A321,SGN,HAN,2026-01-01,07:10,09:20,Economy Smart,941257,42
2025-11-20T05:19:31.432Z,QH224,Boeing 737 All Series Passenger,SGN,HAN,2026-01-01,10:40,12:50,Economy Smart,941257,42
2025-11-20T05:19:31.432Z,QH242,Boeing 737 All Series Passenger,SGN,HAN,2026-01-01,13:15,15:25,Economy Smart,941257,42
2025-11-20T05:19:31.432Z,QH268,Airbus A321,SGN,HAN,2026-01-01,19:20,21:30,Economy Smart,941257,42
2025-11-20T05:19:31.432Z,QH204,Airbus A321,SGN,HAN,2026-01-01,07:10,09:20,Economy Flex,1583543,42
2025-11-20T05:19:31.432Z,QH224,Boeing 737 All Series Passenger,SGN,HAN,2026-01-01,10:40,12:50,Economy Flex,1583543,42
2025-11-20T05:19:31.432Z,QH242,Boeing 737 All Series Passenger,SGN,HAN,2026-01-01,13:15,15:25,Economy Flex,1583543,42
2025-11-20T05:19:31.432Z,QH268,Airbus A321,SGN,HAN,2026-01-01,19:20,21:30,Economy Flex,1583543,42
2025-11-20T05:20:11.108Z,QH204,Airbus A321,SGN,HAN,2026-02-01,07:10,09:20,Economy Smart,941257,73
2025-11-20T05:20:11.108Z,QH242,Boeing 737 All Series Passenger,SGN,HAN,2026-02-01,13:15,15:25,Economy Smart,941257,73
2025-11-20T05:20:11.108Z,QH268,Airbus A321,SGN,HAN,2026-02-01,19:20,21:30,Economy Smart,941257,73
2025-11-20T05:20:11.108Z,QH224,Boeing 737 All Series Passenger,SGN,HAN,2026-02-01,10:40,12:50,Economy Smart,1046400,73
2025-11-20T05:20:11.108Z,QH204,Airbus A321,SGN,HAN,2026-02-01,07:10,09:20,Economy Flex,1583543,73
2025-11-20T05:20:11.108Z,QH224,Boeing 737 All Series Passenger,SGN,HAN,2026-02-01,10:40,12:50,Economy Flex,1583543,73
2025-11-20T05:20:11.108Z,QH242,Boeing 737 All Series Passenger,SGN,HAN,2026-02-01,13:15,15:25,Economy Flex,1583543,73
2025-11-20T05:20:11.108Z,QH268,Airbus A321,SGN,HAN,2026-02-01,19:20,21:30,Economy Flex,1583543,73
2025-11-20T05:20:44.409Z,QH224,Boeing 737 All Series Passenger,SGN,HAN,2026-03-01,10:40,12:50,Economy Smart,830400,101
2025-11-20T05:20:44.409Z,QH204,Airbus A321,SGN,HAN,2026-03-01,07:10,09:20,Economy Smart,941257,101
2025-11-20T05:20:44.409Z,QH242,Boeing 737 All Series Passenger,SGN,HAN,2026-03-01,13:15,15:25,Economy Smart,941257,101
2025-11-20T05:20:44.409Z,QH268,Airbus A321,SGN,HAN,2026-03-01,19:20,21:30,Economy Smart,941257,101
2025-11-20T05:20:44.409Z,QH204,Airbus A321,SGN,HAN,2026-03-01,07:10,09:20,Economy Flex,1583543,101
2025-11-20T05:20:44.409Z,QH224,Boeing 737 All Series Passenger,SGN,HAN,2026-03-01,10:40,12:50,Economy Flex,1583543,101
2025-11-20T05:20:44.409Z,QH242,Boeing 737 All Series Passenger,SGN,HAN,2026-03-01,13:15,15:25,Economy Flex,1583543,101
2025-11-20T05:20:44.409Z,QH268,Airbus A321,SGN,HAN,2026-03-01,19:20,21:30,Economy Flex,1583543,101
2025-11-20T05:21:21.836Z,QH204,Airbus A321,SGN,HAN,2026-04-01,07:10,09:20,Economy Smart,657829,132
2025-11-20T05:21:21.836Z,QH204,Airbus A321,SGN,HAN,2026-04-01,07:10,09:20,Economy Smart,731543,132
2025-11-20T05:21:21.836Z,QH224,Boeing 737 All Series Passenger,SGN,HAN,2026-04-01,10:40,12:50,Economy Smart,1046400,132
2025-11-20T05:21:21.836Z,QH242,Boeing 737 All Series Passenger,SGN,HAN,2026-04-01,13:15,15:25,Economy Smart,1046400,132
2025-11-20T05:21:21.836Z,QH268,Airbus A321,SGN,HAN,2026-04-01,19:20,21:30,Economy Smart,1046400,132
2025-11-20T05:21:21.836Z,QH204,Airbus A321,SGN,HAN,2026-04-01,07:10,09:20,Economy Flex,1583543,132
2025-11-20T05:21:21.836Z,QH224,Boeing 737 All Series Passenger,SGN,HAN,2026-04-01,10:40,12:50,Economy Flex,1583543,132
2025-11-20T05:21:21.836Z,QH242,Boeing 737 All Series Passenger,SGN,HAN,2026-04-01,13:15,15:25,Economy Flex,1583543,132
2025-11-20T05:21:21.836Z,QH268,Airbus A321,SGN,HAN,2026-04-01,19:20,21:30,Economy Flex,1583543,132
2025-11-20T05:22:02.968Z,QH204,Airbus A321,SGN,HAN,2026-05-01,07:10,09:20,Economy Smart,657829,162
2025-11-20T05:22:02.968Z,QH268,Airbus A321,SGN,HAN,2026-05-01,19:20,21:30,Economy Smart,657829,162
2025-11-20T05:22:02.968Z,QH204,Airbus A321,SGN,HAN,2026-05-01,07:10,09:20,Economy Smart,731543,162
2025-11-20T05:22:02.968Z,QH268,Airbus A321,SGN,HAN,2026-05-01,19:20,21:30,Economy Smart,731543,162
2025-11-20T05:22:02.968Z,QH224,Boeing 737 All Series Passenger,SGN,HAN,2026-05-01,10:40,12:50,Economy Smart,941257,162
2025-11-20T05:22:02.968Z,QH242,Boeing 737 All Series Passenger,SGN,HAN,2026-05-01,13:15,15:25,Economy Smart,941257,162
2025-11-20T05:22:02.968Z,QH204,Airbus A321,SGN,HAN,2026-05-01,07:10,09:20,Economy Flex,1583543,162
2025-11-20T05:22:02.968Z,QH224,Boeing 737 All Series Passenger,SGN,HAN,2026-05-01,10:40,12:50,Economy Flex,1583543,162
2025-11-20T05:22:02.968Z,QH242,Boeing 737 All Series Passenger,SGN,HAN,2026-05-01,13:15,15:25,Economy Flex,1583543,162
2025-11-20T05:22:02.968Z,QH268,Airbus A321,SGN,HAN,2026-05-01,19:20,21:30,Economy Flex,1583543,162
2025-11-20T05:22:42.542Z,QH268,Airbus A321,SGN,HAN,2026-06-01,19:20,21:30,Economy Smart,830400,193
2025-11-20T05:22:42.542Z,QH204,Airbus A321,SGN,HAN,2026-06-01,07:10,09:20,Economy Smart,941257,193
2025-11-20T05:22:42.542Z,QH224,Boeing 737 All Series Passenger,SGN,HAN,2026-06-01,10:40,12:50,Economy Smart,941257,193
2025-11-20T05:22:42.542Z,QH242,Boeing 737 All Series Passenger,SGN,HAN,2026-06-01,13:15,15:25,Economy Smart,1046400,193
2025-11-20T05:22:42.542Z,QH204,Airbus A321,SGN,HAN,2026-06-01,07:10,09:20,Economy Flex,1583543,193
2025-11-20T05:22:42.542Z,QH224,Boeing 737 All Series Passenger,SGN,HAN,2026-06-01,10:40,12:50,Economy Flex,1583543,193
2025-11-20T05:22:42.542Z,QH242,Boeing 737 All Series Passenger,SGN,HAN,2026-06-01,13:15,15:25,Economy Flex,1583543,193
2025-11-20T05:22:42.542Z,QH268,Airbus A321,SGN,HAN,2026-06-01,19:20,21:30,Economy Flex,1583543,193
2025-11-20T05:23:19.362Z,QH268,Airbus A321,SGN,HAN,2026-07-01,19:20,21:30,Economy Smart,830400,223
2025-11-20T05:23:19.362Z,QH204,Airbus A321,SGN,HAN,2026-07-01,07:10,09:20,Economy Smart,941257,223
2025-11-20T05:23:19.362Z,QH224,Boeing 737 All Series Passenger,SGN,HAN,2026-07-01,10:40,12:50,Economy Smart,941257,223
2025-11-20T05:23:19.362Z,QH242,Boeing 737 All Series Passenger,SGN,HAN,2026-07-01,13:15,15:25,Economy Smart,941257,223
2025-11-20T05:23:19.362Z,QH204,Airbus A321,SGN,HAN,2026-07-01,07:10,09:20,Economy Flex,1583543,223
2025-11-20T05:23:19.362Z,QH224,Boeing 737 All Series Passenger,SGN,HAN,2026-07-01,10:40,12:50,Economy Flex,1583543,223
2025-11-20T05:23:19.362Z,QH242,Boeing 737 All Series Passenger,SGN,HAN,2026-07-01,13:15,15:25,Economy Flex,1583543,223
2025-11-20T05:23:19.362Z,QH268,Airbus A321,SGN,HAN,2026-07-01,19:20,21:30,Economy Flex,1583543,223
2025-11-20T05:23:55.987Z,QH268,Airbus A321,SGN,HAN,2026-08-01,19:20,21:30,Economy Smart,830400,254
2025-11-20T05:23:55.987Z,QH204,Airbus A321,SGN,HAN,2026-08-01,07:10,09:20,Economy Smart,941257,254
2025-11-20T05:23:55.987Z,QH242,Boeing 737 All Series Passenger,SGN,HAN,2026-08-01,13:15,15:25,Economy Smart,1046400,254
2025-11-20T05:23:55.987Z,QH224,Boeing 737 All Series Passenger,SGN,HAN,2026-08-01,10:40,12:50,Economy Smart,1176114,254
2025-11-20T05:23:55.987Z,QH204,Airbus A321,SGN,HAN,2026-08-01,07:10,09:20,Economy Flex,1583543,254
2025-11-20T05:23:55.987Z,QH224,Boeing 737 All Series Passenger,SGN,HAN,2026-08-01,10:40,12:50,Economy Flex,1583543,254
2025-11-20T05:23:55.987Z,QH242,Boeing 737 All Series Passenger,SGN,HAN,2026-08-01,13:15,15:25,Economy Flex,1583543,254
2025-11-20T05:23:55.987Z,QH268,Airbus A321,SGN,HAN,2026-08-01,19:20,21:30,Economy Flex,1583543,254
2025-11-20T05:24:34.612Z,QH268,Airbus A321,SGN,HAN,2026-09-01,19:20,21:30,Economy Smart,830400,285
2025-11-20T05:24:34.612Z,QH204,Airbus A321,SGN,HAN,2026-09-01,07:10,09:20,Economy Smart,941257,285
2025-11-20T05:24:34.612Z,QH242,Boeing 737 All Series Passenger,SGN,HAN,2026-09-01,13:15,15:25,Economy Smart,941257,285
2025-11-20T05:24:34.612Z,QH224,Boeing 737 All Series Passenger,SGN,HAN,2026-09-01,10:40,12:50,Economy Smart,1046400,285
2025-11-20T05:24:34.612Z,QH204,Airbus A321,SGN,HAN,2026-09-01,07:10,09:20,Economy Flex,1583543,285
2025-11-20T05:24:34.612Z,QH224,Boeing 737 All Series Passenger,SGN,HAN,2026-09-01,10:40,12:50,Economy Flex,1583543,285
2025-11-20T05:24:34.612Z,QH242,Boeing 737 All Series Passenger,SGN,HAN,2026-09-01,13:15,15:25,Economy Flex,1583543,285
2025-11-20T05:24:34.612Z,QH268,Airbus A321,SGN,HAN,2026-09-01,19:20,21:30,Economy Flex,1583543,285
2025-11-20T05:25:09.985Z,QH268,Airbus A321,SGN,HAN,2026-10-01,19:20,21:30,Economy Smart,830400,315
2025-11-20T05:25:09.985Z,QH204,Airbus A321,SGN,HAN,2026-10-01,07:10,09:20,Economy Smart,941257,315
2025-11-20T05:25:09.985Z,QH224,Boeing 737 All Series Passenger,SGN,HAN,2026-10-01,10:40,12:50,Economy Smart,941257,315
2025-11-20T05:25:09.985Z,QH242,Boeing 737 All Series Passenger,SGN,HAN,2026-10-01,13:15,15:25,Economy Smart,941257,315
2025-11-20T05:25:09.985Z,QH204,Airbus A321,SGN,HAN,2026-10-01,07:10,09:20,Economy Flex,1583543,315
2025-11-20T05:25:09.985Z,QH224,Boeing 737 All Series Passenger,SGN,HAN,2026-10-01,10:40,12:50,Economy Flex,1583543,315
2025-11-20T05:25:09.985Z,QH242,Boeing 737 All Series Passenger,SGN,HAN,2026-10-01,13:15,15:25,Economy Flex,1583543,315
2025-11-20T05:25:09.985Z,QH268,Airbus A321,SGN,HAN,2026-10-01,19:20,21:30,Economy Flex,1583543,315
2025-11-20T05:25:49.388Z,QH204,Airbus A321,SGN,HAN,2026-11-01,07:10,09:20,Economy Smart,830400,346
2025-11-20T05:25:49.388Z,QH268,Airbus A321,SGN,HAN,2026-11-01,19:20,21:30,Economy Smart,830400,346
2025-11-20T05:25:49.388Z,QH224,Boeing 737 All Series Passenger,SGN,HAN,2026-11-01,10:40,12:50,Economy Smart,941257,346
2025-11-20T05:25:49.388Z,QH242,Boeing 737 All Series Passenger,SGN,HAN,2026-11-01,13:15,15:25,Economy Smart,941257,346
2025-11-20T05:25:49.388Z,QH204,Airbus A321,SGN,HAN,2026-11-01,07:10,09:20,Economy Flex,1583543,346
2025-11-20T05:25:49.388Z,QH224,Boeing 737 All Series Passenger,SGN,HAN,2026-11-01,10:40,12:50,Economy Flex,1583543,346
2025-11-20T05:25:49.388Z,QH242,Boeing 737 All Series Passenger,SGN,HAN,2026-11-01,13:15,15:25,Economy Flex,1583543,346
2025-11-20T05:25:49.388Z,QH268,Airbus A321,SGN,HAN,2026-11-01,19:20,21:30,Economy Flex,1583543,346
2025-11-20T05:26:25.053Z,QH268,Airbus A321,SGN,HAN,2026-12-01,19:20,21:30,Economy Smart,830400,376
2025-11-20T05:26:25.053Z,QH204,Airbus A321,SGN,HAN,2026-12-01,07:10,09:20,Economy Smart,941257,376
2025-11-20T05:26:25.053Z,QH224,Boeing 737 All Series Passenger,SGN,HAN,2026-12-01,10:40,12:50,Economy Smart,941257,376
2025-11-20T05:26:25.053Z,QH242,Boeing 737 All Series Passenger,SGN,HAN,2026-12-01,13:15,15:25,Economy Smart,1046400,376
2025-11-20T05:26:25.053Z,QH204,Airbus A321,SGN,HAN,2026-12-01,07:10,09:20,Economy Flex,1583543,376
2025-11-20T05:26:25.053Z,QH224,Boeing 737 All Series Passenger,SGN,HAN,2026-12-01,10:40,12:50,Economy Flex,1583543,376
2025-11-20T05:26:25.053Z,QH242,Boeing 737 All Series Passenger,SGN,HAN,2026-12-01,13:15,15:25,Economy Flex,1583543,376
2025-11-20T05:26:25.053Z,QH268,Airbus A321,SGN,HAN,2026-12-01,19:20,21:30,Economy Flex,1583543,376
2025-11-20T05:27:02.562Z,QH268,Airbus A321,SGN,HAN,2026-01-13,19:20,21:30,Economy Smart,830400,54
2025-11-20T05:27:02.562Z,QH204,Airbus A321,SGN,HAN,2026-01-13,07:10,09:20,Economy Smart,941257,54
2025-11-20T05:27:02.562Z,QH224,Boeing 737 All Series Passenger,SGN,HAN,2026-01-13,10:40,12:50,Economy Smart,941257,54
2025-11-20T05:27:02.562Z,QH242,Boeing 737 All Series Passenger,SGN,HAN,2026-01-13,13:15,15:25,Economy Smart,941257,54
2025-11-20T05:27:02.562Z,QH204,Airbus A321,SGN,HAN,2026-01-13,07:10,09:20,Economy Flex,1583543,54
2025-11-20T05:27:02.562Z,QH224,Boeing 737 All Series Passenger,SGN,HAN,2026-01-13,10:40,12:50,Economy Flex,1583543,54
2025-11-20T05:27:02.562Z,QH242,Boeing 737 All Series Passenger,SGN,HAN,2026-01-13,13:15,15:25,Economy Flex,1583543,54
2025-11-20T05:27:02.562Z,QH268,Airbus A321,SGN,HAN,2026-01-13,19:20,21:30,Economy Flex,1583543,54
2025-11-20T05:27:41.846Z,QH268,Airbus A321,SGN,HAN,2026-01-14,19:20,21:30,Economy Smart,830400,55
2025-11-20T05:27:41.846Z,QH204,Airbus A321,SGN,HAN,2026-01-14,07:10,09:20,Economy Smart,941257,55
2025-11-20T05:27:41.846Z,QH224,Boeing 737 All Series Passenger,SGN,HAN,2026-01-14,10:40,12:50,Economy Smart,941257,55
2025-11-20T05:27:41.846Z,QH242,Boeing 737 All Series Passenger,SGN,HAN,2026-01-14,13:15,15:25,Economy Smart,941257,55
2025-11-20T05:27:41.846Z,QH204,Airbus A321,SGN,HAN,2026-01-14,07:10,09:20,Economy Flex,1583543,55
2025-11-20T05:27:41.846Z,QH224,Boeing 737 All Series Passenger,SGN,HAN,2026-01-14,10:40,12:50,Economy Flex,1583543,55
2025-11-20T05:27:41.846Z,QH242,Boeing 737 All Series Passenger,SGN,HAN,2026-01-14,13:15,15:25,Economy Flex,1583543,55
2025-11-20T05:27:41.846Z,QH268,Airbus A321,SGN,HAN,2026-01-14,19:20,21:30,Economy Flex,1583543,55
2025-11-20T05:28:19.872Z,QH268,Airbus A321,SGN,HAN,2026-01-15,19:20,21:30,Economy Smart,830400,56
2025-11-20T05:28:19.872Z,QH204,Airbus A321,SGN,HAN,2026-01-15,07:10,09:20,Economy Smart,941257,56
2025-11-20T05:28:19.872Z,QH224,Boeing 737 All Series Passenger,SGN,HAN,2026-01-15,10:40,12:50,Economy Smart,941257,56
2025-11-20T05:28:19.872Z,QH242,Boeing 737 All Series Passenger,SGN,HAN,2026-01-15,13:15,15:25,Economy Smart,941257,56
2025-11-20T05:28:19.872Z,QH204,Airbus A321,SGN,HAN,2026-01-15,07:10,09:20,Economy Flex,1583543,56
2025-11-20T05:28:19.872Z,QH224,Boeing 737 All Series Passenger,SGN,HAN,2026-01-15,10:40,12:50,Economy Flex,1583543,56
2025-11-20T05:28:19.872Z,QH242,Boeing 737 All Series Passenger,SGN,HAN,2026-01-15,13:15,15:25,Economy Flex,1583543,56
2025-11-20T05:28:19.872Z,QH268,Airbus A321,SGN,HAN,2026-01-15,19:20,21:30,Economy Flex,1583543,56
2025-11-20T05:28:56.048Z,QH204,Airbus A321,SGN,HAN,2026-01-16,07:10,09:20,Economy Smart,941257,57
2025-11-20T05:28:56.048Z,QH224,Boeing 737 All Series Passenger,SGN,HAN,2026-01-16,10:40,12:50,Economy Smart,941257,57
2025-11-20T05:28:56.048Z,QH242,Boeing 737 All Series Passenger,SGN,HAN,2026-01-16,13:15,15:25,Economy Smart,941257,57
2025-11-20T05:28:56.048Z,QH268,Airbus A321,SGN,HAN,2026-01-16,19:20,21:30,Economy Smart,941257,57
2025-11-20T05:28:56.048Z,QH204,Airbus A321,SGN,HAN,2026-01-16,07:10,09:20,Economy Flex,1583543,57
2025-11-20T05:28:56.048Z,QH224,Boeing 737 All Series Passenger,SGN,HAN,2026-01-16,10:40,12:50,Economy Flex,1583543,57
2025-11-20T05:28:56.048Z,QH242,Boeing 737 All Series Passenger,SGN,HAN,2026-01-16,13:15,15:25,Economy Flex,1583543,57
2025-11-20T05:28:56.048Z,QH268,Airbus A321,SGN,HAN,2026-01-16,19:20,21:30,Economy Flex,1583543,57
2025-11-20T05:29:33.706Z,QH268,Airbus A321,SGN,HAN,2026-01-17,19:20,21:30,Economy Smart,830400,58
2025-11-20T05:29:33.706Z,QH204,Airbus A321,SGN,HAN,2026-01-17,07:10,09:20,Economy Smart,941257,58
2025-11-20T05:29:33.706Z,QH224,Boeing 737 All Series Passenger,SGN,HAN,2026-01-17,10:40,12:50,Economy Smart,941257,58
2025-11-20T05:29:33.706Z,QH242,Boeing 737 All Series Passenger,SGN,HAN,2026-01-17,13:15,15:25,Economy Smart,1046400,58
2025-11-20T05:29:33.706Z,QH204,Airbus A321,SGN,HAN,2026-01-17,07:10,09:20,Economy Flex,1583543,58
2025-11-20T05:29:33.706Z,QH224,Boeing 737 All Series Passenger,SGN,HAN,2026-01-17,10:40,12:50,Economy Flex,1583543,58
2025-11-20T05:29:33.706Z,QH242,Boeing 737 All Series Passenger,SGN,HAN,2026-01-17,13:15,15:25,Economy Flex,1583543,58
2025-11-20T05:29:33.706Z,QH268,Airbus A321,SGN,HAN,2026-01-17,19:20,21:30,Economy Flex,1583543,58
2025-11-20T05:30:11.377Z,QH204,Airbus A321,SGN,HAN,2026-01-18,07:10,09:20,Economy Smart,830400,59
2025-11-20T05:30:11.377Z,QH268,Airbus A321,SGN,HAN,2026-01-18,19:20,21:30,Economy Smart,830400,59
2025-11-20T05:30:11.377Z,QH224,Boeing 737 All Series Passenger,SGN,HAN,2026-01-18,10:40,12:50,Economy Smart,1046400,59
2025-11-20T05:30:11.377Z,QH242,Boeing 737 All Series Passenger,SGN,HAN,2026-01-18,13:15,15:25,Economy Smart,1046400,59
2025-11-20T05:30:11.377Z,QH204,Airbus A321,SGN,HAN,2026-01-18,07:10,09:20,Economy Flex,1583543,59
2025-11-20T05:30:11.377Z,QH224,Boeing 737 All Series Passenger,SGN,HAN,2026-01-18,10:40,12:50,Economy Flex,1583543,59
2025-11-20T05:30:11.377Z,QH242,Boeing 737 All Series Passenger,SGN,HAN,2026-01-18,13:15,15:25,Economy Flex,1583543,59
2025-11-20T05:30:11.377Z,QH268,Airbus A321,SGN,HAN,2026-01-18,19:20,21:30,Economy Flex,1583543,59
2025-11-20T05:31:23.027Z,QH268,Airbus A321,SGN,HAN,2026-01-20,19:20,21:30,Economy Smart,830400,61
2025-11-20T05:31:23.027Z,QH204,Airbus A321,SGN,HAN,2026-01-20,07:10,09:20,Economy Smart,941257,61
2025-11-20T05:31:23.027Z,QH224,Boeing 737 All Series Passenger,SGN,HAN,2026-01-20,10:40,12:50,Economy Smart,941257,61
2025-11-20T05:31:23.027Z,QH242,Boeing 737 All Series Passenger,SGN,HAN,2026-01-20,13:15,15:25,Economy Smart,941257,61
2025-11-20T05:31:23.027Z,QH204,Airbus A321,SGN,HAN,2026-01-20,07:10,09:20,Economy Flex,1583543,61
2025-11-20T05:31:23.027Z,QH224,Boeing 737 All Series Passenger,SGN,HAN,2026-01-20,10:40,12:50,Economy Flex,1583543,61
2025-11-20T05:31:23.027Z,QH242,Boeing 737 All Series Passenger,SGN,HAN,2026-01-20,13:15,15:25,Economy Flex,1583543,61
2025-11-20T05:31:23.027Z,QH268,Airbus A321,SGN,HAN,2026-01-20,19:20,21:30,Economy Flex,1583543,61
2025-11-20T05:31:59.000Z,QH204,Airbus A321,SGN,HAN,2026-01-21,07:10,09:20,Economy Smart,941257,62
2025-11-20T05:31:59.000Z,QH224,Boeing 737 All Series Passenger,SGN,HAN,2026-01-21,10:40,12:50,Economy Smart,941257,62
2025-11-20T05:31:59.000Z,QH242,Boeing 737 All Series Passenger,SGN,HAN,2026-01-21,13:15,15:25,Economy Smart,941257,62
2025-11-20T05:31:59.000Z,QH268,Airbus A321,SGN,HAN,2026-01-21,19:20,21:30,Economy Smart,1176114,62
2025-11-20T05:31:59.000Z,QH204,Airbus A321,SGN,HAN,2026-01-21,07:10,09:20,Economy Flex,1583543,62
2025-11-20T05:31:59.000Z,QH224,Boeing 737 All Series Passenger,SGN,HAN,2026-01-21,10:40,12:50,Economy Flex,1583543,62
2025-11-20T05:31:59.000Z,QH242,Boeing 737 All Series Passenger,SGN,HAN,2026-01-21,13:15,15:25,Economy Flex,1583543,62
2025-11-20T05:31:59.000Z,QH268,Airbus A321,SGN,HAN,2026-01-21,19:20,21:30,Economy Flex,1583543,62
2025-11-20T12:42:17.446Z,QH268,Airbus A321,SGN,HAN,2025-12-22,19:20,21:30,Economy Smart,657829,32
2025-11-20T12:42:17.446Z,QH204,Airbus A321,SGN,HAN,2025-12-22,07:10,09:20,Economy Smart,731543,32
2025-11-20T12:42:17.446Z,QH268,Airbus A321,SGN,HAN,2025-12-22,19:20,21:30,Economy Smart,731543,32
2025-11-20T12:42:17.446Z,QH242,Boeing 737 All Series Passenger,SGN,HAN,2025-12-22,13:15,15:25,Economy Smart,830400,32
2025-11-20T12:42:17.446Z,QH224,Boeing 737 All Series Passenger,SGN,HAN,2025-12-22,10:40,12:50,Economy Smart,941257,32
2025-11-20T12:42:17.446Z,QH204,Airbus A321,SGN,HAN,2025-12-22,07:10,09:20,Economy Flex,1583543,32
2025-11-20T12:42:17.446Z,QH224,Boeing 737 All Series Passenger,SGN,HAN,2025-12-22,10:40,12:50,Economy Flex,1583543,32
2025-11-20T12:42:17.446Z,QH242,Boeing 737 All Series Passenger,SGN,HAN,2025-12-22,13:15,15:25,Economy Flex,1583543,32
2025-11-20T12:42:17.446Z,QH268,Airbus A321,SGN,HAN,2025-12-22,19:20,21:30,Economy Flex,1583543,32
2025-11-20T12:50:36.138Z,QH268,Airbus A321,SGN,HAN,2025-12-22,19:20,21:30,Economy Smart,657829,32
2025-11-20T12:50:36.138Z,QH204,Airbus A321,SGN,HAN,2025-12-22,07:10,09:20,Economy Smart,731543,32
2025-11-20T12:50:36.138Z,QH268,Airbus A321,SGN,HAN,2025-12-22,19:20,21:30,Economy Smart,731543,32
2025-11-20T12:50:36.138Z,QH242,Boeing 737 All Series Passenger,SGN,HAN,2025-12-22,13:15,15:25,Economy Smart,830400,32
2025-11-20T12:50:36.138Z,QH224,Boeing 737 All Series Passenger,SGN,HAN,2025-12-22,10:40,12:50,Economy Smart,941257,32
2025-11-20T12:50:36.138Z,QH204,Airbus A321,SGN,HAN,2025-12-22,07:10,09:20,Economy Flex,1583543,32
2025-11-20T12:50:36.138Z,QH224,Boeing 737 All Series Passenger,SGN,HAN,2025-12-22,10:40,12:50,Economy Flex,1583543,32
2025-11-20T12:50:36.138Z,QH242,Boeing 737 All Series Passenger,SGN,HAN,2025-12-22,13:15,15:25,Economy Flex,1583543,32
2025-11-20T12:50:36.138Z,QH268,Airbus A321,SGN,HAN,2025-12-22,19:20,21:30,Economy Flex,1583543,32
2025-11-20T12:53:31.667Z,QH268,Airbus A321,SGN,HAN,2025-12-22,19:20,21:30,Economy Smart,657829,32
2025-11-20T12:53:31.667Z,QH204,Airbus A321,SGN,HAN,2025-12-22,07:10,09:20,Economy Smart,731543,32
2025-11-20T12:53:31.667Z,QH268,Airbus A321,SGN,HAN,2025-12-22,19:20,21:30,Economy Smart,731543,32
2025-11-20T12:53:31.667Z,QH242,Boeing 737 All Series Passenger,SGN,HAN,2025-12-22,13:15,15:25,Economy Smart,830400,32
2025-11-20T12:53:31.667Z,QH224,Boeing 737 All Series Passenger,SGN,HAN,2025-12-22,10:40,12:50,Economy Smart,941257,32
2025-11-20T12:53:31.667Z,QH204,Airbus A321,SGN,HAN,2025-12-22,07:10,09:20,Economy Flex,1583543,32
2025-11-20T12:53:31.667Z,QH224,Boeing 737 All Series Passenger,SGN,HAN,2025-12-22,10:40,12:50,Economy Flex,1583543,32
2025-11-20T12:53:31.667Z,QH242,Boeing 737 All Series Passenger,SGN,HAN,2025-12-22,13:15,15:25,Economy Flex,1583543,32
2025-11-20T12:53:31.667Z,QH268,Airbus A321,SGN,HAN,2025-12-22,19:20,21:30,Economy Flex,1583543,32
2025-11-20T14:19:33.586Z,QH268,Airbus A321,SGN,HAN,2025-12-23,19:20,21:30,Economy Smart,657829,33
2025-11-20T14:19:33.586Z,QH204,Airbus A321,SGN,HAN,2025-12-23,07:10,09:20,Economy Smart,731543,33
2025-11-20T14:19:33.586Z,QH268,Airbus A321,SGN,HAN,2025-12-23,19:20,21:30,Economy Smart,731543,33
2025-11-20T14:19:33.586Z,QH224,Boeing 737 All Series Passenger,SGN,HAN,2025-12-23,10:40,12:50,Economy Smart,830400,33
2025-11-20T14:19:33.586Z,QH242,Boeing 737 All Series Passenger,SGN,HAN,2025-12-23,13:15,15:25,Economy Smart,830400,33
2025-11-20T14:19:33.586Z,QH204,Airbus A321,SGN,HAN,2025-12-23,07:10,09:20,Economy Flex,1583543,33
2025-11-20T14:19:33.586Z,QH224,Boeing 737 All Series Passenger,SGN,HAN,2025-12-23,10:40,12:50,Economy Flex,1583543,33
2025-11-20T14:19:33.586Z,QH242,Boeing 737 All Series Passenger,SGN,HAN,2025-12-23,13:15,15:25,Economy Flex,1583543,33
2025-11-20T14:19:33.586Z,QH268,Airbus A321,SGN,HAN,2025-12-23,19:20,21:30,Economy Flex,1583543,33
2025-11-20T14:53:54.738Z,QH268,Airbus A321,SGN,HAN,2025-11-22,19:35,21:45,Economy Smart,748114,2
2025-11-20T14:53:54.738Z,QH268,Airbus A321,SGN,HAN,2025-11-22,19:35,21:45,Economy Smart,821829,2
2025-11-20T14:53:54.738Z,QH204,Airbus A321,SGN,HAN,2025-11-22,07:10,09:20,Economy Smart,920686,2
2025-11-20T14:53:54.738Z,QH224,Boeing 737 All Series Passenger,SGN,HAN,2025-11-22,10:20,12:30,Economy Smart,920686,2
2025-11-20T14:53:54.738Z,QH242,Boeing 737 All Series Passenger,SGN,HAN,2025-11-22,13:15,15:25,Economy Smart,920686,2
2025-11-20T14:53:54.738Z,QH204,Airbus A321,SGN,HAN,2025-11-22,07:10,09:20,Economy Flex,1673829,2
2025-11-20T14:53:54.738Z,QH224,Boeing 737 All Series Passenger,SGN,HAN,2025-11-22,10:20,12:30,Economy Flex,1673829,2
2025-11-20T14:53:54.738Z,QH242,Boeing 737 All Series Passenger,SGN,HAN,2025-11-22,13:15,15:25,Economy Flex,1673829,2
2025-11-20T14:53:54.738Z,QH268,Airbus A321,SGN,HAN,2025-11-22,19:35,21:45,Economy Flex,1673829,2
2025-11-20T14:53:54.738Z,QH204,Airbus A321,SGN,HAN,2025-11-22,07:10,09:20,Business Smart,2790400,2
2025-11-20T14:53:54.738Z,QH204,Airbus A321,SGN,HAN,2025-11-22,07:10,09:20,Business Flex,3962971,2
2025-11-20T14:53:59.047Z,QH268,Airbus A321,SGN,HAN,2025-11-22,19:35,21:45,Economy Smart,748114,2
2025-11-20T14:53:59.047Z,QH268,Airbus A321,SGN,HAN,2025-11-22,19:35,21:45,Economy Smart,821829,2
2025-11-20T14:53:59.047Z,QH204,Airbus A321,SGN,HAN,2025-11-22,07:10,09:20,Economy Smart,920686,2
2025-11-20T14:53:59.047Z,QH224,Boeing 737 All Series Passenger,SGN,HAN,2025-11-22,10:20,12:30,Economy Smart,920686,2
2025-11-20T14:53:59.047Z,QH242,Boeing 737 All Series Passenger,SGN,HAN,2025-11-22,13:15,15:25,Economy Smart,920686,2
2025-11-20T14:53:59.047Z,QH204,Airbus A321,SGN,HAN,2025-11-22,07:10,09:20,Economy Flex,1673829,2
2025-11-20T14:53:59.047Z,QH224,Boeing 737 All Series Passenger,SGN,HAN,2025-11-22,10:20,12:30,Economy Flex,1673829,2
2025-11-20T14:53:59.047Z,QH242,Boeing 737 All Series Passenger,SGN,HAN,2025-11-22,13:15,15:25,Economy Flex,1673829,2
2025-11-20T14:53:59.047Z,QH268,Airbus A321,SGN,HAN,2025-11-22,19:35,21:45,Economy Flex,1673829,2
2025-11-20T14:53:59.047Z,QH204,Airbus A321,SGN,HAN,2025-11-22,07:10,09:20,Business Smart,2790400,2
2025-11-20T14:53:59.047Z,QH204,Airbus A321,SGN,HAN,2025-11-22,07:10,09:20,Business Flex,3962971,2
2025-11-28T14:23:23.561Z,QH204,Airbus A321,SGN,HAN,2025-11-30,07:10,09:20,Economy Smart,1396114,2
2025-11-28T14:23:23.561Z,QH204,Airbus A321,SGN,HAN,2025-11-30,07:10,09:20,Economy Flex,1673829,2
2025-11-28T14:23:23.561Z,QH268,Airbus A321,SGN,HAN,2025-11-30,19:35,21:45,Economy Flex,1673829,2
2025-11-28T14:23:23.561Z,QH224,Boeing 737 All Series Passenger,SGN,HAN,2025-11-30,10:20,12:30,Economy Flex,1864686,2
2025-11-28T14:23:23.561Z,QH242,Boeing 737 All Series Passenger,SGN,HAN,2025-11-30,13:15,15:25,Economy Flex,1864686,2
2025-11-28T14:23:26.632Z,QH204,Airbus A321,SGN,HAN,2025-11-30,07:10,09:20,Economy Smart,1396114,2
2025-11-28T14:23:26.632Z,QH204,Airbus A321,SGN,HAN,2025-11-30,07:10,09:20,Economy Flex,1673829,2
2025-11-28T14:23:26.632Z,QH268,Airbus A321,SGN,HAN,2025-11-30,19:35,21:45,Economy Flex,1673829,2
2025-11-28T14:23:26.632Z,QH224,Boeing 737 All Series Passenger,SGN,HAN,2025-11-30,10:20,12:30,Economy Flex,1864686,2
2025-11-28T14:23:26.632Z,QH242,Boeing 737 All Series Passenger,SGN,HAN,2025-11-30,13:15,15:25,Economy Flex,1864686,2
2025-11-28T14:24:47.440Z,QH268,Airbus A321,SGN,HAN,2025-02-12,19:35,21:45,Economy Smart,821829,-289
2025-11-28T14:24:47.440Z,QH204,Airbus A321,SGN,HAN,2025-02-12,07:10,09:20,Economy Smart,920686,-289
2025-11-28T14:24:47.440Z,QH224,Boeing 737 All Series Passenger,SGN,HAN,2025-02-12,10:20,12:30,Economy Smart,1136686,-289
2025-11-28T14:24:47.440Z,QH242,Boeing 737 All Series Passenger,SGN,HAN,2025-02-12,13:15,15:25,Economy Smart,1136686,-289
2025-11-28T14:24:47.440Z,QH204,Airbus A321,SGN,HAN,2025-02-12,07:10,09:20,Economy Flex,1673829,-289
2025-11-28T14:24:47.440Z,QH224,Boeing 737 All Series Passenger,SGN,HAN,2025-02-12,10:20,12:30,Economy Flex,1673829,-289
2025-11-28T14:24:47.440Z,QH242,Boeing 737 All Series Passenger,SGN,HAN,2025-02-12,13:15,15:25,Economy Flex,1673829,-289
2025-11-28T14:24:47.440Z,QH268,Airbus A321,SGN,HAN,2025-02-12,19:35,21:45,Economy Flex,1673829,-289
2025-11-28T14:28:11.693Z,QH268,Airbus A321,SGN,HAN,2025-04-12,19:35,21:45,Economy Smart,821829,-230
2025-11-28T14:28:11.693Z,QH204,Airbus A321,SGN,HAN,2025-04-12,07:10,09:20,Economy Smart,1031543,-230
2025-11-28T14:28:11.693Z,QH224,Boeing 737 All Series Passenger,SGN,HAN,2025-04-12,10:20,12:30,Economy Smart,1136686,-230
2025-11-28T14:28:11.693Z,QH242,Boeing 737 All Series Passenger,SGN,HAN,2025-04-12,13:15,15:25,Economy Smart,1136686,-230
2025-11-28T14:28:11.693Z,QH204,Airbus A321,SGN,HAN,2025-04-12,07:10,09:20,Economy Flex,1673829,-230
2025-11-28T14:28:11.693Z,QH224,Boeing 737 All Series Passenger,SGN,HAN,2025-04-12,10:20,12:30,Economy Flex,1673829,-230
2025-11-28T14:28:11.693Z,QH242,Boeing 737 All Series Passenger,SGN,HAN,2025-04-12,13:15,15:25,Economy Flex,1673829,-230
2025-11-28T14:28:11.693Z,QH268,Airbus A321,SGN,HAN,2025-04-12,19:35,21:45,Economy Flex,1673829,-230
2025-11-28T14:31:51.310Z,QH204,Airbus A321,SGN,HAN,2025-07-12,07:10,09:20,Economy Smart,1577000,-139
2025-11-28T14:31:51.310Z,QH268,Airbus A321,SGN,HAN,2025-07-12,19:35,21:45,Economy Smart,1750000,-139
2025-11-28T14:31:51.310Z,QH242,Boeing 737 All Series Passenger,SGN,HAN,2025-07-12,13:15,15:25,Economy Smart,1944000,-139
2025-11-28T14:31:51.310Z,QH224,Boeing 737 All Series Passenger,SGN,HAN,2025-07-12,10:20,12:30,Economy Smart,2128000,-139
2025-11-28T14:31:51.310Z,QH204,Airbus A321,SGN,HAN,2025-07-12,07:10,09:20,Economy Flex,3068000,-139
2025-11-28T14:31:51.310Z,QH224,Boeing 737 All Series Passenger,SGN,HAN,2025-07-12,10:20,12:30,Economy Flex,3068000,-139
2025-11-28T14:31:51.310Z,QH242,Boeing 737 All Series Passenger,SGN,HAN,2025-07-12,13:15,15:25,Economy Flex,3068000,-139
2025-11-28T14:31:51.310Z,QH268,Airbus A321,SGN,HAN,2025-07-12,19:35,21:45,Economy Flex,3068000,-139
2025-11-28T14:31:52.427Z,QH204,Airbus A321,SGN,HAN,2025-07-12,07:10,09:20,Economy Smart,1577000,-139
2025-11-28T14:31:52.427Z,QH268,Airbus A321,SGN,HAN,2025-07-12,19:35,21:45,Economy Smart,1750000,-139
2025-11-28T14:31:52.427Z,QH242,Boeing 737 All Series Passenger,SGN,HAN,2025-07-12,13:15,15:25,Economy Smart,1944000,-139
2025-11-28T14:31:52.427Z,QH224,Boeing 737 All Series Passenger,SGN,HAN,2025-07-12,10:20,12:30,Economy Smart,2128000,-139
2025-11-28T14:31:52.427Z,QH204,Airbus A321,SGN,HAN,2025-07-12,07:10,09:20,Economy Flex,3068000,-139
2025-11-28T14:31:52.427Z,QH224,Boeing 737 All Series Passenger,SGN,HAN,2025-07-12,10:20,12:30,Economy Flex,3068000,-139
2025-11-28T14:31:52.427Z,QH242,Boeing 737 All Series Passenger,SGN,HAN,2025-07-12,13:15,15:25,Economy Flex,3068000,-139
2025-11-28T14:31:52.427Z,QH268,Airbus A321,SGN,HAN,2025-07-12,19:35,21:45,Economy Flex,3068000,-139
2025-11-28T14:33:07.529Z,QH204,Airbus A321,SGN,HAN,2025-11-12,07:10,09:20,Economy Smart,830400,-16
2025-11-28T14:33:07.529Z,QH268,Airbus A321,SGN,HAN,2025-11-12,19:20,21:30,Economy Smart,830400,-16
2025-11-28T14:33:07.529Z,QH224,Boeing 737 All Series Passenger,SGN,HAN,2025-11-12,10:40,12:50,Economy Smart,1046400,-16
2025-11-28T14:33:07.529Z,QH242,Boeing 737 All Series Passenger,SGN,HAN,2025-11-12,13:15,15:25,Economy Smart,1046400,-16
2025-11-28T14:33:07.529Z,QH204,Airbus A321,SGN,HAN,2025-11-12,07:10,09:20,Economy Flex,1583543,-16
2025-11-28T14:33:07.529Z,QH224,Boeing 737 All Series Passenger,SGN,HAN,2025-11-12,10:40,12:50,Economy Flex,1583543,-16
2025-11-28T14:33:07.529Z,QH242,Boeing 737 All Series Passenger,SGN,HAN,2025-11-12,13:15,15:25,Economy Flex,1583543,-16
2025-11-28T14:33:07.529Z,QH268,Airbus A321,SGN,HAN,2025-11-12,19:20,21:30,Economy Flex,1583543,-16
2025-11-28T14:33:12.379Z,QH204,Airbus A321,SGN,HAN,2025-11-12,07:10,09:20,Economy Smart,830400,-16
2025-11-28T14:33:12.379Z,QH268,Airbus A321,SGN,HAN,2025-11-12,19:20,21:30,Economy Smart,830400,-16
2025-11-28T14:33:12.379Z,QH224,Boeing 737 All Series Passenger,SGN,HAN,2025-11-12,10:40,12:50,Economy Smart,1046400,-16
2025-11-28T14:33:12.379Z,QH242,Boeing 737 All Series Passenger,SGN,HAN,2025-11-12,13:15,15:25,Economy Smart,1046400,-16
2025-11-28T14:33:12.379Z,QH204,Airbus A321,SGN,HAN,2025-11-12,07:10,09:20,Economy Flex,1583543,-16
2025-11-28T14:33:12.379Z,QH224,Boeing 737 All Series Passenger,SGN,HAN,2025-11-12,10:40,12:50,Economy Flex,1583543,-16
2025-11-28T14:33:12.379Z,QH242,Boeing 737 All Series Passenger,SGN,HAN,2025-11-12,13:15,15:25,Economy Flex,1583543,-16
2025-11-28T14:33:12.379Z,QH268,Airbus A321,SGN,HAN,2025-11-12,19:20,21:30,Economy Flex,1583543,-16
2025-11-28T14:34:12.136Z,QH268,Airbus A321,SGN,HAN,2025-12-15,19:20,21:30,Economy Smart,1627000,17
2025-11-28T14:34:12.136Z,QH204,Airbus A321,SGN,HAN,2025-12-15,07:10,09:20,Economy Smart,1800000,17
2025-11-28T14:34:12.136Z,QH242,Boeing 737 All Series Passenger,SGN,HAN,2025-12-15,13:15,15:25,Economy Smart,2178000,17
2025-11-28T14:34:12.136Z,QH224,Boeing 737 All Series Passenger,SGN,HAN,2025-12-15,10:40,12:50,Economy Smart,672800,17
2025-11-28T14:34:12.136Z,QH204,Airbus A321,SGN,HAN,2025-12-15,07:10,09:20,Economy Flex,932073,17
2025-11-28T14:34:12.136Z,QH224,Boeing 737 All Series Passenger,SGN,HAN,2025-12-15,10:40,12:50,Economy Flex,932073,17
2025-11-28T14:34:12.136Z,QH242,Boeing 737 All Series Passenger,SGN,HAN,2025-12-15,13:15,15:25,Economy Flex,932073,17
2025-11-28T14:34:12.136Z,QH268,Airbus A321,SGN,HAN,2025-12-15,19:20,21:30,Economy Flex,932073,17
2025-11-28T14:34:13.325Z,QH268,Airbus A321,SGN,HAN,2025-12-15,19:20,21:30,Economy Smart,1627000,17
2025-11-28T14:34:13.325Z,QH204,Airbus A321,SGN,HAN,2025-12-15,07:10,09:20,Economy Smart,1800000,17
2025-11-28T14:34:13.325Z,QH242,Boeing 737 All Series Passenger,SGN,HAN,2025-12-15,13:15,15:25,Economy Smart,2178000,17
2025-11-28T14:34:13.325Z,QH224,Boeing 737 All Series Passenger,SGN,HAN,2025-12-15,10:40,12:50,Economy Smart,672800,17
2025-11-28T14:34:13.325Z,QH204,Airbus A321,SGN,HAN,2025-12-15,07:10,09:20,Economy Flex,932073,17
2025-11-28T14:34:13.325Z,QH224,Boeing 737 All Series Passenger,SGN,HAN,2025-12-15,10:40,12:50,Economy Flex,932073,17
2025-11-28T14:34:13.325Z,QH242,Boeing 737 All Series Passenger,SGN,HAN,2025-12-15,13:15,15:25,Economy Flex,932073,17
2025-11-28T14:34:13.325Z,QH268,Airbus A321,SGN,HAN,2025-12-15,19:20,21:30,Economy Flex,932073,17
2025-11-28T14:41:13.529Z,QH204,Airbus A321,SGN,HAN,2025-08-12,07:10,09:20,Economy Smart,1419000,-108
2025-11-28T14:41:13.529Z,QH268,Airbus A321,SGN,HAN,2025-08-12,19:20,21:30,Economy Smart,1419000,-108
2025-11-28T14:41:13.529Z,QH242,Boeing 737 All Series Passenger,SGN,HAN,2025-08-12,13:15,15:25,Economy Smart,1786000,-108
2025-11-28T14:41:13.529Z,QH224,Boeing 737 All Series Passenger,SGN,HAN,2025-08-12,10:40,12:50,Economy Smart,1970000,-108
2025-11-28T14:41:13.529Z,QH204,Airbus A321,SGN,HAN,2025-08-12,07:10,09:20,Economy Flex,2910000,-108
2025-11-28T14:41:13.529Z,QH224,Boeing 737 All Series Passenger,SGN,HAN,2025-08-12,10:40,12:50,Economy Flex,2910000,-108
2025-11-28T14:41:13.529Z,QH242,Boeing 737 All Series Passenger,SGN,HAN,2025-08-12,13:15,15:25,Economy Flex,2910000,-108
2025-11-28T14:41:13.529Z,QH268,Airbus A321,SGN,HAN,2025-08-12,19:20,21:30,Economy Flex,2910000,-108
2025-11-30T15:09:29.527Z,QH268,Airbus A321,SGN,HAN,2025-03-12,19:35,21:45,Economy Smart,1577000,-263
2025-11-30T15:09:29.527Z,QH204,Airbus A321,SGN,HAN,2025-03-12,07:10,09:20,Economy Smart,1750000,-263
2025-11-30T15:09:29.527Z,QH224,Boeing 737 All Series Passenger,SGN,HAN,2025-03-12,10:20,12:30,Economy Smart,1944000,-263
2025-11-30T15:09:29.527Z,QH242,Boeing 737 All Series Passenger,SGN,HAN,2025-03-12,13:15,15:25,Economy Smart,2128000,-263
2025-11-30T15:09:29.527Z,QH204,Airbus A321,SGN,HAN,2025-03-12,07:10,09:20,Economy Flex,3068000,-263
2025-11-30T15:09:29.527Z,QH224,Boeing 737 All Series Passenger,SGN,HAN,2025-03-12,10:20,12:30,Economy Flex,3068000,-263
2025-11-30T15:09:29.527Z,QH242,Boeing 737 All Series Passenger,SGN,HAN,2025-03-12,13:15,15:25,Economy Flex,3068000,-263
2025-11-30T15:09:29.527Z,QH268,Airbus A321,SGN,HAN,2025-03-12,19:35,21:45,Economy Flex,3068000,-263
2025-11-30T15:09:31.935Z,QH268,Airbus A321,SGN,HAN,2025-03-12,19:35,21:45,Economy Smart,1577000,-263
2025-11-30T15:09:31.935Z,QH204,Airbus A321,SGN,HAN,2025-03-12,07:10,09:20,Economy Smart,1750000,-263
2025-11-30T15:09:31.935Z,QH224,Boeing 737 All Series Passenger,SGN,HAN,2025-03-12,10:20,12:30,Economy Smart,1944000,-263
2025-11-30T15:09:31.935Z,QH242,Boeing 737 All Series Passenger,SGN,HAN,2025-03-12,13:15,15:25,Economy Smart,2128000,-263
2025-11-30T15:09:31.935Z,QH204,Airbus A321,SGN,HAN,2025-03-12,07:10,09:20,Economy Flex,3068000,-263
2025-11-30T15:09:31.935Z,QH224,Boeing 737 All Series Passenger,SGN,HAN,2025-03-12,10:20,12:30,Economy Flex,3068000,-263
2025-11-30T15:09:31.935Z,QH242,Boeing 737 All Series Passenger,SGN,HAN,2025-03-12,13:15,15:25,Economy Flex,3068000,-263
2025-11-30T15:09:31.935Z,QH268,Airbus A321,SGN,HAN,2025-03-12,19:35,21:45,Economy Flex,3068000,-263
2025-11-30T16:34:37.367Z,QH204,Airbus A321,SGN,HAN,2025-05-12,07:10,09:20,Economy Smart,1750000,-202
2025-11-30T16:34:37.367Z,QH268,Airbus A321,SGN,HAN,2025-05-12,19:35,21:45,Economy Smart,1750000,-202
2025-11-30T16:34:37.367Z,QH224,Boeing 737 All Series Passenger,SGN,HAN,2025-05-12,10:20,12:30,Economy Smart,2128000,-202
2025-11-30T16:34:37.367Z,QH242,Boeing 737 All Series Passenger,SGN,HAN,2025-05-12,13:15,15:25,Economy Smart,2128000,-202
2025-11-30T16:34:37.367Z,QH204,Airbus A321,SGN,HAN,2025-05-12,07:10,09:20,Economy Flex,3068000,-202
2025-11-30T16:34:37.367Z,QH224,Boeing 737 All Series Passenger,SGN,HAN,2025-05-12,10:20,12:30,Economy Flex,3068000,-202
2025-11-30T16:34:37.367Z,QH242,Boeing 737 All Series Passenger,SGN,HAN,2025-05-12,13:15,15:25,Economy Flex,3068000,-202
2025-11-30T16:34:37.367Z,QH268,Airbus A321,SGN,HAN,2025-05-12,19:35,21:45,Economy Flex,3068000,-202
2025-11-30T16:34:38.582Z,QH204,Airbus A321,SGN,HAN,2025-05-12,07:10,09:20,Economy Smart,1750000,-202
2025-11-30T16:34:38.582Z,QH268,Airbus A321,SGN,HAN,2025-05-12,19:35,21:45,Economy Smart,1750000,-202
2025-11-30T16:34:38.582Z,QH224,Boeing 737 All Series Passenger,SGN,HAN,2025-05-12,10:20,12:30,Economy Smart,2128000,-202
2025-11-30T16:34:38.582Z,QH242,Boeing 737 All Series Passenger,SGN,HAN,2025-05-12,13:15,15:25,Economy Smart,2128000,-202
2025-11-30T16:34:38.582Z,QH204,Airbus A321,SGN,HAN,2025-05-12,07:10,09:20,Economy Flex,3068000,-202
2025-11-30T16:34:38.582Z,QH224,Boeing 737 All Series Passenger,SGN,HAN,2025-05-12,10:20,12:30,Economy Flex,3068000,-202
2025-11-30T16:34:38.582Z,QH242,Boeing 737 All Series Passenger,SGN,HAN,2025-05-12,13:15,15:25,Economy Flex,3068000,-202
2025-11-30T16:34:38.582Z,QH268,Airbus A321,SGN,HAN,2025-05-12,19:35,21:45,Economy Flex,3068000,-202
2025-12-03T05:27:06.962Z,QH268,Airbus A321,SGN,HAN,2025-03-12,19:35,21:45,Economy Smart,657829,-266
2025-12-03T05:27:06.962Z,QH242,Boeing 737 All Series Passenger,SGN,HAN,2025-03-12,13:15,15:25,Economy Smart,731543,-266
2025-12-03T05:27:06.962Z,QH268,Airbus A321,SGN,HAN,2025-03-12,19:35,21:45,Economy Smart,731543,-266
2025-12-03T05:27:06.962Z,QH242,Boeing 737 All Series Passenger,SGN,HAN,2025-03-12,13:15,15:25,Economy Flex,1583543,-266
2025-12-03T05:27:06.962Z,QH268,Airbus A321,SGN,HAN,2025-03-12,19:35,21:45,Economy Flex,1583543,-266
2025-12-03T05:27:44.956Z,QH268,Airbus A321,SGN,HAN,2025-04-12,19:35,21:45,Economy Smart,731543,-235
2025-12-03T05:27:44.956Z,QH242,Boeing 737 All Series Passenger,SGN,HAN,2025-04-12,13:15,15:25,Economy Smart,941257,-235
2025-12-03T05:27:44.956Z,QH204,Airbus A321,SGN,HAN,2025-04-12,07:10,09:20,Economy Smart,1046400,-235
2025-12-03T05:27:44.956Z,QH224,Boeing 737 All Series Passenger,SGN,HAN,2025-04-12,10:20,12:30,Economy Smart,1305829,-235
2025-12-03T05:27:44.956Z,QH204,Airbus A321,SGN,HAN,2025-04-12,07:10,09:20,Economy Flex,1583543,-235
2025-12-03T05:27:44.956Z,QH224,Boeing 737 All Series Passenger,SGN,HAN,2025-04-12,10:20,12:30,Economy Flex,1583543,-235
2025-12-03T05:27:44.956Z,QH242,Boeing 737 All Series Passenger,SGN,HAN,2025-04-12,13:15,15:25,Economy Flex,1583543,-235
2025-12-03T05:27:44.956Z,QH268,Airbus A321,SGN,HAN,2025-04-12,19:35,21:45,Economy Flex,1583543,-235
2025-12-03T05:28:27.387Z,QH204,Airbus A321,SGN,HAN,2025-05-12,07:10,09:20,Economy Smart,941257,-205
2025-12-03T05:28:27.387Z,QH224,Boeing 737 All Series Passenger,SGN,HAN,2025-05-12,10:20,12:30,Economy Smart,1046400,-205
2025-12-03T05:28:27.387Z,QH242,Boeing 737 All Series Passenger,SGN,HAN,2025-05-12,13:15,15:25,Economy Smart,1046400,-205
2025-12-03T05:28:27.387Z,QH268,Airbus A321,SGN,HAN,2025-05-12,19:35,21:45,Economy Smart,1046400,-205
2025-12-03T05:28:27.387Z,QH204,Airbus A321,SGN,HAN,2025-05-12,07:10,09:20,Economy Flex,1583543,-205
2025-12-03T05:28:27.387Z,QH224,Boeing 737 All Series Passenger,SGN,HAN,2025-05-12,10:20,12:30,Economy Flex,1583543,-205
2025-12-03T05:28:27.387Z,QH242,Boeing 737 All Series Passenger,SGN,HAN,2025-05-12,13:15,15:25,Economy Flex,1583543,-205
2025-12-03T05:28:27.387Z,QH268,Airbus A321,SGN,HAN,2025-05-12,19:35,21:45,Economy Flex,1583543,-205
2025-12-03T05:29:13.676Z,QH268,Airbus A321,SGN,HAN,2025-06-12,19:35,21:45,Economy Smart,731543,-174
2025-12-03T05:29:13.676Z,QH204,Airbus A321,SGN,HAN,2025-06-12,07:10,09:20,Economy Smart,830400,-174
2025-12-03T05:29:13.676Z,QH224,Boeing 737 All Series Passenger,SGN,HAN,2025-06-12,10:20,12:30,Economy Smart,941257,-174
2025-12-03T05:29:13.676Z,QH242,Boeing 737 All Series Passenger,SGN,HAN,2025-06-12,13:15,15:25,Economy Smart,941257,-174
2025-12-03T05:29:13.676Z,QH204,Airbus A321,SGN,HAN,2025-06-12,07:10,09:20,Economy Flex,1583543,-174
2025-12-03T05:29:13.676Z,QH224,Boeing 737 All Series Passenger,SGN,HAN,2025-06-12,10:20,12:30,Economy Flex,1583543,-174
2025-12-03T05:29:13.676Z,QH242,Boeing 737 All Series Passenger,SGN,HAN,2025-06-12,13:15,15:25,Economy Flex,1583543,-174
2025-12-03T05:29:13.676Z,QH268,Airbus A321,SGN,HAN,2025-06-12,19:35,21:45,Economy Flex,1583543,-174
2025-12-03T05:31:18.720Z,QH268,Airbus A321,SGN,HAN,2025-08-12,19:35,21:45,Economy Smart,731543,-113
2025-12-03T05:31:18.720Z,QH204,Airbus A321,SGN,HAN,2025-08-12,07:10,09:20,Economy Smart,830400,-113
2025-12-03T05:31:18.720Z,QH224,Boeing 737 All Series Passenger,SGN,HAN,2025-08-12,10:20,12:30,Economy Smart,1046400,-113
2025-12-03T05:31:18.720Z,QH242,Boeing 737 All Series Passenger,SGN,HAN,2025-08-12,13:15,15:25,Economy Smart,1046400,-113
2025-12-03T05:31:18.720Z,QH204,Airbus A321,SGN,HAN,2025-08-12,07:10,09:20,Economy Flex,1583543,-113
2025-12-03T05:31:18.720Z,QH224,Boeing 737 All Series Passenger,SGN,HAN,2025-08-12,10:20,12:30,Economy Flex,1583543,-113
2025-12-03T05:31:18.720Z,QH242,Boeing 737 All Series Passenger,SGN,HAN,2025-08-12,13:15,15:25,Economy Flex,1583543,-113
2025-12-03T05:31:18.720Z,QH268,Airbus A321,SGN,HAN,2025-08-12,19:35,21:45,Economy Flex,1583543,-113
2025-12-03T05:31:18.720Z,QH204,Airbus A321,SGN,HAN,2025-08-12,07:10,09:20,Business Flex,4551543,-113
2025-12-03T05:32:14.179Z,QH204,Airbus A321,SGN,HAN,2025-09-12,07:10,09:20,Economy Smart,731543,-82
2025-12-03T05:32:14.179Z,QH268,Airbus A321,SGN,HAN,2025-09-12,19:35,21:45,Economy Smart,731543,-82
2025-12-03T05:32:14.179Z,QH224,Boeing 737 All Series Passenger,SGN,HAN,2025-09-12,10:20,12:30,Economy Smart,1046400,-82
2025-12-03T05:32:14.179Z,QH242,Boeing 737 All Series Passenger,SGN,HAN,2025-09-12,13:15,15:25,Economy Smart,1046400,-82
2025-12-03T05:32:14.179Z,QH204,Airbus A321,SGN,HAN,2025-09-12,07:10,09:20,Economy Flex,1583543,-82
2025-12-03T05:32:14.179Z,QH224,Boeing 737 All Series Passenger,SGN,HAN,2025-09-12,10:20,12:30,Economy Flex,1583543,-82
2025-12-03T05:32:14.179Z,QH242,Boeing 737 All Series Passenger,SGN,HAN,2025-09-12,13:15,15:25,Economy Flex,1583543,-82
2025-12-03T05:32:14.179Z,QH268,Airbus A321,SGN,HAN,2025-09-12,19:35,21:45,Economy Flex,1583543,-82
2025-12-03T05:33:08.131Z,QH204,Airbus A321,SGN,HAN,2025-10-12,07:10,09:20,Economy Smart,731543,-52
2025-12-03T05:33:08.131Z,QH268,Airbus A321,SGN,HAN,2025-10-12,19:35,21:45,Economy Smart,731543,-52
2025-12-03T05:33:08.131Z,QH224,Boeing 737 All Series Passenger,SGN,HAN,2025-10-12,10:20,12:30,Economy Smart,1046400,-52
2025-12-03T05:33:08.131Z,QH242,Boeing 737 All Series Passenger,SGN,HAN,2025-10-12,13:15,15:25,Economy Smart,1046400,-52
2025-12-03T05:33:08.131Z,QH204,Airbus A321,SGN,HAN,2025-10-12,07:10,09:20,Economy Flex,1583543,-52
2025-12-03T05:33:08.131Z,QH224,Boeing 737 All Series Passenger,SGN,HAN,2025-10-12,10:20,12:30,Economy Flex,1583543,-52
2025-12-03T05:33:08.131Z,QH242,Boeing 737 All Series Passenger,SGN,HAN,2025-10-12,13:15,15:25,Economy Flex,1583543,-52
2025-12-03T05:33:08.131Z,QH268,Airbus A321,SGN,HAN,2025-10-12,19:35,21:45,Economy Flex,1583543,-52
2025-12-03T05:33:53.960Z,QH204,Airbus A321,SGN,HAN,2025-11-12,07:10,09:20,Economy Smart,830400,-21
2025-12-03T05:33:53.960Z,QH268,Airbus A321,SGN,HAN,2025-11-12,19:35,21:45,Economy Smart,830400,-21
2025-12-03T05:33:53.960Z,QH224,Boeing 737 All Series Passenger,SGN,HAN,2025-11-12,10:20,12:30,Economy Smart,1046400,-21
2025-12-03T05:33:53.960Z,QH242,Boeing 737 All Series Passenger,SGN,HAN,2025-11-12,13:15,15:25,Economy Smart,1176114,-21
2025-12-03T05:33:53.960Z,QH204,Airbus A321,SGN,HAN,2025-11-12,07:10,09:20,Economy Flex,1583543,-21
2025-12-03T05:33:53.960Z,QH224,Boeing 737 All Series Passenger,SGN,HAN,2025-11-12,10:20,12:30,Economy Flex,1583543,-21
2025-12-03T05:33:53.960Z,QH242,Boeing 737 All Series Passenger,SGN,HAN,2025-11-12,13:15,15:25,Economy Flex,1583543,-21
2025-12-03T05:33:53.960Z,QH268,Airbus A321,SGN,HAN,2025-11-12,19:35,21:45,Economy Flex,1583543,-21
2025-12-03T05:34:30.711Z,QH204,Airbus A321,SGN,HAN,2025-12-12,07:10,09:20,Economy Smart,830400,9
2025-12-03T05:34:30.711Z,QH268,Airbus A321,SGN,HAN,2025-12-12,19:35,21:45,Economy Smart,941257,9
2025-12-03T05:34:30.711Z,QH224,Boeing 737 All Series Passenger,SGN,HAN,2025-12-12,10:20,12:30,Economy Smart,1046400,9
2025-12-03T05:34:30.711Z,QH242,Boeing 737 All Series Passenger,SGN,HAN,2025-12-12,13:15,15:25,Economy Smart,1046400,9
2025-12-03T05:34:30.711Z,QH204,Airbus A321,SGN,HAN,2025-12-12,07:10,09:20,Economy Flex,1583543,9
2025-12-03T05:34:30.711Z,QH224,Boeing 737 All Series Passenger,SGN,HAN,2025-12-12,10:20,12:30,Economy Flex,1583543,9
2025-12-03T05:34:30.711Z,QH242,Boeing 737 All Series Passenger,SGN,HAN,2025-12-12,13:15,15:25,Economy Flex,1583543,9
2025-12-03T05:34:30.711Z,QH268,Airbus A321,SGN,HAN,2025-12-12,19:35,21:45,Economy Flex,1583543,9
2025-12-03T05:35:14.316Z,QH268,Airbus A321,SGN,HAN,2025-12-13,19:35,21:45,Economy Smart,731543,10
2025-12-03T05:35:14.316Z,QH204,Airbus A321,SGN,HAN,2025-12-13,07:10,09:20,Economy Smart,830400,10
2025-12-03T05:35:14.316Z,QH242,Boeing 737 All Series Passenger,SGN,HAN,2025-12-13,13:15,15:25,Economy Smart,941257,10
2025-12-03T05:35:14.316Z,QH224,Boeing 737 All Series Passenger,SGN,HAN,2025-12-13,10:20,12:30,Economy Smart,1046400,10
2025-12-03T05:35:14.316Z,QH204,Airbus A321,SGN,HAN,2025-12-13,07:10,09:20,Economy Flex,1583543,10
2025-12-03T05:35:14.316Z,QH224,Boeing 737 All Series Passenger,SGN,HAN,2025-12-13,10:20,12:30,Economy Flex,1583543,10
2025-12-03T05:35:14.316Z,QH242,Boeing 737 All Series Passenger,SGN,HAN,2025-12-13,13:15,15:25,Economy Flex,1583543,10
2025-12-03T05:35:14.316Z,QH268,Airbus A321,SGN,HAN,2025-12-13,19:35,21:45,Economy Flex,1583543,10
2025-12-03T05:35:54.485Z,QH204,Airbus A321,SGN,HAN,2025-12-14,07:10,09:20,Economy Smart,731543,11
2025-12-03T05:35:54.485Z,QH268,Airbus A321,SGN,HAN,2025-12-14,19:35,21:45,Economy Smart,830400,11
2025-12-03T05:35:54.485Z,QH224,Boeing 737 All Series Passenger,SGN,HAN,2025-12-14,10:20,12:30,Economy Smart,941257,11
2025-12-03T05:35:54.485Z,QH242,Boeing 737 All Series Passenger,SGN,HAN,2025-12-14,13:15,15:25,Economy Smart,1046400,11
2025-12-03T05:35:54.485Z,QH204,Airbus A321,SGN,HAN,2025-12-14,07:10,09:20,Economy Flex,1583543,11
2025-12-03T05:35:54.485Z,QH224,Boeing 737 All Series Passenger,SGN,HAN,2025-12-14,10:20,12:30,Economy Flex,1583543,11
2025-12-03T05:35:54.485Z,QH242,Boeing 737 All Series Passenger,SGN,HAN,2025-12-14,13:15,15:25,Economy Flex,1583543,11
2025-12-03T05:35:54.485Z,QH268,Airbus A321,SGN,HAN,2025-12-14,19:35,21:45,Economy Flex,1583543,11
2025-12-03T05:36:24.272Z,QH204,Airbus A321,SGN,HAN,2025-12-15,07:10,09:20,Economy Smart,731543,12
2025-12-03T05:36:24.272Z,QH268,Airbus A321,SGN,HAN,2025-12-15,19:35,21:45,Economy Smart,830400,12
2025-12-03T05:36:24.272Z,QH224,Boeing 737 All Series Passenger,SGN,HAN,2025-12-15,10:20,12:30,Economy Smart,1046400,12
2025-12-03T05:36:24.272Z,QH242,Boeing 737 All Series Passenger,SGN,HAN,2025-12-15,13:15,15:25,Economy Smart,1046400,12
2025-12-03T05:36:24.272Z,QH204,Airbus A321,SGN,HAN,2025-12-15,07:10,09:20,Economy Flex,1583543,12
2025-12-03T05:36:24.272Z,QH224,Boeing 737 All Series Passenger,SGN,HAN,2025-12-15,10:20,12:30,Economy Flex,1583543,12
2025-12-03T05:36:24.272Z,QH242,Boeing 737 All Series Passenger,SGN,HAN,2025-12-15,13:15,15:25,Economy Flex,1583543,12
2025-12-03T05:36:24.272Z,QH268,Airbus A321,SGN,HAN,2025-12-15,19:35,21:45,Economy Flex,1583543,12
2025-12-03T05:37:06.699Z,QH204,Airbus A321,SGN,HAN,2025-12-16,07:10,09:20,Economy Smart,731543,13
2025-12-03T05:37:06.699Z,QH268,Airbus A321,SGN,HAN,2025-12-16,19:35,21:45,Economy Smart,731543,13
2025-12-03T05:37:06.699Z,QH224,Boeing 737 All Series Passenger,SGN,HAN,2025-12-16,10:20,12:30,Economy Smart,941257,13
2025-12-03T05:37:06.699Z,QH242,Boeing 737 All Series Passenger,SGN,HAN,2025-12-16,13:15,15:25,Economy Smart,941257,13
2025-12-03T05:37:06.699Z,QH204,Airbus A321,SGN,HAN,2025-12-16,07:10,09:20,Economy Flex,1583543,13
2025-12-03T05:37:06.699Z,QH224,Boeing 737 All Series Passenger,SGN,HAN,2025-12-16,10:20,12:30,Economy Flex,1583543,13
2025-12-03T05:37:06.699Z,QH242,Boeing 737 All Series Passenger,SGN,HAN,2025-12-16,13:15,15:25,Economy Flex,1583543,13
2025-12-03T05:37:06.699Z,QH268,Airbus A321,SGN,HAN,2025-12-16,19:35,21:45,Economy Flex,1583543,13
2025-12-03T05:37:53.778Z,QH204,Airbus A321,SGN,HAN,2025-12-17,07:10,09:20,Economy Smart,731543,14
2025-12-03T05:37:53.778Z,QH268,Airbus A321,SGN,HAN,2025-12-17,19:35,21:45,Economy Smart,731543,14
2025-12-03T05:37:53.778Z,QH224,Boeing 737 All Series Passenger,SGN,HAN,2025-12-17,10:20,12:30,Economy Smart,1046400,14
2025-12-03T05:37:53.778Z,QH242,Boeing 737 All Series Passenger,SGN,HAN,2025-12-17,13:15,15:25,Economy Smart,1046400,14
2025-12-03T05:37:53.778Z,QH204,Airbus A321,SGN,HAN,2025-12-17,07:10,09:20,Economy Flex,1583543,14
2025-12-03T05:37:53.778Z,QH224,Boeing 737 All Series Passenger,SGN,HAN,2025-12-17,10:20,12:30,Economy Flex,1583543,14
2025-12-03T05:37:53.778Z,QH242,Boeing 737 All Series Passenger,SGN,HAN,2025-12-17,13:15,15:25,Economy Flex,1583543,14
2025-12-03T05:37:53.778Z,QH268,Airbus A321,SGN,HAN,2025-12-17,19:35,21:45,Economy Flex,1583543,14
2025-12-03T05:38:39.851Z,QH204,Airbus A321,SGN,HAN,2025-12-18,07:10,09:20,Economy Smart,830400,15
2025-12-03T05:38:39.851Z,QH242,Boeing 737 All Series Passenger,SGN,HAN,2025-12-18,13:15,15:25,Economy Smart,941257,15
2025-12-03T05:38:39.851Z,QH268,Airbus A321,SGN,HAN,2025-12-18,19:35,21:45,Economy Smart,941257,15
2025-12-03T05:38:39.851Z,QH224,Boeing 737 All Series Passenger,SGN,HAN,2025-12-18,10:20,12:30,Economy Smart,1046400,15
2025-12-03T05:38:39.851Z,QH204,Airbus A321,SGN,HAN,2025-12-18,07:10,09:20,Economy Flex,1583543,15
2025-12-03T05:38:39.851Z,QH224,Boeing 737 All Series Passenger,SGN,HAN,2025-12-18,10:20,12:30,Economy Flex,1583543,15
2025-12-03T05:38:39.851Z,QH242,Boeing 737 All Series Passenger,SGN,HAN,2025-12-18,13:15,15:25,Economy Flex,1583543,15
2025-12-03T05:38:39.851Z,QH268,Airbus A321,SGN,HAN,2025-12-18,19:35,21:45,Economy Flex,1583543,15
2025-12-03T05:39:14.961Z,QH204,Airbus A321,SGN,HAN,2025-12-19,07:10,09:20,Economy Smart,941257,16
2025-12-03T05:39:14.961Z,QH268,Airbus A321,SGN,HAN,2025-12-19,19:35,21:45,Economy Smart,941257,16
2025-12-03T05:39:14.961Z,QH224,Boeing 737 All Series Passenger,SGN,HAN,2025-12-19,10:20,12:30,Economy Smart,1046400,16
2025-12-03T05:39:14.961Z,QH242,Boeing 737 All Series Passenger,SGN,HAN,2025-12-19,13:15,15:25,Economy Smart,1046400,16
2025-12-03T05:39:14.961Z,QH204,Airbus A321,SGN,HAN,2025-12-19,07:10,09:20,Economy Flex,1583543,16
2025-12-03T05:39:14.961Z,QH224,Boeing 737 All Series Passenger,SGN,HAN,2025-12-19,10:20,12:30,Economy Flex,1583543,16
2025-12-03T05:39:14.961Z,QH242,Boeing 737 All Series Passenger,SGN,HAN,2025-12-19,13:15,15:25,Economy Flex,1583543,16
2025-12-03T05:39:14.961Z,QH268,Airbus A321,SGN,HAN,2025-12-19,19:35,21:45,Economy Flex,1583543,16
2025-12-03T05:39:56.287Z,QH268,Airbus A321,SGN,HAN,2025-12-20,19:35,21:45,Economy Smart,830400,17
2025-12-03T05:39:56.287Z,QH204,Airbus A321,SGN,HAN,2025-12-20,07:10,09:20,Economy Smart,941257,17
2025-12-03T05:39:56.287Z,QH224,Boeing 737 All Series Passenger,SGN,HAN,2025-12-20,10:20,12:30,Economy Smart,941257,17
2025-12-03T05:39:56.287Z,QH242,Boeing 737 All Series Passenger,SGN,HAN,2025-12-20,13:15,15:25,Economy Smart,941257,17
2025-12-03T05:39:56.287Z,QH204,Airbus A321,SGN,HAN,2025-12-20,07:10,09:20,Economy Flex,1583543,17
2025-12-03T05:39:56.287Z,QH224,Boeing 737 All Series Passenger,SGN,HAN,2025-12-20,10:20,12:30,Economy Flex,1583543,17
2025-12-03T05:39:56.287Z,QH242,Boeing 737 All Series Passenger,SGN,HAN,2025-12-20,13:15,15:25,Economy Flex,1583543,17
2025-12-03T05:39:56.287Z,QH268,Airbus A321,SGN,HAN,2025-12-20,19:35,21:45,Economy Flex,1583543,17
2025-12-03T05:40:37.634Z,QH204,Airbus A321,SGN,HAN,2025-12-21,07:10,09:20,Economy Smart,731543,18
2025-12-03T05:40:37.634Z,QH268,Airbus A321,SGN,HAN,2025-12-21,19:35,21:45,Economy Smart,941257,18
2025-12-03T05:40:37.634Z,QH224,Boeing 737 All Series Passenger,SGN,HAN,2025-12-21,10:20,12:30,Economy Smart,1046400,18
2025-12-03T05:40:37.634Z,QH242,Boeing 737 All Series Passenger,SGN,HAN,2025-12-21,13:15,15:25,Economy Smart,1046400,18
2025-12-03T05:40:37.634Z,QH204,Airbus A321,SGN,HAN,2025-12-21,07:10,09:20,Economy Flex,1583543,18
2025-12-03T05:40:37.634Z,QH224,Boeing 737 All Series Passenger,SGN,HAN,2025-12-21,10:20,12:30,Economy Flex,1583543,18
2025-12-03T05:40:37.634Z,QH242,Boeing 737 All Series Passenger,SGN,HAN,2025-12-21,13:15,15:25,Economy Flex,1583543,18
2025-12-03T05:40:37.634Z,QH268,Airbus A321,SGN,HAN,2025-12-21,19:35,21:45,Economy Flex,1583543,18
2025-12-03T05:42:42.620Z,QH204,Airbus A321,SGN,HAN,2025-12-24,07:10,09:20,Economy Smart,731543,21
2025-12-03T05:42:42.620Z,QH268,Airbus A321,SGN,HAN,2025-12-24,19:35,21:45,Economy Smart,830400,21
2025-12-03T05:42:42.620Z,QH224,Boeing 737 All Series Passenger,SGN,HAN,2025-12-24,10:20,12:30,Economy Smart,941257,21
2025-12-03T05:42:42.620Z,QH242,Boeing 737 All Series Passenger,SGN,HAN,2025-12-24,13:15,15:25,Economy Smart,941257,21
2025-12-03T05:42:42.620Z,QH204,Airbus A321,SGN,HAN,2025-12-24,07:10,09:20,Economy Flex,1583543,21
2025-12-03T05:42:42.620Z,QH224,Boeing 737 All Series Passenger,SGN,HAN,2025-12-24,10:20,12:30,Economy Flex,1583543,21
2025-12-03T05:42:42.620Z,QH242,Boeing 737 All Series Passenger,SGN,HAN,2025-12-24,13:15,15:25,Economy Flex,1583543,21
2025-12-03T05:42:42.620Z,QH268,Airbus A321,SGN,HAN,2025-12-24,19:35,21:45,Economy Flex,1583543,21
2025-12-03T05:43:21.728Z,QH268,Airbus A321,SGN,HAN,2025-12-25,19:35,21:45,Economy Smart,830400,22
2025-12-03T05:43:21.728Z,QH204,Airbus A321,SGN,HAN,2025-12-25,07:10,09:20,Economy Smart,941257,22
2025-12-03T05:43:21.728Z,QH224,Boeing 737 All Series Passenger,SGN,HAN,2025-12-25,10:20,12:30,Economy Smart,1046400,22
2025-12-03T05:43:21.728Z,QH242,Boeing 737 All Series Passenger,SGN,HAN,2025-12-25,13:15,15:25,Economy Smart,1046400,22
2025-12-03T05:43:21.728Z,QH204,Airbus A321,SGN,HAN,2025-12-25,07:10,09:20,Economy Flex,1583543,22
2025-12-03T05:43:21.728Z,QH224,Boeing 737 All Series Passenger,SGN,HAN,2025-12-25,10:20,12:30,Economy Flex,1583543,22
2025-12-03T05:43:21.728Z,QH242,Boeing 737 All Series Passenger,SGN,HAN,2025-12-25,13:15,15:25,Economy Flex,1583543,22
2025-12-03T05:43:21.728Z,QH268,Airbus A321,SGN,HAN,2025-12-25,19:35,21:45,Economy Flex,1583543,22
2025-12-03T05:44:00.293Z,QH204,Airbus A321,SGN,HAN,2025-12-26,07:10,09:20,Economy Smart,830400,23
2025-12-03T05:44:00.293Z,QH242,Boeing 737 All Series Passenger,SGN,HAN,2025-12-26,13:15,15:25,Economy Smart,941257,23
2025-12-03T05:44:00.293Z,QH268,Airbus A321,SGN,HAN,2025-12-26,19:35,21:45,Economy Smart,941257,23
2025-12-03T05:44:00.293Z,QH224,Boeing 737 All Series Passenger,SGN,HAN,2025-12-26,10:20,12:30,Economy Smart,1046400,23
2025-12-03T05:44:00.293Z,QH204,Airbus A321,SGN,HAN,2025-12-26,07:10,09:20,Economy Flex,1583543,23
2025-12-03T05:44:00.293Z,QH224,Boeing 737 All Series Passenger,SGN,HAN,2025-12-26,10:20,12:30,Economy Flex,1583543,23
2025-12-03T05:44:00.293Z,QH242,Boeing 737 All Series Passenger,SGN,HAN,2025-12-26,13:15,15:25,Economy Flex,1583543,23
2025-12-03T05:44:00.293Z,QH268,Airbus A321,SGN,HAN,2025-12-26,19:35,21:45,Economy Flex,1583543,23
2025-12-03T05:44:40.059Z,QH268,Airbus A321,SGN,HAN,2025-12-27,19:35,21:45,Economy Smart,830400,24
2025-12-03T05:44:40.059Z,QH204,Airbus A321,SGN,HAN,2025-12-27,07:10,09:20,Economy Smart,941257,24
2025-12-03T05:44:40.059Z,QH224,Boeing 737 All Series Passenger,SGN,HAN,2025-12-27,10:20,12:30,Economy Smart,941257,24
2025-12-03T05:44:40.059Z,QH242,Boeing 737 All Series Passenger,SGN,HAN,2025-12-27,13:15,15:25,Economy Smart,941257,24
2025-12-03T05:44:40.059Z,QH204,Airbus A321,SGN,HAN,2025-12-27,07:10,09:20,Economy Flex,1583543,24
2025-12-03T05:44:40.059Z,QH224,Boeing 737 All Series Passenger,SGN,HAN,2025-12-27,10:20,12:30,Economy Flex,1583543,24
2025-12-03T05:44:40.059Z,QH242,Boeing 737 All Series Passenger,SGN,HAN,2025-12-27,13:15,15:25,Economy Flex,1583543,24
2025-12-03T05:44:40.059Z,QH268,Airbus A321,SGN,HAN,2025-12-27,19:35,21:45,Economy Flex,1583543,24
2025-12-03T05:45:20.660Z,QH204,Airbus A321,SGN,HAN,2025-12-28,07:10,09:20,Economy Smart,830400,25
2025-12-03T05:45:20.660Z,QH268,Airbus A321,SGN,HAN,2025-12-28,19:35,21:45,Economy Smart,941257,25
2025-12-03T05:45:20.660Z,QH224,Boeing 737 All Series Passenger,SGN,HAN,2025-12-28,10:20,12:30,Economy Smart,1046400,25
2025-12-03T05:45:20.660Z,QH242,Boeing 737 All Series Passenger,SGN,HAN,2025-12-28,13:15,15:25,Economy Smart,1046400,25
2025-12-03T05:45:20.660Z,QH204,Airbus A321,SGN,HAN,2025-12-28,07:10,09:20,Economy Flex,1583543,25
2025-12-03T05:45:20.660Z,QH224,Boeing 737 All Series Passenger,SGN,HAN,2025-12-28,10:20,12:30,Economy Flex,1583543,25
2025-12-03T05:45:20.660Z,QH242,Boeing 737 All Series Passenger,SGN,HAN,2025-12-28,13:15,15:25,Economy Flex,1583543,25
2025-12-03T05:45:20.660Z,QH268,Airbus A321,SGN,HAN,2025-12-28,19:35,21:45,Economy Flex,1583543,25
2025-12-03T05:45:58.446Z,QH268,Airbus A321,SGN,HAN,2025-12-29,19:35,21:45,Economy Smart,830400,26
2025-12-03T05:45:58.446Z,QH204,Airbus A321,SGN,HAN,2025-12-29,07:10,09:20,Economy Smart,941257,26
2025-12-03T05:45:58.446Z,QH242,Boeing 737 All Series Passenger,SGN,HAN,2025-12-29,13:15,15:25,Economy Smart,941257,26
2025-12-03T05:45:58.446Z,QH224,Boeing 737 All Series Passenger,SGN,HAN,2025-12-29,10:20,12:30,Economy Smart,1176114,26
2025-12-03T05:45:58.446Z,QH204,Airbus A321,SGN,HAN,2025-12-29,07:10,09:20,Economy Flex,1583543,26
2025-12-03T05:45:58.446Z,QH224,Boeing 737 All Series Passenger,SGN,HAN,2025-12-29,10:20,12:30,Economy Flex,1583543,26
2025-12-03T05:45:58.446Z,QH242,Boeing 737 All Series Passenger,SGN,HAN,2025-12-29,13:15,15:25,Economy Flex,1583543,26
2025-12-03T05:45:58.446Z,QH268,Airbus A321,SGN,HAN,2025-12-29,19:35,21:45,Economy Flex,1583543,26
2025-12-03T05:46:37.624Z,QH204,Airbus A321,SGN,HAN,2025-12-30,07:10,09:20,Economy Smart,731543,27
2025-12-03T05:46:37.624Z,QH268,Airbus A321,SGN,HAN,2025-12-30,19:35,21:45,Economy Smart,830400,27
2025-12-03T05:46:37.624Z,QH224,Boeing 737 All Series Passenger,SGN,HAN,2025-12-30,10:20,12:30,Economy Smart,941257,27
2025-12-03T05:46:37.624Z,QH242,Boeing 737 All Series Passenger,SGN,HAN,2025-12-30,13:15,15:25,Economy Smart,941257,27
2025-12-03T05:46:37.624Z,QH204,Airbus A321,SGN,HAN,2025-12-30,07:10,09:20,Economy Flex,1583543,27
2025-12-03T05:46:37.624Z,QH224,Boeing 737 All Series Passenger,SGN,HAN,2025-12-30,10:20,12:30,Economy Flex,1583543,27
2025-12-03T05:46:37.624Z,QH242,Boeing 737 All Series Passenger,SGN,HAN,2025-12-30,13:15,15:25,Economy Flex,1583543,27
2025-12-03T05:46:37.624Z,QH268,Airbus A321,SGN,HAN,2025-12-30,19:35,21:45,Economy Flex,1583543,27
2025-12-03T05:47:17.852Z,QH204,Airbus A321,SGN,HAN,2025-12-31,07:10,09:20,Economy Smart,731543,28
2025-12-03T05:47:17.852Z,QH224,Boeing 737 All Series Passenger,SGN,HAN,2025-12-31,10:20,12:30,Economy Smart,941257,28
2025-12-03T05:47:17.852Z,QH242,Boeing 737 All Series Passenger,SGN,HAN,2025-12-31,13:15,15:25,Economy Smart,941257,28
2025-12-03T05:47:17.852Z,QH268,Airbus A321,SGN,HAN,2025-12-31,19:35,21:45,Economy Smart,941257,28
2025-12-03T05:47:17.852Z,QH204,Airbus A321,SGN,HAN,2025-12-31,07:10,09:20,Economy Flex,1583543,28
2025-12-03T05:47:17.852Z,QH224,Boeing 737 All Series Passenger,SGN,HAN,2025-12-31,10:20,12:30,Economy Flex,1583543,28
2025-12-03T05:47:17.852Z,QH242,Boeing 737 All Series Passenger,SGN,HAN,2025-12-31,13:15,15:25,Economy Flex,1583543,28
2025-12-03T05:47:17.852Z,QH268,Airbus A321,SGN,HAN,2025-12-31,19:35,21:45,Economy Flex,1583543,28
2025-12-03T05:48:02.550Z,QH204,Airbus A321,SGN,HAN,2026-01-01,07:10,09:20,Economy Smart,830400,29
2025-12-03T05:48:02.550Z,QH224,Boeing 737 All Series Passenger,SGN,HAN,2026-01-01,10:40,12:50,Economy Smart,941257,29
2025-12-03T05:48:02.550Z,QH242,Boeing 737 All Series Passenger,SGN,HAN,2026-01-01,13:15,15:25,Economy Smart,941257,29
2025-12-03T05:48:02.550Z,QH268,Airbus A321,SGN,HAN,2026-01-01,19:20,21:30,Economy Smart,941257,29
2025-12-03T05:48:02.550Z,QH204,Airbus A321,SGN,HAN,2026-01-01,07:10,09:20,Economy Flex,1583543,29
2025-12-03T05:48:02.550Z,QH224,Boeing 737 All Series Passenger,SGN,HAN,2026-01-01,10:40,12:50,Economy Flex,1583543,29
2025-12-03T05:48:02.550Z,QH242,Boeing 737 All Series Passenger,SGN,HAN,2026-01-01,13:15,15:25,Economy Flex,1583543,29
2025-12-03T05:48:02.550Z,QH268,Airbus A321,SGN,HAN,2026-01-01,19:20,21:30,Economy Flex,1583543,29
2025-12-03T05:49:03.901Z,QH268,Airbus A321,SGN,HAN,2026-02-01,19:20,21:30,Economy Smart,731543,60
2025-12-03T05:49:03.901Z,QH204,Airbus A321,SGN,HAN,2026-02-01,07:10,09:20,Economy Smart,830400,60
2025-12-03T05:49:03.901Z,QH224,Boeing 737 All Series Passenger,SGN,HAN,2026-02-01,10:40,12:50,Economy Smart,941257,60
2025-12-03T05:49:03.901Z,QH242,Boeing 737 All Series Passenger,SGN,HAN,2026-02-01,13:15,15:25,Economy Smart,941257,60
2025-12-03T05:49:03.901Z,QH204,Airbus A321,SGN,HAN,2026-02-01,07:10,09:20,Economy Flex,1583543,60
2025-12-03T05:49:03.901Z,QH224,Boeing 737 All Series Passenger,SGN,HAN,2026-02-01,10:40,12:50,Economy Flex,1583543,60
2025-12-03T05:49:03.901Z,QH242,Boeing 737 All Series Passenger,SGN,HAN,2026-02-01,13:15,15:25,Economy Flex,1583543,60
2025-12-03T05:49:03.901Z,QH268,Airbus A321,SGN,HAN,2026-02-01,19:20,21:30,Economy Flex,1583543,60
